log_guid,fight_id,outcome,duration,duration_in_sec,wcl_boss_id,boss_text,boss_level,affix_icon,fight_time
mrYWQ6kCLwGBxjtz,2,kill,39:59,2399,62773,Operation: Floodgate,,,4:09 PM
mrYWQ6kCLwGBxjtz,1,wipe,1:39,99,62773,Operation: Floodgate,,,4:01 PM
mrYWQ6kCLwGBxjtz,6,kill,32:19,1939,62660,"Ara-Kara, City of Echoes",,,5:02 PM
mrYWQ6kCLwGBxjtz,4,wipe,0:58,58,62660,"Ara-Kara, City of Echoes",,,4:52 PM
mrYWQ6kCLwGBxjtz,5,wipe,2:05,125,62660,"Ara-Kara, City of Echoes",,,4:57 PM
mrYWQ6kCLwGBxjtz,,kill,45:38,2738,62649,Priory of the Sacred Flame,15,Fortified,5:39 PM
9hbLtQBnK3xdg4Ma,1,wipe,3:16,196,112441,Tazavesh: Streets of Wonder,,,6:59 AM
9hbLtQBnK3xdg4Ma,2,wipe,1:29,89,112441,Tazavesh: Streets of Wonder,,,7:03 AM
9hbLtQBnK3xdg4Ma,3,wipe,2:44,164,62660,"Ara-Kara, City of Echoes",,,8:56 AM
9hbLtQBnK3xdg4Ma,4,wipe,12:38,758,62660,"Ara-Kara, City of Echoes",,,8:59 AM
9hbLtQBnK3xdg4Ma,6,kill,33:09,1989,62287,Halls of Atonement,,,9:44 AM
9hbLtQBnK3xdg4Ma,5,wipe,4:57,297,62287,Halls of Atonement,,,9:39 AM
gYTHPnb3RZthBVrw,,kill,28:58,1738,112442,Tazavesh: So'leah's Gambit,14,Fortified,4:31 AM
gYTHPnb3RZthBVrw,2,kill,28:10,1690,62662,The Dawnbreaker,,,5:06 AM
gYTHPnb3RZthBVrw,8,kill,31:40,1900,62662,The Dawnbreaker,,,8:10 AM
gYTHPnb3RZthBVrw,5,kill,35:55,2155,62649,Priory of the Sacred Flame,,,5:59 AM
gYTHPnb3RZthBVrw,4,wipe,4:07,247,62649,Priory of the Sacred Flame,,,5:47 AM
gYTHPnb3RZthBVrw,6,wipe,10:08,608,62660,"Ara-Kara, City of Echoes",,,7:36 AM
gYTHPnb3RZthBVrw,7,wipe,16:28,988,62660,"Ara-Kara, City of Echoes",,,7:47 AM
y6WTgC1vkBjAahZV,17,kill,26:19,1579,62660,"Ara-Kara, City of Echoes",,,4:29 AM
y6WTgC1vkBjAahZV,1,wipe,20:04,1204,62660,"Ara-Kara, City of Echoes",,,1:10 AM
y6WTgC1vkBjAahZV,7,wipe,2:52,172,62660,"Ara-Kara, City of Echoes",,,1:41 AM
y6WTgC1vkBjAahZV,8,wipe,26:09,1569,62660,"Ara-Kara, City of Echoes",,,1:44 AM
y6WTgC1vkBjAahZV,9,wipe,1:12,72,62660,"Ara-Kara, City of Echoes",,,2:10 AM
y6WTgC1vkBjAahZV,11,wipe,4:49,289,62660,"Ara-Kara, City of Echoes",,,2:38 AM
y6WTgC1vkBjAahZV,12,wipe,16:45,1005,62660,"Ara-Kara, City of Echoes",,,2:43 AM
y6WTgC1vkBjAahZV,13,wipe,13:10,790,62660,"Ara-Kara, City of Echoes",,,3:00 AM
y6WTgC1vkBjAahZV,14,wipe,17:36,1056,62660,"Ara-Kara, City of Echoes",,,3:13 AM
y6WTgC1vkBjAahZV,15,wipe,2:58,178,62660,"Ara-Kara, City of Echoes",,,3:30 AM
y6WTgC1vkBjAahZV,16,wipe,9:07,547,62660,"Ara-Kara, City of Echoes",,,3:33 AM
qVPmJDTd4rCxGzXN,1,wipe,20:04,1204,62660,"Ara-Kara, City of Echoes",,,1:10 AM
qVPmJDTd4rCxGzXN,7,wipe,2:52,172,62660,"Ara-Kara, City of Echoes",,,1:41 AM
qVPmJDTd4rCxGzXN,8,wipe,26:09,1569,62660,"Ara-Kara, City of Echoes",,,1:44 AM
qVPmJDTd4rCxGzXN,9,wipe,1:12,72,62660,"Ara-Kara, City of Echoes",,,2:10 AM
qVPmJDTd4rCxGzXN,11,wipe,4:49,289,62660,"Ara-Kara, City of Echoes",,,2:38 AM
qVPmJDTd4rCxGzXN,12,wipe,16:45,1005,62660,"Ara-Kara, City of Echoes",,,2:43 AM
qVPmJDTd4rCxGzXN,13,wipe,13:10,790,62660,"Ara-Kara, City of Echoes",,,3:00 AM
qVPmJDTd4rCxGzXN,14,wipe,17:36,1056,62660,"Ara-Kara, City of Echoes",,,3:13 AM
qVPmJDTd4rCxGzXN,15,wipe,2:58,178,62660,"Ara-Kara, City of Echoes",,,3:30 AM
qVPmJDTd4rCxGzXN,16,wipe,9:07,547,62660,"Ara-Kara, City of Echoes",,,3:33 AM
XqHPMNv8Bw2AzRkF,2,wipe,1:24,84,112441,Tazavesh: Streets of Wonder,,,7:33 PM
XqHPMNv8Bw2AzRkF,19,wipe,16:47,1007,112441,Tazavesh: Streets of Wonder,,,12:24 AM
XqHPMNv8Bw2AzRkF,20,wipe,5:32,332,112441,Tazavesh: Streets of Wonder,,,12:41 AM
XqHPMNv8Bw2AzRkF,21,wipe,2:56,176,112441,Tazavesh: Streets of Wonder,,,12:46 AM
XqHPMNv8Bw2AzRkF,22,wipe,14:59,899,112441,Tazavesh: Streets of Wonder,,,12:49 AM
XqHPMNv8Bw2AzRkF,6,kill,29:12,1752,62660,"Ara-Kara, City of Echoes",,,7:55 PM
XqHPMNv8Bw2AzRkF,3,wipe,3:40,220,62660,"Ara-Kara, City of Echoes",,,7:46 PM
XqHPMNv8Bw2AzRkF,4,wipe,2:58,178,62660,"Ara-Kara, City of Echoes",,,7:50 PM
XqHPMNv8Bw2AzRkF,5,wipe,1:57,117,62660,"Ara-Kara, City of Echoes",,,7:53 PM
XqHPMNv8Bw2AzRkF,10,kill,30:34,1834,62662,The Dawnbreaker,,,9:40 PM
XqHPMNv8Bw2AzRkF,7,wipe,5:58,358,62662,The Dawnbreaker,,,8:35 PM
XqHPMNv8Bw2AzRkF,8,wipe,17:29,1049,62662,The Dawnbreaker,,,8:41 PM
XqHPMNv8Bw2AzRkF,9,wipe,41:54,2514,62662,The Dawnbreaker,,,8:58 PM
XqHPMNv8Bw2AzRkF,18,kill,31:13,1873,62649,Priory of the Sacred Flame,,,11:38 PM
XqHPMNv8Bw2AzRkF,12,wipe,3:43,223,62649,Priory of the Sacred Flame,,,10:42 PM
XqHPMNv8Bw2AzRkF,13,wipe,4:43,283,62649,Priory of the Sacred Flame,,,10:46 PM
XqHPMNv8Bw2AzRkF,14,wipe,21:21,1281,62649,Priory of the Sacred Flame,,,10:50 PM
XqHPMNv8Bw2AzRkF,15,wipe,11:19,679,62649,Priory of the Sacred Flame,,,11:12 PM
XqHPMNv8Bw2AzRkF,16,wipe,11:19,679,62649,Priory of the Sacred Flame,,,11:23 PM
XqHPMNv8Bw2AzRkF,17,wipe,1:13,73,62649,Priory of the Sacred Flame,,,11:34 PM
XqHPMNv8Bw2AzRkF,,kill,28:10,1690,112442,Tazavesh: So'leah's Gambit,20,Fortified,1:04 AM
XqHPMNv8Bw2AzRkF,,kill,35:03,2103,62773,Operation: Floodgate,17,Tyrannical,2:00 AM
CmMfz62cnahNvqLG,4,kill,29:12,1752,62660,"Ara-Kara, City of Echoes",,,7:55 PM
CmMfz62cnahNvqLG,1,wipe,3:40,220,62660,"Ara-Kara, City of Echoes",,,7:46 PM
CmMfz62cnahNvqLG,2,wipe,2:58,178,62660,"Ara-Kara, City of Echoes",,,7:50 PM
CmMfz62cnahNvqLG,3,wipe,1:57,117,62660,"Ara-Kara, City of Echoes",,,7:53 PM
CmMfz62cnahNvqLG,8,kill,30:34,1834,62662,The Dawnbreaker,,,9:40 PM
CmMfz62cnahNvqLG,5,wipe,5:58,358,62662,The Dawnbreaker,,,8:35 PM
CmMfz62cnahNvqLG,6,wipe,17:29,1049,62662,The Dawnbreaker,,,8:41 PM
CmMfz62cnahNvqLG,7,wipe,29:08,1748,62662,The Dawnbreaker,,,8:58 PM
CmMfz62cnahNvqLG,16,kill,31:13,1873,62649,Priory of the Sacred Flame,,,11:39 PM
CmMfz62cnahNvqLG,10,wipe,3:43,223,62649,Priory of the Sacred Flame,,,10:42 PM
CmMfz62cnahNvqLG,11,wipe,4:43,283,62649,Priory of the Sacred Flame,,,10:46 PM
CmMfz62cnahNvqLG,12,wipe,15:56,956,62649,Priory of the Sacred Flame,,,10:50 PM
CmMfz62cnahNvqLG,13,wipe,11:19,679,62649,Priory of the Sacred Flame,,,11:12 PM
CmMfz62cnahNvqLG,14,wipe,11:19,679,62649,Priory of the Sacred Flame,,,11:23 PM
CmMfz62cnahNvqLG,15,wipe,4:12,252,62649,Priory of the Sacred Flame,,,11:34 PM
CmMfz62cnahNvqLG,17,wipe,16:48,1008,112441,Tazavesh: Streets of Wonder,,,12:24 AM
CmMfz62cnahNvqLG,18,wipe,5:32,332,112441,Tazavesh: Streets of Wonder,,,12:41 AM
CmMfz62cnahNvqLG,19,wipe,2:56,176,112441,Tazavesh: Streets of Wonder,,,12:46 AM
CmMfz62cnahNvqLG,20,wipe,14:59,899,112441,Tazavesh: Streets of Wonder,,,12:49 AM
CmMfz62cnahNvqLG,,kill,28:10,1690,112442,Tazavesh: So'leah's Gambit,20,Fortified,1:04 AM
DzCMrKXjkcZBn816,4,kill,29:12,1752,62660,"Ara-Kara, City of Echoes",,,7:55 PM
DzCMrKXjkcZBn816,1,wipe,3:40,220,62660,"Ara-Kara, City of Echoes",,,7:46 PM
DzCMrKXjkcZBn816,2,wipe,2:58,178,62660,"Ara-Kara, City of Echoes",,,7:50 PM
DzCMrKXjkcZBn816,3,wipe,1:57,117,62660,"Ara-Kara, City of Echoes",,,7:53 PM
DzCMrKXjkcZBn816,8,kill,30:34,1834,62662,The Dawnbreaker,,,9:40 PM
DzCMrKXjkcZBn816,5,wipe,5:58,358,62662,The Dawnbreaker,,,8:35 PM
DzCMrKXjkcZBn816,6,wipe,17:29,1049,62662,The Dawnbreaker,,,8:41 PM
DzCMrKXjkcZBn816,7,wipe,29:08,1748,62662,The Dawnbreaker,,,8:58 PM
DzCMrKXjkcZBn816,16,kill,31:13,1873,62649,Priory of the Sacred Flame,,,11:39 PM
DzCMrKXjkcZBn816,10,wipe,3:43,223,62649,Priory of the Sacred Flame,,,10:42 PM
DzCMrKXjkcZBn816,11,wipe,4:43,283,62649,Priory of the Sacred Flame,,,10:46 PM
DzCMrKXjkcZBn816,12,wipe,15:56,956,62649,Priory of the Sacred Flame,,,10:50 PM
DzCMrKXjkcZBn816,13,wipe,11:19,679,62649,Priory of the Sacred Flame,,,11:12 PM
DzCMrKXjkcZBn816,14,wipe,11:19,679,62649,Priory of the Sacred Flame,,,11:23 PM
DzCMrKXjkcZBn816,15,wipe,4:12,252,62649,Priory of the Sacred Flame,,,11:34 PM
DzCMrKXjkcZBn816,17,wipe,16:48,1008,112441,Tazavesh: Streets of Wonder,,,12:24 AM
DzCMrKXjkcZBn816,18,wipe,5:32,332,112441,Tazavesh: Streets of Wonder,,,12:41 AM
DzCMrKXjkcZBn816,19,wipe,2:56,176,112441,Tazavesh: Streets of Wonder,,,12:46 AM
DzCMrKXjkcZBn816,20,wipe,14:59,899,112441,Tazavesh: Streets of Wonder,,,12:49 AM
DzCMrKXjkcZBn816,,kill,28:10,1690,112442,Tazavesh: So'leah's Gambit,20,Fortified,1:04 AM
9aCktvPc4MD8xG2h,1,kill,33:43,2023,62287,Halls of Atonement,,,7:12 PM
9aCktvPc4MD8xG2h,2,kill,31:02,1862,62287,Halls of Atonement,,,7:53 PM
9aCktvPc4MD8xG2h,,kill,29:25,1765,12830,Eco-Dome Al'dani,19,Fortified,8:31 PM
9aCktvPc4MD8xG2h,7,kill,28:05,1685,62660,"Ara-Kara, City of Echoes",,,9:09 PM
9aCktvPc4MD8xG2h,6,wipe,2:04,124,62660,"Ara-Kara, City of Echoes",,,9:07 PM
9aCktvPc4MD8xG2h,9,kill,28:16,1696,62662,The Dawnbreaker,,,9:46 PM
9aCktvPc4MD8xG2h,8,wipe,2:38,158,62662,The Dawnbreaker,,,9:43 PM
kC8Ld6jDmpGgc3zQ,4,kill,29:12,1752,62660,"Ara-Kara, City of Echoes",,,7:55 PM
kC8Ld6jDmpGgc3zQ,1,wipe,3:40,220,62660,"Ara-Kara, City of Echoes",,,7:46 PM
kC8Ld6jDmpGgc3zQ,2,wipe,2:58,178,62660,"Ara-Kara, City of Echoes",,,7:50 PM
kC8Ld6jDmpGgc3zQ,3,wipe,1:57,117,62660,"Ara-Kara, City of Echoes",,,7:53 PM
kC8Ld6jDmpGgc3zQ,8,kill,30:34,1834,62662,The Dawnbreaker,,,9:40 PM
kC8Ld6jDmpGgc3zQ,5,wipe,5:58,358,62662,The Dawnbreaker,,,8:35 PM
kC8Ld6jDmpGgc3zQ,6,wipe,17:29,1049,62662,The Dawnbreaker,,,8:41 PM
kC8Ld6jDmpGgc3zQ,7,wipe,29:08,1748,62662,The Dawnbreaker,,,8:58 PM
kC8Ld6jDmpGgc3zQ,16,kill,31:13,1873,62649,Priory of the Sacred Flame,,,11:39 PM
kC8Ld6jDmpGgc3zQ,10,wipe,3:43,223,62649,Priory of the Sacred Flame,,,10:42 PM
kC8Ld6jDmpGgc3zQ,11,wipe,4:43,283,62649,Priory of the Sacred Flame,,,10:46 PM
kC8Ld6jDmpGgc3zQ,12,wipe,15:56,956,62649,Priory of the Sacred Flame,,,10:50 PM
kC8Ld6jDmpGgc3zQ,13,wipe,11:19,679,62649,Priory of the Sacred Flame,,,11:12 PM
kC8Ld6jDmpGgc3zQ,14,wipe,11:19,679,62649,Priory of the Sacred Flame,,,11:23 PM
kC8Ld6jDmpGgc3zQ,15,wipe,4:12,252,62649,Priory of the Sacred Flame,,,11:34 PM
aRHyWvGgdc62MAzQ,4,kill,29:12,1752,62660,"Ara-Kara, City of Echoes",,,7:55 PM
aRHyWvGgdc62MAzQ,1,wipe,3:40,220,62660,"Ara-Kara, City of Echoes",,,7:46 PM
aRHyWvGgdc62MAzQ,2,wipe,2:58,178,62660,"Ara-Kara, City of Echoes",,,7:50 PM
aRHyWvGgdc62MAzQ,3,wipe,1:57,117,62660,"Ara-Kara, City of Echoes",,,7:53 PM
aRHyWvGgdc62MAzQ,8,kill,30:34,1834,62662,The Dawnbreaker,,,9:40 PM
aRHyWvGgdc62MAzQ,5,wipe,5:58,358,62662,The Dawnbreaker,,,8:35 PM
aRHyWvGgdc62MAzQ,6,wipe,17:29,1049,62662,The Dawnbreaker,,,8:41 PM
aRHyWvGgdc62MAzQ,7,wipe,29:08,1748,62662,The Dawnbreaker,,,8:58 PM
JB19L7wCdaHTQ4rN,,kill,31:37,1897,62773,Operation: Floodgate,15,Tyrannical,11:23 PM
JB19L7wCdaHTQ4rN,,kill,28:06,1686,62660,"Ara-Kara, City of Echoes",14,Tyrannical,12:03 AM
JB19L7wCdaHTQ4rN,,kill,25:52,1552,62662,The Dawnbreaker,12,Tyrannical,1:20 AM
MZdmCnQ4cvJ1X6hP,4,kill,29:12,1752,62660,"Ara-Kara, City of Echoes",,,7:55 PM
MZdmCnQ4cvJ1X6hP,1,wipe,3:40,220,62660,"Ara-Kara, City of Echoes",,,7:46 PM
MZdmCnQ4cvJ1X6hP,2,wipe,2:58,178,62660,"Ara-Kara, City of Echoes",,,7:50 PM
MZdmCnQ4cvJ1X6hP,3,wipe,1:57,117,62660,"Ara-Kara, City of Echoes",,,7:53 PM
MZdmCnQ4cvJ1X6hP,5,wipe,5:58,358,62662,The Dawnbreaker,,,8:35 PM
MZdmCnQ4cvJ1X6hP,6,wipe,0:00,0,62662,The Dawnbreaker,,,8:41 PM
ZrAqLKgJNYVPDX3d,,kill,47:25,2845,62660,"Ara-Kara, City of Echoes",10,Xal'atath's Bargain: Voidbound,5:09 PM
dGchmDzq6xQ4Zwkb,4,kill,30:48,1848,12830,Eco-Dome Al'dani,,,10:32 PM
dGchmDzq6xQ4Zwkb,23,kill,24:03,1443,12830,Eco-Dome Al'dani,,,7:44 PM
dGchmDzq6xQ4Zwkb,53,kill,25:46,1546,12830,Eco-Dome Al'dani,,,5:41 PM
dGchmDzq6xQ4Zwkb,1,wipe,6:27,387,12830,Eco-Dome Al'dani,,,3:55 PM
dGchmDzq6xQ4Zwkb,2,wipe,39:26,2366,62287,Halls of Atonement,,,7:31 PM
dGchmDzq6xQ4Zwkb,3,wipe,8:24,504,62287,Halls of Atonement,,,8:48 PM
dGchmDzq6xQ4Zwkb,24,wipe,2:57,177,62287,Halls of Atonement,,,3:23 PM
dGchmDzq6xQ4Zwkb,25,wipe,2:14,134,62287,Halls of Atonement,,,3:26 PM
dGchmDzq6xQ4Zwkb,26,wipe,13:42,822,62287,Halls of Atonement,,,3:28 PM
dGchmDzq6xQ4Zwkb,27,wipe,13:22,802,62287,Halls of Atonement,,,3:42 PM
dGchmDzq6xQ4Zwkb,28,wipe,10:53,653,62287,Halls of Atonement,,,3:55 PM
dGchmDzq6xQ4Zwkb,29,wipe,50:31,3031,62287,Halls of Atonement,,,4:06 PM
dGchmDzq6xQ4Zwkb,40,wipe,17:43,1063,62287,Halls of Atonement,,,6:18 PM
dGchmDzq6xQ4Zwkb,41,wipe,2:56,176,62287,Halls of Atonement,,,6:41 PM
dGchmDzq6xQ4Zwkb,42,wipe,16:25,985,62287,Halls of Atonement,,,6:44 PM
dGchmDzq6xQ4Zwkb,60,wipe,16:13,973,62287,Halls of Atonement,,,9:31 PM
dGchmDzq6xQ4Zwkb,6,wipe,21:21,1281,62660,"Ara-Kara, City of Echoes",,,4:20 PM
dGchmDzq6xQ4Zwkb,7,wipe,19:21,1161,62660,"Ara-Kara, City of Echoes",,,4:42 PM
dGchmDzq6xQ4Zwkb,8,wipe,4:23,263,62660,"Ara-Kara, City of Echoes",,,5:01 PM
dGchmDzq6xQ4Zwkb,9,wipe,5:56,356,62660,"Ara-Kara, City of Echoes",,,5:05 PM
dGchmDzq6xQ4Zwkb,10,wipe,3:21,201,62660,"Ara-Kara, City of Echoes",,,5:11 PM
dGchmDzq6xQ4Zwkb,13,wipe,11:09,669,62660,"Ara-Kara, City of Echoes",,,11:50 PM
dGchmDzq6xQ4Zwkb,14,wipe,9:57,597,62660,"Ara-Kara, City of Echoes",,,12:02 AM
dGchmDzq6xQ4Zwkb,15,wipe,2:36,156,62660,"Ara-Kara, City of Echoes",,,12:12 AM
dGchmDzq6xQ4Zwkb,16,wipe,14:04,844,62660,"Ara-Kara, City of Echoes",,,12:14 AM
dGchmDzq6xQ4Zwkb,54,wipe,27:38,1658,62660,"Ara-Kara, City of Echoes",,,6:27 PM
dGchmDzq6xQ4Zwkb,55,wipe,9:34,574,62660,"Ara-Kara, City of Echoes",,,6:54 PM
dGchmDzq6xQ4Zwkb,56,wipe,10:07,607,62660,"Ara-Kara, City of Echoes",,,7:04 PM
dGchmDzq6xQ4Zwkb,61,wipe,3:16,196,62660,"Ara-Kara, City of Echoes",,,10:11 PM
dGchmDzq6xQ4Zwkb,63,wipe,3:18,198,62660,"Ara-Kara, City of Echoes",,,10:40 PM
dGchmDzq6xQ4Zwkb,64,wipe,8:15,495,62660,"Ara-Kara, City of Echoes",,,10:44 PM
dGchmDzq6xQ4Zwkb,65,wipe,12:09,729,62660,"Ara-Kara, City of Echoes",,,11:05 PM
dGchmDzq6xQ4Zwkb,66,wipe,16:12,972,62660,"Ara-Kara, City of Echoes",,,6:34 PM
dGchmDzq6xQ4Zwkb,43,kill,26:49,1609,62773,Operation: Floodgate,,,7:46 PM
dGchmDzq6xQ4Zwkb,50,kill,31:44,1904,62773,Operation: Floodgate,,,4:16 PM
dGchmDzq6xQ4Zwkb,12,wipe,9:01,541,62773,Operation: Floodgate,,,5:27 PM
dGchmDzq6xQ4Zwkb,62,wipe,6:56,416,62773,Operation: Floodgate,,,10:23 PM
dGchmDzq6xQ4Zwkb,71,wipe,5:13,313,62773,Operation: Floodgate,,,8:53 PM
dGchmDzq6xQ4Zwkb,46,kill,23:59,1439,62662,The Dawnbreaker,,,9:27 PM
dGchmDzq6xQ4Zwkb,58,kill,26:14,1574,62662,The Dawnbreaker,,,8:50 PM
dGchmDzq6xQ4Zwkb,38,wipe,2:57,177,62662,The Dawnbreaker,,,5:24 PM
dGchmDzq6xQ4Zwkb,45,wipe,15:46,946,62662,The Dawnbreaker,,,9:11 PM
dGchmDzq6xQ4Zwkb,57,wipe,25:20,1520,62662,The Dawnbreaker,,,8:25 PM
dGchmDzq6xQ4Zwkb,68,wipe,32:49,1969,62662,The Dawnbreaker,,,7:58 PM
dGchmDzq6xQ4Zwkb,69,wipe,5:51,351,62662,The Dawnbreaker,,,8:31 PM
dGchmDzq6xQ4Zwkb,70,wipe,12:07,727,62662,The Dawnbreaker,,,8:36 PM
dGchmDzq6xQ4Zwkb,44,wipe,26:58,1618,112442,Tazavesh: So'leah's Gambit,,,8:32 PM
dGchmDzq6xQ4Zwkb,67,wipe,24:57,1497,112442,Tazavesh: So'leah's Gambit,,,7:02 PM
dGchmDzq6xQ4Zwkb,,kill,27:12,1632,62649,Priory of the Sacred Flame,16,,9:59 PM
dGchmDzq6xQ4Zwkb,49,kill,36:37,2197,112441,Tazavesh: Streets of Wonder,,,10:42 PM
dGchmDzq6xQ4Zwkb,51,wipe,3:36,216,112441,Tazavesh: Streets of Wonder,,,4:50 PM
dGchmDzq6xQ4Zwkb,52,wipe,19:55,1195,112441,Tazavesh: Streets of Wonder,,,4:54 PM
qyjDGtAk98BFWJLr,5,kill,33:13,1993,62660,"Ara-Kara, City of Echoes",,,10:11 AM
qyjDGtAk98BFWJLr,1,wipe,15:13,913,62660,"Ara-Kara, City of Echoes",,,9:11 AM
qyjDGtAk98BFWJLr,2,wipe,9:48,588,62660,"Ara-Kara, City of Echoes",,,9:30 AM
qyjDGtAk98BFWJLr,3,wipe,14:00,840,62660,"Ara-Kara, City of Echoes",,,9:45 AM
qyjDGtAk98BFWJLr,4,wipe,11:06,666,62660,"Ara-Kara, City of Echoes",,,10:00 AM
RfG4QgC1Kpt8dTjr,3,kill,31:05,1865,112441,Tazavesh: Streets of Wonder,,,5:58 AM
RfG4QgC1Kpt8dTjr,15,kill,33:20,2000,112441,Tazavesh: Streets of Wonder,,,9:01 AM
RfG4QgC1Kpt8dTjr,19,kill,32:34,1954,112441,Tazavesh: Streets of Wonder,,,10:08 AM
RfG4QgC1Kpt8dTjr,1,wipe,1:38,98,112441,Tazavesh: Streets of Wonder,,,5:48 AM
RfG4QgC1Kpt8dTjr,2,wipe,7:46,466,112441,Tazavesh: Streets of Wonder,,,5:50 AM
RfG4QgC1Kpt8dTjr,14,wipe,3:35,215,112441,Tazavesh: Streets of Wonder,,,8:58 AM
RfG4QgC1Kpt8dTjr,16,wipe,0:00,0,112441,Tazavesh: Streets of Wonder,,,9:35 AM
RfG4QgC1Kpt8dTjr,17,wipe,26:26,1586,112441,Tazavesh: Streets of Wonder,,,9:40 AM
RfG4QgC1Kpt8dTjr,18,wipe,2:25,145,112441,Tazavesh: Streets of Wonder,,,10:06 AM
RfG4QgC1Kpt8dTjr,4,wipe,2:34,154,62287,Halls of Atonement,,,6:42 AM
RfG4QgC1Kpt8dTjr,5,wipe,2:24,144,62287,Halls of Atonement,,,6:44 AM
RfG4QgC1Kpt8dTjr,9,kill,32:16,1936,12830,Eco-Dome Al'dani,,,7:34 AM
RfG4QgC1Kpt8dTjr,8,wipe,14:43,883,12830,Eco-Dome Al'dani,,,7:19 AM
RfG4QgC1Kpt8dTjr,10,wipe,11:10,670,62660,"Ara-Kara, City of Echoes",,,8:17 AM
RfG4QgC1Kpt8dTjr,11,wipe,2:58,178,62660,"Ara-Kara, City of Echoes",,,8:28 AM
RfG4QgC1Kpt8dTjr,12,wipe,10:15,615,62660,"Ara-Kara, City of Echoes",,,8:31 AM
WYzCd3vaXqMkbADG,,kill,33:15,1995,62287,Halls of Atonement,14,Tyrannical,7:47 AM
WYzCd3vaXqMkbADG,,kill,29:11,1751,62660,"Ara-Kara, City of Echoes",14,Tyrannical,8:39 AM
NMW9hgkmxDydPwCb,,wipe,7:07,427,62660,"Ara-Kara, City of Echoes",11,Xal'atath's Bargain: Pulsar,3:54 AM
NMW9hgkmxDydPwCb,,wipe,33:03,1983,62287,Halls of Atonement,12,Tyrannical,4:06 AM
NMW9hgkmxDydPwCb,,wipe,9:36,576,62773,Operation: Floodgate,12,Tyrannical,4:45 AM
NMW9hgkmxDydPwCb,,kill,32:55,1975,112441,Tazavesh: Streets of Wonder,13,Tyrannical,6:38 AM
ZNA6bg7q3D8BmXf2,,kill,26:47,1607,112442,Tazavesh: So'leah's Gambit,14,,4:08 AM
ZNA6bg7q3D8BmXf2,2,wipe,4:53,293,62660,"Ara-Kara, City of Echoes",,,5:02 AM
ZNA6bg7q3D8BmXf2,3,wipe,23:11,1391,62660,"Ara-Kara, City of Echoes",,,6:16 AM
ymx7T6JrXAfV81zg,1,wipe,3:23,203,62660,"Ara-Kara, City of Echoes",,,2:38 AM
ymx7T6JrXAfV81zg,2,wipe,7:55,475,62660,"Ara-Kara, City of Echoes",,,2:42 AM
ymx7T6JrXAfV81zg,,kill,33:56,2036,62773,Operation: Floodgate,15,Fortified,3:50 AM
1tQabvkRZ4BzfWxd,,kill,22:04,1324,112442,Tazavesh: So'leah's Gambit,12,Tyrannical,10:20 PM
1tQabvkRZ4BzfWxd,6,kill,25:25,1525,62649,Priory of the Sacred Flame,,,11:03 PM
1tQabvkRZ4BzfWxd,8,wipe,13:54,834,62649,Priory of the Sacred Flame,,,1:00 AM
1tQabvkRZ4BzfWxd,,wipe,31:12,1872,112441,Tazavesh: Streets of Wonder,12,Tyrannical,1:19 AM
1tQabvkRZ4BzfWxd,,kill,23:28,1408,62660,"Ara-Kara, City of Echoes",12,,2:08 AM
ByCGrdDnYKmjVwcR,,kill,31:04,1864,62649,Priory of the Sacred Flame,17,Fortified,3:18 PM
ByCGrdDnYKmjVwcR,2,kill,30:17,1817,62660,"Ara-Kara, City of Echoes",,,3:55 PM
ByCGrdDnYKmjVwcR,3,kill,29:42,1782,62660,"Ara-Kara, City of Echoes",,,4:36 PM
ByCGrdDnYKmjVwcR,,kill,28:45,1725,112442,Tazavesh: So'leah's Gambit,18,Tyrannical,5:14 PM
ByCGrdDnYKmjVwcR,,kill,31:32,1892,62662,The Dawnbreaker,18,Tyrannical,7:14 PM
ByCGrdDnYKmjVwcR,,kill,35:13,2113,62287,Halls of Atonement,18,Tyrannical,8:53 PM
F3k2Pz4xg8rNCmfJ,,kill,26:52,1612,12830,Eco-Dome Al'dani,18,Fortified,3:36 PM
F3k2Pz4xg8rNCmfJ,3,kill,27:00,1620,112442,Tazavesh: So'leah's Gambit,,,4:11 PM
F3k2Pz4xg8rNCmfJ,16,kill,29:02,1742,112442,Tazavesh: So'leah's Gambit,,,7:52 PM
F3k2Pz4xg8rNCmfJ,2,wipe,3:55,235,112442,Tazavesh: So'leah's Gambit,,,4:07 PM
F3k2Pz4xg8rNCmfJ,15,wipe,9:41,581,112442,Tazavesh: So'leah's Gambit,,,7:42 PM
F3k2Pz4xg8rNCmfJ,,kill,30:53,1853,62287,Halls of Atonement,18,Fortified,4:46 PM
F3k2Pz4xg8rNCmfJ,,wipe,13:18,798,62773,Operation: Floodgate,18,Tyrannical,5:23 PM
F3k2Pz4xg8rNCmfJ,12,kill,29:36,1776,62660,"Ara-Kara, City of Echoes",,,6:26 PM
F3k2Pz4xg8rNCmfJ,8,wipe,3:00,180,62660,"Ara-Kara, City of Echoes",,,6:03 PM
F3k2Pz4xg8rNCmfJ,9,wipe,14:15,855,62660,"Ara-Kara, City of Echoes",,,6:06 PM
F3k2Pz4xg8rNCmfJ,,kill,31:48,1908,62662,The Dawnbreaker,19,Tyrannical,7:02 PM
RhajLZkyNMJGwT4X,1,wipe,1:13,73,62662,The Dawnbreaker,,,4:31 PM
RhajLZkyNMJGwT4X,12,wipe,1:54,114,62662,The Dawnbreaker,,,5:02 PM
RhajLZkyNMJGwT4X,,kill,30:13,1813,62660,"Ara-Kara, City of Echoes",12,,6:40 PM
VY8k6TNQPydtDfp2,3,kill,28:11,1691,62660,"Ara-Kara, City of Echoes",,,4:13 PM
VY8k6TNQPydtDfp2,2,wipe,5:32,332,62660,"Ara-Kara, City of Echoes",,,4:07 PM
VY8k6TNQPydtDfp2,,kill,30:54,1854,62662,The Dawnbreaker,18,Fortified,4:53 PM
NV9Gbkj213DxYdzT,,kill,31:04,1864,62649,Priory of the Sacred Flame,17,Fortified,3:18 PM
NV9Gbkj213DxYdzT,2,kill,30:17,1817,62660,"Ara-Kara, City of Echoes",,,3:55 PM
NV9Gbkj213DxYdzT,3,kill,29:42,1782,62660,"Ara-Kara, City of Echoes",,,4:36 PM
K2TvPHtcVnyq6fj7,3,kill,28:11,1691,62660,"Ara-Kara, City of Echoes",,,4:13 PM
K2TvPHtcVnyq6fj7,2,wipe,5:32,332,62660,"Ara-Kara, City of Echoes",,,4:07 PM
fkZLgncHNG2haQw1,,kill,37:40,2260,62287,Halls of Atonement,12,,8:51 AM
fkZLgncHNG2haQw1,,kill,30:48,1848,112441,Tazavesh: Streets of Wonder,12,,9:33 AM
fkZLgncHNG2haQw1,,kill,27:59,1679,112442,Tazavesh: So'leah's Gambit,12,,10:53 AM
fkZLgncHNG2haQw1,,kill,31:22,1882,62660,"Ara-Kara, City of Echoes",12,,11:24 AM
fkZLgncHNG2haQw1,,kill,39:12,2352,62662,The Dawnbreaker,12,,12:00 PM
DtzB9d3MhLW6Aq4G,1,kill,34:30,2070,62660,"Ara-Kara, City of Echoes",,,6:44 PM
DtzB9d3MhLW6Aq4G,4,kill,32:01,1921,62660,"Ara-Kara, City of Echoes",,,7:34 PM
WJb9cvnCt24G6gph,1,wipe,2:05,125,62660,"Ara-Kara, City of Echoes",,,11:22 PM
WJb9cvnCt24G6gph,2,wipe,3:03,183,62660,"Ara-Kara, City of Echoes",,,11:24 PM
WJb9cvnCt24G6gph,3,wipe,5:35,335,62660,"Ara-Kara, City of Echoes",,,11:27 PM
WJb9cvnCt24G6gph,4,wipe,1:04,64,62660,"Ara-Kara, City of Echoes",,,11:33 PM
WJb9cvnCt24G6gph,,wipe,17:29,1049,62773,Operation: Floodgate,17,Fortified,5:50 AM
WJb9cvnCt24G6gph,10,wipe,2:59,179,12830,Eco-Dome Al'dani,,,6:58 AM
WJb9cvnCt24G6gph,11,wipe,11:22,682,12830,Eco-Dome Al'dani,,,7:01 AM
WJb9cvnCt24G6gph,12,wipe,16:44,1004,12830,Eco-Dome Al'dani,,,7:12 AM
WJb9cvnCt24G6gph,10,wipe,2:59,179,12830,Eco-Dome Al'dani,,,6:58 AM
WJb9cvnCt24G6gph,11,wipe,11:22,682,12830,Eco-Dome Al'dani,,,7:01 AM
WJb9cvnCt24G6gph,12,wipe,16:44,1004,12830,Eco-Dome Al'dani,,,7:12 AM
CvF1N8yfYPWRMkjd,28,kill,31:58,1918,112441,Tazavesh: Streets of Wonder,,,3:28 AM
CvF1N8yfYPWRMkjd,1,wipe,3:30,210,112441,Tazavesh: Streets of Wonder,,,7:45 PM
CvF1N8yfYPWRMkjd,2,wipe,24:48,1488,112441,Tazavesh: Streets of Wonder,,,7:48 PM
CvF1N8yfYPWRMkjd,3,wipe,4:17,257,112441,Tazavesh: Streets of Wonder,,,8:13 PM
CvF1N8yfYPWRMkjd,4,wipe,30:15,1815,112441,Tazavesh: Streets of Wonder,,,8:18 PM
CvF1N8yfYPWRMkjd,5,wipe,14:26,866,112441,Tazavesh: Streets of Wonder,,,8:48 PM
CvF1N8yfYPWRMkjd,11,kill,31:43,1903,62662,The Dawnbreaker,,,10:14 PM
CvF1N8yfYPWRMkjd,6,wipe,2:21,141,62662,The Dawnbreaker,,,9:14 PM
CvF1N8yfYPWRMkjd,7,wipe,23:41,1421,62662,The Dawnbreaker,,,9:16 PM
CvF1N8yfYPWRMkjd,8,wipe,9:34,574,62662,The Dawnbreaker,,,9:40 PM
CvF1N8yfYPWRMkjd,9,wipe,22:08,1328,62662,The Dawnbreaker,,,9:50 PM
CvF1N8yfYPWRMkjd,10,wipe,2:16,136,62662,The Dawnbreaker,,,10:12 PM
CvF1N8yfYPWRMkjd,17,kill,31:37,1897,62287,Halls of Atonement,,,11:18 PM
CvF1N8yfYPWRMkjd,31,kill,31:24,1884,62287,Halls of Atonement,,,4:54 AM
CvF1N8yfYPWRMkjd,13,wipe,5:08,308,62287,Halls of Atonement,,,10:57 PM
CvF1N8yfYPWRMkjd,14,wipe,4:05,245,62287,Halls of Atonement,,,11:02 PM
CvF1N8yfYPWRMkjd,15,wipe,8:48,528,62287,Halls of Atonement,,,11:06 PM
CvF1N8yfYPWRMkjd,16,wipe,2:49,169,62287,Halls of Atonement,,,11:15 PM
CvF1N8yfYPWRMkjd,25,kill,31:28,1888,62773,Operation: Floodgate,,,1:22 AM
CvF1N8yfYPWRMkjd,35,kill,29:31,1771,62773,Operation: Floodgate,,,5:52 AM
CvF1N8yfYPWRMkjd,19,wipe,2:43,163,62773,Operation: Floodgate,,,12:09 AM
CvF1N8yfYPWRMkjd,20,wipe,31:15,1875,62773,Operation: Floodgate,,,12:12 AM
CvF1N8yfYPWRMkjd,21,wipe,4:28,268,62773,Operation: Floodgate,,,12:43 AM
CvF1N8yfYPWRMkjd,22,wipe,5:25,325,62773,Operation: Floodgate,,,12:48 AM
CvF1N8yfYPWRMkjd,23,wipe,26:04,1564,62773,Operation: Floodgate,,,12:53 AM
CvF1N8yfYPWRMkjd,24,wipe,3:08,188,62773,Operation: Floodgate,,,1:19 AM
CvF1N8yfYPWRMkjd,33,wipe,2:56,176,62773,Operation: Floodgate,,,5:37 AM
CvF1N8yfYPWRMkjd,34,wipe,12:28,748,62773,Operation: Floodgate,,,5:40 AM
CvF1N8yfYPWRMkjd,,kill,29:20,1760,12830,Eco-Dome Al'dani,19,Fortified,2:06 AM
CvF1N8yfYPWRMkjd,,kill,26:08,1568,112442,Tazavesh: So'leah's Gambit,19,Fortified,2:49 AM
CvF1N8yfYPWRMkjd,,kill,28:14,1694,62660,"Ara-Kara, City of Echoes",18,Fortified,4:15 AM
vYk4GVcbLWHXx8qC,2,kill,36:35,2195,112442,Tazavesh: So'leah's Gambit,,,9:57 PM
vYk4GVcbLWHXx8qC,1,wipe,11:18,678,112442,Tazavesh: So'leah's Gambit,,,9:45 PM
vYk4GVcbLWHXx8qC,8,wipe,13:48,828,112442,Tazavesh: So'leah's Gambit,,,2:43 AM
vYk4GVcbLWHXx8qC,3,wipe,9:07,547,62287,Halls of Atonement,,,10:44 PM
vYk4GVcbLWHXx8qC,4,wipe,4:25,265,62287,Halls of Atonement,,,11:48 PM
vYk4GVcbLWHXx8qC,5,wipe,31:27,1887,62287,Halls of Atonement,,,11:55 PM
vYk4GVcbLWHXx8qC,6,wipe,3:15,195,62287,Halls of Atonement,,,1:28 AM
vYk4GVcbLWHXx8qC,7,wipe,25:37,1537,62287,Halls of Atonement,,,1:31 AM
vYk4GVcbLWHXx8qC,12,kill,32:15,1935,62660,"Ara-Kara, City of Echoes",,,3:10 AM
vYk4GVcbLWHXx8qC,9,wipe,2:14,134,62660,"Ara-Kara, City of Echoes",,,3:02 AM
vYk4GVcbLWHXx8qC,10,wipe,1:20,80,62660,"Ara-Kara, City of Echoes",,,3:04 AM
vYk4GVcbLWHXx8qC,11,wipe,3:00,180,62660,"Ara-Kara, City of Echoes",,,3:07 AM
vYk4GVcbLWHXx8qC,14,kill,22:59,1379,12830,Eco-Dome Al'dani,,,4:28 AM
vYk4GVcbLWHXx8qC,13,wipe,14:30,870,12830,Eco-Dome Al'dani,,,4:05 AM
pKjLZrf4JN6TQdX7,4,kill,32:15,1935,62660,"Ara-Kara, City of Echoes",,,3:10 AM
pKjLZrf4JN6TQdX7,1,wipe,2:14,134,62660,"Ara-Kara, City of Echoes",,,3:02 AM
pKjLZrf4JN6TQdX7,2,wipe,3:14,194,62660,"Ara-Kara, City of Echoes",,,3:04 AM
pKjLZrf4JN6TQdX7,3,wipe,3:00,180,62660,"Ara-Kara, City of Echoes",,,3:07 AM
pKjLZrf4JN6TQdX7,,kill,23:22,1402,12830,Eco-Dome Al'dani,10,Xal'atath's Bargain: Pulsar,3:49 AM
AzVk6Z7FK2vgQntD,,kill,30:43,1843,12830,Eco-Dome Al'dani,15,Tyrannical,3:51 PM
AzVk6Z7FK2vgQntD,2,wipe,2:30,150,62660,"Ara-Kara, City of Echoes",,,4:31 PM
AzVk6Z7FK2vgQntD,3,wipe,2:57,177,62660,"Ara-Kara, City of Echoes",,,4:34 PM
AzVk6Z7FK2vgQntD,4,wipe,2:59,179,62660,"Ara-Kara, City of Echoes",,,4:37 PM
AzVk6Z7FK2vgQntD,16,wipe,3:31,211,62660,"Ara-Kara, City of Echoes",,,1:18 AM
AzVk6Z7FK2vgQntD,17,wipe,12:11,731,62660,"Ara-Kara, City of Echoes",,,1:22 AM
AzVk6Z7FK2vgQntD,10,kill,30:26,1826,62662,The Dawnbreaker,,,5:50 PM
AzVk6Z7FK2vgQntD,13,kill,31:57,1917,62662,The Dawnbreaker,,,12:42 AM
AzVk6Z7FK2vgQntD,5,wipe,0:36,36,62662,The Dawnbreaker,,,4:43 PM
AzVk6Z7FK2vgQntD,6,wipe,2:06,126,62662,The Dawnbreaker,,,4:46 PM
AzVk6Z7FK2vgQntD,7,wipe,14:54,894,62662,The Dawnbreaker,,,4:48 PM
AzVk6Z7FK2vgQntD,8,wipe,12:47,767,62662,The Dawnbreaker,,,5:17 PM
AzVk6Z7FK2vgQntD,9,wipe,8:15,495,62662,The Dawnbreaker,,,5:37 PM
AzVk6Z7FK2vgQntD,12,wipe,3:47,227,62662,The Dawnbreaker,,,12:38 AM
JjpQbKzwPakq3LAX,,kill,25:12,1512,12830,Eco-Dome Al'dani,12,Fortified,10:13 PM
JjpQbKzwPakq3LAX,5,kill,26:35,1595,62660,"Ara-Kara, City of Echoes",,,11:02 PM
JjpQbKzwPakq3LAX,2,wipe,1:42,102,62660,"Ara-Kara, City of Echoes",,,10:52 PM
g1XGKWmqthaMjQvN,,kill,28:49,1729,62660,"Ara-Kara, City of Echoes",12,Tyrannical,3:48 PM
g1XGKWmqthaMjQvN,2,wipe,13:42,822,112442,Tazavesh: So'leah's Gambit,,,4:43 PM
g1XGKWmqthaMjQvN,3,wipe,26:39,1599,112442,Tazavesh: So'leah's Gambit,,,6:23 PM
g1XGKWmqthaMjQvN,6,kill,33:55,2035,62773,Operation: Floodgate,,,9:32 PM
g1XGKWmqthaMjQvN,4,wipe,2:52,172,62773,Operation: Floodgate,,,8:44 PM
g1XGKWmqthaMjQvN,5,wipe,34:40,2080,62773,Operation: Floodgate,,,8:47 PM
p8mWCJr73DTdynNH,1,kill,32:38,1958,62662,The Dawnbreaker,,,7:54 PM
p8mWCJr73DTdynNH,10,kill,31:44,1904,62662,The Dawnbreaker,,,12:13 AM
p8mWCJr73DTdynNH,3,kill,30:53,1853,12830,Eco-Dome Al'dani,,,8:46 PM
p8mWCJr73DTdynNH,2,wipe,10:22,622,12830,Eco-Dome Al'dani,,,8:36 PM
p8mWCJr73DTdynNH,,kill,32:37,1957,112441,Tazavesh: Streets of Wonder,19,Tyrannical,9:28 PM
p8mWCJr73DTdynNH,5,wipe,7:14,434,62660,"Ara-Kara, City of Echoes",,,10:16 PM
p8mWCJr73DTdynNH,6,wipe,15:56,956,62660,"Ara-Kara, City of Echoes",,,10:24 PM
p8mWCJr73DTdynNH,7,wipe,4:39,279,62660,"Ara-Kara, City of Echoes",,,10:40 PM
p8mWCJr73DTdynNH,13,kill,33:46,2026,62773,Operation: Floodgate,,,1:52 AM
p8mWCJr73DTdynNH,8,wipe,25:45,1545,62773,Operation: Floodgate,,,10:49 PM
p8mWCJr73DTdynNH,9,kill,31:30,1890,112442,Tazavesh: So'leah's Gambit,,,11:29 PM
p8mWCJr73DTdynNH,15,kill,29:15,1755,112442,Tazavesh: So'leah's Gambit,,,3:41 AM
p8mWCJr73DTdynNH,12,kill,29:12,1752,62649,Priory of the Sacred Flame,,,1:09 AM
p8mWCJr73DTdynNH,11,wipe,6:25,385,62649,Priory of the Sacred Flame,,,1:02 AM
p8mWCJr73DTdynNH,14,kill,32:40,1960,62287,Halls of Atonement,,,2:40 AM
p8mWCJr73DTdynNH,17,kill,32:00,1920,62287,Halls of Atonement,,,4:38 AM
p8mWCJr73DTdynNH,16,wipe,18:27,1107,62287,Halls of Atonement,,,4:19 AM
r8QfcBtJqHR4Lw3C,,wipe,3:02,182,62660,"Ara-Kara, City of Echoes",12,Tyrannical,7:20 PM
r8QfcBtJqHR4Lw3C,,kill,29:33,1773,62662,The Dawnbreaker,12,,7:27 PM
pJjxd4zyCnQYPFgV,,kill,42:12,2532,112441,Tazavesh: Streets of Wonder,12,Tyrannical,11:36 AM
pJjxd4zyCnQYPFgV,7,kill,34:23,2063,62660,"Ara-Kara, City of Echoes",,,2:43 PM
pJjxd4zyCnQYPFgV,4,wipe,20:12,1212,62660,"Ara-Kara, City of Echoes",,,1:07 PM
pJjxd4zyCnQYPFgV,6,kill,34:54,2094,62287,Halls of Atonement,,,1:47 PM
pJjxd4zyCnQYPFgV,5,wipe,3:39,219,62287,Halls of Atonement,,,1:43 PM
pJjxd4zyCnQYPFgV,,kill,24:56,1496,62773,Operation: Floodgate,12,,3:28 PM
pJjxd4zyCnQYPFgV,,kill,22:09,1329,62649,Priory of the Sacred Flame,12,,4:00 PM
xHz4a8mnB2pLcAfP,2,wipe,3:33,213,62660,"Ara-Kara, City of Echoes",,,4:32 PM
xHz4a8mnB2pLcAfP,3,wipe,8:38,518,62660,"Ara-Kara, City of Echoes",,,4:36 PM
xHz4a8mnB2pLcAfP,4,wipe,7:39,459,62660,"Ara-Kara, City of Echoes",,,4:44 PM
xHz4a8mnB2pLcAfP,,kill,27:33,1653,62662,The Dawnbreaker,17,Fortified,5:00 PM
xHz4a8mnB2pLcAfP,8,wipe,2:35,155,62773,Operation: Floodgate,,,5:45 PM
xHz4a8mnB2pLcAfP,10,wipe,14:16,856,62773,Operation: Floodgate,,,5:52 PM
xHz4a8mnB2pLcAfP,12,wipe,7:02,422,62773,Operation: Floodgate,,,6:11 PM
xHz4a8mnB2pLcAfP,13,wipe,25:32,1532,62773,Operation: Floodgate,,,6:18 PM
xHz4a8mnB2pLcAfP,,wipe,32:09,1929,62287,Halls of Atonement,18,Tyrannical,6:52 PM
xHz4a8mnB2pLcAfP,19,kill,32:52,1972,12830,Eco-Dome Al'dani,,,7:58 PM
xHz4a8mnB2pLcAfP,16,wipe,10:23,623,12830,Eco-Dome Al'dani,,,7:32 PM
xHz4a8mnB2pLcAfP,17,wipe,2:48,168,12830,Eco-Dome Al'dani,,,7:43 PM
xHz4a8mnB2pLcAfP,18,wipe,9:13,553,12830,Eco-Dome Al'dani,,,7:45 PM
xHz4a8mnB2pLcAfP,16,wipe,10:23,623,12830,Eco-Dome Al'dani,,,7:32 PM
xHz4a8mnB2pLcAfP,17,wipe,2:48,168,12830,Eco-Dome Al'dani,,,7:43 PM
xHz4a8mnB2pLcAfP,18,wipe,9:13,553,12830,Eco-Dome Al'dani,,,7:45 PM
xHz4a8mnB2pLcAfP,,kill,33:07,1987,62649,Priory of the Sacred Flame,18,Tyrannical,8:44 PM
Vmf916YPw48TCNLc,,wipe,8:15,495,62660,"Ara-Kara, City of Echoes",17,Tyrannical,12:38 PM
Vmf916YPw48TCNLc,,kill,24:15,1455,62662,The Dawnbreaker,12,Tyrannical,12:52 PM
pwWbkZLT137PrYCt,11,kill,28:28,1708,112442,Tazavesh: So'leah's Gambit,,,11:07 PM
pwWbkZLT137PrYCt,1,wipe,7:03,423,112442,Tazavesh: So'leah's Gambit,,,8:17 PM
pwWbkZLT137PrYCt,8,wipe,5:39,339,112442,Tazavesh: So'leah's Gambit,,,10:10 PM
pwWbkZLT137PrYCt,9,wipe,39:28,2368,112442,Tazavesh: So'leah's Gambit,,,10:16 PM
pwWbkZLT137PrYCt,10,wipe,11:40,700,112442,Tazavesh: So'leah's Gambit,,,10:55 PM
pwWbkZLT137PrYCt,,wipe,11:13,673,12830,Eco-Dome Al'dani,15,Tyrannical,8:26 PM
pwWbkZLT137PrYCt,,wipe,25:07,1507,62662,The Dawnbreaker,15,Tyrannical,8:56 PM
pwWbkZLT137PrYCt,4,wipe,2:57,177,62660,"Ara-Kara, City of Echoes",,,9:35 PM
pwWbkZLT137PrYCt,5,wipe,2:23,143,62660,"Ara-Kara, City of Echoes",,,9:38 PM
pwWbkZLT137PrYCt,6,wipe,2:26,146,62660,"Ara-Kara, City of Echoes",,,9:41 PM
pwWbkZLT137PrYCt,7,wipe,3:53,233,62660,"Ara-Kara, City of Echoes",,,9:43 PM
zbc2Pdx6RCkpH4Xf,7,kill,30:06,1806,62662,The Dawnbreaker,,,3:38 AM
zbc2Pdx6RCkpH4Xf,23,kill,27:39,1659,62662,The Dawnbreaker,,,10:07 AM
zbc2Pdx6RCkpH4Xf,2,wipe,11:19,679,62662,The Dawnbreaker,,,1:43 AM
zbc2Pdx6RCkpH4Xf,3,wipe,13:05,785,62662,The Dawnbreaker,,,2:08 AM
zbc2Pdx6RCkpH4Xf,5,wipe,8:34,514,62662,The Dawnbreaker,,,3:26 AM
zbc2Pdx6RCkpH4Xf,6,wipe,3:41,221,62662,The Dawnbreaker,,,3:35 AM
zbc2Pdx6RCkpH4Xf,,wipe,16:42,1002,112442,Tazavesh: So'leah's Gambit,14,Tyrannical,2:36 AM
zbc2Pdx6RCkpH4Xf,20,kill,26:48,1608,62660,"Ara-Kara, City of Echoes",,,6:14 AM
zbc2Pdx6RCkpH4Xf,11,wipe,2:42,162,62660,"Ara-Kara, City of Echoes",,,4:40 AM
zbc2Pdx6RCkpH4Xf,12,wipe,3:00,180,62660,"Ara-Kara, City of Echoes",,,4:43 AM
zbc2Pdx6RCkpH4Xf,13,wipe,19:49,1189,62660,"Ara-Kara, City of Echoes",,,4:46 AM
zbc2Pdx6RCkpH4Xf,14,wipe,3:14,194,62660,"Ara-Kara, City of Echoes",,,5:06 AM
zbc2Pdx6RCkpH4Xf,15,wipe,2:56,176,62660,"Ara-Kara, City of Echoes",,,5:09 AM
zbc2Pdx6RCkpH4Xf,16,wipe,21:56,1316,62660,"Ara-Kara, City of Echoes",,,5:12 AM
zbc2Pdx6RCkpH4Xf,17,wipe,4:36,276,62660,"Ara-Kara, City of Echoes",,,5:51 AM
zbc2Pdx6RCkpH4Xf,18,wipe,3:37,217,62660,"Ara-Kara, City of Echoes",,,5:55 AM
zbc2Pdx6RCkpH4Xf,19,wipe,15:40,940,62660,"Ara-Kara, City of Echoes",,,5:59 AM
zbc2Pdx6RCkpH4Xf,21,wipe,2:47,167,62773,Operation: Floodgate,,,7:04 AM
zbc2Pdx6RCkpH4Xf,22,wipe,6:30,390,62773,Operation: Floodgate,,,7:07 AM
bFm7hY1CMDwy4NgJ,6,kill,30:09,1809,62660,"Ara-Kara, City of Echoes",,,7:14 AM
bFm7hY1CMDwy4NgJ,2,wipe,7:55,475,62660,"Ara-Kara, City of Echoes",,,6:44 AM
bFm7hY1CMDwy4NgJ,3,wipe,5:02,302,62660,"Ara-Kara, City of Echoes",,,6:55 AM
bFm7hY1CMDwy4NgJ,4,wipe,10:49,649,62660,"Ara-Kara, City of Echoes",,,7:00 AM
bFm7hY1CMDwy4NgJ,5,wipe,3:24,204,62660,"Ara-Kara, City of Echoes",,,7:11 AM
bFm7hY1CMDwy4NgJ,,wipe,0:00,0,62287,Halls of Atonement,13,,7:48 AM
m1vzTPZ3XVDgk2Nq,1,wipe,2:26,146,62660,"Ara-Kara, City of Echoes",,,4:53 AM
m1vzTPZ3XVDgk2Nq,2,wipe,12:05,725,62660,"Ara-Kara, City of Echoes",,,4:56 AM
m1vzTPZ3XVDgk2Nq,3,wipe,5:29,329,62660,"Ara-Kara, City of Echoes",,,5:12 AM
m1vzTPZ3XVDgk2Nq,4,wipe,15:29,929,62660,"Ara-Kara, City of Echoes",,,5:18 AM
m1vzTPZ3XVDgk2Nq,6,wipe,26:16,1576,62660,"Ara-Kara, City of Echoes",,,5:41 AM
m1vzTPZ3XVDgk2Nq,8,wipe,10:17,617,62649,Priory of the Sacred Flame,,,6:13 AM
m1vzTPZ3XVDgk2Nq,9,wipe,3:13,193,62649,Priory of the Sacred Flame,,,6:26 AM
m1vzTPZ3XVDgk2Nq,10,wipe,16:49,1009,62649,Priory of the Sacred Flame,,,6:29 AM
m1vzTPZ3XVDgk2Nq,11,wipe,6:21,381,62649,Priory of the Sacred Flame,,,6:46 AM
m1vzTPZ3XVDgk2Nq,12,wipe,23:49,1429,62649,Priory of the Sacred Flame,,,6:53 AM
3kLN8GzyCHxTq6pB,,kill,26:48,1608,62660,"Ara-Kara, City of Echoes",12,Tyrannical,6:14 AM
VwLAP8dxKvNfrmTW,,kill,31:06,1866,112442,Tazavesh: So'leah's Gambit,15,Tyrannical,1:04 AM
VwLAP8dxKvNfrmTW,2,wipe,5:20,320,112441,Tazavesh: Streets of Wonder,,,1:39 AM
VwLAP8dxKvNfrmTW,3,wipe,41:13,2473,112441,Tazavesh: Streets of Wonder,,,1:44 AM
VwLAP8dxKvNfrmTW,13,wipe,2:13,133,112441,Tazavesh: Streets of Wonder,,,3:12 AM
VwLAP8dxKvNfrmTW,11,wipe,5:13,313,62773,Operation: Floodgate,,,2:46 AM
VwLAP8dxKvNfrmTW,12,wipe,6:30,390,62773,Operation: Floodgate,,,2:51 AM
VwLAP8dxKvNfrmTW,14,wipe,6:11,371,62660,"Ara-Kara, City of Echoes",,,3:29 AM
VwLAP8dxKvNfrmTW,15,wipe,11:30,690,62660,"Ara-Kara, City of Echoes",,,3:35 AM
VwLAP8dxKvNfrmTW,16,wipe,10:38,638,62660,"Ara-Kara, City of Echoes",,,3:47 AM
VwLAP8dxKvNfrmTW,17,wipe,16:22,982,62662,The Dawnbreaker,,,4:15 AM
VwLAP8dxKvNfrmTW,18,wipe,10:08,608,62662,The Dawnbreaker,,,4:31 AM
VwLAP8dxKvNfrmTW,19,wipe,27:26,1646,62662,The Dawnbreaker,,,4:42 AM
kxGYrAHPjX4Qb21v,,kill,22:42,1362,12830,Eco-Dome Al'dani,12,Tyrannical,4:01 AM
kxGYrAHPjX4Qb21v,,kill,29:24,1764,62660,"Ara-Kara, City of Echoes",12,Tyrannical,4:37 AM
zXTRHxmPM1NbnAgd,1,wipe,12:27,747,112441,Tazavesh: Streets of Wonder,,,3:12 AM
zXTRHxmPM1NbnAgd,3,wipe,24:14,1454,112441,Tazavesh: Streets of Wonder,,,3:27 AM
zXTRHxmPM1NbnAgd,,wipe,2:18,138,112442,Tazavesh: So'leah's Gambit,12,,3:25 AM
zXTRHxmPM1NbnAgd,,kill,22:42,1362,12830,Eco-Dome Al'dani,12,Tyrannical,4:01 AM
zXTRHxmPM1NbnAgd,,kill,29:24,1764,62660,"Ara-Kara, City of Echoes",12,Tyrannical,4:37 AM
1k4qnwFy7Wx3tPzf,1,wipe,2:42,162,62660,"Ara-Kara, City of Echoes",,,4:40 AM
1k4qnwFy7Wx3tPzf,2,wipe,3:00,180,62660,"Ara-Kara, City of Echoes",,,4:43 AM
1k4qnwFy7Wx3tPzf,3,wipe,19:48,1188,62660,"Ara-Kara, City of Echoes",,,4:46 AM
1k4qnwFy7Wx3tPzf,4,wipe,3:14,194,62660,"Ara-Kara, City of Echoes",,,5:06 AM
1k4qnwFy7Wx3tPzf,5,wipe,2:56,176,62660,"Ara-Kara, City of Echoes",,,5:09 AM
1k4qnwFy7Wx3tPzf,6,wipe,21:56,1316,62660,"Ara-Kara, City of Echoes",,,5:12 AM
1WHZN6bG2VwRPAvh,1,wipe,2:10,130,62660,"Ara-Kara, City of Echoes",,,3:48 AM
1WHZN6bG2VwRPAvh,2,wipe,9:34,574,62660,"Ara-Kara, City of Echoes",,,3:50 AM
2wRmB64JybnXzp7K,3,kill,30:49,1849,62660,"Ara-Kara, City of Echoes",,,4:36 PM
2wRmB64JybnXzp7K,28,kill,26:43,1603,62660,"Ara-Kara, City of Echoes",,,2:09 AM
2wRmB64JybnXzp7K,1,wipe,19:36,1176,62660,"Ara-Kara, City of Echoes",,,3:57 PM
2wRmB64JybnXzp7K,2,wipe,8:27,507,62660,"Ara-Kara, City of Echoes",,,4:28 PM
2wRmB64JybnXzp7K,27,wipe,2:14,134,62660,"Ara-Kara, City of Echoes",,,2:07 AM
2wRmB64JybnXzp7K,24,kill,34:29,2069,62773,Operation: Floodgate,,,10:30 PM
2wRmB64JybnXzp7K,6,wipe,2:35,155,62773,Operation: Floodgate,,,5:45 PM
2wRmB64JybnXzp7K,8,wipe,18:19,1099,62773,Operation: Floodgate,,,5:52 PM
2wRmB64JybnXzp7K,9,wipe,7:02,422,62773,Operation: Floodgate,,,6:10 PM
2wRmB64JybnXzp7K,10,wipe,25:32,1532,62773,Operation: Floodgate,,,6:18 PM
2wRmB64JybnXzp7K,30,wipe,5:13,313,62773,Operation: Floodgate,,,2:46 AM
2wRmB64JybnXzp7K,11,wipe,32:09,1929,62287,Halls of Atonement,,,6:52 PM
2wRmB64JybnXzp7K,26,wipe,28:00,1680,62287,Halls of Atonement,,,1:34 AM
2wRmB64JybnXzp7K,16,kill,32:52,1972,12830,Eco-Dome Al'dani,,,7:58 PM
2wRmB64JybnXzp7K,25,kill,27:28,1648,12830,Eco-Dome Al'dani,,,12:48 AM
2wRmB64JybnXzp7K,13,wipe,5:57,357,12830,Eco-Dome Al'dani,,,7:32 PM
2wRmB64JybnXzp7K,14,wipe,2:48,168,12830,Eco-Dome Al'dani,,,7:43 PM
2wRmB64JybnXzp7K,15,wipe,9:13,553,12830,Eco-Dome Al'dani,,,7:45 PM
2wRmB64JybnXzp7K,13,wipe,5:57,357,12830,Eco-Dome Al'dani,,,7:32 PM
2wRmB64JybnXzp7K,14,wipe,2:48,168,12830,Eco-Dome Al'dani,,,7:43 PM
2wRmB64JybnXzp7K,15,wipe,9:13,553,12830,Eco-Dome Al'dani,,,7:45 PM
2wRmB64JybnXzp7K,,wipe,30:04,1804,112442,Tazavesh: So'leah's Gambit,16,Tyrannical,8:50 PM
2wRmB64JybnXzp7K,19,wipe,6:23,383,112441,Tazavesh: Streets of Wonder,,,9:27 PM
2wRmB64JybnXzp7K,20,wipe,7:32,452,112441,Tazavesh: Streets of Wonder,,,9:33 PM
2wRmB64JybnXzp7K,21,wipe,3:39,219,112441,Tazavesh: Streets of Wonder,,,9:41 PM
2wRmB64JybnXzp7K,22,wipe,6:31,391,112441,Tazavesh: Streets of Wonder,,,9:45 PM
2wRmB64JybnXzp7K,23,wipe,19:08,1148,112441,Tazavesh: Streets of Wonder,,,9:51 PM
mbgX8ZcJnxaG2RPK,,kill,27:33,1653,62660,"Ara-Kara, City of Echoes",15,Tyrannical,9:22 PM
mbgX8ZcJnxaG2RPK,,kill,26:58,1618,62649,Priory of the Sacred Flame,15,Tyrannical,9:54 PM
mbgX8ZcJnxaG2RPK,5,kill,26:12,1572,62662,The Dawnbreaker,,,11:16 PM
mbgX8ZcJnxaG2RPK,4,wipe,29:23,1763,62662,The Dawnbreaker,,,10:39 PM
mbgX8ZcJnxaG2RPK,,kill,30:05,1805,62287,Halls of Atonement,15,Tyrannical,11:58 PM
mbgX8ZcJnxaG2RPK,,kill,27:28,1648,12830,Eco-Dome Al'dani,15,Tyrannical,12:48 AM
cadZVWMt1zvQXhpR,1,wipe,10:53,653,62662,The Dawnbreaker,,,4:02 PM
cadZVWMt1zvQXhpR,5,wipe,2:39,159,62662,The Dawnbreaker,,,4:48 PM
cadZVWMt1zvQXhpR,6,wipe,1:50,110,62662,The Dawnbreaker,,,4:50 PM
cadZVWMt1zvQXhpR,11,kill,30:57,1857,62660,"Ara-Kara, City of Echoes",,,7:21 PM
cadZVWMt1zvQXhpR,2,wipe,2:40,160,62660,"Ara-Kara, City of Echoes",,,4:19 PM
cadZVWMt1zvQXhpR,3,wipe,2:24,144,62660,"Ara-Kara, City of Echoes",,,4:22 PM
cadZVWMt1zvQXhpR,4,wipe,9:54,594,62660,"Ara-Kara, City of Echoes",,,4:24 PM
cadZVWMt1zvQXhpR,7,wipe,2:50,170,62660,"Ara-Kara, City of Echoes",,,6:25 PM
cadZVWMt1zvQXhpR,8,wipe,2:12,132,62660,"Ara-Kara, City of Echoes",,,6:28 PM
cadZVWMt1zvQXhpR,10,wipe,16:22,982,62660,"Ara-Kara, City of Echoes",,,7:04 PM
jqb2RLpWm9GDNw14,,kill,24:39,1479,62662,The Dawnbreaker,12,Tyrannical,7:55 PM
jqb2RLpWm9GDNw14,4,kill,24:37,1477,62649,Priory of the Sacred Flame,,,8:34 PM
jqb2RLpWm9GDNw14,3,wipe,4:46,286,62649,Priory of the Sacred Flame,,,8:25 PM
jqb2RLpWm9GDNw14,,kill,24:11,1451,62660,"Ara-Kara, City of Echoes",12,Tyrannical,9:02 PM
yWKa8dVvF7gZPqkC,,kill,24:57,1497,62660,"Ara-Kara, City of Echoes",14,,7:49 PM
VgnpXwtk3Q6MRLHc,,kill,29:34,1774,112442,Tazavesh: So'leah's Gambit,18,Tyrannical,5:31 PM
VgnpXwtk3Q6MRLHc,,wipe,9:50,590,62662,The Dawnbreaker,16,Tyrannical,6:16 PM
VgnpXwtk3Q6MRLHc,3,wipe,12:34,754,62660,"Ara-Kara, City of Echoes",,,6:37 PM
VgnpXwtk3Q6MRLHc,4,wipe,26:07,1567,62660,"Ara-Kara, City of Echoes",,,6:52 PM
V8ZLFDzjxfBJKN3c,10,kill,24:29,1469,112442,Tazavesh: So'leah's Gambit,,,11:22 AM
V8ZLFDzjxfBJKN3c,1,wipe,4:43,283,112442,Tazavesh: So'leah's Gambit,,,9:41 AM
V8ZLFDzjxfBJKN3c,2,wipe,12:33,753,112442,Tazavesh: So'leah's Gambit,,,9:46 AM
V8ZLFDzjxfBJKN3c,3,wipe,25:38,1538,112441,Tazavesh: Streets of Wonder,,,9:59 AM
V8ZLFDzjxfBJKN3c,4,wipe,34:08,2048,112441,Tazavesh: Streets of Wonder,,,10:24 AM
V8ZLFDzjxfBJKN3c,9,wipe,0:11,11,112441,Tazavesh: Streets of Wonder,,,11:21 AM
V8ZLFDzjxfBJKN3c,37,wipe,0:00,0,112441,Tazavesh: Streets of Wonder,,,6:49 PM
V8ZLFDzjxfBJKN3c,16,kill,35:45,2145,62287,Halls of Atonement,,,1:53 PM
V8ZLFDzjxfBJKN3c,5,wipe,2:17,137,62287,Halls of Atonement,,,11:05 AM
V8ZLFDzjxfBJKN3c,6,wipe,3:47,227,62287,Halls of Atonement,,,11:07 AM
V8ZLFDzjxfBJKN3c,7,wipe,4:47,287,62287,Halls of Atonement,,,11:11 AM
V8ZLFDzjxfBJKN3c,11,wipe,0:59,59,62287,Halls of Atonement,,,1:34 PM
V8ZLFDzjxfBJKN3c,12,wipe,2:19,139,62287,Halls of Atonement,,,1:35 PM
V8ZLFDzjxfBJKN3c,13,wipe,4:51,291,62287,Halls of Atonement,,,1:37 PM
V8ZLFDzjxfBJKN3c,14,wipe,6:03,363,62287,Halls of Atonement,,,1:42 PM
V8ZLFDzjxfBJKN3c,15,wipe,4:48,288,62287,Halls of Atonement,,,1:48 PM
V8ZLFDzjxfBJKN3c,17,wipe,2:45,165,62287,Halls of Atonement,,,2:31 PM
V8ZLFDzjxfBJKN3c,18,wipe,28:47,1727,62287,Halls of Atonement,,,2:34 PM
V8ZLFDzjxfBJKN3c,19,wipe,5:34,334,62660,"Ara-Kara, City of Echoes",,,3:16 PM
V8ZLFDzjxfBJKN3c,20,wipe,2:38,158,62660,"Ara-Kara, City of Echoes",,,3:22 PM
V8ZLFDzjxfBJKN3c,21,wipe,28:32,1712,62660,"Ara-Kara, City of Echoes",,,3:24 PM
V8ZLFDzjxfBJKN3c,22,wipe,7:07,427,62649,Priory of the Sacred Flame,,,3:59 PM
V8ZLFDzjxfBJKN3c,23,wipe,2:14,134,62649,Priory of the Sacred Flame,,,4:06 PM
V8ZLFDzjxfBJKN3c,24,wipe,10:02,602,62649,Priory of the Sacred Flame,,,4:08 PM
V8ZLFDzjxfBJKN3c,25,wipe,1:55,115,62649,Priory of the Sacred Flame,,,4:23 PM
V8ZLFDzjxfBJKN3c,26,wipe,5:19,319,62649,Priory of the Sacred Flame,,,4:25 PM
V8ZLFDzjxfBJKN3c,,wipe,0:21,21,12830,Eco-Dome Al'dani,5:09,,5:09 PM
V8ZLFDzjxfBJKN3c,34,wipe,4:34,274,62662,The Dawnbreaker,,,5:16 PM
V8ZLFDzjxfBJKN3c,35,wipe,19:24,1164,62662,The Dawnbreaker,,,5:21 PM
V8ZLFDzjxfBJKN3c,,kill,25:43,1543,62773,Operation: Floodgate,16,,6:07 PM
vbTCQ9Vj7hf1dWgn,,kill,28:14,1694,12830,Eco-Dome Al'dani,17,Fortified,3:06 PM
vbTCQ9Vj7hf1dWgn,,kill,29:48,1788,62660,"Ara-Kara, City of Echoes",17,Fortified,3:40 PM
vbTCQ9Vj7hf1dWgn,5,kill,31:48,1908,62649,Priory of the Sacred Flame,,,4:19 PM
vbTCQ9Vj7hf1dWgn,4,wipe,2:43,163,62649,Priory of the Sacred Flame,,,4:16 PM
vbTCQ9Vj7hf1dWgn,7,kill,29:34,1774,62662,The Dawnbreaker,,,5:08 PM
vbTCQ9Vj7hf1dWgn,6,wipe,12:09,729,62662,The Dawnbreaker,,,4:56 PM
NLTHZD4zBwaJqWRt,,kill,28:14,1694,12830,Eco-Dome Al'dani,17,Fortified,3:06 PM
NLTHZD4zBwaJqWRt,,kill,29:48,1788,62660,"Ara-Kara, City of Echoes",17,Fortified,3:40 PM
NLTHZD4zBwaJqWRt,6,kill,31:48,1908,62649,Priory of the Sacred Flame,,,4:19 PM
NLTHZD4zBwaJqWRt,5,wipe,2:43,163,62649,Priory of the Sacred Flame,,,4:16 PM
NLTHZD4zBwaJqWRt,8,kill,29:34,1774,62662,The Dawnbreaker,,,5:08 PM
NLTHZD4zBwaJqWRt,7,wipe,12:09,729,62662,The Dawnbreaker,,,4:56 PM
BFTMftNbCdZ2L7gH,,kill,29:32,1772,62662,The Dawnbreaker,12,Fortified,2:38 PM
BFTMftNbCdZ2L7gH,,wipe,11:43,703,62660,"Ara-Kara, City of Echoes",12,Fortified,3:21 PM
BFTMftNbCdZ2L7gH,,kill,29:06,1746,12830,Eco-Dome Al'dani,14,Fortified,3:44 PM
BFTMftNbCdZ2L7gH,,wipe,25:31,1531,62287,Halls of Atonement,12,Fortified,4:28 PM
BFTMftNbCdZ2L7gH,,wipe,10:21,621,62649,Priory of the Sacred Flame,12,Fortified,5:04 PM
qJm7RNZPhTWpvK4y,,kill,29:32,1772,62662,The Dawnbreaker,12,Fortified,2:38 PM
qJm7RNZPhTWpvK4y,,wipe,11:43,703,62660,"Ara-Kara, City of Echoes",12,Fortified,3:21 PM
qJm7RNZPhTWpvK4y,,kill,29:06,1746,12830,Eco-Dome Al'dani,14,Fortified,3:44 PM
qJm7RNZPhTWpvK4y,,wipe,25:31,1531,62287,Halls of Atonement,12,Fortified,4:28 PM
Vw4L3kP2NTMmYzFa,,kill,29:32,1772,62662,The Dawnbreaker,12,Fortified,2:38 PM
Vw4L3kP2NTMmYzFa,,wipe,11:43,703,62660,"Ara-Kara, City of Echoes",12,Fortified,3:21 PM
Vw4L3kP2NTMmYzFa,,kill,29:06,1746,12830,Eco-Dome Al'dani,14,Fortified,3:44 PM
TCbqXf7R4wMNxBG6,1,wipe,4:06,246,62660,"Ara-Kara, City of Echoes",,,2:38 PM
TCbqXf7R4wMNxBG6,2,wipe,20:46,1246,62660,"Ara-Kara, City of Echoes",,,2:42 PM
TCbqXf7R4wMNxBG6,3,wipe,21:43,1303,62660,"Ara-Kara, City of Echoes",,,3:03 PM
QZVRKcj6yCzHtbFX,1,wipe,4:06,246,62660,"Ara-Kara, City of Echoes",,,2:38 PM
QZVRKcj6yCzHtbFX,2,wipe,10:26,626,62660,"Ara-Kara, City of Echoes",,,2:42 PM
nm8RACNB2GXvDW9f,,kill,22:28,1348,12830,Eco-Dome Al'dani,16,,10:46 AM
nm8RACNB2GXvDW9f,,kill,29:49,1789,62773,Operation: Floodgate,15,Fortified,11:51 AM
nm8RACNB2GXvDW9f,4,wipe,14:33,873,62660,"Ara-Kara, City of Echoes",,,12:56 PM
nm8RACNB2GXvDW9f,5,wipe,2:25,145,62660,"Ara-Kara, City of Echoes",,,1:11 PM
GaZ1ywmCRHp8MhcK,,kill,31:01,1861,12830,Eco-Dome Al'dani,15,Fortified,10:54 AM
GaZ1ywmCRHp8MhcK,,wipe,28:31,1711,112441,Tazavesh: Streets of Wonder,15,Fortified,11:37 AM
GaZ1ywmCRHp8MhcK,,kill,30:24,1824,62660,"Ara-Kara, City of Echoes",17,Fortified,12:25 PM
RN3gCHVmBrvakYj8,,kill,22:05,1325,112442,Tazavesh: So'leah's Gambit,14,Fortified,4:56 AM
RN3gCHVmBrvakYj8,,kill,21:15,1275,62660,"Ara-Kara, City of Echoes",13,,5:24 AM
4YT6mv21dzaqnhVj,,kill,29:25,1765,62649,Priory of the Sacred Flame,14,Fortified,2:44 AM
4YT6mv21dzaqnhVj,,kill,28:40,1720,62662,The Dawnbreaker,14,Fortified,3:16 AM
4YT6mv21dzaqnhVj,8,kill,29:59,1799,62660,"Ara-Kara, City of Echoes",,,5:01 AM
4YT6mv21dzaqnhVj,6,wipe,5:34,334,62660,"Ara-Kara, City of Echoes",,,3:47 AM
4YT6mv21dzaqnhVj,7,wipe,4:06,246,62660,"Ara-Kara, City of Echoes",,,4:57 AM
Qj4K3b1CMdFmWVny,,kill,37:51,2271,62660,"Ara-Kara, City of Echoes",14,Fortified,3:55 AM
kZVf46yD28JawRTr,,kill,29:25,1765,62649,Priory of the Sacred Flame,14,Fortified,2:44 AM
kZVf46yD28JawRTr,,kill,28:40,1720,62662,The Dawnbreaker,14,Fortified,3:16 AM
kZVf46yD28JawRTr,,wipe,5:34,334,62660,"Ara-Kara, City of Echoes",14,Fortified,3:47 AM
BJmND37dkCA4apGb,15,kill,34:38,2078,62773,Operation: Floodgate,,,10:37 PM
BJmND37dkCA4apGb,1,wipe,8:26,506,62773,Operation: Floodgate,,,5:24 PM
BJmND37dkCA4apGb,3,wipe,0:00,0,62773,Operation: Floodgate,,,6:14 PM
BJmND37dkCA4apGb,24,wipe,24:31,1471,62773,Operation: Floodgate,,,1:47 AM
BJmND37dkCA4apGb,17,kill,35:04,2104,62287,Halls of Atonement,,,11:55 PM
BJmND37dkCA4apGb,25,kill,36:01,2161,62287,Halls of Atonement,,,2:38 AM
BJmND37dkCA4apGb,2,wipe,31:05,1865,62287,Halls of Atonement,,,5:40 PM
BJmND37dkCA4apGb,4,wipe,2:00,120,62649,Priory of the Sacred Flame,,,6:50 PM
BJmND37dkCA4apGb,5,wipe,2:27,147,62649,Priory of the Sacred Flame,,,6:52 PM
BJmND37dkCA4apGb,6,wipe,1:18,78,62649,Priory of the Sacred Flame,,,6:55 PM
BJmND37dkCA4apGb,9,kill,22:29,1349,112442,Tazavesh: So'leah's Gambit,,,7:30 PM
BJmND37dkCA4apGb,14,kill,43:40,2620,112442,Tazavesh: So'leah's Gambit,,,9:38 PM
BJmND37dkCA4apGb,7,wipe,8:01,481,112442,Tazavesh: So'leah's Gambit,,,7:06 PM
BJmND37dkCA4apGb,8,wipe,15:59,959,112442,Tazavesh: So'leah's Gambit,,,7:14 PM
BJmND37dkCA4apGb,11,kill,27:37,1657,62660,"Ara-Kara, City of Echoes",,,8:13 PM
BJmND37dkCA4apGb,10,wipe,2:30,150,62660,"Ara-Kara, City of Echoes",,,8:04 PM
BJmND37dkCA4apGb,,wipe,23:30,1410,12830,Eco-Dome Al'dani,15,Fortified,8:57 PM
BJmND37dkCA4apGb,,kill,30:10,1810,62662,The Dawnbreaker,14,Fortified,12:47 AM
xgQPMV8L4vjJq7fW,,wipe,9:33,573,62660,"Ara-Kara, City of Echoes",15,Fortified,1:42 AM
xgQPMV8L4vjJq7fW,,wipe,9:58,598,112441,Tazavesh: Streets of Wonder,14,Tyrannical,2:08 AM
pAnBtXchzVfqQK91,,wipe,8:22,502,62660,"Ara-Kara, City of Echoes",14,Fortified,10:17 PM
pAnBtXchzVfqQK91,2,wipe,5:04,304,62773,Operation: Floodgate,,,10:45 PM
pAnBtXchzVfqQK91,3,wipe,4:02,242,62773,Operation: Floodgate,,,10:50 PM
pAnBtXchzVfqQK91,4,wipe,3:45,225,62773,Operation: Floodgate,,,10:54 PM
pAnBtXchzVfqQK91,5,wipe,1:11,71,62773,Operation: Floodgate,,,10:57 PM
pAnBtXchzVfqQK91,,wipe,26:30,1590,112442,Tazavesh: So'leah's Gambit,16,Fortified,12:00 AM
pAnBtXchzVfqQK91,10,wipe,2:45,165,62662,The Dawnbreaker,,,1:14 AM
pAnBtXchzVfqQK91,11,wipe,2:56,176,62662,The Dawnbreaker,,,1:18 AM
pAnBtXchzVfqQK91,12,wipe,14:54,894,62662,The Dawnbreaker,,,1:21 AM
pAnBtXchzVfqQK91,13,wipe,1:52,112,62662,The Dawnbreaker,,,1:45 AM
pAnBtXchzVfqQK91,14,wipe,3:38,218,62662,The Dawnbreaker,,,1:47 AM
zWKdACgX41Nwntap,3,kill,30:36,1836,62660,"Ara-Kara, City of Echoes",,,11:25 PM
zWKdACgX41Nwntap,1,wipe,2:34,154,62660,"Ara-Kara, City of Echoes",,,11:20 PM
zWKdACgX41Nwntap,2,wipe,2:28,148,62660,"Ara-Kara, City of Echoes",,,11:23 PM
zWKdACgX41Nwntap,,kill,30:42,1842,62662,The Dawnbreaker,16,Fortified,1:27 AM
6tZ3PhQwkqKn2MmD,,wipe,9:33,573,62660,"Ara-Kara, City of Echoes",15,Fortified,1:42 AM
DbWLf4H6MYhNKv3A,,kill,25:01,1501,62660,"Ara-Kara, City of Echoes",12,Fortified,5:23 PM
DbWLf4H6MYhNKv3A,,wipe,5:11,311,62773,Operation: Floodgate,15,Fortified,5:56 PM
TvDqb3Lyh6B8kZz7,3,kill,25:14,1514,62660,"Ara-Kara, City of Echoes",,,2:31 PM
TvDqb3Lyh6B8kZz7,2,wipe,20:52,1252,62660,"Ara-Kara, City of Echoes",,,2:10 PM
TvDqb3Lyh6B8kZz7,,kill,23:49,1429,62662,The Dawnbreaker,14,Tyrannical,3:04 PM
TvDqb3Lyh6B8kZz7,,kill,24:29,1469,62649,Priory of the Sacred Flame,14,Tyrannical,3:37 PM
TvDqb3Lyh6B8kZz7,25,kill,36:35,2195,62773,Operation: Floodgate,,,4:33 PM
TvDqb3Lyh6B8kZz7,23,wipe,3:53,233,62773,Operation: Floodgate,,,4:25 PM
TvDqb3Lyh6B8kZz7,24,wipe,1:17,77,62773,Operation: Floodgate,,,4:29 PM
Ky9Vhv2PXWZ6QqnR,2,kill,24:33,1473,12830,Eco-Dome Al'dani,,,10:57 PM
Ky9Vhv2PXWZ6QqnR,1,wipe,18:16,1096,12830,Eco-Dome Al'dani,,,10:34 PM
Ky9Vhv2PXWZ6QqnR,9,kill,26:51,1611,62287,Halls of Atonement,,,6:04 PM
Ky9Vhv2PXWZ6QqnR,4,wipe,2:31,151,62287,Halls of Atonement,,,11:55 PM
Ky9Vhv2PXWZ6QqnR,5,wipe,4:04,244,62287,Halls of Atonement,,,11:57 PM
Ky9Vhv2PXWZ6QqnR,,kill,29:04,1744,62773,Operation: Floodgate,15,Fortified,1:29 PM
Ky9Vhv2PXWZ6QqnR,7,wipe,0:53,53,62660,"Ara-Kara, City of Echoes",,,5:30 PM
Ky9Vhv2PXWZ6QqnR,8,wipe,17:40,1060,62660,"Ara-Kara, City of Echoes",,,5:34 PM
CRMcvzX1A8GDh2nk,2,kill,32:34,1954,62287,Halls of Atonement,,,8:56 AM
CRMcvzX1A8GDh2nk,1,wipe,12:23,743,62287,Halls of Atonement,,,8:43 AM
CRMcvzX1A8GDh2nk,3,wipe,3:04,184,62662,The Dawnbreaker,,,9:32 AM
CRMcvzX1A8GDh2nk,4,wipe,19:41,1181,62662,The Dawnbreaker,,,9:35 AM
CRMcvzX1A8GDh2nk,6,wipe,7:14,434,62662,The Dawnbreaker,,,9:58 AM
CRMcvzX1A8GDh2nk,15,kill,27:46,1666,62660,"Ara-Kara, City of Echoes",,,11:15 AM
CRMcvzX1A8GDh2nk,11,wipe,25:39,1539,62660,"Ara-Kara, City of Echoes",,,10:12 AM
CRMcvzX1A8GDh2nk,12,wipe,8:36,516,62660,"Ara-Kara, City of Echoes",,,10:38 AM
CRMcvzX1A8GDh2nk,13,wipe,2:44,164,62660,"Ara-Kara, City of Echoes",,,10:46 AM
CRMcvzX1A8GDh2nk,14,wipe,25:58,1558,62660,"Ara-Kara, City of Echoes",,,10:49 AM
CRMcvzX1A8GDh2nk,16,wipe,3:19,199,62773,Operation: Floodgate,,,11:48 AM
CRMcvzX1A8GDh2nk,17,wipe,15:19,919,62773,Operation: Floodgate,,,11:52 AM
mWJxqFpQZGRD7bcy,,wipe,11:56,716,62660,"Ara-Kara, City of Echoes",15,Tyrannical,10:45 AM
ZCNhYtQJ1kGcjXnz,,kill,28:55,1735,62660,"Ara-Kara, City of Echoes",12,Tyrannical,6:12 AM
ZCNhYtQJ1kGcjXnz,,kill,19:14,1154,112442,Tazavesh: So'leah's Gambit,12,Tyrannical,8:04 AM
ZCNhYtQJ1kGcjXnz,,kill,22:32,1352,62773,Operation: Floodgate,12,Tyrannical,8:31 AM
jMfdw2XVgyQCL34Y,,kill,26:30,1590,62660,"Ara-Kara, City of Echoes",12,Tyrannical,8:26 AM
28QCMT3Rdpv6Pkft,,wipe,0:00,0,12830,Eco-Dome Al'dani,12,Fortified,5:19 AM
28QCMT3Rdpv6Pkft,20,kill,35:06,2106,112441,Tazavesh: Streets of Wonder,,,9:29 AM
28QCMT3Rdpv6Pkft,2,wipe,1:36,96,112441,Tazavesh: Streets of Wonder,,,5:32 AM
28QCMT3Rdpv6Pkft,19,wipe,8:21,501,112441,Tazavesh: Streets of Wonder,,,9:21 AM
28QCMT3Rdpv6Pkft,,kill,29:55,1795,112442,Tazavesh: So'leah's Gambit,12,Fortified,5:33 AM
28QCMT3Rdpv6Pkft,5,kill,23:08,1388,62660,"Ara-Kara, City of Echoes",,,6:44 AM
28QCMT3Rdpv6Pkft,4,wipe,4:01,241,62660,"Ara-Kara, City of Echoes",,,6:32 AM
28QCMT3Rdpv6Pkft,17,kill,23:02,1382,62649,Priory of the Sacred Flame,,,8:07 AM
28QCMT3Rdpv6Pkft,16,wipe,6:27,387,62649,Priory of the Sacred Flame,,,8:01 AM
28QCMT3Rdpv6Pkft,,kill,26:49,1609,62773,Operation: Floodgate,12,Fortified,8:47 AM
bCTthyBAfk643N8X,2,wipe,4:48,288,62660,"Ara-Kara, City of Echoes",,,5:59 AM
bCTthyBAfk643N8X,3,wipe,1:15,75,62660,"Ara-Kara, City of Echoes",,,6:04 AM
bCTthyBAfk643N8X,4,wipe,3:04,184,62660,"Ara-Kara, City of Echoes",,,6:10 AM
bCTthyBAfk643N8X,5,wipe,6:07,367,62660,"Ara-Kara, City of Echoes",,,6:13 AM
bCTthyBAfk643N8X,,kill,29:19,1759,12830,Eco-Dome Al'dani,15,Tyrannical,6:29 AM
JR4xmHAP17cY93Kv,2,kill,30:46,1846,62773,Operation: Floodgate,,,7:02 PM
JR4xmHAP17cY93Kv,1,wipe,16:37,997,62773,Operation: Floodgate,,,6:45 PM
JR4xmHAP17cY93Kv,5,kill,29:40,1780,62649,Priory of the Sacred Flame,,,7:59 PM
JR4xmHAP17cY93Kv,22,kill,31:08,1868,62649,Priory of the Sacred Flame,,,1:34 AM
JR4xmHAP17cY93Kv,3,wipe,1:58,118,62649,Priory of the Sacred Flame,,,7:45 PM
JR4xmHAP17cY93Kv,4,wipe,11:49,709,62649,Priory of the Sacred Flame,,,7:47 PM
JR4xmHAP17cY93Kv,19,wipe,5:49,349,62649,Priory of the Sacred Flame,,,12:44 AM
JR4xmHAP17cY93Kv,20,wipe,11:07,667,62649,Priory of the Sacred Flame,,,12:49 AM
JR4xmHAP17cY93Kv,21,wipe,33:09,1989,62649,Priory of the Sacred Flame,,,1:01 AM
JR4xmHAP17cY93Kv,7,kill,30:34,1834,62662,The Dawnbreaker,,,8:37 PM
JR4xmHAP17cY93Kv,29,kill,30:18,1818,62662,The Dawnbreaker,,,4:41 AM
JR4xmHAP17cY93Kv,28,wipe,9:41,581,62662,The Dawnbreaker,,,4:31 AM
JR4xmHAP17cY93Kv,,wipe,0:00,0,62662,The Dawnbreaker,19,Tyrannical,9:08 PM
JR4xmHAP17cY93Kv,,kill,27:44,1664,62660,"Ara-Kara, City of Echoes",19,Tyrannical,9:17 PM
JR4xmHAP17cY93Kv,13,kill,32:02,1922,62287,Halls of Atonement,,,10:08 PM
JR4xmHAP17cY93Kv,16,kill,31:18,1878,62287,Halls of Atonement,,,11:03 PM
JR4xmHAP17cY93Kv,11,wipe,7:22,442,62287,Halls of Atonement,,,9:57 PM
JR4xmHAP17cY93Kv,12,wipe,4:18,258,62287,Halls of Atonement,,,10:04 PM
JR4xmHAP17cY93Kv,15,wipe,13:15,795,62287,Halls of Atonement,,,10:50 PM
JR4xmHAP17cY93Kv,18,kill,29:00,1740,112442,Tazavesh: So'leah's Gambit,,,12:02 AM
JR4xmHAP17cY93Kv,31,kill,25:54,1554,112442,Tazavesh: So'leah's Gambit,,,5:25 AM
JR4xmHAP17cY93Kv,17,wipe,7:14,434,112442,Tazavesh: So'leah's Gambit,,,11:55 PM
JR4xmHAP17cY93Kv,27,kill,29:23,1763,12830,Eco-Dome Al'dani,,,3:42 AM
JR4xmHAP17cY93Kv,23,wipe,30:19,1819,12830,Eco-Dome Al'dani,,,2:22 AM
JR4xmHAP17cY93Kv,24,wipe,27:05,1625,12830,Eco-Dome Al'dani,,,2:53 AM
JR4xmHAP17cY93Kv,25,wipe,6:28,388,12830,Eco-Dome Al'dani,,,3:20 AM
JR4xmHAP17cY93Kv,26,wipe,16:18,978,12830,Eco-Dome Al'dani,,,3:26 AM
JR4xmHAP17cY93Kv,23,wipe,30:19,1819,12830,Eco-Dome Al'dani,,,2:22 AM
JR4xmHAP17cY93Kv,24,wipe,27:05,1625,12830,Eco-Dome Al'dani,,,2:53 AM
JR4xmHAP17cY93Kv,25,wipe,6:28,388,12830,Eco-Dome Al'dani,,,3:20 AM
JR4xmHAP17cY93Kv,26,wipe,16:18,978,12830,Eco-Dome Al'dani,,,3:26 AM
ZyAK1YXpWj8HLFf3,1,kill,25:44,1544,12830,Eco-Dome Al'dani,,,10:30 PM
ZyAK1YXpWj8HLFf3,21,kill,24:36,1476,12830,Eco-Dome Al'dani,,,3:45 AM
ZyAK1YXpWj8HLFf3,3,kill,35:30,2130,62287,Halls of Atonement,,,11:00 PM
ZyAK1YXpWj8HLFf3,23,kill,31:00,1860,62287,Halls of Atonement,,,4:14 AM
ZyAK1YXpWj8HLFf3,5,kill,57:28,3448,112441,Tazavesh: Streets of Wonder,,,11:36 PM
ZyAK1YXpWj8HLFf3,15,kill,28:31,1711,112441,Tazavesh: Streets of Wonder,,,1:59 AM
ZyAK1YXpWj8HLFf3,7,wipe,2:51,171,112441,Tazavesh: Streets of Wonder,,,1:05 AM
ZyAK1YXpWj8HLFf3,8,wipe,5:43,343,112441,Tazavesh: Streets of Wonder,,,1:08 AM
ZyAK1YXpWj8HLFf3,9,wipe,21:20,1280,112441,Tazavesh: Streets of Wonder,,,1:14 AM
ZyAK1YXpWj8HLFf3,10,wipe,3:42,222,112441,Tazavesh: Streets of Wonder,,,1:35 AM
ZyAK1YXpWj8HLFf3,11,wipe,3:47,227,112441,Tazavesh: Streets of Wonder,,,1:39 AM
ZyAK1YXpWj8HLFf3,12,wipe,4:54,294,112441,Tazavesh: Streets of Wonder,,,1:42 AM
ZyAK1YXpWj8HLFf3,13,wipe,6:28,388,112441,Tazavesh: Streets of Wonder,,,1:47 AM
ZyAK1YXpWj8HLFf3,14,wipe,5:04,304,112441,Tazavesh: Streets of Wonder,,,1:54 AM
ZyAK1YXpWj8HLFf3,,kill,27:03,1623,112442,Tazavesh: So'leah's Gambit,14,Tyrannical,12:35 AM
ZyAK1YXpWj8HLFf3,17,kill,25:33,1533,62660,"Ara-Kara, City of Echoes",,,2:34 AM
ZyAK1YXpWj8HLFf3,16,wipe,2:29,149,62660,"Ara-Kara, City of Echoes",,,2:31 AM
ZyAK1YXpWj8HLFf3,19,kill,24:36,1476,62662,The Dawnbreaker,,,3:10 AM
ZyAK1YXpWj8HLFf3,18,wipe,2:35,155,62662,The Dawnbreaker,,,3:08 AM
ckj7V6vTAh2rQtZd,1,wipe,10:32,632,62660,"Ara-Kara, City of Echoes",,,9:08 PM
ckj7V6vTAh2rQtZd,2,wipe,10:53,653,62660,"Ara-Kara, City of Echoes",,,9:21 PM
ckj7V6vTAh2rQtZd,3,wipe,1:55,115,62660,"Ara-Kara, City of Echoes",,,9:32 PM
ckj7V6vTAh2rQtZd,,kill,28:17,1697,62773,Operation: Floodgate,12,Tyrannical,11:08 PM
ckj7V6vTAh2rQtZd,,kill,27:33,1653,62287,Halls of Atonement,12,Tyrannical,11:42 PM
ckj7V6vTAh2rQtZd,7,kill,24:16,1456,62662,The Dawnbreaker,,,12:44 AM
ckj7V6vTAh2rQtZd,6,wipe,17:35,1055,62662,The Dawnbreaker,,,12:20 AM
PwqtbGaZn2R1HmJp,,wipe,22:56,1376,12830,Eco-Dome Al'dani,12,Tyrannical,5:50 PM
PwqtbGaZn2R1HmJp,,wipe,2:17,137,62660,"Ara-Kara, City of Echoes",14,Tyrannical,7:19 PM
PwqtbGaZn2R1HmJp,,kill,23:41,1421,62649,Priory of the Sacred Flame,15,,7:26 PM
PwqtbGaZn2R1HmJp,,kill,27:44,1664,62287,Halls of Atonement,12,Tyrannical,8:06 PM
tmVK6FrqwBbMd8ay,,wipe,5:07,307,62660,"Ara-Kara, City of Echoes",18,Tyrannical,12:19 AM
93M6xfAbPdwazyHt,1,wipe,10:32,632,62660,"Ara-Kara, City of Echoes",,,9:08 PM
93M6xfAbPdwazyHt,2,wipe,10:53,653,62660,"Ara-Kara, City of Echoes",,,9:21 PM
93M6xfAbPdwazyHt,3,wipe,1:55,115,62660,"Ara-Kara, City of Echoes",,,9:32 PM
93M6xfAbPdwazyHt,,kill,28:17,1697,62773,Operation: Floodgate,12,Tyrannical,11:08 PM
MpCTHP8tncrD6fBd,,kill,36:27,2187,62649,Priory of the Sacred Flame,17,Fortified,7:14 AM
MpCTHP8tncrD6fBd,10,wipe,12:04,724,62660,"Ara-Kara, City of Echoes",,,8:01 AM
MpCTHP8tncrD6fBd,11,wipe,14:17,857,62660,"Ara-Kara, City of Echoes",,,8:13 AM
MpCTHP8tncrD6fBd,12,wipe,12:26,746,62660,"Ara-Kara, City of Echoes",,,8:27 AM
MpCTHP8tncrD6fBd,13,wipe,20:46,1246,62773,Operation: Floodgate,,,8:47 AM
MpCTHP8tncrD6fBd,14,wipe,2:21,141,62773,Operation: Floodgate,,,9:08 AM
MpCTHP8tncrD6fBd,15,wipe,4:56,296,62773,Operation: Floodgate,,,9:10 AM
MpCTHP8tncrD6fBd,16,wipe,14:42,882,62773,Operation: Floodgate,,,9:15 AM
MpCTHP8tncrD6fBd,17,wipe,2:51,171,62287,Halls of Atonement,,,9:56 AM
MpCTHP8tncrD6fBd,18,wipe,18:45,1125,62287,Halls of Atonement,,,9:59 AM
DaM6rYJ2gFd8CQkx,5,kill,35:13,2113,62287,Halls of Atonement,,,3:09 PM
DaM6rYJ2gFd8CQkx,21,kill,29:26,1766,62287,Halls of Atonement,,,7:23 PM
DaM6rYJ2gFd8CQkx,2,wipe,1:02,62,62287,Halls of Atonement,,,2:53 PM
DaM6rYJ2gFd8CQkx,3,wipe,4:25,265,62287,Halls of Atonement,,,2:59 PM
DaM6rYJ2gFd8CQkx,,wipe,47:11,2831,112441,Tazavesh: Streets of Wonder,17,Fortified,3:45 PM
DaM6rYJ2gFd8CQkx,9,wipe,4:56,296,62773,Operation: Floodgate,,,4:40 PM
DaM6rYJ2gFd8CQkx,10,wipe,2:40,160,62773,Operation: Floodgate,,,4:45 PM
DaM6rYJ2gFd8CQkx,11,wipe,3:55,235,62773,Operation: Floodgate,,,4:47 PM
DaM6rYJ2gFd8CQkx,15,kill,27:59,1679,112442,Tazavesh: So'leah's Gambit,,,5:33 PM
DaM6rYJ2gFd8CQkx,13,wipe,7:57,477,112442,Tazavesh: So'leah's Gambit,,,5:20 PM
DaM6rYJ2gFd8CQkx,14,wipe,4:56,296,112442,Tazavesh: So'leah's Gambit,,,5:28 PM
DaM6rYJ2gFd8CQkx,17,kill,25:05,1505,12830,Eco-Dome Al'dani,,,6:13 PM
DaM6rYJ2gFd8CQkx,16,wipe,8:36,516,12830,Eco-Dome Al'dani,,,6:04 PM
DaM6rYJ2gFd8CQkx,19,wipe,10:23,623,62660,"Ara-Kara, City of Echoes",,,6:43 PM
DaM6rYJ2gFd8CQkx,20,wipe,17:23,1043,62660,"Ara-Kara, City of Echoes",,,7:03 PM
DaM6rYJ2gFd8CQkx,29,kill,31:00,1860,62649,Priory of the Sacred Flame,,,8:30 PM
DaM6rYJ2gFd8CQkx,23,wipe,4:12,252,62649,Priory of the Sacred Flame,,,8:02 PM
DaM6rYJ2gFd8CQkx,24,wipe,5:48,348,62649,Priory of the Sacred Flame,,,8:06 PM
DaM6rYJ2gFd8CQkx,25,wipe,4:58,298,62649,Priory of the Sacred Flame,,,8:12 PM
DaM6rYJ2gFd8CQkx,26,wipe,4:33,273,62649,Priory of the Sacred Flame,,,8:17 PM
DaM6rYJ2gFd8CQkx,27,wipe,6:07,367,62649,Priory of the Sacred Flame,,,8:22 PM
DaM6rYJ2gFd8CQkx,28,wipe,2:20,140,62649,Priory of the Sacred Flame,,,8:28 PM
mQAzD4JaNMLRvY1p,3,kill,19:06,1146,62660,"Ara-Kara, City of Echoes",,,8:48 PM
mQAzD4JaNMLRvY1p,1,wipe,2:38,158,62660,"Ara-Kara, City of Echoes",,,8:38 PM
mQAzD4JaNMLRvY1p,2,wipe,1:10,70,62660,"Ara-Kara, City of Echoes",,,8:40 PM
mQAzD4JaNMLRvY1p,,kill,22:25,1345,62662,The Dawnbreaker,15,,9:13 PM
mQAzD4JaNMLRvY1p,,kill,20:57,1257,62773,Operation: Floodgate,14,,9:52 PM
zT6x4DXCdYbPakKn,,kill,23:38,1418,62660,"Ara-Kara, City of Echoes",12,Fortified,4:17 PM
zT6x4DXCdYbPakKn,,kill,22:26,1346,12830,Eco-Dome Al'dani,12,,6:47 PM
zT6x4DXCdYbPakKn,,kill,29:17,1757,112441,Tazavesh: Streets of Wonder,12,,7:19 PM
zT6x4DXCdYbPakKn,,wipe,3:49,229,62287,Halls of Atonement,12,Tyrannical,8:11 PM
zT6x4DXCdYbPakKn,31,kill,37:05,2225,62649,Priory of the Sacred Flame,,,9:14 PM
zT6x4DXCdYbPakKn,25,wipe,9:12,552,62649,Priory of the Sacred Flame,,,8:41 PM
zT6x4DXCdYbPakKn,30,wipe,2:52,172,62649,Priory of the Sacred Flame,,,9:12 PM
dr6mwT4LVaDNtzg9,2,wipe,28:06,1686,62660,"Ara-Kara, City of Echoes",,,7:43 PM
dr6mwT4LVaDNtzg9,3,wipe,12:08,728,62660,"Ara-Kara, City of Echoes",,,8:22 PM
JxdaZj7y8t94kTGR,2,kill,33:22,2002,112442,Tazavesh: So'leah's Gambit,,,5:46 PM
JxdaZj7y8t94kTGR,1,wipe,10:37,637,112442,Tazavesh: So'leah's Gambit,,,5:36 PM
JxdaZj7y8t94kTGR,6,kill,34:15,2055,62660,"Ara-Kara, City of Echoes",,,6:27 PM
JxdaZj7y8t94kTGR,5,wipe,2:34,154,62660,"Ara-Kara, City of Echoes",,,6:25 PM
byBKAg4r7G2WmdFY,1,wipe,12:11,731,62287,Halls of Atonement,,,9:15 AM
byBKAg4r7G2WmdFY,31,wipe,4:03,243,62287,Halls of Atonement,,,5:51 PM
byBKAg4r7G2WmdFY,32,wipe,5:59,359,62287,Halls of Atonement,,,6:04 PM
byBKAg4r7G2WmdFY,33,wipe,1:00,60,62287,Halls of Atonement,,,6:14 PM
byBKAg4r7G2WmdFY,34,wipe,3:39,219,62287,Halls of Atonement,,,6:25 PM
byBKAg4r7G2WmdFY,35,wipe,29:08,1748,62287,Halls of Atonement,,,6:29 PM
byBKAg4r7G2WmdFY,3,kill,26:27,1587,112442,Tazavesh: So'leah's Gambit,,,10:13 AM
byBKAg4r7G2WmdFY,10,kill,27:18,1638,112442,Tazavesh: So'leah's Gambit,,,2:15 PM
byBKAg4r7G2WmdFY,2,wipe,10:25,625,112442,Tazavesh: So'leah's Gambit,,,10:02 AM
byBKAg4r7G2WmdFY,7,wipe,5:11,311,112442,Tazavesh: So'leah's Gambit,,,1:46 PM
byBKAg4r7G2WmdFY,8,wipe,11:35,695,112442,Tazavesh: So'leah's Gambit,,,1:51 PM
byBKAg4r7G2WmdFY,9,wipe,12:06,726,112442,Tazavesh: So'leah's Gambit,,,2:03 PM
byBKAg4r7G2WmdFY,4,kill,31:12,1872,62773,Operation: Floodgate,,,10:47 AM
byBKAg4r7G2WmdFY,6,kill,28:39,1719,62773,Operation: Floodgate,,,11:24 AM
byBKAg4r7G2WmdFY,37,kill,32:54,1974,62773,Operation: Floodgate,,,7:10 PM
byBKAg4r7G2WmdFY,36,wipe,5:28,328,62773,Operation: Floodgate,,,7:05 PM
byBKAg4r7G2WmdFY,12,kill,32:40,1960,62660,"Ara-Kara, City of Echoes",,,3:05 PM
byBKAg4r7G2WmdFY,11,wipe,3:00,180,62660,"Ara-Kara, City of Echoes",,,3:02 PM
byBKAg4r7G2WmdFY,40,wipe,1:19,79,62660,"Ara-Kara, City of Echoes",,,7:54 PM
byBKAg4r7G2WmdFY,42,wipe,4:09,249,62660,"Ara-Kara, City of Echoes",,,7:59 PM
byBKAg4r7G2WmdFY,43,wipe,2:26,146,62660,"Ara-Kara, City of Echoes",,,8:03 PM
byBKAg4r7G2WmdFY,44,wipe,15:58,958,62660,"Ara-Kara, City of Echoes",,,8:06 PM
byBKAg4r7G2WmdFY,15,wipe,2:00,120,62649,Priory of the Sacred Flame,,,3:45 PM
byBKAg4r7G2WmdFY,16,wipe,3:39,219,62649,Priory of the Sacred Flame,,,3:47 PM
byBKAg4r7G2WmdFY,17,wipe,19:59,1199,62649,Priory of the Sacred Flame,,,3:51 PM
byBKAg4r7G2WmdFY,18,wipe,1:49,109,62649,Priory of the Sacred Flame,,,4:11 PM
byBKAg4r7G2WmdFY,19,wipe,0:54,54,62649,Priory of the Sacred Flame,,,4:13 PM
byBKAg4r7G2WmdFY,20,wipe,1:36,96,62649,Priory of the Sacred Flame,,,4:14 PM
byBKAg4r7G2WmdFY,21,wipe,2:17,137,62649,Priory of the Sacred Flame,,,4:15 PM
byBKAg4r7G2WmdFY,22,wipe,2:18,138,62649,Priory of the Sacred Flame,,,4:18 PM
byBKAg4r7G2WmdFY,23,wipe,8:54,534,62649,Priory of the Sacred Flame,,,4:20 PM
byBKAg4r7G2WmdFY,24,wipe,6:42,402,62649,Priory of the Sacred Flame,,,4:29 PM
byBKAg4r7G2WmdFY,25,wipe,1:56,116,62649,Priory of the Sacred Flame,,,4:36 PM
byBKAg4r7G2WmdFY,26,wipe,0:23,23,62649,Priory of the Sacred Flame,,,4:38 PM
byBKAg4r7G2WmdFY,27,wipe,4:16,256,62662,The Dawnbreaker,,,4:41 PM
byBKAg4r7G2WmdFY,28,wipe,12:57,777,62662,The Dawnbreaker,,,4:46 PM
byBKAg4r7G2WmdFY,29,wipe,16:11,971,62662,The Dawnbreaker,,,4:59 PM
byBKAg4r7G2WmdFY,30,wipe,13:59,839,62662,The Dawnbreaker,,,5:22 PM
DTYF79cjzCv3MVam,,kill,29:15,1755,62662,The Dawnbreaker,12,Tyrannical,6:19 PM
DTYF79cjzCv3MVam,,kill,24:09,1449,62660,"Ara-Kara, City of Echoes",14,Tyrannical,7:06 PM
DTYF79cjzCv3MVam,4,wipe,3:34,214,62287,Halls of Atonement,,,7:51 PM
DTYF79cjzCv3MVam,5,wipe,23:50,1430,62287,Halls of Atonement,,,7:55 PM
x2LnJhQr3ydRjcgf,,kill,29:17,1757,62287,Halls of Atonement,17,Fortified,3:25 PM
x2LnJhQr3ydRjcgf,,kill,27:36,1656,112442,Tazavesh: So'leah's Gambit,19,Fortified,4:04 PM
x2LnJhQr3ydRjcgf,6,kill,28:12,1692,62660,"Ara-Kara, City of Echoes",,,5:13 PM
x2LnJhQr3ydRjcgf,3,wipe,0:49,49,62660,"Ara-Kara, City of Echoes",,,4:43 PM
x2LnJhQr3ydRjcgf,4,wipe,2:03,123,62660,"Ara-Kara, City of Echoes",,,4:45 PM
x2LnJhQr3ydRjcgf,5,wipe,19:28,1168,62660,"Ara-Kara, City of Echoes",,,4:47 PM
x2LnJhQr3ydRjcgf,,kill,36:28,2188,112441,Tazavesh: Streets of Wonder,18,Tyrannical,5:48 PM
R2njLcm7CFWtxyM9,1,wipe,3:15,195,62660,"Ara-Kara, City of Echoes",,,6:24 PM
R2njLcm7CFWtxyM9,2,wipe,4:03,243,62660,"Ara-Kara, City of Echoes",,,6:27 PM
R2njLcm7CFWtxyM9,3,wipe,5:49,349,62660,"Ara-Kara, City of Echoes",,,6:31 PM
R2njLcm7CFWtxyM9,4,wipe,0:06,6,62660,"Ara-Kara, City of Echoes",,,6:43 PM
R2njLcm7CFWtxyM9,5,wipe,10:23,623,62660,"Ara-Kara, City of Echoes",,,6:43 PM
R2njLcm7CFWtxyM9,6,wipe,16:42,1002,62660,"Ara-Kara, City of Echoes",,,7:03 PM
8R6Dghn74qrzmtdb,4,kill,28:19,1699,62662,The Dawnbreaker,,,5:37 PM
8R6Dghn74qrzmtdb,2,wipe,13:40,820,62662,The Dawnbreaker,,,5:03 PM
8R6Dghn74qrzmtdb,,wipe,3:33,213,62660,"Ara-Kara, City of Echoes",14,Tyrannical,5:25 PM
BX4RaphndC978yTG,1,wipe,19:40,1180,62287,Halls of Atonement,,,11:47 AM
BX4RaphndC978yTG,4,wipe,10:57,657,62287,Halls of Atonement,,,12:47 PM
BX4RaphndC978yTG,5,wipe,27:47,1667,62287,Halls of Atonement,,,12:58 PM
BX4RaphndC978yTG,,kill,25:34,1534,112442,Tazavesh: So'leah's Gambit,17,Fortified,12:16 PM
BX4RaphndC978yTG,,kill,31:10,1870,62773,Operation: Floodgate,17,Fortified,1:35 PM
BX4RaphndC978yTG,,kill,30:11,1811,62660,"Ara-Kara, City of Echoes",17,Fortified,2:09 PM
Gv8yZmCkzV3J71rb,2,kill,29:23,1763,62773,Operation: Floodgate,,,8:35 AM
Gv8yZmCkzV3J71rb,1,wipe,3:44,224,62773,Operation: Floodgate,,,8:31 AM
Gv8yZmCkzV3J71rb,3,wipe,3:17,197,62660,"Ara-Kara, City of Echoes",,,9:12 AM
Gv8yZmCkzV3J71rb,4,wipe,2:18,138,62660,"Ara-Kara, City of Echoes",,,9:15 AM
Gv8yZmCkzV3J71rb,5,wipe,3:11,191,62660,"Ara-Kara, City of Echoes",,,9:17 AM
Gv8yZmCkzV3J71rb,6,wipe,8:47,527,62660,"Ara-Kara, City of Echoes",,,9:21 AM
Gv8yZmCkzV3J71rb,8,kill,31:12,1872,62662,The Dawnbreaker,,,10:14 AM
Gv8yZmCkzV3J71rb,7,wipe,9:21,561,62662,The Dawnbreaker,,,9:35 AM
bkqZrzwLX8dpWgn6,2,kill,38:35,2315,62287,Halls of Atonement,,,3:54 AM
bkqZrzwLX8dpWgn6,8,kill,33:42,2022,62287,Halls of Atonement,,,5:39 AM
bkqZrzwLX8dpWgn6,1,wipe,5:19,319,62287,Halls of Atonement,,,3:49 AM
bkqZrzwLX8dpWgn6,3,wipe,8:54,534,62287,Halls of Atonement,,,4:47 AM
bkqZrzwLX8dpWgn6,4,wipe,6:57,417,62287,Halls of Atonement,,,4:56 AM
bkqZrzwLX8dpWgn6,6,wipe,11:06,666,62287,Halls of Atonement,,,5:12 AM
bkqZrzwLX8dpWgn6,7,wipe,12:35,755,62287,Halls of Atonement,,,5:23 AM
bkqZrzwLX8dpWgn6,,kill,35:53,2153,12830,Eco-Dome Al'dani,17,Fortified,6:35 AM
bkqZrzwLX8dpWgn6,,wipe,20:46,1246,62660,"Ara-Kara, City of Echoes",16,Fortified,7:14 AM
bkqZrzwLX8dpWgn6,16,wipe,14:07,847,112442,Tazavesh: So'leah's Gambit,,,7:43 AM
bkqZrzwLX8dpWgn6,17,wipe,27:10,1630,112442,Tazavesh: So'leah's Gambit,,,7:57 AM
AVrKXy1RWdnDBpTM,1,kill,24:49,1489,62773,Operation: Floodgate,,,4:07 AM
AVrKXy1RWdnDBpTM,4,wipe,4:15,255,62773,Operation: Floodgate,,,5:38 AM
AVrKXy1RWdnDBpTM,5,wipe,5:40,340,62773,Operation: Floodgate,,,5:42 AM
AVrKXy1RWdnDBpTM,8,wipe,17:03,1023,62773,Operation: Floodgate,,,6:42 AM
AVrKXy1RWdnDBpTM,9,wipe,14:17,857,62773,Operation: Floodgate,,,6:59 AM
AVrKXy1RWdnDBpTM,2,kill,27:54,1674,12830,Eco-Dome Al'dani,,,4:44 AM
AVrKXy1RWdnDBpTM,3,wipe,0:00,0,12830,Eco-Dome Al'dani,,,5:19 AM
AVrKXy1RWdnDBpTM,6,wipe,8:08,488,62660,"Ara-Kara, City of Echoes",,,5:53 AM
AVrKXy1RWdnDBpTM,10,wipe,1:34,94,62660,"Ara-Kara, City of Echoes",,,7:25 AM
AVrKXy1RWdnDBpTM,,kill,25:10,1510,62287,Halls of Atonement,14,,6:10 AM
hTL96mVyYgjwbfJK,2,kill,42:52,2572,62287,Halls of Atonement,,,2:48 AM
hTL96mVyYgjwbfJK,1,wipe,3:15,195,62287,Halls of Atonement,,,2:44 AM
hTL96mVyYgjwbfJK,,kill,24:11,1451,62660,"Ara-Kara, City of Echoes",12,Fortified,3:48 AM
xZacHRBv3m241bYW,,wipe,24:01,1441,112441,Tazavesh: Streets of Wonder,12,Fortified,11:54 PM
xZacHRBv3m241bYW,,wipe,23:09,1389,62287,Halls of Atonement,12,Fortified,12:35 AM
xZacHRBv3m241bYW,,kill,31:48,1908,12830,Eco-Dome Al'dani,12,Fortified,1:17 AM
xZacHRBv3m241bYW,,kill,19:08,1148,62660,"Ara-Kara, City of Echoes",10,Xal'atath's Bargain: Devour,2:57 AM
Lk43NWtqPwgvby21,1,wipe,12:23,743,62773,Operation: Floodgate,,,2:51 PM
Lk43NWtqPwgvby21,2,wipe,4:17,257,62773,Operation: Floodgate,,,3:03 PM
Lk43NWtqPwgvby21,3,wipe,20:28,1228,62773,Operation: Floodgate,,,3:08 PM
Lk43NWtqPwgvby21,4,wipe,26:45,1605,62773,Operation: Floodgate,,,3:28 PM
Lk43NWtqPwgvby21,,kill,30:22,1822,62649,Priory of the Sacred Flame,15,Fortified,4:07 PM
Lk43NWtqPwgvby21,10,wipe,19:18,1158,62662,The Dawnbreaker,,,4:47 PM
Lk43NWtqPwgvby21,11,wipe,3:05,185,62662,The Dawnbreaker,,,5:06 PM
Lk43NWtqPwgvby21,12,wipe,9:52,592,62662,The Dawnbreaker,,,5:09 PM
Lk43NWtqPwgvby21,16,kill,33:50,2030,62660,"Ara-Kara, City of Echoes",,,5:40 PM
Lk43NWtqPwgvby21,13,wipe,0:08,8,62660,"Ara-Kara, City of Echoes",,,5:26 PM
Lk43NWtqPwgvby21,14,wipe,10:56,656,62660,"Ara-Kara, City of Echoes",,,5:26 PM
Lk43NWtqPwgvby21,15,wipe,3:07,187,62660,"Ara-Kara, City of Echoes",,,5:37 PM
Lk43NWtqPwgvby21,,wipe,9:50,590,12830,Eco-Dome Al'dani,17,,6:24 PM
kybQ9BYvWwDgN7cm,,kill,27:41,1661,62660,"Ara-Kara, City of Echoes",17,Tyrannical,7:44 PM
kybQ9BYvWwDgN7cm,,kill,26:46,1606,62662,The Dawnbreaker,17,Tyrannical,8:15 PM
kdNAm4LnPjxvagbF,14,kill,22:30,1350,62660,"Ara-Kara, City of Echoes",,,7:13 PM
kdNAm4LnPjxvagbF,1,wipe,13:39,819,62660,"Ara-Kara, City of Echoes",,,2:00 PM
kdNAm4LnPjxvagbF,2,wipe,2:33,153,62660,"Ara-Kara, City of Echoes",,,2:21 PM
kdNAm4LnPjxvagbF,3,wipe,2:56,176,62660,"Ara-Kara, City of Echoes",,,2:24 PM
kdNAm4LnPjxvagbF,12,wipe,11:45,705,62660,"Ara-Kara, City of Echoes",,,6:42 PM
kdNAm4LnPjxvagbF,13,wipe,4:55,295,62660,"Ara-Kara, City of Echoes",,,7:08 PM
kdNAm4LnPjxvagbF,4,wipe,25:05,1505,12830,Eco-Dome Al'dani,,,2:46 PM
kdNAm4LnPjxvagbF,5,wipe,1:40,100,12830,Eco-Dome Al'dani,,,3:12 PM
kdNAm4LnPjxvagbF,6,wipe,25:32,1532,12830,Eco-Dome Al'dani,,,3:16 PM
kdNAm4LnPjxvagbF,7,wipe,5:15,315,12830,Eco-Dome Al'dani,,,3:46 PM
kdNAm4LnPjxvagbF,4,wipe,25:05,1505,12830,Eco-Dome Al'dani,,,2:46 PM
kdNAm4LnPjxvagbF,5,wipe,1:40,100,12830,Eco-Dome Al'dani,,,3:12 PM
kdNAm4LnPjxvagbF,6,wipe,25:32,1532,12830,Eco-Dome Al'dani,,,3:16 PM
kdNAm4LnPjxvagbF,7,wipe,5:15,315,12830,Eco-Dome Al'dani,,,3:46 PM
kdNAm4LnPjxvagbF,,kill,26:00,1560,62662,The Dawnbreaker,15,Tyrannical,5:51 PM
kdNAm4LnPjxvagbF,10,wipe,3:43,223,62649,Priory of the Sacred Flame,,,6:21 PM
kdNAm4LnPjxvagbF,11,wipe,14:14,854,62649,Priory of the Sacred Flame,,,6:25 PM
HjkRwK7Yq9r38cPt,1,wipe,10:05,605,12830,Eco-Dome Al'dani,,,3:08 PM
HjkRwK7Yq9r38cPt,2,wipe,4:21,261,12830,Eco-Dome Al'dani,,,3:18 PM
HjkRwK7Yq9r38cPt,1,wipe,10:05,605,12830,Eco-Dome Al'dani,,,3:08 PM
HjkRwK7Yq9r38cPt,2,wipe,4:21,261,12830,Eco-Dome Al'dani,,,3:18 PM
HjkRwK7Yq9r38cPt,3,wipe,5:17,317,62649,Priory of the Sacred Flame,,,3:31 PM
HjkRwK7Yq9r38cPt,4,wipe,24:36,1476,62649,Priory of the Sacred Flame,,,3:37 PM
HjkRwK7Yq9r38cPt,5,wipe,20:43,1243,62649,Priory of the Sacred Flame,,,4:01 PM
HjkRwK7Yq9r38cPt,6,wipe,30:54,1854,62773,Operation: Floodgate,,,4:37 PM
HjkRwK7Yq9r38cPt,7,wipe,2:54,174,62773,Operation: Floodgate,,,5:08 PM
HjkRwK7Yq9r38cPt,8,wipe,11:39,699,62773,Operation: Floodgate,,,5:11 PM
HjkRwK7Yq9r38cPt,9,wipe,12:47,767,62773,Operation: Floodgate,,,5:22 PM
HjkRwK7Yq9r38cPt,10,wipe,3:19,199,62773,Operation: Floodgate,,,5:35 PM
HjkRwK7Yq9r38cPt,11,wipe,8:40,520,62773,Operation: Floodgate,,,5:38 PM
HjkRwK7Yq9r38cPt,12,wipe,3:46,226,62773,Operation: Floodgate,,,5:47 PM
HjkRwK7Yq9r38cPt,13,wipe,4:05,245,62773,Operation: Floodgate,,,5:56 PM
HjkRwK7Yq9r38cPt,14,wipe,3:08,188,62660,"Ara-Kara, City of Echoes",,,6:13 PM
HjkRwK7Yq9r38cPt,15,wipe,21:35,1295,62660,"Ara-Kara, City of Echoes",,,6:16 PM
ND69kabL8GcKT4Mp,1,wipe,21:15,1275,62773,Operation: Floodgate,,,12:15 PM
ND69kabL8GcKT4Mp,7,wipe,17:23,1043,62773,Operation: Floodgate,,,2:38 PM
ND69kabL8GcKT4Mp,30,wipe,24:37,1477,62773,Operation: Floodgate,,,7:06 PM
ND69kabL8GcKT4Mp,10,kill,30:41,1841,12830,Eco-Dome Al'dani,,,3:59 PM
ND69kabL8GcKT4Mp,2,wipe,1:07,67,12830,Eco-Dome Al'dani,,,1:14 PM
ND69kabL8GcKT4Mp,3,wipe,4:59,299,12830,Eco-Dome Al'dani,,,1:21 PM
ND69kabL8GcKT4Mp,4,wipe,10:02,602,12830,Eco-Dome Al'dani,,,1:40 PM
ND69kabL8GcKT4Mp,5,wipe,15:39,939,12830,Eco-Dome Al'dani,,,1:57 PM
ND69kabL8GcKT4Mp,8,wipe,30:11,1811,12830,Eco-Dome Al'dani,,,3:01 PM
ND69kabL8GcKT4Mp,9,wipe,4:31,271,12830,Eco-Dome Al'dani,,,3:31 PM
ND69kabL8GcKT4Mp,2,wipe,1:07,67,12830,Eco-Dome Al'dani,,,1:14 PM
ND69kabL8GcKT4Mp,3,wipe,4:59,299,12830,Eco-Dome Al'dani,,,1:21 PM
ND69kabL8GcKT4Mp,4,wipe,10:02,602,12830,Eco-Dome Al'dani,,,1:40 PM
ND69kabL8GcKT4Mp,5,wipe,15:39,939,12830,Eco-Dome Al'dani,,,1:57 PM
ND69kabL8GcKT4Mp,8,wipe,30:11,1811,12830,Eco-Dome Al'dani,,,3:01 PM
ND69kabL8GcKT4Mp,9,wipe,4:31,271,12830,Eco-Dome Al'dani,,,3:31 PM
ND69kabL8GcKT4Mp,,wipe,12:14,734,62662,The Dawnbreaker,15,Fortified,2:21 PM
ND69kabL8GcKT4Mp,12,wipe,20:05,1205,62649,Priory of the Sacred Flame,,,4:39 PM
ND69kabL8GcKT4Mp,17,wipe,12:53,773,62649,Priory of the Sacred Flame,,,6:29 PM
ND69kabL8GcKT4Mp,,kill,28:22,1702,62660,"Ara-Kara, City of Echoes",14,,5:13 PM
H9tGb84zfTBAQ2KY,5,kill,25:48,1548,62662,The Dawnbreaker,,,6:02 PM
H9tGb84zfTBAQ2KY,1,wipe,6:33,393,62662,The Dawnbreaker,,,4:53 PM
H9tGb84zfTBAQ2KY,,kill,32:37,1957,62660,"Ara-Kara, City of Echoes",12,Tyrannical,5:12 PM
ZAmHQkMB9xKdtvgC,4,kill,30:24,1824,12830,Eco-Dome Al'dani,,,6:38 PM
ZAmHQkMB9xKdtvgC,1,wipe,10:53,653,12830,Eco-Dome Al'dani,,,6:05 PM
ZAmHQkMB9xKdtvgC,2,wipe,2:28,148,12830,Eco-Dome Al'dani,,,6:16 PM
ZAmHQkMB9xKdtvgC,3,wipe,8:18,498,12830,Eco-Dome Al'dani,,,6:18 PM
ZAmHQkMB9xKdtvgC,1,wipe,10:53,653,12830,Eco-Dome Al'dani,,,6:05 PM
ZAmHQkMB9xKdtvgC,2,wipe,2:28,148,12830,Eco-Dome Al'dani,,,6:16 PM
ZAmHQkMB9xKdtvgC,3,wipe,8:18,498,12830,Eco-Dome Al'dani,,,6:18 PM
ZAmHQkMB9xKdtvgC,5,wipe,12:57,777,62662,The Dawnbreaker,,,7:12 PM
ZAmHQkMB9xKdtvgC,6,wipe,22:28,1348,62662,The Dawnbreaker,,,7:28 PM
ZAmHQkMB9xKdtvgC,9,kill,28:41,1721,62773,Operation: Floodgate,,,8:18 PM
ZAmHQkMB9xKdtvgC,7,wipe,2:55,175,62773,Operation: Floodgate,,,7:59 PM
ZAmHQkMB9xKdtvgC,8,wipe,15:49,949,62773,Operation: Floodgate,,,8:02 PM
ZAmHQkMB9xKdtvgC,12,kill,30:12,1812,62660,"Ara-Kara, City of Echoes",,,9:00 PM
ZAmHQkMB9xKdtvgC,11,wipe,4:08,248,62660,"Ara-Kara, City of Echoes",,,8:56 PM
fyt9vHYVTbcCFAZg,3,kill,23:46,1426,62660,"Ara-Kara, City of Echoes",,,3:46 AM
fyt9vHYVTbcCFAZg,2,wipe,2:29,149,62660,"Ara-Kara, City of Echoes",,,3:43 AM
fyt9vHYVTbcCFAZg,,kill,28:29,1709,12830,Eco-Dome Al'dani,12,Fortified,4:33 AM
fyt9vHYVTbcCFAZg,,kill,26:37,1597,62662,The Dawnbreaker,14,,5:29 AM
fyt9vHYVTbcCFAZg,,kill,27:00,1620,62773,Operation: Floodgate,14,Fortified,6:15 AM
YMBXxyGpzr37FZwh,1,wipe,3:13,193,12830,Eco-Dome Al'dani,,,2:28 AM
YMBXxyGpzr37FZwh,2,wipe,7:44,464,12830,Eco-Dome Al'dani,,,2:31 AM
YMBXxyGpzr37FZwh,8,wipe,20:00,1200,12830,Eco-Dome Al'dani,,,5:52 AM
YMBXxyGpzr37FZwh,1,wipe,3:13,193,12830,Eco-Dome Al'dani,,,2:28 AM
YMBXxyGpzr37FZwh,2,wipe,7:44,464,12830,Eco-Dome Al'dani,,,2:31 AM
YMBXxyGpzr37FZwh,8,wipe,20:00,1200,12830,Eco-Dome Al'dani,,,5:52 AM
YMBXxyGpzr37FZwh,3,wipe,7:58,478,62660,"Ara-Kara, City of Echoes",,,2:58 AM
YMBXxyGpzr37FZwh,4,wipe,2:53,173,62660,"Ara-Kara, City of Echoes",,,3:06 AM
YMBXxyGpzr37FZwh,7,kill,33:18,1998,62773,Operation: Floodgate,,,4:55 AM
YMBXxyGpzr37FZwh,5,wipe,2:52,172,62773,Operation: Floodgate,,,4:25 AM
YMBXxyGpzr37FZwh,6,wipe,15:29,929,62773,Operation: Floodgate,,,4:27 AM
2HMNPnvmqTyKC6aZ,1,kill,28:43,1723,62649,Priory of the Sacred Flame,,,8:11 PM
2HMNPnvmqTyKC6aZ,14,kill,26:48,1608,62649,Priory of the Sacred Flame,,,1:41 AM
2HMNPnvmqTyKC6aZ,13,wipe,2:21,141,62649,Priory of the Sacred Flame,,,1:39 AM
2HMNPnvmqTyKC6aZ,2,wipe,25:43,1543,12830,Eco-Dome Al'dani,,,8:49 PM
2HMNPnvmqTyKC6aZ,11,wipe,10:48,648,12830,Eco-Dome Al'dani,,,1:07 AM
2HMNPnvmqTyKC6aZ,12,wipe,9:39,579,12830,Eco-Dome Al'dani,,,1:18 AM
2HMNPnvmqTyKC6aZ,2,wipe,25:43,1543,12830,Eco-Dome Al'dani,,,8:49 PM
2HMNPnvmqTyKC6aZ,11,wipe,10:48,648,12830,Eco-Dome Al'dani,,,1:07 AM
2HMNPnvmqTyKC6aZ,12,wipe,9:39,579,12830,Eco-Dome Al'dani,,,1:18 AM
2HMNPnvmqTyKC6aZ,5,kill,31:47,1907,62662,The Dawnbreaker,,,10:52 PM
2HMNPnvmqTyKC6aZ,17,kill,28:24,1704,62662,The Dawnbreaker,,,3:06 AM
2HMNPnvmqTyKC6aZ,3,wipe,2:39,159,62662,The Dawnbreaker,,,9:22 PM
2HMNPnvmqTyKC6aZ,4,wipe,28:08,1688,62662,The Dawnbreaker,,,9:24 PM
2HMNPnvmqTyKC6aZ,15,wipe,2:51,171,62662,The Dawnbreaker,,,2:25 AM
2HMNPnvmqTyKC6aZ,16,wipe,25:10,1510,62662,The Dawnbreaker,,,2:28 AM
2HMNPnvmqTyKC6aZ,,kill,29:55,1795,62660,"Ara-Kara, City of Echoes",17,Fortified,11:33 PM
2HMNPnvmqTyKC6aZ,22,kill,28:42,1722,62773,Operation: Floodgate,,,4:05 AM
2HMNPnvmqTyKC6aZ,9,wipe,11:09,669,62773,Operation: Floodgate,,,12:16 AM
2HMNPnvmqTyKC6aZ,10,wipe,19:46,1186,62773,Operation: Floodgate,,,12:27 AM
2HMNPnvmqTyKC6aZ,19,wipe,3:46,226,62773,Operation: Floodgate,,,3:46 AM
2HMNPnvmqTyKC6aZ,20,wipe,5:26,326,62773,Operation: Floodgate,,,3:50 AM
2HMNPnvmqTyKC6aZ,21,wipe,9:35,575,62773,Operation: Floodgate,,,3:55 AM
6B2qM3TcYftxFJpK,5,kill,36:16,2176,12830,Eco-Dome Al'dani,,,5:52 PM
6B2qM3TcYftxFJpK,1,wipe,10:22,622,12830,Eco-Dome Al'dani,,,4:27 PM
6B2qM3TcYftxFJpK,2,wipe,13:45,825,12830,Eco-Dome Al'dani,,,4:38 PM
6B2qM3TcYftxFJpK,10,wipe,16:11,971,12830,Eco-Dome Al'dani,,,7:49 PM
6B2qM3TcYftxFJpK,13,wipe,4:16,256,12830,Eco-Dome Al'dani,,,8:58 PM
6B2qM3TcYftxFJpK,14,wipe,5:34,334,12830,Eco-Dome Al'dani,,,9:02 PM
6B2qM3TcYftxFJpK,15,wipe,4:35,275,12830,Eco-Dome Al'dani,,,9:08 PM
6B2qM3TcYftxFJpK,16,wipe,3:22,202,12830,Eco-Dome Al'dani,,,9:12 PM
6B2qM3TcYftxFJpK,17,wipe,8:50,530,12830,Eco-Dome Al'dani,,,9:16 PM
6B2qM3TcYftxFJpK,18,wipe,16:59,1019,12830,Eco-Dome Al'dani,,,9:24 PM
6B2qM3TcYftxFJpK,20,wipe,12:19,739,12830,Eco-Dome Al'dani,,,10:51 PM
6B2qM3TcYftxFJpK,21,wipe,11:45,705,12830,Eco-Dome Al'dani,,,11:03 PM
6B2qM3TcYftxFJpK,22,wipe,21:24,1284,12830,Eco-Dome Al'dani,,,11:15 PM
6B2qM3TcYftxFJpK,1,wipe,10:22,622,12830,Eco-Dome Al'dani,,,4:27 PM
6B2qM3TcYftxFJpK,2,wipe,13:45,825,12830,Eco-Dome Al'dani,,,4:38 PM
6B2qM3TcYftxFJpK,10,wipe,16:11,971,12830,Eco-Dome Al'dani,,,7:49 PM
6B2qM3TcYftxFJpK,13,wipe,4:16,256,12830,Eco-Dome Al'dani,,,8:58 PM
6B2qM3TcYftxFJpK,14,wipe,5:34,334,12830,Eco-Dome Al'dani,,,9:02 PM
6B2qM3TcYftxFJpK,15,wipe,4:35,275,12830,Eco-Dome Al'dani,,,9:08 PM
6B2qM3TcYftxFJpK,16,wipe,3:22,202,12830,Eco-Dome Al'dani,,,9:12 PM
6B2qM3TcYftxFJpK,17,wipe,8:50,530,12830,Eco-Dome Al'dani,,,9:16 PM
6B2qM3TcYftxFJpK,18,wipe,16:59,1019,12830,Eco-Dome Al'dani,,,9:24 PM
6B2qM3TcYftxFJpK,20,wipe,12:19,739,12830,Eco-Dome Al'dani,,,10:51 PM
6B2qM3TcYftxFJpK,21,wipe,11:45,705,12830,Eco-Dome Al'dani,,,11:03 PM
6B2qM3TcYftxFJpK,22,wipe,21:24,1284,12830,Eco-Dome Al'dani,,,11:15 PM
6B2qM3TcYftxFJpK,,kill,32:06,1926,62649,Priory of the Sacred Flame,14,Tyrannical,4:59 PM
6B2qM3TcYftxFJpK,6,kill,38:24,2304,62773,Operation: Floodgate,,,6:34 PM
6B2qM3TcYftxFJpK,23,wipe,2:20,140,62773,Operation: Floodgate,,,11:44 PM
6B2qM3TcYftxFJpK,24,wipe,5:08,308,62773,Operation: Floodgate,,,11:46 PM
6B2qM3TcYftxFJpK,25,wipe,4:56,296,62773,Operation: Floodgate,,,11:54 PM
6B2qM3TcYftxFJpK,26,wipe,2:29,149,62773,Operation: Floodgate,,,11:59 PM
6B2qM3TcYftxFJpK,27,wipe,4:00,240,62773,Operation: Floodgate,,,12:02 AM
6B2qM3TcYftxFJpK,28,wipe,0:51,51,62773,Operation: Floodgate,,,12:06 AM
6B2qM3TcYftxFJpK,29,wipe,15:27,927,62773,Operation: Floodgate,,,12:10 AM
6B2qM3TcYftxFJpK,30,wipe,30:14,1814,62773,Operation: Floodgate,,,12:36 AM
6B2qM3TcYftxFJpK,8,wipe,2:15,135,62660,"Ara-Kara, City of Echoes",,,7:26 PM
6B2qM3TcYftxFJpK,9,wipe,14:24,864,62660,"Ara-Kara, City of Echoes",,,7:29 PM
6B2qM3TcYftxFJpK,11,wipe,13:03,783,62662,The Dawnbreaker,,,8:09 PM
6B2qM3TcYftxFJpK,12,wipe,20:00,1200,62662,The Dawnbreaker,,,8:25 PM
G9jMdpgq7A3vKTmc,1,wipe,13:18,798,62660,"Ara-Kara, City of Echoes",,,1:15 PM
G9jMdpgq7A3vKTmc,2,wipe,13:23,803,62660,"Ara-Kara, City of Echoes",,,2:00 PM
G9jMdpgq7A3vKTmc,5,kill,25:25,1525,62773,Operation: Floodgate,,,2:38 PM
G9jMdpgq7A3vKTmc,9,kill,24:58,1498,62773,Operation: Floodgate,,,11:46 PM
G9jMdpgq7A3vKTmc,3,wipe,1:30,90,62773,Operation: Floodgate,,,2:28 PM
G9jMdpgq7A3vKTmc,,kill,24:17,1457,62649,Priory of the Sacred Flame,12,Tyrannical,3:17 PM
ZbvDLXApwB6GfkRx,,kill,24:09,1449,62660,"Ara-Kara, City of Echoes",12,,11:11 PM
ZbvDLXApwB6GfkRx,,kill,22:47,1367,62662,The Dawnbreaker,13,,11:42 PM
HP8xQGcChRXf63VB,,kill,26:48,1608,12830,Eco-Dome Al'dani,14,Fortified,10:53 PM
HP8xQGcChRXf63VB,,kill,25:09,1509,62660,"Ara-Kara, City of Echoes",14,Fortified,11:31 PM
xj4hn8DtArKcvJma,1,wipe,2:30,150,62660,"Ara-Kara, City of Echoes",,,3:15 PM
xj4hn8DtArKcvJma,2,wipe,2:42,162,62660,"Ara-Kara, City of Echoes",,,3:17 PM
Pf3Qvp1Aqmy8agTj,,wipe,9:50,590,62649,Priory of the Sacred Flame,12,Fortified,7:23 PM
Pf3Qvp1Aqmy8agTj,,kill,35:54,2154,62660,"Ara-Kara, City of Echoes",12,Tyrannical,8:06 PM
Pf3Qvp1Aqmy8agTj,,kill,27:10,1630,12830,Eco-Dome Al'dani,12,Fortified,9:02 PM
MwcXFR9tvJ3Pryhf,2,kill,26:02,1562,62660,"Ara-Kara, City of Echoes",,,10:08 PM
MwcXFR9tvJ3Pryhf,1,wipe,8:45,525,62660,"Ara-Kara, City of Echoes",,,9:57 PM
DcpXgfdNCjyxFbKM,5,kill,47:30,2850,62660,"Ara-Kara, City of Echoes",,,4:52 PM
DcpXgfdNCjyxFbKM,8,kill,30:39,1839,62660,"Ara-Kara, City of Echoes",,,5:51 PM
DcpXgfdNCjyxFbKM,1,wipe,10:38,638,62660,"Ara-Kara, City of Echoes",,,4:06 PM
DcpXgfdNCjyxFbKM,2,wipe,3:39,219,62660,"Ara-Kara, City of Echoes",,,4:16 PM
DcpXgfdNCjyxFbKM,3,wipe,7:56,476,62660,"Ara-Kara, City of Echoes",,,4:20 PM
DcpXgfdNCjyxFbKM,4,wipe,24:14,1454,62660,"Ara-Kara, City of Echoes",,,4:28 PM
Vy36DdTgMRWraGxq,1,kill,33:07,1987,62660,"Ara-Kara, City of Echoes",,,5:47 AM
Vy36DdTgMRWraGxq,22,kill,30:06,1806,62660,"Ara-Kara, City of Echoes",,,11:16 AM
Vy36DdTgMRWraGxq,18,wipe,18:42,1122,62660,"Ara-Kara, City of Echoes",,,10:44 AM
Vy36DdTgMRWraGxq,19,wipe,2:55,175,62660,"Ara-Kara, City of Echoes",,,11:08 AM
Vy36DdTgMRWraGxq,20,wipe,2:54,174,62660,"Ara-Kara, City of Echoes",,,11:11 AM
Vy36DdTgMRWraGxq,21,wipe,2:09,129,62660,"Ara-Kara, City of Echoes",,,11:14 AM
Vy36DdTgMRWraGxq,,wipe,13:36,816,62662,The Dawnbreaker,14,Tyrannical,7:54 AM
Vy36DdTgMRWraGxq,4,wipe,3:26,206,62773,Operation: Floodgate,,,8:26 AM
Vy36DdTgMRWraGxq,5,wipe,11:27,687,62773,Operation: Floodgate,,,8:29 AM
Vy36DdTgMRWraGxq,6,wipe,8:09,489,62773,Operation: Floodgate,,,8:49 AM
Vy36DdTgMRWraGxq,7,wipe,3:53,233,62773,Operation: Floodgate,,,8:57 AM
Vy36DdTgMRWraGxq,8,wipe,4:41,281,62773,Operation: Floodgate,,,9:01 AM
Vy36DdTgMRWraGxq,9,wipe,3:56,236,62773,Operation: Floodgate,,,9:06 AM
Vy36DdTgMRWraGxq,10,wipe,7:30,450,62773,Operation: Floodgate,,,9:10 AM
Vy36DdTgMRWraGxq,11,wipe,2:21,141,62773,Operation: Floodgate,,,9:20 AM
Vy36DdTgMRWraGxq,,kill,31:50,1910,62649,Priory of the Sacred Flame,15,Tyrannical,9:27 AM
4gFVfnKBJmAaMHjQ,3,kill,31:50,1910,62660,"Ara-Kara, City of Echoes",,,10:31 AM
4gFVfnKBJmAaMHjQ,2,wipe,2:29,149,62660,"Ara-Kara, City of Echoes",,,10:28 AM
TCzrKkW1NQvXnDxJ,1,kill,33:07,1987,62660,"Ara-Kara, City of Echoes",,,5:47 AM
TCzrKkW1NQvXnDxJ,18,wipe,18:42,1122,62660,"Ara-Kara, City of Echoes",,,10:44 AM
TCzrKkW1NQvXnDxJ,,wipe,13:36,816,62662,The Dawnbreaker,14,Tyrannical,7:54 AM
TCzrKkW1NQvXnDxJ,4,wipe,3:26,206,62773,Operation: Floodgate,,,8:26 AM
TCzrKkW1NQvXnDxJ,5,wipe,11:27,687,62773,Operation: Floodgate,,,8:29 AM
TCzrKkW1NQvXnDxJ,6,wipe,8:09,489,62773,Operation: Floodgate,,,8:49 AM
TCzrKkW1NQvXnDxJ,7,wipe,3:53,233,62773,Operation: Floodgate,,,8:57 AM
TCzrKkW1NQvXnDxJ,8,wipe,4:41,281,62773,Operation: Floodgate,,,9:01 AM
TCzrKkW1NQvXnDxJ,9,wipe,3:56,236,62773,Operation: Floodgate,,,9:06 AM
TCzrKkW1NQvXnDxJ,10,wipe,7:30,450,62773,Operation: Floodgate,,,9:10 AM
TCzrKkW1NQvXnDxJ,11,wipe,2:21,141,62773,Operation: Floodgate,,,9:20 AM
TCzrKkW1NQvXnDxJ,,kill,31:50,1910,62649,Priory of the Sacred Flame,15,Tyrannical,9:27 AM
dJ8TPjrGxtCKN3g1,,kill,25:12,1512,62662,The Dawnbreaker,12,Tyrannical,6:26 AM
dJ8TPjrGxtCKN3g1,3,kill,19:24,1164,12830,Eco-Dome Al'dani,,,7:01 AM
dJ8TPjrGxtCKN3g1,14,kill,26:14,1574,12830,Eco-Dome Al'dani,,,9:13 AM
dJ8TPjrGxtCKN3g1,,kill,28:49,1729,62649,Priory of the Sacred Flame,12,Tyrannical,7:39 AM
dJ8TPjrGxtCKN3g1,13,kill,31:01,1861,62660,"Ara-Kara, City of Echoes",,,8:37 AM
dJ8TPjrGxtCKN3g1,11,wipe,2:43,163,62660,"Ara-Kara, City of Echoes",,,8:28 AM
dJ8TPjrGxtCKN3g1,12,wipe,6:23,383,62660,"Ara-Kara, City of Echoes",,,8:31 AM
TPGZnkWz8KCthrM1,1,kill,28:48,1728,12830,Eco-Dome Al'dani,,,4:20 AM
TPGZnkWz8KCthrM1,6,kill,25:39,1539,12830,Eco-Dome Al'dani,,,5:26 AM
TPGZnkWz8KCthrM1,4,wipe,2:06,126,12830,Eco-Dome Al'dani,,,5:04 AM
TPGZnkWz8KCthrM1,5,wipe,7:03,423,12830,Eco-Dome Al'dani,,,5:13 AM
TPGZnkWz8KCthrM1,4,wipe,2:06,126,12830,Eco-Dome Al'dani,,,5:04 AM
TPGZnkWz8KCthrM1,5,wipe,7:03,423,12830,Eco-Dome Al'dani,,,5:13 AM
TPGZnkWz8KCthrM1,,kill,29:39,1779,62660,"Ara-Kara, City of Echoes",12,Tyrannical,6:22 AM
TPGZnkWz8KCthrM1,13,wipe,20:30,1230,62649,Priory of the Sacred Flame,,,7:38 AM
TPGZnkWz8KCthrM1,23,wipe,13:02,782,62649,Priory of the Sacred Flame,,,8:27 PM
VGkN9TWnqKxPAzQ6,,kill,35:16,2116,12830,Eco-Dome Al'dani,12,Tyrannical,6:10 AM
VGkN9TWnqKxPAzQ6,,kill,30:20,1820,62662,The Dawnbreaker,12,Tyrannical,6:57 AM
VGkN9TWnqKxPAzQ6,7,kill,25:09,1509,62660,"Ara-Kara, City of Echoes",,,7:47 AM
VGkN9TWnqKxPAzQ6,5,wipe,2:45,165,62660,"Ara-Kara, City of Echoes",,,7:38 AM
VGkN9TWnqKxPAzQ6,6,wipe,1:20,80,62660,"Ara-Kara, City of Echoes",,,7:40 AM
42vQamfPCAczqNMJ,,kill,32:53,1973,62660,"Ara-Kara, City of Echoes",10,Xal'atath's Bargain: Voidbound,5:54 AM
3Arz2FntT9pkW8mV,1,wipe,16:10,970,12830,Eco-Dome Al'dani,,,1:36 AM
3Arz2FntT9pkW8mV,2,wipe,13:27,807,12830,Eco-Dome Al'dani,,,2:00 AM
3Arz2FntT9pkW8mV,3,wipe,3:14,194,12830,Eco-Dome Al'dani,,,2:26 AM
3Arz2FntT9pkW8mV,4,wipe,2:05,125,12830,Eco-Dome Al'dani,,,2:29 AM
3Arz2FntT9pkW8mV,1,wipe,16:10,970,12830,Eco-Dome Al'dani,,,1:36 AM
3Arz2FntT9pkW8mV,2,wipe,13:27,807,12830,Eco-Dome Al'dani,,,2:00 AM
3Arz2FntT9pkW8mV,3,wipe,3:14,194,12830,Eco-Dome Al'dani,,,2:26 AM
3Arz2FntT9pkW8mV,4,wipe,2:05,125,12830,Eco-Dome Al'dani,,,2:29 AM
3Arz2FntT9pkW8mV,,wipe,3:35,215,62660,"Ara-Kara, City of Echoes",12,Tyrannical,2:44 AM
3Arz2FntT9pkW8mV,7,wipe,5:20,320,62662,The Dawnbreaker,,,3:13 AM
3Arz2FntT9pkW8mV,8,wipe,22:14,1334,62662,The Dawnbreaker,,,3:18 AM
3Arz2FntT9pkW8mV,,kill,34:43,2083,62773,Operation: Floodgate,17,Tyrannical,3:49 AM
AHm3XJhGYMpdQbWK,1,wipe,23:00,1380,62649,Priory of the Sacred Flame,,,12:24 AM
AHm3XJhGYMpdQbWK,2,wipe,0:51,51,62649,Priory of the Sacred Flame,,,12:50 AM
AHm3XJhGYMpdQbWK,9,wipe,4:31,271,62649,Priory of the Sacred Flame,,,3:31 AM
AHm3XJhGYMpdQbWK,10,wipe,12:13,733,62649,Priory of the Sacred Flame,,,3:36 AM
AHm3XJhGYMpdQbWK,11,wipe,10:47,647,62649,Priory of the Sacred Flame,,,3:48 AM
AHm3XJhGYMpdQbWK,3,kill,28:13,1693,12830,Eco-Dome Al'dani,,,12:57 AM
AHm3XJhGYMpdQbWK,8,wipe,12:46,766,12830,Eco-Dome Al'dani,,,3:09 AM
AHm3XJhGYMpdQbWK,7,kill,33:05,1985,62660,"Ara-Kara, City of Echoes",,,2:26 AM
AHm3XJhGYMpdQbWK,5,wipe,2:45,165,62660,"Ara-Kara, City of Echoes",,,2:11 AM
AHm3XJhGYMpdQbWK,6,wipe,2:35,155,62660,"Ara-Kara, City of Echoes",,,2:13 AM
qbpHFDk9WYnCVTPM,1,kill,34:34,2074,12830,Eco-Dome Al'dani,,,7:14 PM
qbpHFDk9WYnCVTPM,12,kill,25:33,1533,12830,Eco-Dome Al'dani,,,9:09 PM
qbpHFDk9WYnCVTPM,6,kill,21:34,1294,62660,"Ara-Kara, City of Echoes",,,8:07 PM
qbpHFDk9WYnCVTPM,3,wipe,2:18,138,62660,"Ara-Kara, City of Echoes",,,7:50 PM
qbpHFDk9WYnCVTPM,4,wipe,2:33,153,62660,"Ara-Kara, City of Echoes",,,7:53 PM
qbpHFDk9WYnCVTPM,5,wipe,7:16,436,62660,"Ara-Kara, City of Echoes",,,7:55 PM
qbpHFDk9WYnCVTPM,,kill,29:38,1778,62662,The Dawnbreaker,12,Tyrannical,8:33 PM
AgtyaM1YTGV3QjHb,1,wipe,9:48,588,12830,Eco-Dome Al'dani,,,6:06 PM
AgtyaM1YTGV3QjHb,2,wipe,4:03,243,12830,Eco-Dome Al'dani,,,6:16 PM
AgtyaM1YTGV3QjHb,3,wipe,9:58,598,12830,Eco-Dome Al'dani,,,6:20 PM
AgtyaM1YTGV3QjHb,4,wipe,1:38,98,12830,Eco-Dome Al'dani,,,6:44 PM
AgtyaM1YTGV3QjHb,5,wipe,8:56,536,12830,Eco-Dome Al'dani,,,6:54 PM
AgtyaM1YTGV3QjHb,6,wipe,11:20,680,12830,Eco-Dome Al'dani,,,7:03 PM
AgtyaM1YTGV3QjHb,1,wipe,9:48,588,12830,Eco-Dome Al'dani,,,6:06 PM
AgtyaM1YTGV3QjHb,2,wipe,4:03,243,12830,Eco-Dome Al'dani,,,6:16 PM
AgtyaM1YTGV3QjHb,3,wipe,9:58,598,12830,Eco-Dome Al'dani,,,6:20 PM
AgtyaM1YTGV3QjHb,4,wipe,1:38,98,12830,Eco-Dome Al'dani,,,6:44 PM
AgtyaM1YTGV3QjHb,5,wipe,8:56,536,12830,Eco-Dome Al'dani,,,6:54 PM
AgtyaM1YTGV3QjHb,6,wipe,11:20,680,12830,Eco-Dome Al'dani,,,7:03 PM
AgtyaM1YTGV3QjHb,,wipe,4:03,243,62660,"Ara-Kara, City of Echoes",14,Tyrannical,7:30 PM
AgtyaM1YTGV3QjHb,,wipe,11:44,704,62662,The Dawnbreaker,17,Tyrannical,7:47 PM
91NA8JrHfPtVD63q,3,kill,30:44,1844,62773,Operation: Floodgate,,,4:21 PM
91NA8JrHfPtVD63q,2,wipe,4:20,260,62773,Operation: Floodgate,,,4:15 PM
91NA8JrHfPtVD63q,4,kill,25:31,1531,12830,Eco-Dome Al'dani,,,4:59 PM
91NA8JrHfPtVD63q,6,kill,22:43,1363,12830,Eco-Dome Al'dani,,,6:43 PM
91NA8JrHfPtVD63q,5,wipe,4:19,259,12830,Eco-Dome Al'dani,,,6:39 PM
91NA8JrHfPtVD63q,,wipe,8:33,513,62660,"Ara-Kara, City of Echoes",12,Tyrannical,7:22 PM
qAxRT6fD4vhGtVnj,16,kill,40:18,2418,62660,"Ara-Kara, City of Echoes",,,5:07 PM
qAxRT6fD4vhGtVnj,1,wipe,2:36,156,62660,"Ara-Kara, City of Echoes",,,3:28 PM
qAxRT6fD4vhGtVnj,2,wipe,1:55,115,62660,"Ara-Kara, City of Echoes",,,3:31 PM
qAxRT6fD4vhGtVnj,3,wipe,18:39,1119,62660,"Ara-Kara, City of Echoes",,,3:33 PM
qAxRT6fD4vhGtVnj,4,wipe,1:37,97,62660,"Ara-Kara, City of Echoes",,,3:51 PM
qAxRT6fD4vhGtVnj,5,wipe,3:48,228,62660,"Ara-Kara, City of Echoes",,,3:53 PM
qAxRT6fD4vhGtVnj,6,wipe,2:13,133,62660,"Ara-Kara, City of Echoes",,,3:57 PM
qAxRT6fD4vhGtVnj,7,wipe,1:35,95,62660,"Ara-Kara, City of Echoes",,,3:59 PM
qAxRT6fD4vhGtVnj,8,wipe,16:26,986,62660,"Ara-Kara, City of Echoes",,,4:01 PM
qAxRT6fD4vhGtVnj,9,wipe,15:08,908,62660,"Ara-Kara, City of Echoes",,,4:17 PM
qAxRT6fD4vhGtVnj,10,wipe,4:43,283,62660,"Ara-Kara, City of Echoes",,,4:32 PM
qAxRT6fD4vhGtVnj,11,wipe,3:54,234,62660,"Ara-Kara, City of Echoes",,,4:41 PM
qAxRT6fD4vhGtVnj,12,wipe,6:21,381,62660,"Ara-Kara, City of Echoes",,,4:45 PM
qAxRT6fD4vhGtVnj,13,wipe,1:46,106,62660,"Ara-Kara, City of Echoes",,,4:52 PM
qAxRT6fD4vhGtVnj,14,wipe,4:43,283,62660,"Ara-Kara, City of Echoes",,,4:54 PM
qAxRT6fD4vhGtVnj,15,wipe,8:40,520,62660,"Ara-Kara, City of Echoes",,,4:58 PM
jpYAhLHQMFz4xGT9,1,kill,29:39,1779,62660,"Ara-Kara, City of Echoes",,,1:56 PM
jpYAhLHQMFz4xGT9,17,kill,29:56,1796,62660,"Ara-Kara, City of Echoes",,,4:41 PM
jpYAhLHQMFz4xGT9,9,wipe,2:17,137,62660,"Ara-Kara, City of Echoes",,,4:03 PM
jpYAhLHQMFz4xGT9,10,wipe,9:09,549,62660,"Ara-Kara, City of Echoes",,,4:06 PM
jpYAhLHQMFz4xGT9,11,wipe,12:25,745,62660,"Ara-Kara, City of Echoes",,,4:15 PM
jpYAhLHQMFz4xGT9,14,wipe,6:43,403,62660,"Ara-Kara, City of Echoes",,,4:30 PM
jpYAhLHQMFz4xGT9,15,wipe,0:17,17,62660,"Ara-Kara, City of Echoes",,,4:39 PM
jpYAhLHQMFz4xGT9,16,wipe,1:46,106,62660,"Ara-Kara, City of Echoes",,,4:40 PM
jpYAhLHQMFz4xGT9,3,kill,27:03,1623,62773,Operation: Floodgate,,,2:33 PM
jpYAhLHQMFz4xGT9,2,wipe,4:33,273,62773,Operation: Floodgate,,,2:28 PM
jpYAhLHQMFz4xGT9,4,kill,28:49,1729,62662,The Dawnbreaker,,,3:03 PM
jpYAhLHQMFz4xGT9,18,wipe,11:23,683,62662,The Dawnbreaker,,,5:16 PM
jpYAhLHQMFz4xGT9,19,wipe,9:40,580,62662,The Dawnbreaker,,,5:27 PM
jpYAhLHQMFz4xGT9,6,wipe,4:56,296,12830,Eco-Dome Al'dani,,,3:52 PM
jpYAhLHQMFz4xGT9,7,wipe,2:51,171,12830,Eco-Dome Al'dani,,,3:57 PM
jpYAhLHQMFz4xGT9,8,wipe,1:07,67,12830,Eco-Dome Al'dani,,,4:00 PM
jpYAhLHQMFz4xGT9,6,wipe,4:56,296,12830,Eco-Dome Al'dani,,,3:52 PM
jpYAhLHQMFz4xGT9,7,wipe,2:51,171,12830,Eco-Dome Al'dani,,,3:57 PM
jpYAhLHQMFz4xGT9,8,wipe,1:07,67,12830,Eco-Dome Al'dani,,,4:00 PM
4kZWpMABV82GXr3Y,6,kill,32:30,1950,62660,"Ara-Kara, City of Echoes",,,3:24 PM
4kZWpMABV82GXr3Y,1,wipe,2:13,133,62660,"Ara-Kara, City of Echoes",,,3:06 PM
4kZWpMABV82GXr3Y,2,wipe,3:24,204,62660,"Ara-Kara, City of Echoes",,,3:08 PM
4kZWpMABV82GXr3Y,3,wipe,2:17,137,62660,"Ara-Kara, City of Echoes",,,3:12 PM
4kZWpMABV82GXr3Y,5,wipe,3:29,209,62660,"Ara-Kara, City of Echoes",,,3:21 PM
4kZWpMABV82GXr3Y,9,kill,36:56,2216,12830,Eco-Dome Al'dani,,,4:37 PM
4kZWpMABV82GXr3Y,7,wipe,19:36,1176,12830,Eco-Dome Al'dani,,,4:13 PM
4kZWpMABV82GXr3Y,8,wipe,3:41,221,12830,Eco-Dome Al'dani,,,4:33 PM
4kZWpMABV82GXr3Y,7,wipe,19:36,1176,12830,Eco-Dome Al'dani,,,4:13 PM
4kZWpMABV82GXr3Y,8,wipe,3:41,221,12830,Eco-Dome Al'dani,,,4:33 PM
9RfnvKzqbJx6Xam3,2,kill,35:00,2100,12830,Eco-Dome Al'dani,,,2:13 PM
9RfnvKzqbJx6Xam3,1,wipe,6:44,404,12830,Eco-Dome Al'dani,,,2:04 PM
9RfnvKzqbJx6Xam3,,kill,37:05,2225,62662,The Dawnbreaker,15,Fortified,2:54 PM
9RfnvKzqbJx6Xam3,6,kill,47:38,2858,62660,"Ara-Kara, City of Echoes",,,3:43 PM
9RfnvKzqbJx6Xam3,5,wipe,7:38,458,62660,"Ara-Kara, City of Echoes",,,3:36 PM
wYc3b9MFCWDVB7vL,1,wipe,2:36,156,62660,"Ara-Kara, City of Echoes",,,3:28 PM
wYc3b9MFCWDVB7vL,2,wipe,1:55,115,62660,"Ara-Kara, City of Echoes",,,3:31 PM
wYc3b9MFCWDVB7vL,3,wipe,18:39,1119,62660,"Ara-Kara, City of Echoes",,,3:33 PM
wYc3b9MFCWDVB7vL,4,wipe,1:37,97,62660,"Ara-Kara, City of Echoes",,,3:51 PM
wYc3b9MFCWDVB7vL,5,wipe,3:48,228,62660,"Ara-Kara, City of Echoes",,,3:53 PM
wYc3b9MFCWDVB7vL,6,wipe,2:13,133,62660,"Ara-Kara, City of Echoes",,,3:57 PM
wYc3b9MFCWDVB7vL,7,wipe,1:35,95,62660,"Ara-Kara, City of Echoes",,,3:59 PM
wYc3b9MFCWDVB7vL,8,wipe,16:26,986,62660,"Ara-Kara, City of Echoes",,,4:01 PM
wYc3b9MFCWDVB7vL,9,wipe,15:08,908,62660,"Ara-Kara, City of Echoes",,,4:17 PM
wYc3b9MFCWDVB7vL,10,wipe,4:43,283,62660,"Ara-Kara, City of Echoes",,,4:32 PM
Yb6G1xj4zwBv9Tdt,,kill,26:19,1579,62660,"Ara-Kara, City of Echoes",10,Xal'atath's Bargain: Voidbound,3:51 PM
8gB1xhaHWpyvjw26,,kill,37:57,2277,62773,Operation: Floodgate,14,Fortified,10:15 PM
8gB1xhaHWpyvjw26,,kill,25:10,1510,62649,Priory of the Sacred Flame,13,Fortified,10:53 PM
8gB1xhaHWpyvjw26,,kill,26:48,1608,62660,"Ara-Kara, City of Echoes",14,Fortified,11:25 PM
8gB1xhaHWpyvjw26,,kill,25:21,1521,12830,Eco-Dome Al'dani,14,Fortified,12:07 AM
8xma3zq2vyYHLjk4,,kill,27:49,1669,62773,Operation: Floodgate,13,Fortified,6:33 AM
8xma3zq2vyYHLjk4,,kill,28:31,1711,62660,"Ara-Kara, City of Echoes",12,Fortified,7:34 AM
mxD1wvzCg9pZ7T8X,3,kill,23:24,1404,62660,"Ara-Kara, City of Echoes",,,5:09 AM
mxD1wvzCg9pZ7T8X,2,wipe,10:23,623,62660,"Ara-Kara, City of Echoes",,,4:58 AM
FQc4tbYGMvRVDg9p,1,kill,32:56,1976,62662,The Dawnbreaker,,,2:20 AM
FQc4tbYGMvRVDg9p,8,wipe,11:24,684,62662,The Dawnbreaker,,,4:23 AM
FQc4tbYGMvRVDg9p,3,wipe,3:05,185,62773,Operation: Floodgate,,,2:59 AM
FQc4tbYGMvRVDg9p,4,wipe,29:18,1758,62773,Operation: Floodgate,,,3:02 AM
FQc4tbYGMvRVDg9p,6,kill,31:12,1872,62660,"Ara-Kara, City of Echoes",,,3:47 AM
FQc4tbYGMvRVDg9p,5,wipe,3:17,197,62660,"Ara-Kara, City of Echoes",,,3:44 AM
G8nvB3jTbXz7LDYr,1,wipe,6:10,370,62773,Operation: Floodgate,,,2:21 AM
G8nvB3jTbXz7LDYr,2,wipe,9:10,550,62773,Operation: Floodgate,,,2:28 AM
G8nvB3jTbXz7LDYr,8,wipe,14:43,883,62773,Operation: Floodgate,,,4:11 AM
G8nvB3jTbXz7LDYr,9,wipe,20:45,1245,62773,Operation: Floodgate,,,4:25 AM
G8nvB3jTbXz7LDYr,10,wipe,4:09,249,62773,Operation: Floodgate,,,4:46 AM
G8nvB3jTbXz7LDYr,3,wipe,3:56,236,62660,"Ara-Kara, City of Echoes",,,3:08 AM
G8nvB3jTbXz7LDYr,4,wipe,2:36,156,62660,"Ara-Kara, City of Echoes",,,3:12 AM
G8nvB3jTbXz7LDYr,5,wipe,2:11,131,62660,"Ara-Kara, City of Echoes",,,3:15 AM
G8nvB3jTbXz7LDYr,6,wipe,5:29,329,12830,Eco-Dome Al'dani,,,3:29 AM
G8nvB3jTbXz7LDYr,7,wipe,6:06,366,12830,Eco-Dome Al'dani,,,3:34 AM
G8nvB3jTbXz7LDYr,11,wipe,5:41,341,12830,Eco-Dome Al'dani,,,5:19 AM
G8nvB3jTbXz7LDYr,12,wipe,5:28,328,12830,Eco-Dome Al'dani,,,5:25 AM
G8nvB3jTbXz7LDYr,6,wipe,5:29,329,12830,Eco-Dome Al'dani,,,3:29 AM
G8nvB3jTbXz7LDYr,7,wipe,6:06,366,12830,Eco-Dome Al'dani,,,3:34 AM
G8nvB3jTbXz7LDYr,11,wipe,5:41,341,12830,Eco-Dome Al'dani,,,5:19 AM
G8nvB3jTbXz7LDYr,12,wipe,5:28,328,12830,Eco-Dome Al'dani,,,5:25 AM
f3KL2rXbm9DvnaQZ,,kill,34:48,2088,62660,"Ara-Kara, City of Echoes",14,Fortified,12:01 AM
8c2JhHmMX6ARjFCW,,kill,34:48,2088,62660,"Ara-Kara, City of Echoes",14,Fortified,12:01 AM
aV4kZCYHBR6K19Nv,2,wipe,15:20,920,62649,Priory of the Sacred Flame,,,5:25 PM
aV4kZCYHBR6K19Nv,27,wipe,4:15,255,62649,Priory of the Sacred Flame,,,11:52 PM
aV4kZCYHBR6K19Nv,28,wipe,2:01,121,62649,Priory of the Sacred Flame,,,11:57 PM
aV4kZCYHBR6K19Nv,29,wipe,2:00,120,62649,Priory of the Sacred Flame,,,11:59 PM
aV4kZCYHBR6K19Nv,30,wipe,0:00,0,62649,Priory of the Sacred Flame,,,12:02 AM
aV4kZCYHBR6K19Nv,,kill,18:23,1103,62660,"Ara-Kara, City of Echoes",12,,11:22 PM
XDPyhYQrbxjVvw73,1,wipe,0:00,0,62660,"Ara-Kara, City of Echoes",,,4:52 PM
XDPyhYQrbxjVvw73,3,wipe,43:30,2610,62660,"Ara-Kara, City of Echoes",,,4:58 PM
XDPyhYQrbxjVvw73,4,wipe,22:27,1347,62660,"Ara-Kara, City of Echoes",,,5:41 PM
XDPyhYQrbxjVvw73,5,kill,29:07,1747,62662,The Dawnbreaker,,,6:07 PM
XDPyhYQrbxjVvw73,15,wipe,14:57,897,62662,The Dawnbreaker,,,8:19 PM
XDPyhYQrbxjVvw73,10,kill,25:25,1525,12830,Eco-Dome Al'dani,,,6:54 PM
XDPyhYQrbxjVvw73,7,wipe,3:05,185,12830,Eco-Dome Al'dani,,,6:45 PM
XDPyhYQrbxjVvw73,8,wipe,2:25,145,12830,Eco-Dome Al'dani,,,6:49 PM
XDPyhYQrbxjVvw73,9,wipe,3:07,187,12830,Eco-Dome Al'dani,,,6:51 PM
XDPyhYQrbxjVvw73,7,wipe,3:05,185,12830,Eco-Dome Al'dani,,,6:45 PM
XDPyhYQrbxjVvw73,8,wipe,2:25,145,12830,Eco-Dome Al'dani,,,6:49 PM
XDPyhYQrbxjVvw73,9,wipe,3:07,187,12830,Eco-Dome Al'dani,,,6:51 PM
XDPyhYQrbxjVvw73,14,kill,26:15,1575,62773,Operation: Floodgate,,,7:44 PM
XDPyhYQrbxjVvw73,11,wipe,4:06,246,62773,Operation: Floodgate,,,7:24 PM
XDPyhYQrbxjVvw73,12,wipe,9:38,578,62773,Operation: Floodgate,,,7:28 PM
XDPyhYQrbxjVvw73,13,wipe,6:21,381,62773,Operation: Floodgate,,,7:38 PM
71bkxncVwgTPz2Fa,5,kill,29:03,1743,62773,Operation: Floodgate,,,1:16 PM
71bkxncVwgTPz2Fa,2,wipe,2:51,171,62773,Operation: Floodgate,,,1:01 PM
71bkxncVwgTPz2Fa,3,wipe,6:16,376,62773,Operation: Floodgate,,,1:04 PM
71bkxncVwgTPz2Fa,4,wipe,1:29,89,62773,Operation: Floodgate,,,1:10 PM
71bkxncVwgTPz2Fa,17,wipe,29:21,1761,62773,Operation: Floodgate,,,5:18 PM
71bkxncVwgTPz2Fa,23,wipe,2:30,150,62773,Operation: Floodgate,,,7:08 PM
71bkxncVwgTPz2Fa,24,wipe,9:04,544,62773,Operation: Floodgate,,,7:11 PM
71bkxncVwgTPz2Fa,25,wipe,2:03,123,62773,Operation: Floodgate,,,7:26 PM
71bkxncVwgTPz2Fa,26,wipe,7:32,452,62773,Operation: Floodgate,,,7:28 PM
71bkxncVwgTPz2Fa,27,wipe,3:32,212,62773,Operation: Floodgate,,,7:36 PM
71bkxncVwgTPz2Fa,28,wipe,29:07,1747,62773,Operation: Floodgate,,,7:48 PM
71bkxncVwgTPz2Fa,31,wipe,15:17,917,62773,Operation: Floodgate,,,11:22 PM
71bkxncVwgTPz2Fa,6,wipe,4:29,269,62660,"Ara-Kara, City of Echoes",,,1:54 PM
71bkxncVwgTPz2Fa,7,wipe,20:14,1214,62660,"Ara-Kara, City of Echoes",,,1:59 PM
71bkxncVwgTPz2Fa,20,wipe,4:01,241,62660,"Ara-Kara, City of Echoes",,,6:47 PM
71bkxncVwgTPz2Fa,21,wipe,2:33,153,62660,"Ara-Kara, City of Echoes",,,6:51 PM
71bkxncVwgTPz2Fa,22,wipe,8:51,531,62660,"Ara-Kara, City of Echoes",,,6:54 PM
71bkxncVwgTPz2Fa,8,wipe,10:53,653,62649,Priory of the Sacred Flame,,,2:38 PM
71bkxncVwgTPz2Fa,9,wipe,19:25,1165,62649,Priory of the Sacred Flame,,,2:49 PM
71bkxncVwgTPz2Fa,10,kill,31:55,1915,12830,Eco-Dome Al'dani,,,3:23 PM
71bkxncVwgTPz2Fa,18,kill,36:44,2204,12830,Eco-Dome Al'dani,,,5:57 PM
71bkxncVwgTPz2Fa,30,kill,32:27,1947,12830,Eco-Dome Al'dani,,,10:44 PM
71bkxncVwgTPz2Fa,29,wipe,7:18,438,12830,Eco-Dome Al'dani,,,10:36 PM
71bkxncVwgTPz2Fa,15,kill,36:56,2216,62662,The Dawnbreaker,,,4:31 PM
71bkxncVwgTPz2Fa,33,kill,28:10,1690,62662,The Dawnbreaker,,,11:53 PM
71bkxncVwgTPz2Fa,14,wipe,22:26,1346,62662,The Dawnbreaker,,,4:08 PM
71bkxncVwgTPz2Fa,32,wipe,6:50,410,62662,The Dawnbreaker,,,11:43 PM
CTb2xq6YdZAQ3nka,1,wipe,11:59,719,62662,The Dawnbreaker,,,3:01 PM
CTb2xq6YdZAQ3nka,8,wipe,6:41,401,62662,The Dawnbreaker,,,4:07 PM
CTb2xq6YdZAQ3nka,9,wipe,8:37,517,62662,The Dawnbreaker,,,4:13 PM
CTb2xq6YdZAQ3nka,10,wipe,10:02,602,62662,The Dawnbreaker,,,4:22 PM
CTb2xq6YdZAQ3nka,11,wipe,20:47,1247,62662,The Dawnbreaker,,,4:42 PM
CTb2xq6YdZAQ3nka,12,wipe,10:17,617,62662,The Dawnbreaker,,,5:03 PM
CTb2xq6YdZAQ3nka,19,wipe,18:25,1105,62662,The Dawnbreaker,,,7:44 PM
CTb2xq6YdZAQ3nka,20,wipe,16:31,991,62662,The Dawnbreaker,,,8:03 PM
CTb2xq6YdZAQ3nka,,kill,35:09,2109,62773,Operation: Floodgate,14,Tyrannical,3:23 PM
CTb2xq6YdZAQ3nka,17,kill,26:00,1560,62660,"Ara-Kara, City of Echoes",,,6:26 PM
CTb2xq6YdZAQ3nka,14,wipe,16:00,960,62660,"Ara-Kara, City of Echoes",,,5:35 PM
CTb2xq6YdZAQ3nka,15,wipe,3:43,223,62660,"Ara-Kara, City of Echoes",,,5:51 PM
CTb2xq6YdZAQ3nka,16,wipe,31:15,1875,62660,"Ara-Kara, City of Echoes",,,5:55 PM
jA3NLWp7fFkg16tX,3,kill,50:53,3053,12830,Eco-Dome Al'dani,,,3:37 PM
jA3NLWp7fFkg16tX,1,wipe,4:06,246,12830,Eco-Dome Al'dani,,,3:30 PM
jA3NLWp7fFkg16tX,2,wipe,2:32,152,12830,Eco-Dome Al'dani,,,3:34 PM
jA3NLWp7fFkg16tX,1,wipe,4:06,246,12830,Eco-Dome Al'dani,,,3:30 PM
jA3NLWp7fFkg16tX,2,wipe,2:32,152,12830,Eco-Dome Al'dani,,,3:34 PM
jA3NLWp7fFkg16tX,,kill,30:17,1817,62649,Priory of the Sacred Flame,15,Fortified,4:47 PM
jA3NLWp7fFkg16tX,,kill,33:24,2004,62662,The Dawnbreaker,16,Tyrannical,5:27 PM
jA3NLWp7fFkg16tX,11,kill,36:04,2164,62660,"Ara-Kara, City of Echoes",,,6:20 PM
jA3NLWp7fFkg16tX,7,wipe,3:21,201,62660,"Ara-Kara, City of Echoes",,,6:03 PM
jA3NLWp7fFkg16tX,8,wipe,4:40,280,62660,"Ara-Kara, City of Echoes",,,6:06 PM
jA3NLWp7fFkg16tX,9,wipe,7:55,475,62660,"Ara-Kara, City of Echoes",,,6:11 PM
jA3NLWp7fFkg16tX,10,wipe,1:43,103,62660,"Ara-Kara, City of Echoes",,,6:19 PM
8kdvPVzT3ytHBXbg,1,kill,36:37,2197,62773,Operation: Floodgate,,,2:17 PM
8kdvPVzT3ytHBXbg,2,kill,34:33,2073,62773,Operation: Floodgate,,,3:06 PM
8kdvPVzT3ytHBXbg,9,kill,29:18,1758,62773,Operation: Floodgate,,,5:12 PM
8kdvPVzT3ytHBXbg,6,wipe,13:00,780,62773,Operation: Floodgate,,,4:31 PM
8kdvPVzT3ytHBXbg,7,wipe,16:31,991,62773,Operation: Floodgate,,,4:44 PM
8kdvPVzT3ytHBXbg,8,wipe,4:28,268,62773,Operation: Floodgate,,,5:07 PM
8kdvPVzT3ytHBXbg,11,wipe,12:43,763,62773,Operation: Floodgate,,,6:58 PM
8kdvPVzT3ytHBXbg,,kill,29:44,1784,62660,"Ara-Kara, City of Echoes",15,Tyrannical,3:51 PM
8kdvPVzT3ytHBXbg,,kill,29:12,1752,12830,Eco-Dome Al'dani,16,Fortified,5:48 PM
6z2k39yvPJDXpHLV,8,kill,26:45,1605,62660,"Ara-Kara, City of Echoes",,,4:53 PM
6z2k39yvPJDXpHLV,1,wipe,4:32,272,62660,"Ara-Kara, City of Echoes",,,3:35 PM
6z2k39yvPJDXpHLV,2,wipe,18:36,1116,62660,"Ara-Kara, City of Echoes",,,3:40 PM
6z2k39yvPJDXpHLV,3,wipe,7:10,430,62660,"Ara-Kara, City of Echoes",,,3:58 PM
6z2k39yvPJDXpHLV,4,wipe,12:23,743,62660,"Ara-Kara, City of Echoes",,,4:06 PM
6z2k39yvPJDXpHLV,5,wipe,14:50,890,62660,"Ara-Kara, City of Echoes",,,4:18 PM
6z2k39yvPJDXpHLV,6,wipe,2:16,136,62660,"Ara-Kara, City of Echoes",,,4:46 PM
6z2k39yvPJDXpHLV,7,wipe,4:22,262,62660,"Ara-Kara, City of Echoes",,,4:49 PM
6z2k39yvPJDXpHLV,,kill,30:51,1851,62662,The Dawnbreaker,15,Fortified,5:25 PM
6z2k39yvPJDXpHLV,12,kill,31:38,1898,62773,Operation: Floodgate,,,6:10 PM
6z2k39yvPJDXpHLV,11,wipe,3:17,197,62773,Operation: Floodgate,,,6:07 PM
anLgHdvAJm2f8tqD,,kill,29:44,1784,62660,"Ara-Kara, City of Echoes",15,Tyrannical,3:51 PM
anLgHdvAJm2f8tqD,7,kill,29:18,1758,62773,Operation: Floodgate,,,5:12 PM
anLgHdvAJm2f8tqD,4,wipe,10:02,602,62773,Operation: Floodgate,,,4:31 PM
anLgHdvAJm2f8tqD,5,wipe,23:21,1401,62773,Operation: Floodgate,,,4:44 PM
anLgHdvAJm2f8tqD,6,wipe,4:29,269,62773,Operation: Floodgate,,,5:08 PM
anLgHdvAJm2f8tqD,8,kill,29:12,1752,12830,Eco-Dome Al'dani,,,5:48 PM
anLgHdvAJm2f8tqD,9,wipe,0:00,0,12830,Eco-Dome Al'dani,,,6:23 PM
FJ2N4xMfw8qt9nYr,2,kill,19:28,1168,12830,Eco-Dome Al'dani,,,10:18 AM
FJ2N4xMfw8qt9nYr,12,kill,24:36,1476,12830,Eco-Dome Al'dani,,,3:00 PM
FJ2N4xMfw8qt9nYr,9,wipe,10:08,608,12830,Eco-Dome Al'dani,,,2:39 PM
FJ2N4xMfw8qt9nYr,10,wipe,7:58,478,12830,Eco-Dome Al'dani,,,2:49 PM
FJ2N4xMfw8qt9nYr,11,wipe,3:15,195,12830,Eco-Dome Al'dani,,,2:57 PM
FJ2N4xMfw8qt9nYr,9,wipe,10:08,608,12830,Eco-Dome Al'dani,,,2:39 PM
FJ2N4xMfw8qt9nYr,10,wipe,7:58,478,12830,Eco-Dome Al'dani,,,2:49 PM
FJ2N4xMfw8qt9nYr,11,wipe,3:15,195,12830,Eco-Dome Al'dani,,,2:57 PM
FJ2N4xMfw8qt9nYr,4,kill,19:23,1163,62662,The Dawnbreaker,,,10:45 AM
FJ2N4xMfw8qt9nYr,13,wipe,16:37,997,62662,The Dawnbreaker,,,3:40 PM
FJ2N4xMfw8qt9nYr,14,wipe,21:04,1264,62662,The Dawnbreaker,,,3:56 PM
FJ2N4xMfw8qt9nYr,17,wipe,12:20,740,62662,The Dawnbreaker,,,4:47 PM
FJ2N4xMfw8qt9nYr,18,wipe,9:16,556,62662,The Dawnbreaker,,,5:05 PM
FJ2N4xMfw8qt9nYr,6,wipe,2:11,131,62660,"Ara-Kara, City of Echoes",,,11:15 AM
FJ2N4xMfw8qt9nYr,7,wipe,6:05,365,62660,"Ara-Kara, City of Echoes",,,11:18 AM
FJ2N4xMfw8qt9nYr,27,kill,30:26,1826,62649,Priory of the Sacred Flame,,,6:00 PM
FJ2N4xMfw8qt9nYr,21,wipe,3:07,187,62649,Priory of the Sacred Flame,,,5:23 PM
FJ2N4xMfw8qt9nYr,22,wipe,3:59,239,62649,Priory of the Sacred Flame,,,5:27 PM
FJ2N4xMfw8qt9nYr,23,wipe,11:20,680,62649,Priory of the Sacred Flame,,,5:31 PM
FJ2N4xMfw8qt9nYr,24,wipe,2:53,173,62649,Priory of the Sacred Flame,,,5:42 PM
FJ2N4xMfw8qt9nYr,25,wipe,4:01,241,62649,Priory of the Sacred Flame,,,5:45 PM
FJ2N4xMfw8qt9nYr,26,wipe,11:16,676,62649,Priory of the Sacred Flame,,,5:49 PM
7vrfQVTDY8qgdt4C,1,wipe,4:11,251,62662,The Dawnbreaker,,,3:17 PM
7vrfQVTDY8qgdt4C,2,wipe,32:38,1958,62662,The Dawnbreaker,,,3:21 PM
7vrfQVTDY8qgdt4C,4,kill,32:20,1940,12830,Eco-Dome Al'dani,,,4:04 PM
7vrfQVTDY8qgdt4C,3,wipe,3:11,191,12830,Eco-Dome Al'dani,,,4:01 PM
7vrfQVTDY8qgdt4C,,wipe,8:32,512,62660,"Ara-Kara, City of Echoes",17,Tyrannical,4:40 PM
gbPCLKMHAZr6BkYw,,kill,27:54,1674,62662,The Dawnbreaker,12,Tyrannical,1:50 PM
gbPCLKMHAZr6BkYw,3,wipe,3:02,182,62773,Operation: Floodgate,,,2:45 PM
gbPCLKMHAZr6BkYw,4,wipe,9:39,579,62773,Operation: Floodgate,,,2:48 PM
gbPCLKMHAZr6BkYw,,kill,30:56,1856,62660,"Ara-Kara, City of Echoes",12,Tyrannical,3:37 PM
Dk6WtQJd4Z78pg2H,,kill,30:01,1801,62660,"Ara-Kara, City of Echoes",15,Tyrannical,2:30 PM
pF2ky6PbxvdjN3Bm,5,kill,32:10,1930,62660,"Ara-Kara, City of Echoes",,,2:50 PM
pF2ky6PbxvdjN3Bm,13,kill,34:28,2068,62660,"Ara-Kara, City of Echoes",,,4:56 PM
pF2ky6PbxvdjN3Bm,1,wipe,2:33,153,62660,"Ara-Kara, City of Echoes",,,2:37 PM
pF2ky6PbxvdjN3Bm,2,wipe,2:36,156,62660,"Ara-Kara, City of Echoes",,,2:39 PM
pF2ky6PbxvdjN3Bm,4,wipe,2:11,131,62660,"Ara-Kara, City of Echoes",,,2:48 PM
pF2ky6PbxvdjN3Bm,11,wipe,4:21,261,62660,"Ara-Kara, City of Echoes",,,4:48 PM
pF2ky6PbxvdjN3Bm,12,wipe,0:04,4,62660,"Ara-Kara, City of Echoes",,,4:56 PM
pF2ky6PbxvdjN3Bm,17,kill,37:01,2221,62773,Operation: Floodgate,,,5:46 PM
pF2ky6PbxvdjN3Bm,7,wipe,2:43,163,62773,Operation: Floodgate,,,3:45 PM
pF2ky6PbxvdjN3Bm,8,wipe,39:38,2378,62773,Operation: Floodgate,,,3:48 PM
pF2ky6PbxvdjN3Bm,9,wipe,3:58,238,62773,Operation: Floodgate,,,4:28 PM
pF2ky6PbxvdjN3Bm,10,wipe,7:31,451,62773,Operation: Floodgate,,,4:32 PM
pF2ky6PbxvdjN3Bm,15,wipe,2:08,128,62773,Operation: Floodgate,,,5:41 PM
pF2ky6PbxvdjN3Bm,16,wipe,2:17,137,62773,Operation: Floodgate,,,5:43 PM
pF2ky6PbxvdjN3Bm,21,wipe,14:15,855,62773,Operation: Floodgate,,,7:34 PM
pF2ky6PbxvdjN3Bm,22,wipe,24:10,1450,62773,Operation: Floodgate,,,7:48 PM
pF2ky6PbxvdjN3Bm,,kill,27:10,1630,62649,Priory of the Sacred Flame,14,Fortified,6:36 PM
rkNaf3jFBZPzWmCx,1,kill,39:00,2340,62660,"Ara-Kara, City of Echoes",,,8:49 AM
rkNaf3jFBZPzWmCx,4,kill,28:35,1715,62660,"Ara-Kara, City of Echoes",,,9:37 AM
rkNaf3jFBZPzWmCx,2,wipe,2:44,164,62660,"Ara-Kara, City of Echoes",,,9:31 AM
rkNaf3jFBZPzWmCx,3,wipe,3:27,207,62660,"Ara-Kara, City of Echoes",,,9:34 AM
rkNaf3jFBZPzWmCx,,kill,26:37,1597,12830,Eco-Dome Al'dani,15,Tyrannical,10:09 AM
Bqtc26pZxKCQgX31,1,kill,36:38,2198,62660,"Ara-Kara, City of Echoes",,,4:16 AM
Bqtc26pZxKCQgX31,7,kill,29:40,1780,62660,"Ara-Kara, City of Echoes",,,6:48 AM
Bqtc26pZxKCQgX31,4,kill,28:00,1680,62662,The Dawnbreaker,,,5:40 AM
Bqtc26pZxKCQgX31,3,wipe,25:47,1547,62662,The Dawnbreaker,,,5:11 AM
Bqtc26pZxKCQgX31,6,kill,28:41,1721,12830,Eco-Dome Al'dani,,,6:13 AM
Bqtc26pZxKCQgX31,11,kill,42:14,2534,12830,Eco-Dome Al'dani,,,8:56 AM
Bqtc26pZxKCQgX31,,kill,32:47,1967,62773,Operation: Floodgate,14,Tyrannical,7:23 AM
Bqtc26pZxKCQgX31,,kill,30:10,1810,62649,Priory of the Sacred Flame,14,Tyrannical,8:06 AM
yGn37mJr4gt8QxAL,8,kill,31:18,1878,62660,"Ara-Kara, City of Echoes",,,9:20 AM
yGn37mJr4gt8QxAL,2,wipe,2:32,152,62660,"Ara-Kara, City of Echoes",,,8:48 AM
yGn37mJr4gt8QxAL,3,wipe,2:48,168,62660,"Ara-Kara, City of Echoes",,,8:50 AM
yGn37mJr4gt8QxAL,4,wipe,3:10,190,62660,"Ara-Kara, City of Echoes",,,8:53 AM
yGn37mJr4gt8QxAL,5,wipe,2:18,138,62660,"Ara-Kara, City of Echoes",,,8:56 AM
yGn37mJr4gt8QxAL,6,wipe,6:24,384,62660,"Ara-Kara, City of Echoes",,,8:58 AM
yGn37mJr4gt8QxAL,7,wipe,15:40,940,62660,"Ara-Kara, City of Echoes",,,9:05 AM
yGn37mJr4gt8QxAL,10,wipe,12:52,772,62660,"Ara-Kara, City of Echoes",,,9:53 AM
ZfwNB9gab3kR8vpK,2,wipe,2:32,152,62660,"Ara-Kara, City of Echoes",,,8:48 AM
ZfwNB9gab3kR8vpK,3,wipe,2:48,168,62660,"Ara-Kara, City of Echoes",,,8:50 AM
ZfwNB9gab3kR8vpK,4,wipe,3:10,190,62660,"Ara-Kara, City of Echoes",,,8:53 AM
ZfwNB9gab3kR8vpK,5,wipe,2:18,138,62660,"Ara-Kara, City of Echoes",,,8:56 AM
ZfwNB9gab3kR8vpK,6,wipe,6:24,384,62660,"Ara-Kara, City of Echoes",,,8:58 AM
ZfwNB9gab3kR8vpK,7,wipe,10:14,614,62660,"Ara-Kara, City of Echoes",,,9:05 AM
qa3w7J4tbYFQAMr9,,kill,30:56,1856,62649,Priory of the Sacred Flame,12,Tyrannical,5:31 AM
qa3w7J4tbYFQAMr9,,kill,27:08,1628,62660,"Ara-Kara, City of Echoes",12,Tyrannical,6:06 AM
qa3w7J4tbYFQAMr9,,wipe,21:59,1319,62662,The Dawnbreaker,12,Tyrannical,6:40 AM
qa3w7J4tbYFQAMr9,,kill,24:51,1491,12830,Eco-Dome Al'dani,12,Tyrannical,7:10 AM
9FCKX34gtJyBPWfn,,kill,28:29,1709,62660,"Ara-Kara, City of Echoes",15,Tyrannical,7:20 AM
6wBDR9y4TgAn7Lch,,kill,28:37,1717,62662,The Dawnbreaker,15,Tyrannical,5:38 AM
6wBDR9y4TgAn7Lch,7,kill,31:27,1887,62660,"Ara-Kara, City of Echoes",,,6:27 AM
6wBDR9y4TgAn7Lch,3,wipe,2:40,160,62660,"Ara-Kara, City of Echoes",,,6:11 AM
6wBDR9y4TgAn7Lch,4,wipe,2:40,160,62660,"Ara-Kara, City of Echoes",,,6:13 AM
6wBDR9y4TgAn7Lch,5,wipe,7:21,441,62660,"Ara-Kara, City of Echoes",,,6:16 AM
6wBDR9y4TgAn7Lch,6,wipe,3:58,238,62660,"Ara-Kara, City of Echoes",,,6:23 AM
tRmKCFzy7Wq9nGV2,,kill,28:37,1717,62662,The Dawnbreaker,15,Tyrannical,5:38 AM
tRmKCFzy7Wq9nGV2,7,kill,31:27,1887,62660,"Ara-Kara, City of Echoes",,,6:27 AM
tRmKCFzy7Wq9nGV2,3,wipe,2:40,160,62660,"Ara-Kara, City of Echoes",,,6:10 AM
tRmKCFzy7Wq9nGV2,4,wipe,2:41,161,62660,"Ara-Kara, City of Echoes",,,6:13 AM
tRmKCFzy7Wq9nGV2,5,wipe,7:21,441,62660,"Ara-Kara, City of Echoes",,,6:16 AM
tRmKCFzy7Wq9nGV2,6,wipe,3:58,238,62660,"Ara-Kara, City of Echoes",,,6:23 AM
zT6GA8KQhWjrvpVm,,kill,34:22,2062,62660,"Ara-Kara, City of Echoes",14,Tyrannical,3:37 AM
zT6GA8KQhWjrvpVm,11,kill,35:12,2112,12830,Eco-Dome Al'dani,,,5:44 AM
zT6GA8KQhWjrvpVm,2,wipe,1:19,79,12830,Eco-Dome Al'dani,,,4:17 AM
zT6GA8KQhWjrvpVm,3,wipe,5:50,350,12830,Eco-Dome Al'dani,,,4:20 AM
zT6GA8KQhWjrvpVm,4,wipe,8:48,528,12830,Eco-Dome Al'dani,,,4:26 AM
zT6GA8KQhWjrvpVm,5,wipe,2:17,137,12830,Eco-Dome Al'dani,,,4:40 AM
zT6GA8KQhWjrvpVm,6,wipe,0:00,0,12830,Eco-Dome Al'dani,,,4:48 AM
zT6GA8KQhWjrvpVm,7,wipe,3:21,201,12830,Eco-Dome Al'dani,,,4:49 AM
zT6GA8KQhWjrvpVm,8,wipe,8:11,491,12830,Eco-Dome Al'dani,,,4:52 AM
zT6GA8KQhWjrvpVm,9,wipe,8:06,486,12830,Eco-Dome Al'dani,,,5:01 AM
zT6GA8KQhWjrvpVm,10,wipe,7:09,429,12830,Eco-Dome Al'dani,,,5:23 AM
zT6GA8KQhWjrvpVm,2,wipe,1:19,79,12830,Eco-Dome Al'dani,,,4:17 AM
zT6GA8KQhWjrvpVm,3,wipe,5:50,350,12830,Eco-Dome Al'dani,,,4:20 AM
zT6GA8KQhWjrvpVm,4,wipe,8:48,528,12830,Eco-Dome Al'dani,,,4:26 AM
zT6GA8KQhWjrvpVm,5,wipe,2:17,137,12830,Eco-Dome Al'dani,,,4:40 AM
zT6GA8KQhWjrvpVm,6,wipe,0:00,0,12830,Eco-Dome Al'dani,,,4:48 AM
zT6GA8KQhWjrvpVm,7,wipe,3:21,201,12830,Eco-Dome Al'dani,,,4:49 AM
zT6GA8KQhWjrvpVm,8,wipe,8:11,491,12830,Eco-Dome Al'dani,,,4:52 AM
zT6GA8KQhWjrvpVm,9,wipe,8:06,486,12830,Eco-Dome Al'dani,,,5:01 AM
zT6GA8KQhWjrvpVm,10,wipe,7:09,429,12830,Eco-Dome Al'dani,,,5:23 AM
zT6GA8KQhWjrvpVm,,wipe,8:29,509,62662,The Dawnbreaker,14,Tyrannical,6:29 AM
xRCn1kA9KGt3prV6,,kill,32:35,1955,62660,"Ara-Kara, City of Echoes",12,Tyrannical,2:18 AM
xRCn1kA9KGt3prV6,,kill,26:25,1585,62773,Operation: Floodgate,12,Tyrannical,2:55 AM
xRCn1kA9KGt3prV6,,wipe,13:28,808,62662,The Dawnbreaker,14,Tyrannical,3:27 AM
A4QmBpJXxVDTnkNv,1,wipe,1:48,108,62649,Priory of the Sacred Flame,,,8:12 AM
A4QmBpJXxVDTnkNv,2,wipe,0:50,50,62649,Priory of the Sacred Flame,,,8:14 AM
A4QmBpJXxVDTnkNv,3,wipe,5:16,316,62662,The Dawnbreaker,,,8:24 AM
A4QmBpJXxVDTnkNv,4,wipe,8:04,484,62662,The Dawnbreaker,,,8:29 AM
A4QmBpJXxVDTnkNv,,kill,31:01,1861,62660,"Ara-Kara, City of Echoes",12,Fortified,8:46 AM
rVxJqbQNgmAWjP61,5,kill,28:40,1720,62660,"Ara-Kara, City of Echoes",,,10:41 PM
rVxJqbQNgmAWjP61,2,wipe,8:03,483,62660,"Ara-Kara, City of Echoes",,,10:01 PM
rVxJqbQNgmAWjP61,3,wipe,5:57,357,62660,"Ara-Kara, City of Echoes",,,10:09 PM
rVxJqbQNgmAWjP61,4,wipe,23:18,1398,62660,"Ara-Kara, City of Echoes",,,10:18 PM
rVxJqbQNgmAWjP61,8,kill,27:45,1665,62649,Priory of the Sacred Flame,,,12:32 AM
rVxJqbQNgmAWjP61,6,wipe,14:18,858,62649,Priory of the Sacred Flame,,,11:27 PM
rVxJqbQNgmAWjP61,7,wipe,27:40,1660,62649,Priory of the Sacred Flame,,,11:55 PM
ta6V9fDB3gGHNpzw,,kill,24:50,1490,62660,"Ara-Kara, City of Echoes",10,Xal'atath's Bargain: Pulsar,12:28 AM
7VLdhmrXgMtAbyjw,3,kill,34:19,2059,12830,Eco-Dome Al'dani,,,5:53 PM
7VLdhmrXgMtAbyjw,17,kill,36:18,2178,12830,Eco-Dome Al'dani,,,10:51 PM
7VLdhmrXgMtAbyjw,2,wipe,24:24,1464,12830,Eco-Dome Al'dani,,,5:24 PM
7VLdhmrXgMtAbyjw,7,kill,27:10,1630,62649,Priory of the Sacred Flame,,,6:36 PM
7VLdhmrXgMtAbyjw,19,kill,25:33,1533,62649,Priory of the Sacred Flame,,,12:00 AM
7VLdhmrXgMtAbyjw,18,wipe,15:16,916,62649,Priory of the Sacred Flame,,,11:39 PM
7VLdhmrXgMtAbyjw,9,kill,27:12,1632,62662,The Dawnbreaker,,,7:24 PM
7VLdhmrXgMtAbyjw,8,wipe,8:53,533,62662,The Dawnbreaker,,,7:11 PM
7VLdhmrXgMtAbyjw,,wipe,11:17,677,62660,"Ara-Kara, City of Echoes",14,Tyrannical,8:22 PM
7VLdhmrXgMtAbyjw,12,wipe,15:45,945,62773,Operation: Floodgate,,,8:50 PM
7VLdhmrXgMtAbyjw,13,wipe,2:21,141,62773,Operation: Floodgate,,,9:10 PM
7VLdhmrXgMtAbyjw,14,wipe,4:30,270,62773,Operation: Floodgate,,,9:12 PM
7VLdhmrXgMtAbyjw,15,wipe,16:32,992,62773,Operation: Floodgate,,,9:54 PM
7VLdhmrXgMtAbyjw,16,wipe,34:58,2098,62773,Operation: Floodgate,,,10:11 PM
ybVqak4JCL9cHQnX,1,kill,35:13,2113,62660,"Ara-Kara, City of Echoes",,,2:53 PM
ybVqak4JCL9cHQnX,16,kill,26:50,1610,62660,"Ara-Kara, City of Echoes",,,6:01 PM
ybVqak4JCL9cHQnX,15,wipe,4:27,267,62660,"Ara-Kara, City of Echoes",,,5:56 PM
ybVqak4JCL9cHQnX,4,kill,34:49,2089,62662,The Dawnbreaker,,,3:48 PM
ybVqak4JCL9cHQnX,12,kill,28:13,1693,62662,The Dawnbreaker,,,5:08 PM
ybVqak4JCL9cHQnX,3,wipe,17:19,1039,62662,The Dawnbreaker,,,3:31 PM
ybVqak4JCL9cHQnX,10,wipe,24:48,1488,62662,The Dawnbreaker,,,4:29 PM
ybVqak4JCL9cHQnX,11,wipe,14:14,854,62662,The Dawnbreaker,,,4:54 PM
ybVqak4JCL9cHQnX,,kill,28:16,1696,12830,Eco-Dome Al'dani,15,Tyrannical,6:32 PM
ybVqak4JCL9cHQnX,,kill,25:40,1540,62649,Priory of the Sacred Flame,15,Tyrannical,7:01 PM
ybVqak4JCL9cHQnX,19,wipe,2:40,160,62773,Operation: Floodgate,,,7:34 PM
ybVqak4JCL9cHQnX,20,wipe,7:52,472,62773,Operation: Floodgate,,,7:37 PM
ybVqak4JCL9cHQnX,21,wipe,6:20,380,62773,Operation: Floodgate,,,7:45 PM
fmwAHk27PpTCYy8N,2,kill,20:01,1201,62773,Operation: Floodgate,,,1:55 PM
fmwAHk27PpTCYy8N,1,wipe,5:59,359,62773,Operation: Floodgate,,,1:42 PM
fmwAHk27PpTCYy8N,10,wipe,2:41,161,62773,Operation: Floodgate,,,4:00 PM
fmwAHk27PpTCYy8N,11,wipe,4:07,247,62773,Operation: Floodgate,,,4:05 PM
fmwAHk27PpTCYy8N,6,kill,32:57,1977,62662,The Dawnbreaker,,,2:46 PM
fmwAHk27PpTCYy8N,3,wipe,1:56,116,62662,The Dawnbreaker,,,2:26 PM
fmwAHk27PpTCYy8N,4,wipe,1:38,98,62662,The Dawnbreaker,,,2:28 PM
fmwAHk27PpTCYy8N,5,wipe,9:06,546,62662,The Dawnbreaker,,,2:29 PM
fmwAHk27PpTCYy8N,13,wipe,7:13,433,62662,The Dawnbreaker,,,5:12 PM
fmwAHk27PpTCYy8N,14,wipe,2:26,146,62662,The Dawnbreaker,,,5:32 PM
fmwAHk27PpTCYy8N,15,kill,26:36,1596,62660,"Ara-Kara, City of Echoes",,,5:43 PM
fmwAHk27PpTCYy8N,17,kill,27:56,1676,62660,"Ara-Kara, City of Echoes",,,6:45 PM
fmwAHk27PpTCYy8N,8,wipe,1:56,116,62660,"Ara-Kara, City of Echoes",,,3:30 PM
fmwAHk27PpTCYy8N,9,wipe,6:48,408,62660,"Ara-Kara, City of Echoes",,,3:32 PM
fmwAHk27PpTCYy8N,,kill,34:16,2056,12830,Eco-Dome Al'dani,14,Fortified,4:24 PM
XMFk4GWfCP3vy6Lr,,wipe,19:29,1169,62660,"Ara-Kara, City of Echoes",12,Tyrannical,5:52 PM
fQ8j6AbzxZyVNP7T,,kill,26:45,1605,62660,"Ara-Kara, City of Echoes",14,Fortified,4:04 PM
Aqc3QM2rvV6gb4jp,,kill,37:18,2238,62773,Operation: Floodgate,16,Fortified,8:55 AM
Aqc3QM2rvV6gb4jp,,kill,29:24,1764,12830,Eco-Dome Al'dani,16,Fortified,9:37 AM
Aqc3QM2rvV6gb4jp,8,kill,28:32,1712,62660,"Ara-Kara, City of Echoes",,,10:59 AM
Aqc3QM2rvV6gb4jp,4,wipe,3:28,208,62660,"Ara-Kara, City of Echoes",,,10:15 AM
Aqc3QM2rvV6gb4jp,5,wipe,3:10,190,62660,"Ara-Kara, City of Echoes",,,10:18 AM
Aqc3QM2rvV6gb4jp,6,wipe,4:44,284,62660,"Ara-Kara, City of Echoes",,,10:21 AM
Aqc3QM2rvV6gb4jp,7,wipe,0:58,58,62660,"Ara-Kara, City of Echoes",,,10:26 AM
Aqc3QM2rvV6gb4jp,,kill,30:47,1847,62662,The Dawnbreaker,17,Fortified,11:33 AM
xBhtW9NbwnDKP7H1,,kill,28:32,1712,62660,"Ara-Kara, City of Echoes",16,Fortified,10:59 AM
kaqhmPQBW7fgrtw2,,kill,30:23,1823,12830,Eco-Dome Al'dani,12,Fortified,4:32 AM
kaqhmPQBW7fgrtw2,,kill,29:09,1749,62662,The Dawnbreaker,12,Fortified,5:09 AM
kaqhmPQBW7fgrtw2,,kill,30:55,1855,62649,Priory of the Sacred Flame,15,Fortified,10:22 AM
kaqhmPQBW7fgrtw2,7,kill,28:45,1725,62773,Operation: Floodgate,,,11:11 AM
kaqhmPQBW7fgrtw2,6,wipe,7:54,474,62773,Operation: Floodgate,,,11:00 AM
kaqhmPQBW7fgrtw2,,wipe,0:00,0,62660,"Ara-Kara, City of Echoes",14,Fortified,12:03 PM
BXVwYTNf8ZrnkpM6,,kill,32:30,1950,62660,"Ara-Kara, City of Echoes",15,,9:28 AM
8D9ZdNzcrJCFK3Q4,3,kill,42:40,2560,62660,"Ara-Kara, City of Echoes",,,6:02 AM
8D9ZdNzcrJCFK3Q4,1,wipe,3:13,193,62660,"Ara-Kara, City of Echoes",,,5:53 AM
8D9ZdNzcrJCFK3Q4,2,wipe,5:16,316,62660,"Ara-Kara, City of Echoes",,,5:56 AM
8D9ZdNzcrJCFK3Q4,6,kill,44:20,2660,62649,Priory of the Sacred Flame,,,7:07 AM
8D9ZdNzcrJCFK3Q4,8,kill,33:44,2024,62649,Priory of the Sacred Flame,,,8:01 AM
8D9ZdNzcrJCFK3Q4,7,wipe,2:40,160,62649,Priory of the Sacred Flame,,,7:58 AM
8D9ZdNzcrJCFK3Q4,,kill,49:54,2994,62662,The Dawnbreaker,14,Fortified,8:38 AM
GKwY1BdJ4nz9CqWD,1,wipe,1:48,108,62649,Priory of the Sacred Flame,,,8:12 AM
GKwY1BdJ4nz9CqWD,2,wipe,0:50,50,62649,Priory of the Sacred Flame,,,8:14 AM
GKwY1BdJ4nz9CqWD,3,wipe,5:16,316,62662,The Dawnbreaker,,,8:24 AM
GKwY1BdJ4nz9CqWD,4,wipe,8:04,484,62662,The Dawnbreaker,,,8:29 AM
GKwY1BdJ4nz9CqWD,,kill,31:01,1861,62660,"Ara-Kara, City of Echoes",12,Fortified,8:46 AM
Y9CPNfa17cwMrjFq,6,kill,27:50,1670,12830,Eco-Dome Al'dani,,,6:59 AM
Y9CPNfa17cwMrjFq,1,wipe,10:29,629,12830,Eco-Dome Al'dani,,,2:09 AM
Y9CPNfa17cwMrjFq,2,wipe,21:13,1273,12830,Eco-Dome Al'dani,,,3:55 AM
Y9CPNfa17cwMrjFq,1,wipe,10:29,629,12830,Eco-Dome Al'dani,,,2:09 AM
Y9CPNfa17cwMrjFq,2,wipe,21:13,1273,12830,Eco-Dome Al'dani,,,3:55 AM
Y9CPNfa17cwMrjFq,,kill,24:28,1468,62649,Priory of the Sacred Flame,12,,5:18 AM
Y9CPNfa17cwMrjFq,,kill,45:34,2734,62660,"Ara-Kara, City of Echoes",10,Xal'atath's Bargain: Pulsar,6:06 AM
WFc8bwhJXrdt129B,3,kill,28:52,1732,62660,"Ara-Kara, City of Echoes",,,6:21 AM
WFc8bwhJXrdt129B,1,wipe,9:37,577,62660,"Ara-Kara, City of Echoes",,,5:55 AM
WFc8bwhJXrdt129B,2,wipe,4:59,299,62660,"Ara-Kara, City of Echoes",,,6:16 AM
B6QJ9CadY2RbA7yD,2,kill,34:04,2044,12830,Eco-Dome Al'dani,,,1:02 AM
B6QJ9CadY2RbA7yD,24,kill,38:13,2293,12830,Eco-Dome Al'dani,,,5:33 AM
B6QJ9CadY2RbA7yD,1,wipe,6:16,376,12830,Eco-Dome Al'dani,,,12:56 AM
B6QJ9CadY2RbA7yD,12,kill,31:41,1901,62649,Priory of the Sacred Flame,,,2:23 AM
B6QJ9CadY2RbA7yD,10,wipe,12:31,751,62649,Priory of the Sacred Flame,,,1:59 AM
B6QJ9CadY2RbA7yD,11,wipe,3:11,191,62649,Priory of the Sacred Flame,,,2:20 AM
B6QJ9CadY2RbA7yD,17,kill,41:28,2488,62773,Operation: Floodgate,,,3:30 AM
B6QJ9CadY2RbA7yD,14,wipe,3:46,226,62773,Operation: Floodgate,,,3:15 AM
B6QJ9CadY2RbA7yD,15,wipe,7:13,433,62773,Operation: Floodgate,,,3:19 AM
B6QJ9CadY2RbA7yD,16,wipe,3:25,205,62773,Operation: Floodgate,,,3:26 AM
B6QJ9CadY2RbA7yD,20,kill,31:01,1861,62662,The Dawnbreaker,,,4:42 AM
B6QJ9CadY2RbA7yD,18,wipe,2:50,170,62662,The Dawnbreaker,,,4:29 AM
B6QJ9CadY2RbA7yD,19,wipe,9:44,584,62662,The Dawnbreaker,,,4:32 AM
B6QJ9CadY2RbA7yD,,wipe,8:57,537,62660,"Ara-Kara, City of Echoes",15,Fortified,5:21 AM
Lkr4X2W8wy6RNbfq,2,wipe,2:09,129,62660,"Ara-Kara, City of Echoes",,,5:01 AM
Lkr4X2W8wy6RNbfq,3,wipe,3:35,215,62660,"Ara-Kara, City of Echoes",,,5:03 AM
Lkr4X2W8wy6RNbfq,,wipe,1:28,88,62773,Operation: Floodgate,14,Fortified,5:20 AM
Lkr4X2W8wy6RNbfq,,kill,35:47,2147,12830,Eco-Dome Al'dani,12,Fortified,5:45 AM
4N9Y68Dwz1xRHXkr,4,kill,28:41,1721,62662,The Dawnbreaker,,,11:26 PM
4N9Y68Dwz1xRHXkr,20,kill,31:58,1918,62662,The Dawnbreaker,,,4:24 AM
4N9Y68Dwz1xRHXkr,2,wipe,12:57,777,62662,The Dawnbreaker,,,10:52 PM
4N9Y68Dwz1xRHXkr,3,wipe,13:36,816,62662,The Dawnbreaker,,,11:13 PM
4N9Y68Dwz1xRHXkr,7,kill,31:34,1894,12830,Eco-Dome Al'dani,,,12:14 AM
4N9Y68Dwz1xRHXkr,6,wipe,15:19,919,12830,Eco-Dome Al'dani,,,11:59 PM
4N9Y68Dwz1xRHXkr,16,kill,31:18,1878,62773,Operation: Floodgate,,,2:21 AM
4N9Y68Dwz1xRHXkr,9,wipe,25:01,1501,62773,Operation: Floodgate,,,12:55 AM
4N9Y68Dwz1xRHXkr,15,kill,30:44,1844,62660,"Ara-Kara, City of Echoes",,,1:38 AM
4N9Y68Dwz1xRHXkr,12,wipe,3:35,215,62660,"Ara-Kara, City of Echoes",,,1:31 AM
4N9Y68Dwz1xRHXkr,13,wipe,1:29,89,62660,"Ara-Kara, City of Echoes",,,1:34 AM
4N9Y68Dwz1xRHXkr,14,wipe,0:15,15,62660,"Ara-Kara, City of Echoes",,,1:38 AM
4N9Y68Dwz1xRHXkr,19,kill,27:54,1674,62649,Priory of the Sacred Flame,,,3:44 AM
4N9Y68Dwz1xRHXkr,17,wipe,22:05,1325,62649,Priory of the Sacred Flame,,,3:08 AM
4N9Y68Dwz1xRHXkr,18,wipe,7:51,471,62649,Priory of the Sacred Flame,,,3:31 AM
YDgkwT7favF16nJh,,wipe,10:33,633,62660,"Ara-Kara, City of Echoes",10,Xal'atath's Bargain: Ascendant,2:11 AM
YDgkwT7favF16nJh,5,kill,27:59,1679,62662,The Dawnbreaker,,,2:53 AM
YDgkwT7favF16nJh,2,wipe,5:37,337,62662,The Dawnbreaker,,,2:32 AM
YDgkwT7favF16nJh,3,wipe,3:04,184,62662,The Dawnbreaker,,,2:37 AM
MN4yQRY3vhGqC8LH,,wipe,10:33,633,62660,"Ara-Kara, City of Echoes",10,Xal'atath's Bargain: Ascendant,2:11 AM
MN4yQRY3vhGqC8LH,5,kill,27:59,1679,62662,The Dawnbreaker,,,2:53 AM
MN4yQRY3vhGqC8LH,2,wipe,5:37,337,62662,The Dawnbreaker,,,2:32 AM
MN4yQRY3vhGqC8LH,3,wipe,3:04,184,62662,The Dawnbreaker,,,2:37 AM
JnkVmbZFh4gRBqxw,,wipe,10:33,633,62660,"Ara-Kara, City of Echoes",10,Xal'atath's Bargain: Ascendant,2:11 AM
JnkVmbZFh4gRBqxw,5,kill,27:59,1679,62662,The Dawnbreaker,,,2:53 AM
JnkVmbZFh4gRBqxw,2,wipe,5:37,337,62662,The Dawnbreaker,,,2:32 AM
JnkVmbZFh4gRBqxw,3,wipe,3:04,184,62662,The Dawnbreaker,,,2:37 AM
Z41hYVHTCpxXngB6,2,wipe,3:51,231,62660,"Ara-Kara, City of Echoes",,,5:44 AM
Z41hYVHTCpxXngB6,3,wipe,1:44,104,62660,"Ara-Kara, City of Echoes",,,5:47 AM
Z41hYVHTCpxXngB6,4,wipe,20:23,1223,62660,"Ara-Kara, City of Echoes",,,5:51 AM
Z41hYVHTCpxXngB6,,wipe,39:51,2391,62773,Operation: Floodgate,14,Tyrannical,6:54 AM
7XCWfHj62B9wqbaP,7,kill,26:54,1614,62660,"Ara-Kara, City of Echoes",,,2:18 PM
7XCWfHj62B9wqbaP,1,wipe,4:05,245,62660,"Ara-Kara, City of Echoes",,,1:30 PM
7XCWfHj62B9wqbaP,2,wipe,9:10,550,62660,"Ara-Kara, City of Echoes",,,1:40 PM
7XCWfHj62B9wqbaP,3,wipe,2:51,171,62660,"Ara-Kara, City of Echoes",,,1:49 PM
7XCWfHj62B9wqbaP,4,wipe,3:52,232,62660,"Ara-Kara, City of Echoes",,,1:56 PM
7XCWfHj62B9wqbaP,5,wipe,3:00,180,62660,"Ara-Kara, City of Echoes",,,2:00 PM
7XCWfHj62B9wqbaP,6,wipe,6:58,418,62660,"Ara-Kara, City of Echoes",,,2:03 PM
7XCWfHj62B9wqbaP,17,wipe,21:17,1277,62660,"Ara-Kara, City of Echoes",,,5:34 PM
7XCWfHj62B9wqbaP,9,kill,34:21,2061,62649,Priory of the Sacred Flame,,,2:52 PM
7XCWfHj62B9wqbaP,18,wipe,1:49,109,62649,Priory of the Sacred Flame,,,6:08 PM
7XCWfHj62B9wqbaP,19,wipe,25:35,1535,62649,Priory of the Sacred Flame,,,6:10 PM
7XCWfHj62B9wqbaP,16,kill,34:23,2063,62773,Operation: Floodgate,,,4:18 PM
7XCWfHj62B9wqbaP,13,wipe,12:13,733,62773,Operation: Floodgate,,,3:44 PM
7XCWfHj62B9wqbaP,14,wipe,16:14,974,62773,Operation: Floodgate,,,3:56 PM
7XCWfHj62B9wqbaP,15,wipe,2:02,122,62773,Operation: Floodgate,,,4:12 PM
7XCWfHj62B9wqbaP,21,kill,26:01,1561,62287,Halls of Atonement,,,12:36 AM
7XCWfHj62B9wqbaP,31,kill,55:45,3345,62287,Halls of Atonement,,,3:26 AM
7XCWfHj62B9wqbaP,20,wipe,2:26,146,62287,Halls of Atonement,,,12:34 AM
7XCWfHj62B9wqbaP,29,wipe,14:00,840,62287,Halls of Atonement,,,3:09 AM
7XCWfHj62B9wqbaP,30,wipe,2:46,166,62287,Halls of Atonement,,,3:23 AM
7XCWfHj62B9wqbaP,27,kill,32:24,1944,112441,Tazavesh: Streets of Wonder,,,1:59 AM
7XCWfHj62B9wqbaP,23,wipe,6:06,366,112441,Tazavesh: Streets of Wonder,,,1:05 AM
7XCWfHj62B9wqbaP,24,kill,26:16,1576,112442,Tazavesh: So'leah's Gambit,,,1:11 AM
7XCWfHj62B9wqbaP,26,wipe,8:16,496,112442,Tazavesh: So'leah's Gambit,,,1:50 AM
7XCWfHj62B9wqbaP,28,wipe,20:52,1252,112442,Tazavesh: So'leah's Gambit,,,2:37 AM
aBPRZT6fzKV8JWyH,,wipe,16:44,1004,62649,Priory of the Sacred Flame,10,Xal'atath's Bargain: Devour,11:51 PM
aBPRZT6fzKV8JWyH,,kill,32:09,1929,62773,Operation: Floodgate,10,Xal'atath's Bargain: Devour,12:13 AM
aBPRZT6fzKV8JWyH,,wipe,11:55,715,62660,"Ara-Kara, City of Echoes",12,Tyrannical,1:13 AM
Rd7QkzHwVWADZh3X,,wipe,6:55,415,62660,"Ara-Kara, City of Echoes",12,Tyrannical,4:40 AM
Rd7QkzHwVWADZh3X,,wipe,8:33,513,62649,Priory of the Sacred Flame,12,Fortified,4:51 AM
43CRbf8at6zWpMA2,2,kill,25:38,1538,62660,"Ara-Kara, City of Echoes",,,4:05 AM
43CRbf8at6zWpMA2,4,kill,25:56,1556,62660,"Ara-Kara, City of Echoes",,,4:57 AM
43CRbf8at6zWpMA2,1,wipe,3:04,184,62660,"Ara-Kara, City of Echoes",,,4:02 AM
43CRbf8at6zWpMA2,,wipe,0:00,0,62773,Operation: Floodgate,13,Fortified,4:43 AM
JPhADxc17HaXTZmC,2,kill,22:50,1370,62649,Priory of the Sacred Flame,,,11:10 PM
JPhADxc17HaXTZmC,5,kill,28:28,1708,62649,Priory of the Sacred Flame,,,12:37 AM
JPhADxc17HaXTZmC,1,wipe,5:14,314,62649,Priory of the Sacred Flame,,,11:00 PM
JPhADxc17HaXTZmC,,wipe,0:00,0,62649,Priory of the Sacred Flame,12,Fortified,11:35 PM
JPhADxc17HaXTZmC,12,kill,27:59,1679,62662,The Dawnbreaker,,,2:53 AM
JPhADxc17HaXTZmC,4,wipe,27:05,1625,62662,The Dawnbreaker,,,11:40 PM
JPhADxc17HaXTZmC,6,wipe,14:06,846,62662,The Dawnbreaker,,,1:24 AM
JPhADxc17HaXTZmC,7,wipe,9:44,584,62662,The Dawnbreaker,,,1:44 AM
JPhADxc17HaXTZmC,9,wipe,5:37,337,62662,The Dawnbreaker,,,2:32 AM
JPhADxc17HaXTZmC,10,wipe,3:04,184,62662,The Dawnbreaker,,,2:37 AM
JPhADxc17HaXTZmC,,wipe,10:33,633,62660,"Ara-Kara, City of Echoes",10,Xal'atath's Bargain: Ascendant,2:11 AM
pc4HFfw92aNhRgBA,3,kill,26:14,1574,62660,"Ara-Kara, City of Echoes",,,12:54 AM
pc4HFfw92aNhRgBA,2,wipe,9:25,565,62660,"Ara-Kara, City of Echoes",,,12:37 AM
pc4HFfw92aNhRgBA,6,kill,32:39,1959,62662,The Dawnbreaker,,,1:48 AM
pc4HFfw92aNhRgBA,4,wipe,3:07,187,62662,The Dawnbreaker,,,1:25 AM
pc4HFfw92aNhRgBA,5,wipe,18:54,1134,62662,The Dawnbreaker,,,1:29 AM
ZANVam8hrXG3k96v,3,kill,32:25,1945,62660,"Ara-Kara, City of Echoes",,,5:30 PM
ZANVam8hrXG3k96v,2,wipe,4:03,243,62660,"Ara-Kara, City of Echoes",,,5:26 PM
ZANVam8hrXG3k96v,6,wipe,15:45,945,62773,Operation: Floodgate,,,8:48 PM
ZANVam8hrXG3k96v,9,wipe,3:25,205,62773,Operation: Floodgate,,,10:22 PM
ZANVam8hrXG3k96v,10,wipe,5:05,305,62773,Operation: Floodgate,,,10:26 PM
ZANVam8hrXG3k96v,11,wipe,9:36,576,62773,Operation: Floodgate,,,10:31 PM
ZANVam8hrXG3k96v,12,wipe,7:52,472,62773,Operation: Floodgate,,,10:40 PM
ZANVam8hrXG3k96v,16,wipe,4:43,283,62773,Operation: Floodgate,,,11:37 PM
ZANVam8hrXG3k96v,7,wipe,6:23,383,62662,The Dawnbreaker,,,9:16 PM
ZANVam8hrXG3k96v,8,wipe,22:21,1341,62662,The Dawnbreaker,,,9:30 PM
ZANVam8hrXG3k96v,13,wipe,2:29,149,62649,Priory of the Sacred Flame,,,10:56 PM
ZANVam8hrXG3k96v,14,wipe,8:16,496,62649,Priory of the Sacred Flame,,,11:10 PM
ZANVam8hrXG3k96v,15,wipe,14:21,861,62649,Priory of the Sacred Flame,,,11:18 PM
CQPtY4DN9MWhy1zr,,kill,26:31,1591,62662,The Dawnbreaker,15,Tyrannical,10:13 PM
CQPtY4DN9MWhy1zr,8,kill,28:18,1698,62660,"Ara-Kara, City of Echoes",,,11:07 PM
CQPtY4DN9MWhy1zr,4,wipe,3:27,207,62660,"Ara-Kara, City of Echoes",,,10:47 PM
CQPtY4DN9MWhy1zr,5,wipe,2:46,166,62660,"Ara-Kara, City of Echoes",,,10:50 PM
CQPtY4DN9MWhy1zr,6,wipe,11:08,668,62660,"Ara-Kara, City of Echoes",,,10:53 PM
CQPtY4DN9MWhy1zr,7,wipe,3:03,183,62660,"Ara-Kara, City of Echoes",,,11:04 PM
CQPtY4DN9MWhy1zr,10,wipe,18:58,1138,62649,Priory of the Sacred Flame,,,11:43 PM
CQPtY4DN9MWhy1zr,11,wipe,6:12,372,62649,Priory of the Sacred Flame,,,12:02 AM
pfY3xvzC2gb8HWX7,,kill,32:25,1945,62660,"Ara-Kara, City of Echoes",12,Fortified,9:40 PM
pfY3xvzC2gb8HWX7,5,kill,33:37,2017,62773,Operation: Floodgate,,,10:37 PM
pfY3xvzC2gb8HWX7,3,wipe,9:23,563,62773,Operation: Floodgate,,,10:16 PM
pfY3xvzC2gb8HWX7,4,wipe,1:42,102,62773,Operation: Floodgate,,,10:30 PM
f8rgC9N6PMRDBaWV,18,kill,29:09,1749,62773,Operation: Floodgate,,,8:11 PM
f8rgC9N6PMRDBaWV,1,wipe,20:16,1216,62773,Operation: Floodgate,,,3:17 PM
f8rgC9N6PMRDBaWV,2,wipe,4:48,288,62773,Operation: Floodgate,,,3:51 PM
f8rgC9N6PMRDBaWV,3,wipe,8:19,499,62773,Operation: Floodgate,,,3:56 PM
f8rgC9N6PMRDBaWV,4,wipe,2:26,146,62773,Operation: Floodgate,,,4:04 PM
f8rgC9N6PMRDBaWV,5,wipe,2:21,141,62773,Operation: Floodgate,,,4:07 PM
f8rgC9N6PMRDBaWV,6,wipe,7:18,438,62773,Operation: Floodgate,,,4:09 PM
f8rgC9N6PMRDBaWV,7,wipe,13:46,826,62773,Operation: Floodgate,,,4:16 PM
f8rgC9N6PMRDBaWV,23,wipe,3:25,205,62773,Operation: Floodgate,,,10:22 PM
f8rgC9N6PMRDBaWV,24,wipe,5:05,305,62773,Operation: Floodgate,,,10:25 PM
f8rgC9N6PMRDBaWV,25,wipe,9:36,576,62773,Operation: Floodgate,,,10:31 PM
f8rgC9N6PMRDBaWV,26,wipe,7:51,471,62773,Operation: Floodgate,,,10:40 PM
f8rgC9N6PMRDBaWV,12,kill,28:15,1695,62662,The Dawnbreaker,,,5:21 PM
f8rgC9N6PMRDBaWV,16,kill,31:21,1881,62662,The Dawnbreaker,,,6:43 PM
f8rgC9N6PMRDBaWV,8,wipe,2:44,164,62662,The Dawnbreaker,,,4:42 PM
f8rgC9N6PMRDBaWV,9,wipe,8:05,485,62662,The Dawnbreaker,,,4:45 PM
f8rgC9N6PMRDBaWV,10,wipe,3:33,213,62662,The Dawnbreaker,,,5:05 PM
f8rgC9N6PMRDBaWV,11,wipe,6:39,399,62662,The Dawnbreaker,,,5:11 PM
f8rgC9N6PMRDBaWV,22,kill,32:00,1920,62649,Priory of the Sacred Flame,,,9:31 PM
f8rgC9N6PMRDBaWV,14,wipe,3:17,197,62649,Priory of the Sacred Flame,,,6:17 PM
f8rgC9N6PMRDBaWV,15,wipe,15:37,937,62649,Priory of the Sacred Flame,,,6:20 PM
f8rgC9N6PMRDBaWV,20,kill,33:21,2001,62660,"Ara-Kara, City of Echoes",,,8:51 PM
f8rgC9N6PMRDBaWV,19,wipe,3:13,193,62660,"Ara-Kara, City of Echoes",,,8:48 PM
xKLzBHJnXZGNjygA,,kill,29:09,1749,62662,The Dawnbreaker,13,Tyrannical,9:29 PM
xKLzBHJnXZGNjygA,,wipe,28:48,1728,62660,"Ara-Kara, City of Echoes",13,Tyrannical,10:19 PM
2DBNZrRw4HnCfk1W,,kill,25:35,1535,62660,"Ara-Kara, City of Echoes",13,Tyrannical,7:45 AM
qdyP7nkfzQTg12Ca,2,kill,22:50,1370,62660,"Ara-Kara, City of Echoes",,,2:13 AM
qdyP7nkfzQTg12Ca,10,kill,23:21,1401,62660,"Ara-Kara, City of Echoes",,,4:21 AM
qdyP7nkfzQTg12Ca,1,wipe,6:59,419,62660,"Ara-Kara, City of Echoes",,,2:06 AM
qdyP7nkfzQTg12Ca,4,kill,33:36,2016,62662,The Dawnbreaker,,,2:43 AM
qdyP7nkfzQTg12Ca,12,wipe,10:06,606,62662,The Dawnbreaker,,,4:48 AM
qdyP7nkfzQTg12Ca,13,wipe,17:34,1054,62662,The Dawnbreaker,,,4:58 AM
qdyP7nkfzQTg12Ca,14,wipe,16:19,979,62662,The Dawnbreaker,,,5:18 AM
qdyP7nkfzQTg12Ca,,kill,29:09,1749,62773,Operation: Floodgate,15,Tyrannical,3:19 AM
XFKPjqdfJVcRYHMG,,kill,25:09,1509,62662,The Dawnbreaker,15,Fortified,8:01 AM
XFKPjqdfJVcRYHMG,,kill,26:49,1609,12830,Eco-Dome Al'dani,16,Fortified,8:43 AM
7LKgDPfNYrXC1jwq,4,kill,31:36,1896,62287,Halls of Atonement,,,8:35 PM
7LKgDPfNYrXC1jwq,1,wipe,5:21,321,62287,Halls of Atonement,,,8:05 PM
7LKgDPfNYrXC1jwq,2,wipe,14:55,895,62287,Halls of Atonement,,,8:10 PM
7LKgDPfNYrXC1jwq,3,wipe,2:37,157,62287,Halls of Atonement,,,8:32 PM
7LKgDPfNYrXC1jwq,9,kill,31:40,1900,62649,Priory of the Sacred Flame,,,9:28 PM
7LKgDPfNYrXC1jwq,21,wipe,0:00,0,62649,Priory of the Sacred Flame,,,2:15 AM
7LKgDPfNYrXC1jwq,10,kill,32:36,1956,12830,Eco-Dome Al'dani,,,10:03 PM
7LKgDPfNYrXC1jwq,22,wipe,17:59,1079,12830,Eco-Dome Al'dani,,,2:50 AM
7LKgDPfNYrXC1jwq,23,wipe,37:40,2260,12830,Eco-Dome Al'dani,,,3:08 AM
7LKgDPfNYrXC1jwq,22,wipe,17:59,1079,12830,Eco-Dome Al'dani,,,2:50 AM
7LKgDPfNYrXC1jwq,23,wipe,37:40,2260,12830,Eco-Dome Al'dani,,,3:08 AM
7LKgDPfNYrXC1jwq,11,wipe,4:11,251,62773,Operation: Floodgate,,,10:45 PM
7LKgDPfNYrXC1jwq,12,wipe,29:44,1784,62773,Operation: Floodgate,,,10:49 PM
7LKgDPfNYrXC1jwq,15,kill,28:29,1709,112442,Tazavesh: So'leah's Gambit,,,11:28 PM
7LKgDPfNYrXC1jwq,29,kill,29:36,1776,112442,Tazavesh: So'leah's Gambit,,,5:04 AM
7LKgDPfNYrXC1jwq,13,wipe,3:31,211,112442,Tazavesh: So'leah's Gambit,,,11:22 PM
7LKgDPfNYrXC1jwq,14,wipe,2:39,159,112442,Tazavesh: So'leah's Gambit,,,11:25 PM
7LKgDPfNYrXC1jwq,24,wipe,4:42,282,112442,Tazavesh: So'leah's Gambit,,,4:09 AM
7LKgDPfNYrXC1jwq,25,wipe,10:10,610,112442,Tazavesh: So'leah's Gambit,,,4:14 AM
7LKgDPfNYrXC1jwq,26,wipe,34:02,2042,112442,Tazavesh: So'leah's Gambit,,,4:24 AM
7LKgDPfNYrXC1jwq,27,wipe,2:37,157,112442,Tazavesh: So'leah's Gambit,,,4:58 AM
7LKgDPfNYrXC1jwq,28,wipe,2:41,161,112442,Tazavesh: So'leah's Gambit,,,5:01 AM
7LKgDPfNYrXC1jwq,16,wipe,5:02,302,112441,Tazavesh: Streets of Wonder,,,12:16 AM
7LKgDPfNYrXC1jwq,17,wipe,4:47,287,112441,Tazavesh: Streets of Wonder,,,12:21 AM
7LKgDPfNYrXC1jwq,18,wipe,28:12,1692,112441,Tazavesh: Streets of Wonder,,,12:26 AM
7LKgDPfNYrXC1jwq,19,wipe,1:56,116,62662,The Dawnbreaker,,,1:00 AM
7LKgDPfNYrXC1jwq,20,wipe,40:50,2450,62662,The Dawnbreaker,,,1:02 AM
B3pn2x94AchwbL86,,kill,27:31,1651,12830,Eco-Dome Al'dani,12,Fortified,3:05 AM
y8ZV7YXnNG9raWxv,,kill,29:38,1778,12830,Eco-Dome Al'dani,16,Fortified,3:52 AM
ZChrzxwgYj92cnv8,,kill,22:10,1330,12830,Eco-Dome Al'dani,14,,2:22 AM
8CG3TZLr4wBFnRQK,2,kill,29:18,1758,62662,The Dawnbreaker,,,1:43 AM
8CG3TZLr4wBFnRQK,1,wipe,7:18,438,62662,The Dawnbreaker,,,1:32 AM
8CG3TZLr4wBFnRQK,,kill,22:10,1330,12830,Eco-Dome Al'dani,14,,2:22 AM
Pft9kVcwp48ra7yK,,wipe,12:02,722,12830,Eco-Dome Al'dani,12,Fortified,8:08 PM
Pft9kVcwp48ra7yK,6,kill,18:09,1089,112442,Tazavesh: So'leah's Gambit,,,10:46 PM
Pft9kVcwp48ra7yK,4,wipe,31:19,1879,112442,Tazavesh: So'leah's Gambit,,,8:32 PM
Pft9kVcwp48ra7yK,,kill,30:21,1821,62287,Halls of Atonement,12,Fortified,9:13 PM
DcBN1vzKWHCpJY6G,,kill,28:51,1731,12830,Eco-Dome Al'dani,18,Fortified,8:55 PM
DcBN1vzKWHCpJY6G,,kill,30:03,1803,62662,The Dawnbreaker,18,Fortified,9:29 PM
GTfLc9mhaZzApdrg,3,kill,27:36,1656,62649,Priory of the Sacred Flame,,,7:00 PM
GTfLc9mhaZzApdrg,1,wipe,10:14,614,62649,Priory of the Sacred Flame,,,6:39 PM
GTfLc9mhaZzApdrg,2,wipe,5:24,324,62649,Priory of the Sacred Flame,,,6:49 PM
GTfLc9mhaZzApdrg,7,kill,26:07,1567,12830,Eco-Dome Al'dani,,,8:54 PM
GTfLc9mhaZzApdrg,4,wipe,20:44,1244,12830,Eco-Dome Al'dani,,,8:06 PM
GTfLc9mhaZzApdrg,,kill,28:42,1722,62773,Operation: Floodgate,14,,9:28 PM
kx7TMD2fWFA18bJr,,wipe,8:22,502,12830,Eco-Dome Al'dani,15,Fortified,7:34 PM
NDKbxWCh6L1yFX23,,kill,34:22,2062,112441,Tazavesh: Streets of Wonder,16,Tyrannical,5:00 PM
NDKbxWCh6L1yFX23,,kill,30:03,1803,12830,Eco-Dome Al'dani,17,Fortified,5:50 PM
qarMPC6xpAQVBgb7,3,kill,29:35,1775,12830,Eco-Dome Al'dani,,,3:19 PM
qarMPC6xpAQVBgb7,9,kill,30:03,1803,12830,Eco-Dome Al'dani,,,5:50 PM
qarMPC6xpAQVBgb7,1,wipe,21:45,1305,12830,Eco-Dome Al'dani,,,2:52 PM
qarMPC6xpAQVBgb7,2,wipe,5:28,328,12830,Eco-Dome Al'dani,,,3:14 PM
qarMPC6xpAQVBgb7,1,wipe,21:45,1305,12830,Eco-Dome Al'dani,,,2:52 PM
qarMPC6xpAQVBgb7,2,wipe,5:28,328,12830,Eco-Dome Al'dani,,,3:14 PM
qarMPC6xpAQVBgb7,7,kill,41:01,2461,62649,Priory of the Sacred Flame,,,4:04 PM
qarMPC6xpAQVBgb7,6,wipe,6:07,367,62649,Priory of the Sacred Flame,,,3:58 PM
qarMPC6xpAQVBgb7,,kill,34:22,2062,112441,Tazavesh: Streets of Wonder,16,Tyrannical,5:00 PM
XGycfP9HqtTkRVg3,,kill,34:22,2062,112441,Tazavesh: Streets of Wonder,16,Tyrannical,5:00 PM
XGycfP9HqtTkRVg3,,kill,30:03,1803,12830,Eco-Dome Al'dani,17,Fortified,5:50 PM
tPpqnVGcKaFY4zXr,,kill,33:03,1983,62287,Halls of Atonement,12,Fortified,2:46 PM
tPpqnVGcKaFY4zXr,2,wipe,7:31,451,112441,Tazavesh: Streets of Wonder,,,3:31 PM
tPpqnVGcKaFY4zXr,3,wipe,12:28,748,112441,Tazavesh: Streets of Wonder,,,3:39 PM
tPpqnVGcKaFY4zXr,5,wipe,9:14,554,112441,Tazavesh: Streets of Wonder,,,4:31 PM
tPpqnVGcKaFY4zXr,,kill,27:01,1621,12830,Eco-Dome Al'dani,12,Tyrannical,3:59 PM
tPpqnVGcKaFY4zXr,,kill,28:15,1695,112442,Tazavesh: So'leah's Gambit,12,Tyrannical,4:40 PM
DRAZkmHb4YFpW6PJ,5,kill,29:35,1775,12830,Eco-Dome Al'dani,,,3:19 PM
DRAZkmHb4YFpW6PJ,2,wipe,4:54,294,12830,Eco-Dome Al'dani,,,2:30 PM
DRAZkmHb4YFpW6PJ,3,wipe,21:45,1305,12830,Eco-Dome Al'dani,,,2:52 PM
DRAZkmHb4YFpW6PJ,4,wipe,5:28,328,12830,Eco-Dome Al'dani,,,3:14 PM
DRAZkmHb4YFpW6PJ,2,wipe,4:54,294,12830,Eco-Dome Al'dani,,,2:30 PM
DRAZkmHb4YFpW6PJ,3,wipe,21:45,1305,12830,Eco-Dome Al'dani,,,2:52 PM
DRAZkmHb4YFpW6PJ,4,wipe,5:28,328,12830,Eco-Dome Al'dani,,,3:14 PM
DRAZkmHb4YFpW6PJ,12,kill,41:01,2461,62649,Priory of the Sacred Flame,,,4:04 PM
DRAZkmHb4YFpW6PJ,10,wipe,3:39,219,62649,Priory of the Sacred Flame,,,3:58 PM
DRAZkmHb4YFpW6PJ,11,wipe,2:05,125,62649,Priory of the Sacred Flame,,,4:02 PM
2qRQgtBAkVa4XK6j,3,kill,32:35,1955,62773,Operation: Floodgate,,,12:38 PM
2qRQgtBAkVa4XK6j,1,wipe,5:15,315,62773,Operation: Floodgate,,,12:09 PM
2qRQgtBAkVa4XK6j,2,wipe,3:09,189,62773,Operation: Floodgate,,,12:14 PM
2qRQgtBAkVa4XK6j,,kill,28:49,1729,12830,Eco-Dome Al'dani,14,Tyrannical,2:17 PM
K4CTnAQ7gb2VBFLp,4,kill,38:32,2312,12830,Eco-Dome Al'dani,,,11:19 AM
K4CTnAQ7gb2VBFLp,2,wipe,21:37,1297,12830,Eco-Dome Al'dani,,,10:34 AM
K4CTnAQ7gb2VBFLp,3,wipe,23:22,1402,12830,Eco-Dome Al'dani,,,10:55 AM
K4CTnAQ7gb2VBFLp,2,wipe,21:37,1297,12830,Eco-Dome Al'dani,,,10:34 AM
K4CTnAQ7gb2VBFLp,3,wipe,23:22,1402,12830,Eco-Dome Al'dani,,,10:55 AM
FHMbqBRVrgkhfm2d,,kill,19:31,1171,12830,Eco-Dome Al'dani,12,,11:03 AM
hpxQRL6GbcVqNjFk,2,kill,59:09,3549,62773,Operation: Floodgate,,,7:43 AM
hpxQRL6GbcVqNjFk,1,wipe,2:18,138,62773,Operation: Floodgate,,,7:41 AM
hpxQRL6GbcVqNjFk,,kill,30:16,1816,12830,Eco-Dome Al'dani,15,Tyrannical,8:45 AM
pDLY4jmrhcgy7KqG,,kill,42:19,2539,12830,Eco-Dome Al'dani,16,Tyrannical,3:57 AM
pDLY4jmrhcgy7KqG,3,kill,33:59,2039,62287,Halls of Atonement,,,4:53 AM
pDLY4jmrhcgy7KqG,2,wipe,1:17,77,62287,Halls of Atonement,,,4:49 AM
pDLY4jmrhcgy7KqG,,wipe,10:01,601,112441,Tazavesh: Streets of Wonder,16,,5:45 AM
dPvjVZrJTwf9GRYp,,kill,23:24,1404,12830,Eco-Dome Al'dani,12,Tyrannical,12:41 AM
dPvjVZrJTwf9GRYp,,kill,21:52,1312,112442,Tazavesh: So'leah's Gambit,13,Tyrannical,1:16 AM
2j8hLdZyNaD6GvVm,1,kill,23:01,1381,12830,Eco-Dome Al'dani,,,8:49 PM
2j8hLdZyNaD6GvVm,11,kill,40:00,2400,12830,Eco-Dome Al'dani,,,11:00 PM
2j8hLdZyNaD6GvVm,,kill,26:12,1572,62662,The Dawnbreaker,12,Tyrannical,9:23 PM
2j8hLdZyNaD6GvVm,,kill,36:31,2191,62649,Priory of the Sacred Flame,14,Tyrannical,10:17 PM
mdGTFpCaR2yvL38V,,kill,21:19,1279,12830,Eco-Dome Al'dani,10,Xal'atath's Bargain: Pulsar,4:41 PM
Gv76tMKa9FCxwmL4,,kill,38:03,2283,12830,Eco-Dome Al'dani,10,Xal'atath's Bargain: Pulsar,10:18 PM
76tLBFrACW3vYTm1,,kill,26:24,1584,12830,Eco-Dome Al'dani,14,Tyrannical,10:05 PM
34ZtVj8FpDN67gMW,,wipe,0:00,0,12830,Eco-Dome Al'dani,2,,8:31 PM
3xtDgn7XqHMvFRL2,,wipe,0:00,0,12830,Eco-Dome Al'dani,2,,8:31 PM
M87dngfC4qcZWVAz,2,kill,29:08,1748,12830,Eco-Dome Al'dani,,,2:02 PM
M87dngfC4qcZWVAz,1,wipe,11:28,688,12830,Eco-Dome Al'dani,,,1:51 PM
M87dngfC4qcZWVAz,5,kill,32:54,1974,62287,Halls of Atonement,,,3:10 PM
M87dngfC4qcZWVAz,4,wipe,28:37,1717,62287,Halls of Atonement,,,2:42 PM
M87dngfC4qcZWVAz,11,kill,33:02,1982,112441,Tazavesh: Streets of Wonder,,,5:34 PM
M87dngfC4qcZWVAz,6,wipe,5:57,357,112441,Tazavesh: Streets of Wonder,,,3:55 PM
M87dngfC4qcZWVAz,7,wipe,22:51,1371,112441,Tazavesh: Streets of Wonder,,,4:01 PM
M87dngfC4qcZWVAz,8,wipe,37:05,2225,112441,Tazavesh: Streets of Wonder,,,4:24 PM
M87dngfC4qcZWVAz,9,wipe,15:18,918,112441,Tazavesh: Streets of Wonder,,,5:01 PM
M87dngfC4qcZWVAz,10,wipe,17:56,1076,112441,Tazavesh: Streets of Wonder,,,5:16 PM
RfpZTXP4kDhtAKQB,,kill,21:19,1279,12830,Eco-Dome Al'dani,10,Xal'atath's Bargain: Pulsar,4:41 PM
QrmtnpbkjJy2DMGw,1,kill,34:33,2073,112441,Tazavesh: Streets of Wonder,,,1:07 PM
QrmtnpbkjJy2DMGw,2,kill,27:49,1669,112441,Tazavesh: Streets of Wonder,,,2:59 PM
QrmtnpbkjJy2DMGw,4,kill,35:01,2101,112441,Tazavesh: Streets of Wonder,,,4:21 PM
QrmtnpbkjJy2DMGw,,kill,24:59,1499,12830,Eco-Dome Al'dani,15,,3:43 PM
fZWVzxrtjTBJK4mv,1,kill,34:33,2073,112441,Tazavesh: Streets of Wonder,,,1:07 PM
fZWVzxrtjTBJK4mv,2,kill,27:49,1669,112441,Tazavesh: Streets of Wonder,,,2:59 PM
fZWVzxrtjTBJK4mv,4,wipe,0:00,0,112441,Tazavesh: Streets of Wonder,,,4:21 PM
fZWVzxrtjTBJK4mv,,kill,24:59,1499,12830,Eco-Dome Al'dani,15,,3:43 PM
2hdDNw1XZMP9kmrT,,kill,30:17,1817,12830,Eco-Dome Al'dani,16,Fortified,2:24 PM
VPTdALC1mRtMFjHw,,kill,34:37,2077,62287,Halls of Atonement,14,Fortified,10:34 AM
VPTdALC1mRtMFjHw,,kill,23:47,1427,12830,Eco-Dome Al'dani,14,Fortified,11:16 AM
VPTdALC1mRtMFjHw,9,kill,25:47,1547,112442,Tazavesh: So'leah's Gambit,,,12:19 PM
VPTdALC1mRtMFjHw,7,wipe,9:12,552,112442,Tazavesh: So'leah's Gambit,,,11:48 AM
VPTdALC1mRtMFjHw,8,wipe,21:34,1294,112442,Tazavesh: So'leah's Gambit,,,11:58 AM
VPTdALC1mRtMFjHw,12,kill,35:06,2106,112441,Tazavesh: Streets of Wonder,,,1:02 PM
VPTdALC1mRtMFjHw,10,wipe,7:44,464,112441,Tazavesh: Streets of Wonder,,,12:51 PM
VPTdALC1mRtMFjHw,11,wipe,3:59,239,112441,Tazavesh: Streets of Wonder,,,12:58 PM
MXDRcqCp3h28bf6P,1,wipe,2:05,125,12830,Eco-Dome Al'dani,,,12:32 PM
MXDRcqCp3h28bf6P,2,wipe,8:44,524,12830,Eco-Dome Al'dani,,,12:55 PM
MXDRcqCp3h28bf6P,1,wipe,2:05,125,12830,Eco-Dome Al'dani,,,12:32 PM
MXDRcqCp3h28bf6P,2,wipe,8:44,524,12830,Eco-Dome Al'dani,,,12:55 PM
xvZYKHfMnjycAWqk,,wipe,13:44,824,62773,Operation: Floodgate,15,Fortified,5:41 AM
xvZYKHfMnjycAWqk,,wipe,0:45,45,12830,Eco-Dome Al'dani,6:41,,6:41 AM
3RZvbfWrHpVCY68y,,kill,23:47,1427,12830,Eco-Dome Al'dani,14,Fortified,11:16 AM
NxthQCgFr2DP4AjR,1,kill,34:34,2074,112442,Tazavesh: So'leah's Gambit,,,7:15 AM
NxthQCgFr2DP4AjR,5,kill,18:28,1108,112442,Tazavesh: So'leah's Gambit,,,9:40 AM
NxthQCgFr2DP4AjR,,kill,41:47,2507,112441,Tazavesh: Streets of Wonder,14,,7:56 AM
NxthQCgFr2DP4AjR,,kill,30:21,1821,62287,Halls of Atonement,14,,8:44 AM
NxthQCgFr2DP4AjR,,kill,33:35,2015,12830,Eco-Dome Al'dani,16,,10:05 AM
MXRyjpBgZxnQPvr3,6,kill,35:24,2124,12830,Eco-Dome Al'dani,,,7:59 AM
MXRyjpBgZxnQPvr3,2,wipe,20:14,1214,12830,Eco-Dome Al'dani,,,7:12 AM
MXRyjpBgZxnQPvr3,5,wipe,3:39,219,12830,Eco-Dome Al'dani,,,7:56 AM
MXRyjpBgZxnQPvr3,2,wipe,20:14,1214,12830,Eco-Dome Al'dani,,,7:12 AM
MXRyjpBgZxnQPvr3,5,wipe,3:39,219,12830,Eco-Dome Al'dani,,,7:56 AM
aqGQH1xmTWd9AjrN,,wipe,20:14,1214,12830,Eco-Dome Al'dani,14,Fortified,7:12 AM
FTrZNwYCbtfQy8mK,,wipe,0:00,0,12830,Eco-Dome Al'dani,2,,7:02 AM
hdn6HpBLWMbxmG49,,kill,23:06,1386,12830,Eco-Dome Al'dani,12,Fortified,3:52 AM
hdn6HpBLWMbxmG49,,kill,22:06,1326,112442,Tazavesh: So'leah's Gambit,14,Fortified,4:33 AM
hdn6HpBLWMbxmG49,,kill,28:22,1702,112441,Tazavesh: Streets of Wonder,12,Fortified,5:13 AM
hdn6HpBLWMbxmG49,11,kill,33:44,2024,62287,Halls of Atonement,,,5:57 AM
hdn6HpBLWMbxmG49,10,wipe,3:18,198,62287,Halls of Atonement,,,5:53 AM
PTgFVBMKdXQhZb6H,,wipe,0:00,0,12830,Eco-Dome Al'dani,2,,6:37 AM
h1QWRLn9bCg7yABV,,wipe,0:00,0,12830,Eco-Dome Al'dani,2,,6:37 AM
Hm4nxDvwaQqJp3jW,,wipe,29:08,1748,12830,Eco-Dome Al'dani,15,Fortified,5:59 AM
hZQdva3BpxktjJTm,,kill,23:42,1422,12830,Eco-Dome Al'dani,13,,3:00 AM
hZQdva3BpxktjJTm,,kill,41:52,2512,62287,Halls of Atonement,14,,3:58 AM
TkCxfbYQ8yR26wKW,2,kill,29:25,1765,112442,Tazavesh: So'leah's Gambit,,,3:50 AM
TkCxfbYQ8yR26wKW,1,wipe,14:26,866,112442,Tazavesh: So'leah's Gambit,,,3:36 AM
TkCxfbYQ8yR26wKW,4,kill,36:07,2167,12830,Eco-Dome Al'dani,,,4:27 AM
TkCxfbYQ8yR26wKW,3,wipe,2:58,178,12830,Eco-Dome Al'dani,,,4:24 AM
cPgxTbvpwRHZ4yLX,,kill,28:38,1718,12830,Eco-Dome Al'dani,15,Fortified,3:29 AM
aMK9w4XQ3b2gBq8V,,wipe,0:00,0,12830,Eco-Dome Al'dani,2,,2:32 AM
jD92nF6g37tcCapW,2,kill,31:28,1888,62773,Operation: Floodgate,,,1:22 AM
jD92nF6g37tcCapW,1,wipe,3:08,188,62773,Operation: Floodgate,,,1:19 AM
jD92nF6g37tcCapW,,kill,29:20,1760,12830,Eco-Dome Al'dani,19,Fortified,2:06 AM
jD92nF6g37tcCapW,,kill,26:08,1568,112442,Tazavesh: So'leah's Gambit,19,Fortified,2:49 AM
aD8XfBGYQbn2tTWR,1,kill,31:27,1887,12830,Eco-Dome Al'dani,,,12:38 AM
aD8XfBGYQbn2tTWR,2,kill,31:35,1895,12830,Eco-Dome Al'dani,,,2:23 AM
BPYNDHk7xTfZ1z42,,kill,30:57,1857,62649,Priory of the Sacred Flame,17,,1:40 AM
BPYNDHk7xTfZ1z42,,wipe,0:00,0,12830,Eco-Dome Al'dani,17,,2:40 AM
YvqkRM3WCrdzAjQJ,2,kill,31:28,1888,62773,Operation: Floodgate,,,1:22 AM
YvqkRM3WCrdzAjQJ,1,wipe,3:08,188,62773,Operation: Floodgate,,,1:19 AM
YvqkRM3WCrdzAjQJ,,kill,29:20,1760,12830,Eco-Dome Al'dani,19,Fortified,2:06 AM
zxTwjMk3VXtq6v2f,1,wipe,6:50,410,62773,Operation: Floodgate,,,11:52 PM
zxTwjMk3VXtq6v2f,5,wipe,1:26,86,62773,Operation: Floodgate,,,2:00 AM
zxTwjMk3VXtq6v2f,6,wipe,7:33,453,62773,Operation: Floodgate,,,2:01 AM
zxTwjMk3VXtq6v2f,,wipe,4:24,264,62649,Priory of the Sacred Flame,15,Fortified,12:17 AM
zxTwjMk3VXtq6v2f,,kill,31:27,1887,12830,Eco-Dome Al'dani,17,Fortified,12:38 AM
zxTwjMk3VXtq6v2f,,wipe,17:11,1031,62287,Halls of Atonement,15,Fortified,1:26 AM
WyzgA29XhbjH8PLF,,kill,29:00,1740,12830,Eco-Dome Al'dani,15,Fortified,1:12 AM
xhpkY7qMZd8jDacJ,2,kill,22:35,1355,12830,Eco-Dome Al'dani,,,7:54 PM
xhpkY7qMZd8jDacJ,4,kill,26:25,1585,12830,Eco-Dome Al'dani,,,8:28 PM
xhpkY7qMZd8jDacJ,1,wipe,4:49,289,12830,Eco-Dome Al'dani,,,7:41 PM
xhpkY7qMZd8jDacJ,,wipe,21:39,1299,62662,The Dawnbreaker,12,Fortified,9:37 PM
djLcQZHwtqN8WXRM,,wipe,12:47,767,112442,Tazavesh: So'leah's Gambit,12,,7:20 PM
djLcQZHwtqN8WXRM,3,kill,22:35,1355,12830,Eco-Dome Al'dani,,,7:54 PM
djLcQZHwtqN8WXRM,5,kill,26:25,1585,12830,Eco-Dome Al'dani,,,8:28 PM
djLcQZHwtqN8WXRM,2,wipe,4:49,289,12830,Eco-Dome Al'dani,,,7:41 PM
djLcQZHwtqN8WXRM,,wipe,21:39,1299,62662,The Dawnbreaker,12,Fortified,9:37 PM
Vag8Rw6CGXyxHZKp,2,kill,27:43,1663,12830,Eco-Dome Al'dani,,,5:22 AM
Vag8Rw6CGXyxHZKp,3,kill,23:40,1420,12830,Eco-Dome Al'dani,,,5:58 AM
Vag8Rw6CGXyxHZKp,1,wipe,9:39,579,12830,Eco-Dome Al'dani,,,4:58 AM
pVrLHdxW1qTgDZYK,,wipe,9:01,541,12830,Eco-Dome Al'dani,12,Tyrannical,8:36 AM
dVpJg7GzaCyckDNx,,kill,35:18,2118,62649,Priory of the Sacred Flame,12,Tyrannical,4:42 PM
dVpJg7GzaCyckDNx,,kill,29:23,1763,62773,Operation: Floodgate,12,,5:35 PM
dVpJg7GzaCyckDNx,,kill,28:47,1727,12830,Eco-Dome Al'dani,12,,6:12 PM
4HWbfrkQTnCxLA2Y,,kill,27:46,1666,12830,Eco-Dome Al'dani,18,Fortified,5:31 PM
HaxZ7A14jfn6TDzc,6,kill,37:48,2268,62287,Halls of Atonement,,,3:33 PM
HaxZ7A14jfn6TDzc,1,wipe,3:28,208,62287,Halls of Atonement,,,12:35 PM
HaxZ7A14jfn6TDzc,2,wipe,27:03,1623,62287,Halls of Atonement,,,12:38 PM
HaxZ7A14jfn6TDzc,3,wipe,18:23,1103,62287,Halls of Atonement,,,2:04 PM
HaxZ7A14jfn6TDzc,5,wipe,23:40,1420,62287,Halls of Atonement,,,3:06 PM
HaxZ7A14jfn6TDzc,,wipe,27:40,1660,62773,Operation: Floodgate,17,Tyrannical,2:29 PM
HaxZ7A14jfn6TDzc,,kill,25:45,1545,112442,Tazavesh: So'leah's Gambit,17,Tyrannical,4:19 PM
HaxZ7A14jfn6TDzc,8,wipe,6:59,419,112441,Tazavesh: Streets of Wonder,,,4:56 PM
HaxZ7A14jfn6TDzc,9,wipe,21:53,1313,112441,Tazavesh: Streets of Wonder,,,5:03 PM
HaxZ7A14jfn6TDzc,,kill,28:45,1725,12830,Eco-Dome Al'dani,17,Fortified,5:32 PM
N2kcHGP1F4LhjBtA,,kill,44:48,2688,62287,Halls of Atonement,12,Tyrannical,2:07 AM
N2kcHGP1F4LhjBtA,,kill,30:23,1823,12830,Eco-Dome Al'dani,13,Tyrannical,3:07 AM
N2kcHGP1F4LhjBtA,,kill,28:22,1702,112442,Tazavesh: So'leah's Gambit,14,Tyrannical,4:03 AM
N2kcHGP1F4LhjBtA,,kill,36:42,2202,112441,Tazavesh: Streets of Wonder,13,Tyrannical,5:00 AM
bfZD9RXMKJP6dxGT,,kill,29:37,1777,12830,Eco-Dome Al'dani,12,Tyrannical,4:49 PM
V3AmD4cvQqnKX7FH,,wipe,15:27,927,12830,Eco-Dome Al'dani,12,Tyrannical,11:10 AM
V3AmD4cvQqnKX7FH,,wipe,40:17,2417,62287,Halls of Atonement,12,Tyrannical,11:53 AM
QzMZGWqmKDXBNYrT,,wipe,15:27,927,12830,Eco-Dome Al'dani,12,Tyrannical,11:10 AM
QzMZGWqmKDXBNYrT,,wipe,40:17,2417,62287,Halls of Atonement,12,Tyrannical,11:53 AM
ZyvAG8xCDmjRzhTN,,kill,23:58,1438,12830,Eco-Dome Al'dani,14,Tyrannical,6:38 AM
ZyvAG8xCDmjRzhTN,3,kill,31:32,1892,112442,Tazavesh: So'leah's Gambit,,,7:11 AM
ZyvAG8xCDmjRzhTN,2,wipe,1:59,119,112442,Tazavesh: So'leah's Gambit,,,7:09 AM
ZyvAG8xCDmjRzhTN,,kill,37:15,2235,62773,Operation: Floodgate,16,Tyrannical,7:47 AM
ZyvAG8xCDmjRzhTN,6,kill,26:21,1581,62287,Halls of Atonement,,,9:06 AM
ZyvAG8xCDmjRzhTN,9,wipe,3:23,203,62287,Halls of Atonement,,,9:43 AM
ZyvAG8xCDmjRzhTN,11,wipe,0:00,0,62287,Halls of Atonement,,,9:51 AM
ZyvAG8xCDmjRzhTN,12,wipe,0:56,56,62287,Halls of Atonement,,,9:51 AM
VzkHBYRphvcg3TAq,,kill,30:06,1806,12830,Eco-Dome Al'dani,12,Tyrannical,6:52 AM
W19f2NnKzTqdgZbJ,2,kill,27:43,1663,12830,Eco-Dome Al'dani,,,5:22 AM
W19f2NnKzTqdgZbJ,3,kill,23:40,1420,12830,Eco-Dome Al'dani,,,5:58 AM
W19f2NnKzTqdgZbJ,1,wipe,9:39,579,12830,Eco-Dome Al'dani,,,4:58 AM
qT2fdk8XhBtgnANz,,kill,28:40,1720,12830,Eco-Dome Al'dani,15,Tyrannical,5:23 AM
jqHhaw93ZMKTJ7cn,2,kill,27:43,1663,12830,Eco-Dome Al'dani,,,5:22 AM
jqHhaw93ZMKTJ7cn,1,wipe,9:39,579,12830,Eco-Dome Al'dani,,,4:58 AM
Ha3hn2QVYWqXTtgk,,wipe,9:39,579,12830,Eco-Dome Al'dani,15,Tyrannical,4:58 AM
ZpDajrWXK42HgLkR,1,kill,28:59,1739,12830,Eco-Dome Al'dani,,,5:28 PM
ZpDajrWXK42HgLkR,74,kill,23:37,1417,12830,Eco-Dome Al'dani,,,11:40 PM
ZpDajrWXK42HgLkR,73,wipe,15:50,950,12830,Eco-Dome Al'dani,,,11:24 PM
ZpDajrWXK42HgLkR,2,kill,41:16,2476,62287,Halls of Atonement,,,6:05 PM
ZpDajrWXK42HgLkR,15,kill,28:28,1708,62287,Halls of Atonement,,,7:47 PM
ZpDajrWXK42HgLkR,18,kill,26:14,1574,62287,Halls of Atonement,,,8:58 PM
ZpDajrWXK42HgLkR,62,kill,33:38,2018,62287,Halls of Atonement,,,6:42 PM
ZpDajrWXK42HgLkR,68,kill,40:50,2450,62287,Halls of Atonement,,,8:08 PM
ZpDajrWXK42HgLkR,13,wipe,1:50,110,62287,Halls of Atonement,,,7:39 PM
ZpDajrWXK42HgLkR,14,wipe,2:54,174,62287,Halls of Atonement,,,7:44 PM
ZpDajrWXK42HgLkR,64,wipe,0:00,0,62287,Halls of Atonement,,,7:17 PM
ZpDajrWXK42HgLkR,65,wipe,1:19,79,62287,Halls of Atonement,,,7:28 PM
ZpDajrWXK42HgLkR,66,wipe,1:56,116,62287,Halls of Atonement,,,7:30 PM
ZpDajrWXK42HgLkR,67,wipe,30:58,1858,62287,Halls of Atonement,,,7:32 PM
ZpDajrWXK42HgLkR,72,wipe,22:16,1336,62287,Halls of Atonement,,,7:49 AM
ZpDajrWXK42HgLkR,94,wipe,9:47,587,62287,Halls of Atonement,,,6:39 PM
VqkA7vQtnPpz68r2,4,kill,30:03,1803,12830,Eco-Dome Al'dani,,,8:25 PM
VqkA7vQtnPpz68r2,1,wipe,12:58,778,12830,Eco-Dome Al'dani,,,7:57 PM
VqkA7vQtnPpz68r2,2,wipe,1:17,77,12830,Eco-Dome Al'dani,,,8:10 PM
VqkA7vQtnPpz68r2,3,wipe,10:04,604,12830,Eco-Dome Al'dani,,,8:14 PM
VqkA7vQtnPpz68r2,1,wipe,12:58,778,12830,Eco-Dome Al'dani,,,7:57 PM
VqkA7vQtnPpz68r2,2,wipe,1:17,77,12830,Eco-Dome Al'dani,,,8:10 PM
VqkA7vQtnPpz68r2,3,wipe,10:04,604,12830,Eco-Dome Al'dani,,,8:14 PM
1tAVWr2cDLJ4MpZ6,,kill,28:22,1702,12830,Eco-Dome Al'dani,10,Xal'atath's Bargain: Ascendant,5:50 PM
1tAVWr2cDLJ4MpZ6,,wipe,19:47,1187,62287,Halls of Atonement,8,Xal'atath's Bargain: Ascendant,6:32 PM
1tAVWr2cDLJ4MpZ6,,wipe,5:09,309,112441,Tazavesh: Streets of Wonder,12,Tyrannical,7:23 PM
9bkP3YRQtzmTjKnN,,kill,28:22,1702,12830,Eco-Dome Al'dani,10,Xal'atath's Bargain: Ascendant,5:50 PM
YZNRaVPtTrC7hDzk,,kill,28:22,1702,12830,Eco-Dome Al'dani,10,Xal'atath's Bargain: Ascendant,5:50 PM
XxFpTNz7RB8t4a96,,kill,24:28,1468,12830,Eco-Dome Al'dani,14,Fortified,4:47 PM
a3FQfrPCvLD6zb1J,,kill,22:28,1348,12830,Eco-Dome Al'dani,16,,10:46 AM
a3FQfrPCvLD6zb1J,,kill,29:49,1789,62773,Operation: Floodgate,15,Fortified,11:51 AM
xVwkGQ78qBYyCzvr,,kill,31:01,1861,12830,Eco-Dome Al'dani,15,Fortified,10:54 AM
xzdw7NPcv9nJj6mW,,kill,23:26,1406,62773,Operation: Floodgate,12,Fortified,6:45 AM
xzdw7NPcv9nJj6mW,,kill,18:16,1096,112442,Tazavesh: So'leah's Gambit,12,Fortified,7:22 AM
xzdw7NPcv9nJj6mW,4,kill,30:37,1837,12830,Eco-Dome Al'dani,,,7:59 AM
xzdw7NPcv9nJj6mW,3,wipe,4:03,243,12830,Eco-Dome Al'dani,,,7:55 AM
xzdw7NPcv9nJj6mW,,kill,24:43,1483,62287,Halls of Atonement,12,Fortified,8:33 AM
xzdw7NPcv9nJj6mW,11,kill,31:36,1896,62662,The Dawnbreaker,,,9:17 AM
xzdw7NPcv9nJj6mW,10,wipe,2:37,157,62662,The Dawnbreaker,,,9:14 AM
kAZBx1jCM63dPF2b,,kill,24:46,1486,62287,Halls of Atonement,12,,6:00 AM
kAZBx1jCM63dPF2b,,kill,26:21,1581,12830,Eco-Dome Al'dani,14,Fortified,6:44 AM
ZdgwXcNvrxa4GMfm,,wipe,15:39,939,62662,The Dawnbreaker,15,Fortified,6:17 AM
ZdgwXcNvrxa4GMfm,17,kill,26:21,1581,12830,Eco-Dome Al'dani,,,6:44 AM
ZdgwXcNvrxa4GMfm,16,wipe,1:45,105,12830,Eco-Dome Al'dani,,,6:38 AM
c3GTHwP9jRAkfrpY,1,wipe,9:48,588,12830,Eco-Dome Al'dani,,,4:53 AM
c3GTHwP9jRAkfrpY,2,wipe,26:10,1570,12830,Eco-Dome Al'dani,,,5:02 AM
c3GTHwP9jRAkfrpY,1,wipe,9:48,588,12830,Eco-Dome Al'dani,,,4:53 AM
c3GTHwP9jRAkfrpY,2,wipe,26:10,1570,12830,Eco-Dome Al'dani,,,5:02 AM
c3GTHwP9jRAkfrpY,,kill,28:44,1724,112442,Tazavesh: So'leah's Gambit,15,Fortified,5:44 AM
c3GTHwP9jRAkfrpY,,kill,35:31,2131,112441,Tazavesh: Streets of Wonder,15,Fortified,6:16 AM
CZazPrqvk72fg4Nw,,kill,23:13,1393,12830,Eco-Dome Al'dani,14,Fortified,3:51 AM
CZazPrqvk72fg4Nw,,kill,30:55,1855,62662,The Dawnbreaker,14,Fortified,4:22 AM
2WTDbrKcw7khNxCp,1,wipe,2:59,179,62287,Halls of Atonement,,,11:56 PM
2WTDbrKcw7khNxCp,2,wipe,5:11,311,62287,Halls of Atonement,,,11:59 PM
2WTDbrKcw7khNxCp,3,wipe,3:22,202,62287,Halls of Atonement,,,12:10 AM
2WTDbrKcw7khNxCp,9,kill,28:57,1737,12830,Eco-Dome Al'dani,,,1:38 AM
2WTDbrKcw7khNxCp,4,wipe,2:57,177,12830,Eco-Dome Al'dani,,,12:30 AM
2WTDbrKcw7khNxCp,5,wipe,14:14,854,12830,Eco-Dome Al'dani,,,12:33 AM
2WTDbrKcw7khNxCp,6,wipe,9:23,563,12830,Eco-Dome Al'dani,,,1:03 AM
2WTDbrKcw7khNxCp,7,wipe,12:41,761,12830,Eco-Dome Al'dani,,,1:19 AM
2WTDbrKcw7khNxCp,4,wipe,2:57,177,12830,Eco-Dome Al'dani,,,12:30 AM
2WTDbrKcw7khNxCp,5,wipe,14:14,854,12830,Eco-Dome Al'dani,,,12:33 AM
2WTDbrKcw7khNxCp,6,wipe,9:23,563,12830,Eco-Dome Al'dani,,,1:03 AM
2WTDbrKcw7khNxCp,7,wipe,12:41,761,12830,Eco-Dome Al'dani,,,1:19 AM
tfxWyvbGX6d2kHmq,1,wipe,23:59,1439,62662,The Dawnbreaker,,,9:51 PM
tfxWyvbGX6d2kHmq,2,wipe,4:31,271,62662,The Dawnbreaker,,,10:26 PM
tfxWyvbGX6d2kHmq,3,wipe,12:57,777,62662,The Dawnbreaker,,,10:30 PM
tfxWyvbGX6d2kHmq,4,wipe,12:20,740,112441,Tazavesh: Streets of Wonder,,,10:53 PM
tfxWyvbGX6d2kHmq,5,wipe,11:59,719,112441,Tazavesh: Streets of Wonder,,,11:05 PM
tfxWyvbGX6d2kHmq,6,wipe,15:49,949,112441,Tazavesh: Streets of Wonder,,,11:17 PM
tfxWyvbGX6d2kHmq,11,kill,31:49,1909,62773,Operation: Floodgate,,,11:58 PM
tfxWyvbGX6d2kHmq,7,wipe,2:21,141,62773,Operation: Floodgate,,,11:40 PM
tfxWyvbGX6d2kHmq,8,wipe,8:54,534,62773,Operation: Floodgate,,,11:42 PM
tfxWyvbGX6d2kHmq,9,wipe,3:39,219,62773,Operation: Floodgate,,,11:51 PM
tfxWyvbGX6d2kHmq,10,wipe,2:47,167,62773,Operation: Floodgate,,,11:55 PM
tfxWyvbGX6d2kHmq,14,kill,30:56,1856,12830,Eco-Dome Al'dani,,,1:02 AM
tfxWyvbGX6d2kHmq,12,wipe,8:45,525,12830,Eco-Dome Al'dani,,,12:47 AM
tfxWyvbGX6d2kHmq,13,wipe,2:53,173,12830,Eco-Dome Al'dani,,,12:59 AM
tfxWyvbGX6d2kHmq,12,wipe,8:45,525,12830,Eco-Dome Al'dani,,,12:47 AM
tfxWyvbGX6d2kHmq,13,wipe,2:53,173,12830,Eco-Dome Al'dani,,,12:59 AM
3vgxYCWTG9BwJHqb,4,kill,19:45,1185,62773,Operation: Floodgate,,,6:56 PM
3vgxYCWTG9BwJHqb,5,kill,38:07,2287,62773,Operation: Floodgate,,,7:51 PM
3vgxYCWTG9BwJHqb,1,wipe,10:26,626,62773,Operation: Floodgate,,,5:24 PM
3vgxYCWTG9BwJHqb,3,kill,36:48,2208,12830,Eco-Dome Al'dani,,,5:50 PM
3vgxYCWTG9BwJHqb,2,wipe,10:31,631,12830,Eco-Dome Al'dani,,,5:40 PM
3vgxYCWTG9BwJHqb,,kill,24:36,1476,62649,Priory of the Sacred Flame,12,Fortified,11:16 PM
L7q8bhVKmw6xtfnZ,,wipe,10:26,626,62773,Operation: Floodgate,16,Fortified,5:24 PM
L7q8bhVKmw6xtfnZ,,wipe,7:13,433,12830,Eco-Dome Al'dani,15,Fortified,5:40 PM
WafGtADMhrqpyH4K,,kill,20:18,1218,12830,Eco-Dome Al'dani,15,,10:55 AM
WafGtADMhrqpyH4K,4,kill,25:48,1548,62649,Priory of the Sacred Flame,,,12:05 PM
WafGtADMhrqpyH4K,3,wipe,7:14,434,62649,Priory of the Sacred Flame,,,11:58 AM
hPacVTK7j4nByzLW,1,kill,31:47,1907,62287,Halls of Atonement,,,4:53 AM
hPacVTK7j4nByzLW,4,kill,31:52,1912,62287,Halls of Atonement,,,7:12 AM
hPacVTK7j4nByzLW,2,wipe,7:22,442,62287,Halls of Atonement,,,6:35 AM
hPacVTK7j4nByzLW,3,wipe,3:56,236,62287,Halls of Atonement,,,7:08 AM
hPacVTK7j4nByzLW,,kill,36:38,2198,62662,The Dawnbreaker,14,Tyrannical,8:31 AM
hPacVTK7j4nByzLW,,kill,26:47,1607,12830,Eco-Dome Al'dani,14,,9:14 AM
hPacVTK7j4nByzLW,10,kill,25:31,1531,112442,Tazavesh: So'leah's Gambit,,,9:55 AM
hPacVTK7j4nByzLW,9,wipe,6:08,368,112442,Tazavesh: So'leah's Gambit,,,9:49 AM
chFQ4qYCXfKp831B,,kill,28:49,1729,12830,Eco-Dome Al'dani,12,Tyrannical,8:31 AM
chFQ4qYCXfKp831B,2,wipe,11:06,666,112441,Tazavesh: Streets of Wonder,,,9:10 AM
chFQ4qYCXfKp831B,3,wipe,29:07,1747,112441,Tazavesh: Streets of Wonder,,,9:21 AM
chFQ4qYCXfKp831B,4,wipe,15:17,917,112441,Tazavesh: Streets of Wonder,,,9:50 AM
chFQ4qYCXfKp831B,,wipe,20:33,1233,62287,Halls of Atonement,12,,10:36 AM
C9WRAQ18VdZy3ctr,,kill,24:39,1479,12830,Eco-Dome Al'dani,14,Tyrannical,8:34 AM
C9WRAQ18VdZy3ctr,,kill,25:49,1549,62662,The Dawnbreaker,15,Tyrannical,9:16 AM
dBCL6rzPaKWVwHgY,,kill,24:39,1479,12830,Eco-Dome Al'dani,14,Tyrannical,8:35 AM
dBCL6rzPaKWVwHgY,3,kill,25:49,1549,62662,The Dawnbreaker,,,9:16 AM
dBCL6rzPaKWVwHgY,2,wipe,2:47,167,62662,The Dawnbreaker,,,9:09 AM
YKr7PZFzvTNMjVf4,,kill,24:39,1479,12830,Eco-Dome Al'dani,14,Tyrannical,8:34 AM
LdqPaT3VkwZJCtGb,,kill,24:39,1479,12830,Eco-Dome Al'dani,14,Tyrannical,8:35 AM
xRYLhZaH6gPD4Mf9,14,kill,23:12,1392,12830,Eco-Dome Al'dani,,,11:31 PM
xRYLhZaH6gPD4Mf9,19,kill,28:00,1680,12830,Eco-Dome Al'dani,,,5:04 AM
xRYLhZaH6gPD4Mf9,1,wipe,17:31,1051,12830,Eco-Dome Al'dani,,,7:15 PM
xRYLhZaH6gPD4Mf9,10,wipe,9:26,566,12830,Eco-Dome Al'dani,,,2:01 AM
xRYLhZaH6gPD4Mf9,11,wipe,5:08,308,12830,Eco-Dome Al'dani,,,2:10 AM
xRYLhZaH6gPD4Mf9,1,wipe,17:31,1051,12830,Eco-Dome Al'dani,,,7:15 PM
xRYLhZaH6gPD4Mf9,10,wipe,9:26,566,12830,Eco-Dome Al'dani,,,2:01 AM
xRYLhZaH6gPD4Mf9,11,wipe,5:08,308,12830,Eco-Dome Al'dani,,,2:10 AM
xRYLhZaH6gPD4Mf9,,wipe,14:22,862,112441,Tazavesh: Streets of Wonder,14,Fortified,8:07 PM
xRYLhZaH6gPD4Mf9,12,kill,33:44,2024,62287,Halls of Atonement,,,6:45 PM
xRYLhZaH6gPD4Mf9,21,kill,35:04,2104,62287,Halls of Atonement,,,6:01 AM
xRYLhZaH6gPD4Mf9,20,wipe,1:54,114,62287,Halls of Atonement,,,5:54 AM
xRYLhZaH6gPD4Mf9,18,kill,28:35,1715,112442,Tazavesh: So'leah's Gambit,,,12:17 AM
xRYLhZaH6gPD4Mf9,13,wipe,0:00,0,112442,Tazavesh: So'leah's Gambit,,,7:35 PM
x9whL7KkNH641zBV,5,kill,31:58,1918,112441,Tazavesh: Streets of Wonder,,,4:14 PM
x9whL7KkNH641zBV,1,wipe,10:33,633,112441,Tazavesh: Streets of Wonder,,,3:15 PM
x9whL7KkNH641zBV,2,wipe,27:47,1667,112441,Tazavesh: Streets of Wonder,,,3:26 PM
x9whL7KkNH641zBV,3,wipe,7:32,452,112441,Tazavesh: Streets of Wonder,,,3:53 PM
x9whL7KkNH641zBV,4,wipe,13:25,805,112441,Tazavesh: Streets of Wonder,,,4:01 PM
x9whL7KkNH641zBV,8,kill,27:10,1630,12830,Eco-Dome Al'dani,,,5:09 PM
x9whL7KkNH641zBV,6,wipe,2:12,132,12830,Eco-Dome Al'dani,,,4:50 PM
x9whL7KkNH641zBV,7,wipe,7:36,456,12830,Eco-Dome Al'dani,,,4:52 PM
x9whL7KkNH641zBV,6,wipe,2:12,132,12830,Eco-Dome Al'dani,,,4:50 PM
x9whL7KkNH641zBV,7,wipe,7:36,456,12830,Eco-Dome Al'dani,,,4:52 PM
P8gq6GyLZFXDhYAN,26,kill,27:22,1642,62662,The Dawnbreaker,,,4:10 AM
P8gq6GyLZFXDhYAN,1,wipe,10:31,631,62662,The Dawnbreaker,,,7:48 PM
P8gq6GyLZFXDhYAN,11,wipe,10:12,612,62662,The Dawnbreaker,,,11:36 PM
P8gq6GyLZFXDhYAN,19,wipe,18:54,1134,62662,The Dawnbreaker,,,2:23 AM
P8gq6GyLZFXDhYAN,25,wipe,8:44,524,62662,The Dawnbreaker,,,3:55 AM
P8gq6GyLZFXDhYAN,28,wipe,4:03,243,62662,The Dawnbreaker,,,4:47 AM
P8gq6GyLZFXDhYAN,2,wipe,1:03:00,3780,112442,Tazavesh: So'leah's Gambit,,,8:05 PM
P8gq6GyLZFXDhYAN,15,wipe,6:02,362,112442,Tazavesh: So'leah's Gambit,,,12:48 AM
P8gq6GyLZFXDhYAN,,wipe,6:29,389,62773,Operation: Floodgate,9:44,,9:44 PM
P8gq6GyLZFXDhYAN,16,kill,27:26,1646,62287,Halls of Atonement,,,1:25 AM
P8gq6GyLZFXDhYAN,7,wipe,31:37,1897,62287,Halls of Atonement,,,10:09 PM
P8gq6GyLZFXDhYAN,9,kill,30:58,1858,62649,Priory of the Sacred Flame,,,10:58 PM
P8gq6GyLZFXDhYAN,13,kill,30:17,1817,62649,Priory of the Sacred Flame,,,12:00 AM
P8gq6GyLZFXDhYAN,8,wipe,1:57,117,62649,Priory of the Sacred Flame,,,10:56 PM
P8gq6GyLZFXDhYAN,12,wipe,0:09,9,62649,Priory of the Sacred Flame,,,12:00 AM
P8gq6GyLZFXDhYAN,20,kill,21:38,1298,12830,Eco-Dome Al'dani,,,2:56 AM
P8gq6GyLZFXDhYAN,29,kill,27:55,1675,12830,Eco-Dome Al'dani,,,4:53 AM
P8gq6GyLZFXDhYAN,24,wipe,7:39,459,12830,Eco-Dome Al'dani,,,3:39 AM
FCx7wBVgtjX1HGYm,1,wipe,8:51,531,62773,Operation: Floodgate,,,4:09 PM
FCx7wBVgtjX1HGYm,2,wipe,30:50,1850,62773,Operation: Floodgate,,,4:18 PM
FCx7wBVgtjX1HGYm,16,wipe,2:39,159,62773,Operation: Floodgate,,,10:43 PM
FCx7wBVgtjX1HGYm,17,wipe,6:37,397,62773,Operation: Floodgate,,,10:45 PM
FCx7wBVgtjX1HGYm,18,wipe,6:09,369,62773,Operation: Floodgate,,,10:52 PM
FCx7wBVgtjX1HGYm,19,wipe,6:16,376,62773,Operation: Floodgate,,,10:58 PM
FCx7wBVgtjX1HGYm,21,wipe,7:44,464,62773,Operation: Floodgate,,,11:13 PM
FCx7wBVgtjX1HGYm,22,wipe,20:07,1207,62773,Operation: Floodgate,,,11:21 PM
FCx7wBVgtjX1HGYm,7,kill,28:57,1737,62662,The Dawnbreaker,,,8:02 PM
FCx7wBVgtjX1HGYm,3,wipe,13:43,823,62662,The Dawnbreaker,,,4:56 PM
FCx7wBVgtjX1HGYm,15,kill,36:18,2178,62649,Priory of the Sacred Flame,,,9:49 PM
FCx7wBVgtjX1HGYm,4,wipe,29:09,1749,62649,Priory of the Sacred Flame,,,5:24 PM
FCx7wBVgtjX1HGYm,5,wipe,27:19,1639,62287,Halls of Atonement,,,6:44 PM
FCx7wBVgtjX1HGYm,6,wipe,17:59,1079,62287,Halls of Atonement,,,7:11 PM
FCx7wBVgtjX1HGYm,9,wipe,3:20,200,112441,Tazavesh: Streets of Wonder,,,8:39 PM
FCx7wBVgtjX1HGYm,10,wipe,16:30,990,112441,Tazavesh: Streets of Wonder,,,8:42 PM
FCx7wBVgtjX1HGYm,,kill,28:06,1686,12830,Eco-Dome Al'dani,16,Tyrannical,9:11 PM
FCx7wBVgtjX1HGYm,,kill,29:31,1771,112442,Tazavesh: So'leah's Gambit,18,Tyrannical,11:54 PM
LD7qd3YVtacKJQxy,1,wipe,5:56,356,12830,Eco-Dome Al'dani,,,6:12 AM
LD7qd3YVtacKJQxy,2,wipe,6:45,405,12830,Eco-Dome Al'dani,,,6:18 AM
LD7qd3YVtacKJQxy,3,wipe,7:38,458,12830,Eco-Dome Al'dani,,,6:25 AM
LD7qd3YVtacKJQxy,1,wipe,5:56,356,12830,Eco-Dome Al'dani,,,6:12 AM
LD7qd3YVtacKJQxy,2,wipe,6:45,405,12830,Eco-Dome Al'dani,,,6:18 AM
LD7qd3YVtacKJQxy,3,wipe,7:38,458,12830,Eco-Dome Al'dani,,,6:25 AM
LD7qd3YVtacKJQxy,,kill,23:01,1381,62649,Priory of the Sacred Flame,15,,6:58 AM
LD7qd3YVtacKJQxy,7,wipe,2:37,157,62287,Halls of Atonement,,,7:31 AM
LD7qd3YVtacKJQxy,8,wipe,7:01,421,62287,Halls of Atonement,,,7:33 AM
LD7qd3YVtacKJQxy,,wipe,8:48,528,62662,The Dawnbreaker,16,Fortified,7:50 AM
LtTJqC8ZRG6FDQ2K,,kill,27:34,1654,112442,Tazavesh: So'leah's Gambit,14,Tyrannical,1:26 AM
LtTJqC8ZRG6FDQ2K,,kill,31:01,1861,12830,Eco-Dome Al'dani,16,Tyrannical,2:05 AM
LtTJqC8ZRG6FDQ2K,,wipe,13:54,834,62662,The Dawnbreaker,15,Tyrannical,2:44 AM
LtTJqC8ZRG6FDQ2K,4,kill,31:43,1903,62287,Halls of Atonement,,,3:04 AM
LtTJqC8ZRG6FDQ2K,5,wipe,4:05,245,62287,Halls of Atonement,,,3:44 AM
LtTJqC8ZRG6FDQ2K,6,wipe,4:23,263,62287,Halls of Atonement,,,3:48 AM
Dm4v6fyqFbYR9cMp,,kill,27:34,1654,112442,Tazavesh: So'leah's Gambit,14,Tyrannical,1:26 AM
Dm4v6fyqFbYR9cMp,,kill,31:01,1861,12830,Eco-Dome Al'dani,16,Tyrannical,2:05 AM
7zFHk23Tg9tXDKBa,8,wipe,4:02,242,12830,Eco-Dome Al'dani,,,10:22 PM
7zFHk23Tg9tXDKBa,9,wipe,0:42,42,12830,Eco-Dome Al'dani,,,10:26 PM
7zFHk23Tg9tXDKBa,10,wipe,6:36,396,12830,Eco-Dome Al'dani,,,10:27 PM
7zFHk23Tg9tXDKBa,12,wipe,0:00,0,12830,Eco-Dome Al'dani,,,11:00 PM
7zFHk23Tg9tXDKBa,14,wipe,6:53,413,12830,Eco-Dome Al'dani,,,11:11 PM
7zFHk23Tg9tXDKBa,15,wipe,0:00,0,12830,Eco-Dome Al'dani,,,11:18 PM
7zFHk23Tg9tXDKBa,17,wipe,0:00,0,12830,Eco-Dome Al'dani,,,11:37 PM
7zFHk23Tg9tXDKBa,8,wipe,4:02,242,12830,Eco-Dome Al'dani,,,10:22 PM
7zFHk23Tg9tXDKBa,9,wipe,0:42,42,12830,Eco-Dome Al'dani,,,10:26 PM
7zFHk23Tg9tXDKBa,10,wipe,6:36,396,12830,Eco-Dome Al'dani,,,10:27 PM
7zFHk23Tg9tXDKBa,12,wipe,0:00,0,12830,Eco-Dome Al'dani,,,11:00 PM
7zFHk23Tg9tXDKBa,14,wipe,6:53,413,12830,Eco-Dome Al'dani,,,11:11 PM
7zFHk23Tg9tXDKBa,15,wipe,0:00,0,12830,Eco-Dome Al'dani,,,11:18 PM
7zFHk23Tg9tXDKBa,17,wipe,0:00,0,12830,Eco-Dome Al'dani,,,11:37 PM
62PDNRBYMvTFxVz8,2,kill,50:18,3018,62287,Halls of Atonement,,,9:18 PM
62PDNRBYMvTFxVz8,1,wipe,2:49,169,62287,Halls of Atonement,,,9:15 PM
62PDNRBYMvTFxVz8,,kill,36:52,2212,12830,Eco-Dome Al'dani,12,Tyrannical,10:10 PM
62PDNRBYMvTFxVz8,,kill,26:41,1601,112442,Tazavesh: So'leah's Gambit,12,Tyrannical,11:12 PM
43RGYXCDvqhBP2bj,8,wipe,4:02,242,12830,Eco-Dome Al'dani,,,10:22 PM
43RGYXCDvqhBP2bj,9,wipe,0:42,42,12830,Eco-Dome Al'dani,,,10:26 PM
43RGYXCDvqhBP2bj,10,wipe,6:36,396,12830,Eco-Dome Al'dani,,,10:27 PM
43RGYXCDvqhBP2bj,12,wipe,0:00,0,12830,Eco-Dome Al'dani,,,11:00 PM
43RGYXCDvqhBP2bj,14,wipe,6:53,413,12830,Eco-Dome Al'dani,,,11:11 PM
43RGYXCDvqhBP2bj,15,wipe,0:00,0,12830,Eco-Dome Al'dani,,,11:18 PM
43RGYXCDvqhBP2bj,17,wipe,0:00,0,12830,Eco-Dome Al'dani,,,11:37 PM
43RGYXCDvqhBP2bj,8,wipe,4:02,242,12830,Eco-Dome Al'dani,,,10:22 PM
43RGYXCDvqhBP2bj,9,wipe,0:42,42,12830,Eco-Dome Al'dani,,,10:26 PM
43RGYXCDvqhBP2bj,10,wipe,6:36,396,12830,Eco-Dome Al'dani,,,10:27 PM
43RGYXCDvqhBP2bj,12,wipe,0:00,0,12830,Eco-Dome Al'dani,,,11:00 PM
43RGYXCDvqhBP2bj,14,wipe,6:53,413,12830,Eco-Dome Al'dani,,,11:11 PM
43RGYXCDvqhBP2bj,15,wipe,0:00,0,12830,Eco-Dome Al'dani,,,11:18 PM
43RGYXCDvqhBP2bj,17,wipe,0:00,0,12830,Eco-Dome Al'dani,,,11:37 PM
yK8w472X6nLxTRYb,1,kill,28:33,1713,62662,The Dawnbreaker,,,3:12 AM
yK8w472X6nLxTRYb,5,wipe,2:06,126,62662,The Dawnbreaker,,,4:17 AM
yK8w472X6nLxTRYb,6,wipe,24:52,1492,62662,The Dawnbreaker,,,4:19 AM
yK8w472X6nLxTRYb,3,wipe,16:33,993,12830,Eco-Dome Al'dani,,,3:51 AM
yK8w472X6nLxTRYb,4,wipe,0:00,0,12830,Eco-Dome Al'dani,,,4:08 AM
yK8w472X6nLxTRYb,3,wipe,16:33,993,12830,Eco-Dome Al'dani,,,3:51 AM
yK8w472X6nLxTRYb,4,wipe,0:00,0,12830,Eco-Dome Al'dani,,,4:08 AM
yK8w472X6nLxTRYb,7,wipe,2:13,133,112441,Tazavesh: Streets of Wonder,,,5:15 AM
yK8w472X6nLxTRYb,8,wipe,2:17,137,112441,Tazavesh: Streets of Wonder,,,5:17 AM
mg6K3wrXM2W4Lnf8,,kill,1:05:29,3929,12830,Eco-Dome Al'dani,12,Fortified,10:28 PM
mg6K3wrXM2W4Lnf8,5,kill,52:08,3128,62287,Halls of Atonement,,,11:55 PM
mg6K3wrXM2W4Lnf8,4,wipe,3:59,239,62287,Halls of Atonement,,,11:51 PM
3DpMwyL6Hb4gqxJ9,,wipe,5:20,320,112442,Tazavesh: So'leah's Gambit,14,Tyrannical,9:43 PM
3DpMwyL6Hb4gqxJ9,,kill,29:16,1756,12830,Eco-Dome Al'dani,12,Tyrannical,9:52 PM
3qMhAPnmvFw2pyra,,wipe,0:00,0,12830,Eco-Dome Al'dani,2,,7:01 PM
GMpmb1BHZgPcxqJj,,wipe,0:00,0,12830,Eco-Dome Al'dani,2,,7:01 PM
Q4a9HfkMbcVvL8wz,,wipe,0:00,0,12830,Eco-Dome Al'dani,2,,7:01 PM
D9g3c2MxpdYN4WzQ,,wipe,0:00,0,12830,Eco-Dome Al'dani,2,,7:01 PM
wm8PakjCY1A9h2tG,,wipe,22:56,1376,12830,Eco-Dome Al'dani,12,Tyrannical,5:50 PM
WD49dZ2mwN6VGaYg,,wipe,22:56,1376,12830,Eco-Dome Al'dani,12,Tyrannical,5:50 PM
prRJahHm7kFCWTVD,,kill,44:12,2652,62287,Halls of Atonement,14,Fortified,4:08 PM
prRJahHm7kFCWTVD,,kill,37:00,2220,12830,Eco-Dome Al'dani,14,Fortified,4:53 PM
prRJahHm7kFCWTVD,,kill,34:06,2046,62662,The Dawnbreaker,14,Tyrannical,5:34 PM
RrThZa8wP4yMNqdC,,wipe,15:56,956,112441,Tazavesh: Streets of Wonder,12,Fortified,10:07 PM
RrThZa8wP4yMNqdC,3,wipe,1:51,111,62287,Halls of Atonement,,,10:31 PM
RrThZa8wP4yMNqdC,6,wipe,36:54,2214,62287,Halls of Atonement,,,11:36 PM
RrThZa8wP4yMNqdC,4,wipe,2:32,152,12830,Eco-Dome Al'dani,,,10:39 PM
RrThZa8wP4yMNqdC,5,wipe,27:38,1658,12830,Eco-Dome Al'dani,,,10:42 PM
RrThZa8wP4yMNqdC,4,wipe,2:32,152,12830,Eco-Dome Al'dani,,,10:39 PM
RrThZa8wP4yMNqdC,5,wipe,27:38,1658,12830,Eco-Dome Al'dani,,,10:42 PM
DcMtGKxQafVhRAC1,2,kill,30:18,1818,12830,Eco-Dome Al'dani,,,2:55 PM
DcMtGKxQafVhRAC1,1,wipe,20:17,1217,12830,Eco-Dome Al'dani,,,2:34 PM
DcMtGKxQafVhRAC1,12,kill,31:59,1919,112441,Tazavesh: Streets of Wonder,,,5:34 PM
DcMtGKxQafVhRAC1,7,wipe,17:30,1050,112441,Tazavesh: Streets of Wonder,,,4:05 PM
DcMtGKxQafVhRAC1,8,wipe,12:22,742,112441,Tazavesh: Streets of Wonder,,,4:22 PM
DcMtGKxQafVhRAC1,13,wipe,2:21,141,112441,Tazavesh: Streets of Wonder,,,6:26 PM
DcMtGKxQafVhRAC1,9,wipe,12:00,720,62287,Halls of Atonement,,,4:52 PM
DcMtGKxQafVhRAC1,10,wipe,20:46,1246,62287,Halls of Atonement,,,5:04 PM
3MAFRcYZVkxP2zQN,1,kill,23:04,1384,12830,Eco-Dome Al'dani,,,3:39 AM
3MAFRcYZVkxP2zQN,9,kill,24:16,1456,12830,Eco-Dome Al'dani,,,6:53 AM
3MAFRcYZVkxP2zQN,7,kill,42:19,2539,62287,Halls of Atonement,,,5:11 AM
3MAFRcYZVkxP2zQN,2,wipe,13:45,825,62287,Halls of Atonement,,,4:15 AM
3MAFRcYZVkxP2zQN,3,wipe,2:06,126,62287,Halls of Atonement,,,4:29 AM
3MAFRcYZVkxP2zQN,4,wipe,25:45,1545,62287,Halls of Atonement,,,4:31 AM
3MAFRcYZVkxP2zQN,5,wipe,6:33,393,62287,Halls of Atonement,,,4:57 AM
3MAFRcYZVkxP2zQN,6,wipe,7:54,474,62287,Halls of Atonement,,,5:03 AM
3MAFRcYZVkxP2zQN,,wipe,21:41,1301,112442,Tazavesh: So'leah's Gambit,14,Fortified,6:05 AM
hyMvrZxHJwWmk18d,,kill,25:43,1543,12830,Eco-Dome Al'dani,13,Fortified,6:30 AM
vmXYtDF43xkbqMTV,,kill,23:04,1384,12830,Eco-Dome Al'dani,14,,3:39 AM
vmXYtDF43xkbqMTV,7,kill,42:19,2539,62287,Halls of Atonement,,,5:11 AM
vmXYtDF43xkbqMTV,2,wipe,4:26,266,62287,Halls of Atonement,,,4:15 AM
vmXYtDF43xkbqMTV,3,wipe,2:07,127,62287,Halls of Atonement,,,4:29 AM
vmXYtDF43xkbqMTV,4,wipe,4:07,247,62287,Halls of Atonement,,,4:31 AM
vmXYtDF43xkbqMTV,5,wipe,6:34,394,62287,Halls of Atonement,,,4:57 AM
vmXYtDF43xkbqMTV,6,wipe,3:47,227,62287,Halls of Atonement,,,5:03 AM
yKv31GLVzRd7Crcw,,wipe,11:31,691,112442,Tazavesh: So'leah's Gambit,12,Fortified,4:21 AM
yKv31GLVzRd7Crcw,,kill,25:13,1513,12830,Eco-Dome Al'dani,15,Fortified,4:39 AM
b4YJ7BHzXAjtDwTL,,wipe,22:16,1336,62287,Halls of Atonement,12,Fortified,10:03 PM
b4YJ7BHzXAjtDwTL,3,kill,24:33,1473,12830,Eco-Dome Al'dani,,,10:56 PM
b4YJ7BHzXAjtDwTL,2,wipe,18:16,1096,12830,Eco-Dome Al'dani,,,10:33 PM
b4YJ7BHzXAjtDwTL,5,wipe,0:00,0,12830,Eco-Dome Al'dani,,,11:30 PM
b4YJ7BHzXAjtDwTL,6,wipe,16:04,964,12830,Eco-Dome Al'dani,,,11:44 PM
b4YJ7BHzXAjtDwTL,8,wipe,14:12,852,12830,Eco-Dome Al'dani,,,12:26 AM
b4YJ7BHzXAjtDwTL,9,wipe,5:01,301,12830,Eco-Dome Al'dani,,,12:41 AM
b4YJ7BHzXAjtDwTL,2,wipe,18:16,1096,12830,Eco-Dome Al'dani,,,10:33 PM
b4YJ7BHzXAjtDwTL,5,wipe,0:00,0,12830,Eco-Dome Al'dani,,,11:30 PM
b4YJ7BHzXAjtDwTL,6,wipe,16:04,964,12830,Eco-Dome Al'dani,,,11:44 PM
b4YJ7BHzXAjtDwTL,8,wipe,14:12,852,12830,Eco-Dome Al'dani,,,12:26 AM
b4YJ7BHzXAjtDwTL,9,wipe,5:01,301,12830,Eco-Dome Al'dani,,,12:41 AM
QThVFRpazWw9DH62,2,kill,28:14,1694,12830,Eco-Dome Al'dani,,,12:12 AM
QThVFRpazWw9DH62,1,wipe,2:34,154,12830,Eco-Dome Al'dani,,,12:10 AM
LV1jAFza2fgrRN3D,,wipe,15:56,956,112441,Tazavesh: Streets of Wonder,12,Fortified,10:07 PM
LV1jAFza2fgrRN3D,3,wipe,1:51,111,62287,Halls of Atonement,,,10:31 PM
LV1jAFza2fgrRN3D,6,wipe,36:54,2214,62287,Halls of Atonement,,,11:36 PM
LV1jAFza2fgrRN3D,4,wipe,2:32,152,12830,Eco-Dome Al'dani,,,10:39 PM
LV1jAFza2fgrRN3D,5,wipe,27:38,1658,12830,Eco-Dome Al'dani,,,10:42 PM
LV1jAFza2fgrRN3D,4,wipe,2:32,152,12830,Eco-Dome Al'dani,,,10:39 PM
LV1jAFza2fgrRN3D,5,wipe,27:38,1658,12830,Eco-Dome Al'dani,,,10:42 PM
fRkAyJHjdphKq6Za,,wipe,15:56,956,112441,Tazavesh: Streets of Wonder,12,Fortified,10:07 PM
fRkAyJHjdphKq6Za,,wipe,1:51,111,62287,Halls of Atonement,10,Xal'atath's Bargain: Devour,10:31 PM
fRkAyJHjdphKq6Za,4,wipe,2:32,152,12830,Eco-Dome Al'dani,,,10:39 PM
fRkAyJHjdphKq6Za,5,wipe,27:38,1658,12830,Eco-Dome Al'dani,,,10:42 PM
fRkAyJHjdphKq6Za,4,wipe,2:32,152,12830,Eco-Dome Al'dani,,,10:39 PM
fRkAyJHjdphKq6Za,5,wipe,27:38,1658,12830,Eco-Dome Al'dani,,,10:42 PM
xkzrPJMF8tQR6TjY,,kill,24:33,1473,12830,Eco-Dome Al'dani,14,Fortified,10:56 PM
dkywjvtcHG6RhN1D,1,kill,31:13,1873,112441,Tazavesh: Streets of Wonder,,,6:56 PM
dkywjvtcHG6RhN1D,8,kill,31:42,1902,112441,Tazavesh: Streets of Wonder,,,9:31 PM
dkywjvtcHG6RhN1D,5,wipe,5:00,300,112441,Tazavesh: Streets of Wonder,,,9:04 PM
dkywjvtcHG6RhN1D,6,wipe,16:29,989,112441,Tazavesh: Streets of Wonder,,,9:09 PM
dkywjvtcHG6RhN1D,7,wipe,5:21,321,112441,Tazavesh: Streets of Wonder,,,9:26 PM
dkywjvtcHG6RhN1D,,wipe,17:22,1042,62287,Halls of Atonement,17,Fortified,7:38 PM
dkywjvtcHG6RhN1D,4,kill,28:28,1708,12830,Eco-Dome Al'dani,,,8:27 PM
dkywjvtcHG6RhN1D,15,kill,28:25,1705,12830,Eco-Dome Al'dani,,,10:22 PM
dkywjvtcHG6RhN1D,3,wipe,29:04,1744,12830,Eco-Dome Al'dani,,,7:58 PM
dkywjvtcHG6RhN1D,11,wipe,3:48,228,12830,Eco-Dome Al'dani,,,10:08 PM
dkywjvtcHG6RhN1D,12,wipe,1:52,112,12830,Eco-Dome Al'dani,,,10:12 PM
dkywjvtcHG6RhN1D,13,wipe,3:23,203,12830,Eco-Dome Al'dani,,,10:14 PM
dkywjvtcHG6RhN1D,14,wipe,4:12,252,12830,Eco-Dome Al'dani,,,10:18 PM
dkywjvtcHG6RhN1D,3,wipe,29:04,1744,12830,Eco-Dome Al'dani,,,7:58 PM
dkywjvtcHG6RhN1D,11,wipe,3:48,228,12830,Eco-Dome Al'dani,,,10:08 PM
dkywjvtcHG6RhN1D,12,wipe,1:52,112,12830,Eco-Dome Al'dani,,,10:12 PM
dkywjvtcHG6RhN1D,13,wipe,3:23,203,12830,Eco-Dome Al'dani,,,10:14 PM
dkywjvtcHG6RhN1D,14,wipe,4:12,252,12830,Eco-Dome Al'dani,,,10:18 PM
nc7QJ9bG3LHfVm6B,,wipe,5:24,324,12830,Eco-Dome Al'dani,15,Fortified,6:09 PM
nc7QJ9bG3LHfVm6B,5,kill,36:42,2202,62287,Halls of Atonement,,,6:46 PM
nc7QJ9bG3LHfVm6B,2,wipe,4:42,282,62287,Halls of Atonement,,,6:17 PM
nc7QJ9bG3LHfVm6B,3,wipe,0:57,57,62287,Halls of Atonement,,,6:29 PM
nc7QJ9bG3LHfVm6B,4,wipe,3:41,221,62287,Halls of Atonement,,,6:40 PM
JwRAXNqz2436hx8B,2,kill,32:11,1931,62287,Halls of Atonement,,,7:42 PM
JwRAXNqz2436hx8B,3,kill,32:51,1971,62287,Halls of Atonement,,,9:10 PM
JwRAXNqz2436hx8B,1,wipe,2:22,142,62287,Halls of Atonement,,,7:40 PM
JwRAXNqz2436hx8B,,kill,20:48,1248,112442,Tazavesh: So'leah's Gambit,12,Tyrannical,10:04 PM
JwRAXNqz2436hx8B,,kill,22:17,1337,12830,Eco-Dome Al'dani,12,Tyrannical,10:32 PM
m1KZfvkL7Y84rABb,,kill,28:38,1718,112441,Tazavesh: Streets of Wonder,15,Tyrannical,4:25 PM
m1KZfvkL7Y84rABb,,wipe,7:03,423,112442,Tazavesh: So'leah's Gambit,14,Fortified,5:32 PM
m1KZfvkL7Y84rABb,,kill,28:55,1735,12830,Eco-Dome Al'dani,14,Fortified,5:53 PM
pLJBKrHhj8wbMz4x,,wipe,6:27,387,12830,Eco-Dome Al'dani,14,Tyrannical,3:55 PM
4cTCp986rAyKhfVq,,kill,29:50,1790,12830,Eco-Dome Al'dani,17,Tyrannical,12:37 PM
HaMFhvpndt6Lc38K,1,kill,37:59,2279,12830,Eco-Dome Al'dani,,,9:26 AM
HaMFhvpndt6Lc38K,2,wipe,6:29,389,12830,Eco-Dome Al'dani,,,10:11 AM
Kd3AHNtpyxWcrFT7,,kill,37:59,2279,12830,Eco-Dome Al'dani,18,Tyrannical,9:26 AM
DBRbFNnQWzd2Gh4X,2,kill,26:12,1572,12830,Eco-Dome Al'dani,,,8:07 AM
DBRbFNnQWzd2Gh4X,1,wipe,7:34,454,12830,Eco-Dome Al'dani,,,7:59 AM
DBRbFNnQWzd2Gh4X,5,kill,29:58,1798,112442,Tazavesh: So'leah's Gambit,,,8:56 AM
DBRbFNnQWzd2Gh4X,4,wipe,10:34,634,112442,Tazavesh: So'leah's Gambit,,,8:45 AM
6QGFAfVkHgTpyLZD,,kill,30:36,1836,112441,Tazavesh: Streets of Wonder,12,Tyrannical,6:15 AM
6QGFAfVkHgTpyLZD,,kill,30:51,1851,12830,Eco-Dome Al'dani,12,Tyrannical,6:56 AM
6QGFAfVkHgTpyLZD,5,kill,26:17,1577,112442,Tazavesh: So'leah's Gambit,,,7:50 AM
6QGFAfVkHgTpyLZD,3,wipe,5:29,329,112442,Tazavesh: So'leah's Gambit,,,7:36 AM
6QGFAfVkHgTpyLZD,4,wipe,8:01,481,112442,Tazavesh: So'leah's Gambit,,,7:42 AM
6QGFAfVkHgTpyLZD,,kill,34:47,2087,62287,Halls of Atonement,12,Tyrannical,8:26 AM
BbJ8XYpNaCFPRz9t,14,kill,32:56,1976,112441,Tazavesh: Streets of Wonder,,,6:54 PM
BbJ8XYpNaCFPRz9t,2,wipe,8:07,487,112441,Tazavesh: Streets of Wonder,,,3:26 PM
BbJ8XYpNaCFPRz9t,3,wipe,5:22,322,112441,Tazavesh: Streets of Wonder,,,3:34 PM
BbJ8XYpNaCFPRz9t,4,wipe,11:19,679,112441,Tazavesh: Streets of Wonder,,,3:40 PM
BbJ8XYpNaCFPRz9t,5,wipe,5:48,348,112441,Tazavesh: Streets of Wonder,,,3:51 PM
BbJ8XYpNaCFPRz9t,12,wipe,1:45,105,112441,Tazavesh: Streets of Wonder,,,6:36 PM
BbJ8XYpNaCFPRz9t,13,wipe,16:47,1007,112441,Tazavesh: Streets of Wonder,,,6:38 PM
BbJ8XYpNaCFPRz9t,11,kill,29:45,1785,12830,Eco-Dome Al'dani,,,5:37 PM
BbJ8XYpNaCFPRz9t,6,wipe,27:25,1645,12830,Eco-Dome Al'dani,,,4:06 PM
BbJ8XYpNaCFPRz9t,7,wipe,13:22,802,112442,Tazavesh: So'leah's Gambit,,,4:52 PM
BbJ8XYpNaCFPRz9t,8,wipe,3:08,188,112442,Tazavesh: So'leah's Gambit,,,5:05 PM
BbJ8XYpNaCFPRz9t,9,wipe,10:33,633,112442,Tazavesh: So'leah's Gambit,,,5:08 PM
BbJ8XYpNaCFPRz9t,10,wipe,8:19,499,112442,Tazavesh: So'leah's Gambit,,,5:19 PM
hxv4KBGWM9LRpTHz,1,kill,29:14,1754,12830,Eco-Dome Al'dani,,,2:03 AM
hxv4KBGWM9LRpTHz,8,kill,35:47,2147,12830,Eco-Dome Al'dani,,,4:51 AM
hxv4KBGWM9LRpTHz,2,wipe,1:18,78,12830,Eco-Dome Al'dani,,,2:54 AM
hxv4KBGWM9LRpTHz,3,wipe,13:37,817,12830,Eco-Dome Al'dani,,,2:55 AM
hxv4KBGWM9LRpTHz,4,wipe,1:09,69,12830,Eco-Dome Al'dani,,,3:11 AM
hxv4KBGWM9LRpTHz,2,wipe,1:18,78,12830,Eco-Dome Al'dani,,,2:54 AM
hxv4KBGWM9LRpTHz,3,wipe,13:37,817,12830,Eco-Dome Al'dani,,,2:55 AM
hxv4KBGWM9LRpTHz,4,wipe,1:09,69,12830,Eco-Dome Al'dani,,,3:11 AM
hxv4KBGWM9LRpTHz,6,kill,47:06,2826,62287,Halls of Atonement,,,4:03 AM
hxv4KBGWM9LRpTHz,5,wipe,35:37,2137,62287,Halls of Atonement,,,3:20 AM
kB4Grg8vAMdjqcNn,,kill,30:07,1807,12830,Eco-Dome Al'dani,14,Tyrannical,6:36 AM
DpfmybaG9k1hVdRZ,,kill,30:07,1807,12830,Eco-Dome Al'dani,14,Tyrannical,6:35 AM
kpvdJXBHgTYVybWa,,kill,35:52,2152,12830,Eco-Dome Al'dani,14,Tyrannical,2:27 AM
kpvdJXBHgTYVybWa,3,kill,49:56,2996,62287,Halls of Atonement,,,3:15 AM
kpvdJXBHgTYVybWa,2,wipe,5:05,305,62287,Halls of Atonement,,,3:10 AM
kpvdJXBHgTYVybWa,,kill,45:32,2732,112442,Tazavesh: So'leah's Gambit,14,Tyrannical,5:02 AM
bJgKcmrZqAQTazhw,2,kill,29:30,1770,112442,Tazavesh: So'leah's Gambit,,,6:39 PM
bJgKcmrZqAQTazhw,29,kill,29:45,1785,112442,Tazavesh: So'leah's Gambit,,,1:24 AM
bJgKcmrZqAQTazhw,1,wipe,3:08,188,112442,Tazavesh: So'leah's Gambit,,,6:36 PM
bJgKcmrZqAQTazhw,23,wipe,5:23,323,112442,Tazavesh: So'leah's Gambit,,,12:51 AM
bJgKcmrZqAQTazhw,24,wipe,8:28,508,112442,Tazavesh: So'leah's Gambit,,,12:56 AM
bJgKcmrZqAQTazhw,25,wipe,1:48,108,112442,Tazavesh: So'leah's Gambit,,,1:05 AM
bJgKcmrZqAQTazhw,26,wipe,2:21,141,112442,Tazavesh: So'leah's Gambit,,,1:07 AM
bJgKcmrZqAQTazhw,27,wipe,4:27,267,112442,Tazavesh: So'leah's Gambit,,,1:09 AM
bJgKcmrZqAQTazhw,28,wipe,10:26,626,112442,Tazavesh: So'leah's Gambit,,,1:14 AM
bJgKcmrZqAQTazhw,9,kill,28:33,1713,12830,Eco-Dome Al'dani,,,9:33 PM
bJgKcmrZqAQTazhw,3,wipe,18:51,1131,12830,Eco-Dome Al'dani,,,7:15 PM
bJgKcmrZqAQTazhw,4,wipe,31:20,1880,12830,Eco-Dome Al'dani,,,7:34 PM
bJgKcmrZqAQTazhw,5,wipe,13:39,819,12830,Eco-Dome Al'dani,,,8:05 PM
bJgKcmrZqAQTazhw,6,wipe,39:30,2370,12830,Eco-Dome Al'dani,,,8:19 PM
bJgKcmrZqAQTazhw,7,wipe,23:37,1417,12830,Eco-Dome Al'dani,,,8:58 PM
bJgKcmrZqAQTazhw,8,wipe,11:05,665,12830,Eco-Dome Al'dani,,,9:22 PM
bJgKcmrZqAQTazhw,3,wipe,18:51,1131,12830,Eco-Dome Al'dani,,,7:15 PM
bJgKcmrZqAQTazhw,4,wipe,31:20,1880,12830,Eco-Dome Al'dani,,,7:34 PM
bJgKcmrZqAQTazhw,5,wipe,13:39,819,12830,Eco-Dome Al'dani,,,8:05 PM
bJgKcmrZqAQTazhw,6,wipe,39:30,2370,12830,Eco-Dome Al'dani,,,8:19 PM
bJgKcmrZqAQTazhw,7,wipe,23:37,1417,12830,Eco-Dome Al'dani,,,8:58 PM
bJgKcmrZqAQTazhw,8,wipe,11:05,665,12830,Eco-Dome Al'dani,,,9:22 PM
bJgKcmrZqAQTazhw,11,kill,33:25,2005,112441,Tazavesh: Streets of Wonder,,,10:37 PM
bJgKcmrZqAQTazhw,10,wipe,5:52,352,112441,Tazavesh: Streets of Wonder,,,10:31 PM
bJgKcmrZqAQTazhw,12,wipe,6:59,419,112441,Tazavesh: Streets of Wonder,,,11:21 PM
bJgKcmrZqAQTazhw,13,wipe,16:24,984,112441,Tazavesh: Streets of Wonder,,,11:28 PM
bJgKcmrZqAQTazhw,14,wipe,3:13,193,112441,Tazavesh: Streets of Wonder,,,11:45 PM
bJgKcmrZqAQTazhw,15,wipe,6:38,398,112441,Tazavesh: Streets of Wonder,,,11:48 PM
bJgKcmrZqAQTazhw,16,wipe,4:28,268,112441,Tazavesh: Streets of Wonder,,,11:55 PM
bJgKcmrZqAQTazhw,17,wipe,14:15,855,112441,Tazavesh: Streets of Wonder,,,11:59 PM
bJgKcmrZqAQTazhw,18,wipe,3:51,231,112441,Tazavesh: Streets of Wonder,,,12:13 AM
bJgKcmrZqAQTazhw,19,wipe,4:22,262,112441,Tazavesh: Streets of Wonder,,,12:17 AM
bJgKcmrZqAQTazhw,20,wipe,10:51,651,112441,Tazavesh: Streets of Wonder,,,12:22 AM
bJgKcmrZqAQTazhw,21,wipe,6:36,396,112441,Tazavesh: Streets of Wonder,,,12:33 AM
bJgKcmrZqAQTazhw,22,wipe,11:53,713,112441,Tazavesh: Streets of Wonder,,,12:39 AM
bJgKcmrZqAQTazhw,30,wipe,3:30,210,112441,Tazavesh: Streets of Wonder,,,2:20 AM
bJgKcmrZqAQTazhw,31,wipe,7:43,463,112441,Tazavesh: Streets of Wonder,,,2:23 AM
bJgKcmrZqAQTazhw,32,wipe,4:02,242,112441,Tazavesh: Streets of Wonder,,,2:31 AM
bJgKcmrZqAQTazhw,33,wipe,7:37,457,112441,Tazavesh: Streets of Wonder,,,2:35 AM
bJgKcmrZqAQTazhw,34,wipe,18:49,1129,112441,Tazavesh: Streets of Wonder,,,2:42 AM
bJgKcmrZqAQTazhw,35,wipe,7:41,461,112441,Tazavesh: Streets of Wonder,,,3:01 AM
bJgKcmrZqAQTazhw,36,wipe,3:00,180,112441,Tazavesh: Streets of Wonder,,,3:09 AM
bJgKcmrZqAQTazhw,37,wipe,6:41,401,112441,Tazavesh: Streets of Wonder,,,3:12 AM
bJgKcmrZqAQTazhw,38,wipe,3:14,194,112441,Tazavesh: Streets of Wonder,,,3:19 AM
bJgKcmrZqAQTazhw,39,wipe,3:29,209,112441,Tazavesh: Streets of Wonder,,,4:11 AM
bJgKcmrZqAQTazhw,40,wipe,8:19,499,112441,Tazavesh: Streets of Wonder,,,4:15 AM
bJgKcmrZqAQTazhw,41,wipe,3:22,202,112441,Tazavesh: Streets of Wonder,,,4:23 AM
bJgKcmrZqAQTazhw,42,wipe,1:51,111,112441,Tazavesh: Streets of Wonder,,,4:27 AM
bJgKcmrZqAQTazhw,43,wipe,2:44,164,112441,Tazavesh: Streets of Wonder,,,4:29 AM
bJgKcmrZqAQTazhw,44,wipe,6:48,408,112441,Tazavesh: Streets of Wonder,,,4:31 AM
8xYFfgRdcDBMCXGL,1,wipe,10:24,624,12830,Eco-Dome Al'dani,,,2:43 AM
8xYFfgRdcDBMCXGL,2,wipe,9:11,551,12830,Eco-Dome Al'dani,,,2:54 AM
8xYFfgRdcDBMCXGL,3,wipe,25:46,1546,12830,Eco-Dome Al'dani,,,3:06 AM
8xYFfgRdcDBMCXGL,6,wipe,3:48,228,12830,Eco-Dome Al'dani,,,3:49 AM
8xYFfgRdcDBMCXGL,7,wipe,11:23,683,12830,Eco-Dome Al'dani,,,3:53 AM
8xYFfgRdcDBMCXGL,1,wipe,10:24,624,12830,Eco-Dome Al'dani,,,2:43 AM
8xYFfgRdcDBMCXGL,2,wipe,9:11,551,12830,Eco-Dome Al'dani,,,2:54 AM
8xYFfgRdcDBMCXGL,3,wipe,25:46,1546,12830,Eco-Dome Al'dani,,,3:06 AM
8xYFfgRdcDBMCXGL,6,wipe,3:48,228,12830,Eco-Dome Al'dani,,,3:49 AM
8xYFfgRdcDBMCXGL,7,wipe,11:23,683,12830,Eco-Dome Al'dani,,,3:53 AM
tYpWqXBwj18QaAN2,18,kill,28:33,1713,12830,Eco-Dome Al'dani,,,9:33 PM
tYpWqXBwj18QaAN2,1,wipe,9:28,568,12830,Eco-Dome Al'dani,,,3:35 PM
tYpWqXBwj18QaAN2,2,wipe,26:50,1610,12830,Eco-Dome Al'dani,,,3:44 PM
tYpWqXBwj18QaAN2,12,wipe,18:51,1131,12830,Eco-Dome Al'dani,,,7:15 PM
tYpWqXBwj18QaAN2,13,wipe,31:20,1880,12830,Eco-Dome Al'dani,,,7:34 PM
tYpWqXBwj18QaAN2,14,wipe,9:29,569,12830,Eco-Dome Al'dani,,,8:05 PM
tYpWqXBwj18QaAN2,15,wipe,39:30,2370,12830,Eco-Dome Al'dani,,,8:19 PM
tYpWqXBwj18QaAN2,16,wipe,23:37,1417,12830,Eco-Dome Al'dani,,,8:58 PM
tYpWqXBwj18QaAN2,17,wipe,11:05,665,12830,Eco-Dome Al'dani,,,9:22 PM
tYpWqXBwj18QaAN2,1,wipe,9:28,568,12830,Eco-Dome Al'dani,,,3:35 PM
tYpWqXBwj18QaAN2,2,wipe,26:50,1610,12830,Eco-Dome Al'dani,,,3:44 PM
tYpWqXBwj18QaAN2,12,wipe,18:51,1131,12830,Eco-Dome Al'dani,,,7:15 PM
tYpWqXBwj18QaAN2,13,wipe,31:20,1880,12830,Eco-Dome Al'dani,,,7:34 PM
tYpWqXBwj18QaAN2,14,wipe,9:29,569,12830,Eco-Dome Al'dani,,,8:05 PM
tYpWqXBwj18QaAN2,15,wipe,39:30,2370,12830,Eco-Dome Al'dani,,,8:19 PM
tYpWqXBwj18QaAN2,16,wipe,23:37,1417,12830,Eco-Dome Al'dani,,,8:58 PM
tYpWqXBwj18QaAN2,17,wipe,11:05,665,12830,Eco-Dome Al'dani,,,9:22 PM
tYpWqXBwj18QaAN2,5,kill,38:59,2339,62287,Halls of Atonement,,,4:51 PM
tYpWqXBwj18QaAN2,3,wipe,3:28,208,62287,Halls of Atonement,,,4:38 PM
tYpWqXBwj18QaAN2,4,wipe,5:05,305,62287,Halls of Atonement,,,4:41 PM
tYpWqXBwj18QaAN2,20,kill,33:25,2005,112441,Tazavesh: Streets of Wonder,,,10:37 PM
tYpWqXBwj18QaAN2,7,wipe,3:00,180,112441,Tazavesh: Streets of Wonder,,,5:40 PM
tYpWqXBwj18QaAN2,8,wipe,7:37,457,112441,Tazavesh: Streets of Wonder,,,5:43 PM
tYpWqXBwj18QaAN2,9,wipe,26:18,1578,112441,Tazavesh: Streets of Wonder,,,5:51 PM
tYpWqXBwj18QaAN2,19,wipe,5:52,352,112441,Tazavesh: Streets of Wonder,,,10:31 PM
tYpWqXBwj18QaAN2,21,wipe,6:59,419,112441,Tazavesh: Streets of Wonder,,,11:21 PM
tYpWqXBwj18QaAN2,22,wipe,16:24,984,112441,Tazavesh: Streets of Wonder,,,11:28 PM
tYpWqXBwj18QaAN2,23,wipe,3:13,193,112441,Tazavesh: Streets of Wonder,,,11:45 PM
tYpWqXBwj18QaAN2,24,wipe,6:38,398,112441,Tazavesh: Streets of Wonder,,,11:48 PM
tYpWqXBwj18QaAN2,25,wipe,4:28,268,112441,Tazavesh: Streets of Wonder,,,11:55 PM
tYpWqXBwj18QaAN2,26,wipe,14:15,855,112441,Tazavesh: Streets of Wonder,,,11:59 PM
tYpWqXBwj18QaAN2,27,wipe,3:55,235,112441,Tazavesh: Streets of Wonder,,,12:13 AM
tYpWqXBwj18QaAN2,28,wipe,4:22,262,112441,Tazavesh: Streets of Wonder,,,12:17 AM
tYpWqXBwj18QaAN2,29,wipe,10:51,651,112441,Tazavesh: Streets of Wonder,,,12:22 AM
tYpWqXBwj18QaAN2,30,wipe,6:36,396,112441,Tazavesh: Streets of Wonder,,,12:33 AM
tYpWqXBwj18QaAN2,31,wipe,11:53,713,112441,Tazavesh: Streets of Wonder,,,12:39 AM
tYpWqXBwj18QaAN2,11,kill,29:30,1770,112442,Tazavesh: So'leah's Gambit,,,6:39 PM
tYpWqXBwj18QaAN2,38,kill,29:45,1785,112442,Tazavesh: So'leah's Gambit,,,1:24 AM
tYpWqXBwj18QaAN2,10,wipe,3:08,188,112442,Tazavesh: So'leah's Gambit,,,6:36 PM
tYpWqXBwj18QaAN2,32,wipe,5:23,323,112442,Tazavesh: So'leah's Gambit,,,12:51 AM
tYpWqXBwj18QaAN2,33,wipe,8:28,508,112442,Tazavesh: So'leah's Gambit,,,12:56 AM
tYpWqXBwj18QaAN2,34,wipe,1:48,108,112442,Tazavesh: So'leah's Gambit,,,1:05 AM
tYpWqXBwj18QaAN2,35,wipe,2:22,142,112442,Tazavesh: So'leah's Gambit,,,1:07 AM
tYpWqXBwj18QaAN2,36,wipe,4:27,267,112442,Tazavesh: So'leah's Gambit,,,1:09 AM
tYpWqXBwj18QaAN2,37,wipe,10:27,627,112442,Tazavesh: So'leah's Gambit,,,1:14 AM
jD2XvLtw1aN4bPq6,1,kill,25:25,1525,12830,Eco-Dome Al'dani,,,6:17 PM
jD2XvLtw1aN4bPq6,7,kill,23:12,1392,12830,Eco-Dome Al'dani,,,11:31 PM
jD2XvLtw1aN4bPq6,8,kill,25:08,1508,12830,Eco-Dome Al'dani,,,12:20 AM
jD2XvLtw1aN4bPq6,4,kill,45:15,2715,62287,Halls of Atonement,,,9:18 PM
jD2XvLtw1aN4bPq6,5,kill,31:21,1881,62287,Halls of Atonement,,,10:29 PM
jD2XvLtw1aN4bPq6,2,wipe,28:16,1696,62287,Halls of Atonement,,,7:01 PM
jD2XvLtw1aN4bPq6,,kill,23:34,1414,112442,Tazavesh: So'leah's Gambit,12,Tyrannical,7:48 PM
Yc6z1nb7rJm98kAV,8,kill,21:29,1289,12830,Eco-Dome Al'dani,,,10:27 PM
Yc6z1nb7rJm98kAV,10,kill,35:07,2107,12830,Eco-Dome Al'dani,,,12:03 AM
Yc6z1nb7rJm98kAV,1,wipe,8:08,488,12830,Eco-Dome Al'dani,,,8:53 PM
Yc6z1nb7rJm98kAV,2,wipe,28:49,1729,12830,Eco-Dome Al'dani,,,9:01 PM
Yc6z1nb7rJm98kAV,1,wipe,8:08,488,12830,Eco-Dome Al'dani,,,8:53 PM
Yc6z1nb7rJm98kAV,2,wipe,28:49,1729,12830,Eco-Dome Al'dani,,,9:01 PM
Yc6z1nb7rJm98kAV,6,wipe,11:25,685,62287,Halls of Atonement,,,9:42 PM
Yc6z1nb7rJm98kAV,7,wipe,8:23,503,62287,Halls of Atonement,,,10:12 PM
Yc6z1nb7rJm98kAV,9,wipe,17:19,1039,62287,Halls of Atonement,,,11:27 PM
vdBQGDzM9a4X7mbP,,wipe,14:42,882,12830,Eco-Dome Al'dani,12,Fortified,3:17 PM
8cNrfGBYyM1LtVHP,2,kill,28:56,1736,62287,Halls of Atonement,,,4:24 PM
8cNrfGBYyM1LtVHP,1,wipe,19:03,1143,62287,Halls of Atonement,,,3:52 PM
8cNrfGBYyM1LtVHP,,wipe,5:39,339,12830,Eco-Dome Al'dani,12,Tyrannical,5:09 PM
WyV7nhJjMYGt41Nf,,wipe,26:55,1615,62287,Halls of Atonement,12,Tyrannical,10:43 PM
WyV7nhJjMYGt41Nf,,kill,26:50,1610,12830,Eco-Dome Al'dani,12,Tyrannical,11:43 PM
xT9CJny4PBZ6FfLp,1,wipe,10:01,601,12830,Eco-Dome Al'dani,,,9:19 PM
xT9CJny4PBZ6FfLp,3,wipe,1:42,102,12830,Eco-Dome Al'dani,,,9:32 PM
xT9CJny4PBZ6FfLp,4,wipe,3:30,210,12830,Eco-Dome Al'dani,,,9:34 PM
xT9CJny4PBZ6FfLp,5,wipe,20:54,1254,12830,Eco-Dome Al'dani,,,9:37 PM
xT9CJny4PBZ6FfLp,6,wipe,13:51,831,12830,Eco-Dome Al'dani,,,9:58 PM
xT9CJny4PBZ6FfLp,7,wipe,25:50,1550,12830,Eco-Dome Al'dani,,,10:12 PM
xT9CJny4PBZ6FfLp,1,wipe,10:01,601,12830,Eco-Dome Al'dani,,,9:19 PM
xT9CJny4PBZ6FfLp,3,wipe,1:42,102,12830,Eco-Dome Al'dani,,,9:32 PM
xT9CJny4PBZ6FfLp,4,wipe,3:30,210,12830,Eco-Dome Al'dani,,,9:34 PM
xT9CJny4PBZ6FfLp,5,wipe,20:54,1254,12830,Eco-Dome Al'dani,,,9:37 PM
xT9CJny4PBZ6FfLp,6,wipe,13:51,831,12830,Eco-Dome Al'dani,,,9:58 PM
xT9CJny4PBZ6FfLp,7,wipe,25:50,1550,12830,Eco-Dome Al'dani,,,10:12 PM
xT9CJny4PBZ6FfLp,,wipe,20:52,1252,112441,Tazavesh: Streets of Wonder,18,Tyrannical,10:42 PM
aKrbBz7NkPqcQ63D,,wipe,12:06,726,62287,Halls of Atonement,12,Fortified,7:40 PM
aKrbBz7NkPqcQ63D,3,kill,28:29,1709,112442,Tazavesh: So'leah's Gambit,,,8:32 PM
aKrbBz7NkPqcQ63D,2,wipe,25:50,1550,112442,Tazavesh: So'leah's Gambit,,,8:06 PM
aKrbBz7NkPqcQ63D,7,kill,24:42,1482,12830,Eco-Dome Al'dani,,,9:47 PM
aKrbBz7NkPqcQ63D,5,wipe,30:30,1830,12830,Eco-Dome Al'dani,,,9:07 PM
aKrbBz7NkPqcQ63D,6,wipe,2:53,173,12830,Eco-Dome Al'dani,,,9:44 PM
aKrbBz7NkPqcQ63D,5,wipe,30:30,1830,12830,Eco-Dome Al'dani,,,9:07 PM
aKrbBz7NkPqcQ63D,6,wipe,2:53,173,12830,Eco-Dome Al'dani,,,9:44 PM
mnAYvQq1pdK8tZak,1,kill,25:25,1525,12830,Eco-Dome Al'dani,,,6:17 PM
mnAYvQq1pdK8tZak,9,kill,35:44,2144,12830,Eco-Dome Al'dani,,,7:46 PM
mnAYvQq1pdK8tZak,8,wipe,13:31,811,12830,Eco-Dome Al'dani,,,7:23 PM
mnAYvQq1pdK8tZak,,kill,48:30,2910,112441,Tazavesh: Streets of Wonder,12,Tyrannical,8:27 PM
mnAYvQq1pdK8tZak,,kill,45:15,2715,62287,Halls of Atonement,12,Tyrannical,9:18 PM
bfdQc4nHNqwRmC7A,,wipe,11:49,709,12830,Eco-Dome Al'dani,16,Tyrannical,9:51 PM
7WGn1mY2HfMt8vj9,1,wipe,12:28,748,12830,Eco-Dome Al'dani,,,3:09 PM
7WGn1mY2HfMt8vj9,2,wipe,2:15,135,12830,Eco-Dome Al'dani,,,3:21 PM
7WGn1mY2HfMt8vj9,3,wipe,1:44,104,12830,Eco-Dome Al'dani,,,3:24 PM
7WGn1mY2HfMt8vj9,1,wipe,12:28,748,12830,Eco-Dome Al'dani,,,3:09 PM
7WGn1mY2HfMt8vj9,2,wipe,2:15,135,12830,Eco-Dome Al'dani,,,3:21 PM
7WGn1mY2HfMt8vj9,3,wipe,1:44,104,12830,Eco-Dome Al'dani,,,3:24 PM
vx74wAJyQ6cp3Nrh,,wipe,2:28,148,12830,Eco-Dome Al'dani,12,Tyrannical,9:30 PM
pKQk2g7jDwdARCZy,,wipe,2:28,148,12830,Eco-Dome Al'dani,12,Tyrannical,9:30 PM
Kw76Bf9RZaPDNVrH,14,kill,34:13,2053,62287,Halls of Atonement,,,1:14 PM
Kw76Bf9RZaPDNVrH,1,wipe,3:46,226,62287,Halls of Atonement,,,7:07 AM
Kw76Bf9RZaPDNVrH,2,wipe,1:23,83,62287,Halls of Atonement,,,7:11 AM
Kw76Bf9RZaPDNVrH,3,wipe,6:42,402,62287,Halls of Atonement,,,7:23 AM
Kw76Bf9RZaPDNVrH,4,wipe,10:29,629,62287,Halls of Atonement,,,7:29 AM
Kw76Bf9RZaPDNVrH,5,wipe,3:42,222,62287,Halls of Atonement,,,7:49 AM
Kw76Bf9RZaPDNVrH,6,wipe,14:52,892,62287,Halls of Atonement,,,7:55 AM
Kw76Bf9RZaPDNVrH,7,wipe,2:37,157,62287,Halls of Atonement,,,8:10 AM
Kw76Bf9RZaPDNVrH,8,wipe,18:54,1134,62287,Halls of Atonement,,,8:12 AM
Kw76Bf9RZaPDNVrH,9,wipe,4:43,283,62287,Halls of Atonement,,,8:31 AM
Kw76Bf9RZaPDNVrH,10,wipe,10:43,643,62287,Halls of Atonement,,,8:36 AM
Kw76Bf9RZaPDNVrH,11,wipe,2:30,150,62287,Halls of Atonement,,,8:47 AM
Kw76Bf9RZaPDNVrH,16,wipe,0:42,42,62287,Halls of Atonement,,,2:36 PM
Kw76Bf9RZaPDNVrH,17,wipe,17:11,1031,62287,Halls of Atonement,,,2:42 PM
Kw76Bf9RZaPDNVrH,18,wipe,2:17,137,62287,Halls of Atonement,,,3:00 PM
Kw76Bf9RZaPDNVrH,19,wipe,20:13,1213,62287,Halls of Atonement,,,3:02 PM
Kw76Bf9RZaPDNVrH,13,kill,26:21,1581,12830,Eco-Dome Al'dani,,,12:35 PM
Kw76Bf9RZaPDNVrH,12,wipe,3:33,213,12830,Eco-Dome Al'dani,,,12:31 PM
Kw76Bf9RZaPDNVrH,21,kill,27:24,1644,112442,Tazavesh: So'leah's Gambit,,,3:55 PM
Kw76Bf9RZaPDNVrH,15,wipe,4:19,259,112442,Tazavesh: So'leah's Gambit,,,2:27 PM
Kw76Bf9RZaPDNVrH,20,wipe,17:17,1037,112442,Tazavesh: So'leah's Gambit,,,3:37 PM
Kw76Bf9RZaPDNVrH,22,wipe,6:11,371,112441,Tazavesh: Streets of Wonder,,,4:30 PM
Kw76Bf9RZaPDNVrH,23,wipe,8:44,524,112441,Tazavesh: Streets of Wonder,,,4:36 PM
Kw76Bf9RZaPDNVrH,24,wipe,7:59,479,112441,Tazavesh: Streets of Wonder,,,4:45 PM
Kw76Bf9RZaPDNVrH,25,wipe,3:51,231,112441,Tazavesh: Streets of Wonder,,,4:53 PM
Kw76Bf9RZaPDNVrH,26,wipe,16:36,996,112441,Tazavesh: Streets of Wonder,,,4:57 PM
Kw76Bf9RZaPDNVrH,27,wipe,10:13,613,112441,Tazavesh: Streets of Wonder,,,5:14 PM
Kw76Bf9RZaPDNVrH,28,wipe,12:50,770,112441,Tazavesh: Streets of Wonder,,,5:24 PM
Kw76Bf9RZaPDNVrH,29,wipe,17:33,1053,112441,Tazavesh: Streets of Wonder,,,5:37 PM
Kw76Bf9RZaPDNVrH,30,wipe,42:23,2543,112441,Tazavesh: Streets of Wonder,,,5:54 PM
Kw76Bf9RZaPDNVrH,31,wipe,35:59,2159,112441,Tazavesh: Streets of Wonder,,,6:37 PM
Kw76Bf9RZaPDNVrH,32,wipe,8:43,523,112441,Tazavesh: Streets of Wonder,,,7:13 PM
Kw76Bf9RZaPDNVrH,33,wipe,28:13,1693,112441,Tazavesh: Streets of Wonder,,,7:21 PM
Fk8tRvdXcx4N1pzY,,kill,25:25,1525,12830,Eco-Dome Al'dani,12,Tyrannical,6:17 PM
ZPftnHJmqh9va2kX,,kill,27:13,1633,12830,Eco-Dome Al'dani,10,Xal'atath's Bargain: Voidbound,3:07 PM
87QrAzxqnVMwKa1d,1,wipe,17:56,1076,112441,Tazavesh: Streets of Wonder,,,3:54 PM
87QrAzxqnVMwKa1d,2,wipe,20:18,1218,112441,Tazavesh: Streets of Wonder,,,4:12 PM
87QrAzxqnVMwKa1d,,kill,25:02,1502,62287,Halls of Atonement,10,Xal'atath's Bargain: Voidbound,5:23 PM
87QrAzxqnVMwKa1d,,kill,27:32,1652,12830,Eco-Dome Al'dani,12,Tyrannical,5:55 PM
2ZGDYHThj4RgA6Cq,23,kill,28:15,1695,12830,Eco-Dome Al'dani,,,5:32 AM
2ZGDYHThj4RgA6Cq,1,wipe,3:41,221,12830,Eco-Dome Al'dani,,,10:45 PM
2ZGDYHThj4RgA6Cq,2,wipe,16:47,1007,12830,Eco-Dome Al'dani,,,10:49 PM
2ZGDYHThj4RgA6Cq,6,wipe,13:43,823,12830,Eco-Dome Al'dani,,,11:51 PM
2ZGDYHThj4RgA6Cq,7,wipe,25:55,1555,12830,Eco-Dome Al'dani,,,12:05 AM
2ZGDYHThj4RgA6Cq,11,wipe,2:07,127,12830,Eco-Dome Al'dani,,,2:02 AM
2ZGDYHThj4RgA6Cq,12,wipe,14:44,884,12830,Eco-Dome Al'dani,,,2:04 AM
2ZGDYHThj4RgA6Cq,15,wipe,9:53,593,12830,Eco-Dome Al'dani,,,2:23 AM
2ZGDYHThj4RgA6Cq,16,wipe,12:12,732,12830,Eco-Dome Al'dani,,,2:33 AM
2ZGDYHThj4RgA6Cq,22,wipe,8:32,512,12830,Eco-Dome Al'dani,,,5:19 AM
2ZGDYHThj4RgA6Cq,1,wipe,3:41,221,12830,Eco-Dome Al'dani,,,10:45 PM
2ZGDYHThj4RgA6Cq,2,wipe,16:47,1007,12830,Eco-Dome Al'dani,,,10:49 PM
2ZGDYHThj4RgA6Cq,6,wipe,13:43,823,12830,Eco-Dome Al'dani,,,11:51 PM
2ZGDYHThj4RgA6Cq,7,wipe,25:55,1555,12830,Eco-Dome Al'dani,,,12:05 AM
2ZGDYHThj4RgA6Cq,11,wipe,2:07,127,12830,Eco-Dome Al'dani,,,2:02 AM
2ZGDYHThj4RgA6Cq,12,wipe,14:44,884,12830,Eco-Dome Al'dani,,,2:04 AM
2ZGDYHThj4RgA6Cq,15,wipe,9:53,593,12830,Eco-Dome Al'dani,,,2:23 AM
2ZGDYHThj4RgA6Cq,16,wipe,12:12,732,12830,Eco-Dome Al'dani,,,2:33 AM
2ZGDYHThj4RgA6Cq,22,wipe,8:32,512,12830,Eco-Dome Al'dani,,,5:19 AM
2ZGDYHThj4RgA6Cq,,kill,32:56,1976,62287,Halls of Atonement,16,Fortified,11:15 PM
2ZGDYHThj4RgA6Cq,18,wipe,9:09,549,112442,Tazavesh: So'leah's Gambit,,,3:59 AM
2ZGDYHThj4RgA6Cq,19,wipe,9:42,582,112442,Tazavesh: So'leah's Gambit,,,4:09 AM
2ZGDYHThj4RgA6Cq,20,wipe,5:28,328,112442,Tazavesh: So'leah's Gambit,,,4:18 AM
2ZGDYHThj4RgA6Cq,21,wipe,11:32,692,112442,Tazavesh: So'leah's Gambit,,,4:24 AM
7d9QymxfkJKAhCVn,2,kill,26:21,1581,12830,Eco-Dome Al'dani,,,12:35 PM
7d9QymxfkJKAhCVn,1,wipe,3:33,213,12830,Eco-Dome Al'dani,,,12:31 PM
7d9QymxfkJKAhCVn,3,kill,34:13,2053,62287,Halls of Atonement,,,1:14 PM
7d9QymxfkJKAhCVn,6,wipe,0:00,0,62287,Halls of Atonement,,,1:48 PM
7d9QymxfkJKAhCVn,7,wipe,13:48,828,62287,Halls of Atonement,,,1:50 PM
x1q7Qvr8cdwHXgDk,1,wipe,2:53,173,12830,Eco-Dome Al'dani,,,7:56 AM
x1q7Qvr8cdwHXgDk,2,wipe,18:37,1117,12830,Eco-Dome Al'dani,,,7:59 AM
x1q7Qvr8cdwHXgDk,6,wipe,33:11,1991,12830,Eco-Dome Al'dani,,,9:18 AM
x1q7Qvr8cdwHXgDk,1,wipe,2:53,173,12830,Eco-Dome Al'dani,,,7:56 AM
x1q7Qvr8cdwHXgDk,2,wipe,18:37,1117,12830,Eco-Dome Al'dani,,,7:59 AM
x1q7Qvr8cdwHXgDk,6,wipe,33:11,1991,12830,Eco-Dome Al'dani,,,9:18 AM
x1q7Qvr8cdwHXgDk,3,wipe,4:31,271,62287,Halls of Atonement,,,8:40 AM
x1q7Qvr8cdwHXgDk,4,wipe,3:12,192,62287,Halls of Atonement,,,8:45 AM
x1q7Qvr8cdwHXgDk,5,wipe,12:25,745,62287,Halls of Atonement,,,8:52 AM
x1q7Qvr8cdwHXgDk,,kill,20:35,1235,112442,Tazavesh: So'leah's Gambit,12,,10:21 AM
cB4NjAkJmL2vC8wG,3,kill,32:55,1975,12830,Eco-Dome Al'dani,,,10:57 AM
cB4NjAkJmL2vC8wG,1,wipe,14:06,846,12830,Eco-Dome Al'dani,,,10:08 AM
cB4NjAkJmL2vC8wG,2,wipe,29:04,1744,12830,Eco-Dome Al'dani,,,10:22 AM
cB4NjAkJmL2vC8wG,1,wipe,14:06,846,12830,Eco-Dome Al'dani,,,10:08 AM
cB4NjAkJmL2vC8wG,2,wipe,29:04,1744,12830,Eco-Dome Al'dani,,,10:22 AM
bt1Qfzc6gKH49rGd,1,wipe,2:53,173,12830,Eco-Dome Al'dani,,,7:56 AM
bt1Qfzc6gKH49rGd,2,wipe,18:37,1117,12830,Eco-Dome Al'dani,,,7:59 AM
bt1Qfzc6gKH49rGd,6,wipe,33:11,1991,12830,Eco-Dome Al'dani,,,9:18 AM
bt1Qfzc6gKH49rGd,1,wipe,2:53,173,12830,Eco-Dome Al'dani,,,7:56 AM
bt1Qfzc6gKH49rGd,2,wipe,18:37,1117,12830,Eco-Dome Al'dani,,,7:59 AM
bt1Qfzc6gKH49rGd,6,wipe,33:11,1991,12830,Eco-Dome Al'dani,,,9:18 AM
bt1Qfzc6gKH49rGd,3,wipe,4:31,271,62287,Halls of Atonement,,,8:40 AM
bt1Qfzc6gKH49rGd,4,wipe,3:12,192,62287,Halls of Atonement,,,8:45 AM
bt1Qfzc6gKH49rGd,5,wipe,12:25,745,62287,Halls of Atonement,,,8:52 AM
7CpcjtLba6AD1QPW,,kill,25:25,1525,12830,Eco-Dome Al'dani,15,Fortified,8:32 AM
y6VNn7TbBC8FcrxQ,,kill,26:58,1618,12830,Eco-Dome Al'dani,14,Tyrannical,2:33 PM
y6VNn7TbBC8FcrxQ,,kill,44:24,2664,112441,Tazavesh: Streets of Wonder,14,Tyrannical,3:07 PM
y6VNn7TbBC8FcrxQ,5,kill,34:23,2063,62287,Halls of Atonement,,,3:56 PM
y6VNn7TbBC8FcrxQ,4,wipe,3:13,193,62287,Halls of Atonement,,,3:53 PM
8FpcyG6n7grPHLJK,1,kill,28:00,1680,12830,Eco-Dome Al'dani,,,7:43 PM
8FpcyG6n7grPHLJK,34,kill,27:30,1650,12830,Eco-Dome Al'dani,,,5:53 AM
8FpcyG6n7grPHLJK,33,wipe,9:26,566,12830,Eco-Dome Al'dani,,,5:43 AM
8FpcyG6n7grPHLJK,6,kill,31:50,1910,112441,Tazavesh: Streets of Wonder,,,8:39 PM
8FpcyG6n7grPHLJK,3,wipe,4:14,254,112441,Tazavesh: Streets of Wonder,,,8:19 PM
8FpcyG6n7grPHLJK,4,wipe,9:17,557,112441,Tazavesh: Streets of Wonder,,,8:23 PM
8FpcyG6n7grPHLJK,5,wipe,6:44,404,112441,Tazavesh: Streets of Wonder,,,8:33 PM
8FpcyG6n7grPHLJK,8,kill,32:50,1970,62287,Halls of Atonement,,,9:44 PM
8FpcyG6n7grPHLJK,15,kill,32:23,1943,62287,Halls of Atonement,,,12:30 AM
8FpcyG6n7grPHLJK,20,kill,31:19,1879,62287,Halls of Atonement,,,2:12 AM
8FpcyG6n7grPHLJK,7,wipe,13:12,792,62287,Halls of Atonement,,,9:30 PM
8FpcyG6n7grPHLJK,10,wipe,30:36,1836,62287,Halls of Atonement,,,10:29 PM
8FpcyG6n7grPHLJK,11,wipe,24:08,1448,62287,Halls of Atonement,,,10:59 PM
8FpcyG6n7grPHLJK,12,wipe,16:04,964,62287,Halls of Atonement,,,11:24 PM
8FpcyG6n7grPHLJK,13,wipe,47:57,2877,62287,Halls of Atonement,,,11:40 PM
8FpcyG6n7grPHLJK,14,wipe,2:41,161,62287,Halls of Atonement,,,12:28 AM
8FpcyG6n7grPHLJK,16,wipe,3:30,210,62287,Halls of Atonement,,,1:22 AM
8FpcyG6n7grPHLJK,17,wipe,12:49,769,62287,Halls of Atonement,,,1:26 AM
8FpcyG6n7grPHLJK,18,wipe,3:28,208,62287,Halls of Atonement,,,1:38 AM
8FpcyG6n7grPHLJK,19,wipe,30:17,1817,62287,Halls of Atonement,,,1:42 AM
8FpcyG6n7grPHLJK,22,kill,26:11,1571,112442,Tazavesh: So'leah's Gambit,,,3:10 AM
8FpcyG6n7grPHLJK,21,wipe,6:03,363,112442,Tazavesh: So'leah's Gambit,,,3:04 AM
8FpcyG6n7grPHLJK,23,wipe,3:06,186,112442,Tazavesh: So'leah's Gambit,,,3:48 AM
8FpcyG6n7grPHLJK,24,wipe,9:47,587,112442,Tazavesh: So'leah's Gambit,,,3:51 AM
8FpcyG6n7grPHLJK,25,wipe,12:37,757,112442,Tazavesh: So'leah's Gambit,,,4:01 AM
8FpcyG6n7grPHLJK,26,wipe,19:24,1164,112442,Tazavesh: So'leah's Gambit,,,4:13 AM
8FpcyG6n7grPHLJK,27,wipe,23:34,1414,112442,Tazavesh: So'leah's Gambit,,,4:33 AM
8FpcyG6n7grPHLJK,28,wipe,6:41,401,112442,Tazavesh: So'leah's Gambit,,,4:56 AM
8FpcyG6n7grPHLJK,29,wipe,27:56,1676,112442,Tazavesh: So'leah's Gambit,,,5:03 AM
8FpcyG6n7grPHLJK,30,wipe,2:47,167,112442,Tazavesh: So'leah's Gambit,,,5:31 AM
8FpcyG6n7grPHLJK,31,wipe,3:21,201,112442,Tazavesh: So'leah's Gambit,,,5:34 AM
8FpcyG6n7grPHLJK,32,wipe,0:45,45,112442,Tazavesh: So'leah's Gambit,,,5:37 AM
qkNQxPTBajw9Y21F,,kill,27:15,1635,12830,Eco-Dome Al'dani,16,Fortified,5:41 AM
dfL8Gp4gYM3ahmkr,1,kill,33:10,1990,62287,Halls of Atonement,,,3:41 AM
dfL8Gp4gYM3ahmkr,2,wipe,6:01,361,62287,Halls of Atonement,,,5:10 AM
dfL8Gp4gYM3ahmkr,3,wipe,4:17,257,62287,Halls of Atonement,,,5:16 AM
dfL8Gp4gYM3ahmkr,,kill,25:43,1543,12830,Eco-Dome Al'dani,14,,5:22 AM
XcMQt36TN97xDy8w,,kill,26:23,1583,12830,Eco-Dome Al'dani,12,Fortified,5:04 AM
3Qyq8DxrX2WjnN4Y,1,kill,20:54,1254,12830,Eco-Dome Al'dani,,,1:42 AM
3Qyq8DxrX2WjnN4Y,4,kill,29:16,1756,12830,Eco-Dome Al'dani,,,2:16 AM
3Qyq8DxrX2WjnN4Y,8,kill,25:15,1515,12830,Eco-Dome Al'dani,,,3:45 AM
3Qyq8DxrX2WjnN4Y,3,wipe,2:10,130,12830,Eco-Dome Al'dani,,,2:14 AM
3Qyq8DxrX2WjnN4Y,6,wipe,3:37,217,12830,Eco-Dome Al'dani,,,3:18 AM
3Qyq8DxrX2WjnN4Y,7,wipe,14:14,854,12830,Eco-Dome Al'dani,,,3:22 AM
3Qyq8DxrX2WjnN4Y,3,wipe,2:10,130,12830,Eco-Dome Al'dani,,,2:14 AM
3Qyq8DxrX2WjnN4Y,6,wipe,3:37,217,12830,Eco-Dome Al'dani,,,3:18 AM
3Qyq8DxrX2WjnN4Y,7,wipe,14:14,854,12830,Eco-Dome Al'dani,,,3:22 AM
3Qyq8DxrX2WjnN4Y,9,wipe,1:56,116,62287,Halls of Atonement,,,4:51 AM
3Qyq8DxrX2WjnN4Y,10,wipe,2:54,174,62287,Halls of Atonement,,,4:52 AM
3Qyq8DxrX2WjnN4Y,11,wipe,14:16,856,62287,Halls of Atonement,,,4:55 AM
rBhaKHqVjdNpxfLv,1,wipe,2:42,162,62287,Halls of Atonement,,,3:58 AM
rBhaKHqVjdNpxfLv,2,wipe,1:30,90,62287,Halls of Atonement,,,4:01 AM
rBhaKHqVjdNpxfLv,,kill,26:29,1589,12830,Eco-Dome Al'dani,12,Fortified,4:37 AM
mBpYtCMH4QFNvGV9,18,kill,27:38,1658,12830,Eco-Dome Al'dani,,,7:29 AM
mBpYtCMH4QFNvGV9,34,kill,28:44,1724,12830,Eco-Dome Al'dani,,,8:15 AM
mBpYtCMH4QFNvGV9,33,wipe,0:00,0,12830,Eco-Dome Al'dani,,,8:11 AM
mBpYtCMH4QFNvGV9,,wipe,1:44,104,112441,Tazavesh: Streets of Wonder,12,Tyrannical,8:55 AM
9Vb8kHN2ChwQ67xP,1,kill,20:54,1254,12830,Eco-Dome Al'dani,,,1:42 AM
9Vb8kHN2ChwQ67xP,2,kill,29:16,1756,12830,Eco-Dome Al'dani,,,2:16 AM
Hm3Tb61FQhgtVA2G,,kill,33:57,2037,62287,Halls of Atonement,17,Fortified,1:48 AM
Hm3Tb61FQhgtVA2G,3,kill,31:15,1875,112442,Tazavesh: So'leah's Gambit,,,2:34 AM
Hm3Tb61FQhgtVA2G,2,wipe,3:25,205,112442,Tazavesh: So'leah's Gambit,,,2:30 AM
Hm3Tb61FQhgtVA2G,5,kill,32:22,1942,12830,Eco-Dome Al'dani,,,3:22 AM
Hm3Tb61FQhgtVA2G,4,wipe,11:40,700,12830,Eco-Dome Al'dani,,,3:10 AM
B6Ltd9GMbwWPXkq7,1,wipe,3:41,221,12830,Eco-Dome Al'dani,,,10:45 PM
B6Ltd9GMbwWPXkq7,2,wipe,16:47,1007,12830,Eco-Dome Al'dani,,,10:49 PM
B6Ltd9GMbwWPXkq7,6,wipe,13:43,823,12830,Eco-Dome Al'dani,,,11:51 PM
B6Ltd9GMbwWPXkq7,7,wipe,25:55,1555,12830,Eco-Dome Al'dani,,,12:05 AM
B6Ltd9GMbwWPXkq7,11,wipe,2:07,127,12830,Eco-Dome Al'dani,,,2:02 AM
B6Ltd9GMbwWPXkq7,12,wipe,14:44,884,12830,Eco-Dome Al'dani,,,2:04 AM
B6Ltd9GMbwWPXkq7,15,wipe,9:53,593,12830,Eco-Dome Al'dani,,,2:23 AM
B6Ltd9GMbwWPXkq7,16,wipe,12:12,732,12830,Eco-Dome Al'dani,,,2:33 AM
B6Ltd9GMbwWPXkq7,1,wipe,3:41,221,12830,Eco-Dome Al'dani,,,10:45 PM
B6Ltd9GMbwWPXkq7,2,wipe,16:47,1007,12830,Eco-Dome Al'dani,,,10:49 PM
B6Ltd9GMbwWPXkq7,6,wipe,13:43,823,12830,Eco-Dome Al'dani,,,11:51 PM
B6Ltd9GMbwWPXkq7,7,wipe,25:55,1555,12830,Eco-Dome Al'dani,,,12:05 AM
B6Ltd9GMbwWPXkq7,11,wipe,2:07,127,12830,Eco-Dome Al'dani,,,2:02 AM
B6Ltd9GMbwWPXkq7,12,wipe,14:44,884,12830,Eco-Dome Al'dani,,,2:04 AM
B6Ltd9GMbwWPXkq7,15,wipe,9:53,593,12830,Eco-Dome Al'dani,,,2:23 AM
B6Ltd9GMbwWPXkq7,16,wipe,12:12,732,12830,Eco-Dome Al'dani,,,2:33 AM
B6Ltd9GMbwWPXkq7,,kill,32:56,1976,62287,Halls of Atonement,16,Fortified,11:15 PM
2dCYLWJjGrNkxMpa,1,wipe,2:12,132,12830,Eco-Dome Al'dani,,,2:48 AM
2dCYLWJjGrNkxMpa,3,wipe,15:22,922,12830,Eco-Dome Al'dani,,,2:56 AM
2dCYLWJjGrNkxMpa,1,wipe,2:12,132,12830,Eco-Dome Al'dani,,,2:48 AM
2dCYLWJjGrNkxMpa,3,wipe,15:22,922,12830,Eco-Dome Al'dani,,,2:56 AM
CQnNG47w1xZXVvWR,2,wipe,5:49,349,62287,Halls of Atonement,,,9:05 PM
CQnNG47w1xZXVvWR,3,wipe,20:07,1207,62287,Halls of Atonement,,,9:11 PM
CQnNG47w1xZXVvWR,,kill,28:08,1688,12830,Eco-Dome Al'dani,15,Fortified,9:42 PM
CQnNG47w1xZXVvWR,7,kill,43:16,2596,112441,Tazavesh: Streets of Wonder,,,12:14 AM
CQnNG47w1xZXVvWR,6,wipe,8:58,538,112441,Tazavesh: Streets of Wonder,,,12:05 AM
yYVNb2B8WdKcqPhX,,kill,40:05,2405,12830,Eco-Dome Al'dani,10,Xal'atath's Bargain: Pulsar,3:43 AM
yYVNb2B8WdKcqPhX,,kill,26:40,1600,112442,Tazavesh: So'leah's Gambit,10,Xal'atath's Bargain: Pulsar,4:33 AM
KgmfMQvxL1ynThjW,,kill,34:25,2065,12830,Eco-Dome Al'dani,12,Fortified,1:05 AM
rHM46QRpLC9y2gBw,1,wipe,18:00,1080,12830,Eco-Dome Al'dani,,,5:33 PM
rHM46QRpLC9y2gBw,2,wipe,16:52,1012,12830,Eco-Dome Al'dani,,,5:51 PM
rHM46QRpLC9y2gBw,1,wipe,18:00,1080,12830,Eco-Dome Al'dani,,,5:33 PM
rHM46QRpLC9y2gBw,2,wipe,16:52,1012,12830,Eco-Dome Al'dani,,,5:51 PM
TfDXp1ZWcajgN8wk,,kill,33:14,1994,12830,Eco-Dome Al'dani,12,Fortified,10:08 PM
pKcQNWTx781ZRf4C,1,wipe,3:52,232,112441,Tazavesh: Streets of Wonder,,,3:02 PM
pKcQNWTx781ZRf4C,2,wipe,22:45,1365,112441,Tazavesh: Streets of Wonder,,,3:05 PM
pKcQNWTx781ZRf4C,3,wipe,7:58,478,112441,Tazavesh: Streets of Wonder,,,3:28 PM
pKcQNWTx781ZRf4C,4,wipe,36:31,2191,112441,Tazavesh: Streets of Wonder,,,3:36 PM
pKcQNWTx781ZRf4C,5,wipe,7:09,429,112441,Tazavesh: Streets of Wonder,,,4:13 PM
pKcQNWTx781ZRf4C,6,wipe,24:04,1444,112441,Tazavesh: Streets of Wonder,,,4:20 PM
pKcQNWTx781ZRf4C,7,wipe,1:47,107,112441,Tazavesh: Streets of Wonder,,,4:44 PM
pKcQNWTx781ZRf4C,8,wipe,7:22,442,112441,Tazavesh: Streets of Wonder,,,4:46 PM
pKcQNWTx781ZRf4C,9,wipe,8:52,532,112441,Tazavesh: Streets of Wonder,,,4:53 PM
pKcQNWTx781ZRf4C,21,wipe,3:59,239,112441,Tazavesh: Streets of Wonder,,,8:33 PM
pKcQNWTx781ZRf4C,22,wipe,14:57,897,112441,Tazavesh: Streets of Wonder,,,8:37 PM
pKcQNWTx781ZRf4C,23,wipe,17:43,1063,112441,Tazavesh: Streets of Wonder,,,8:52 PM
pKcQNWTx781ZRf4C,24,wipe,8:45,525,112441,Tazavesh: Streets of Wonder,,,9:10 PM
pKcQNWTx781ZRf4C,25,wipe,1:03,63,112441,Tazavesh: Streets of Wonder,,,9:19 PM
pKcQNWTx781ZRf4C,26,wipe,4:14,254,112441,Tazavesh: Streets of Wonder,,,9:20 PM
pKcQNWTx781ZRf4C,27,wipe,5:45,345,112441,Tazavesh: Streets of Wonder,,,9:24 PM
pKcQNWTx781ZRf4C,28,wipe,12:20,740,112441,Tazavesh: Streets of Wonder,,,9:30 PM
pKcQNWTx781ZRf4C,29,wipe,12:09,729,112441,Tazavesh: Streets of Wonder,,,9:42 PM
pKcQNWTx781ZRf4C,30,wipe,4:13,253,112441,Tazavesh: Streets of Wonder,,,9:54 PM
pKcQNWTx781ZRf4C,17,kill,29:56,1796,62287,Halls of Atonement,,,6:59 PM
pKcQNWTx781ZRf4C,10,wipe,6:15,375,62287,Halls of Atonement,,,5:06 PM
pKcQNWTx781ZRf4C,11,wipe,5:24,324,62287,Halls of Atonement,,,5:12 PM
pKcQNWTx781ZRf4C,12,wipe,13:32,812,62287,Halls of Atonement,,,5:18 PM
pKcQNWTx781ZRf4C,13,wipe,22:56,1376,62287,Halls of Atonement,,,5:31 PM
pKcQNWTx781ZRf4C,14,wipe,29:34,1774,62287,Halls of Atonement,,,5:59 PM
pKcQNWTx781ZRf4C,15,wipe,11:00,660,62287,Halls of Atonement,,,6:29 PM
pKcQNWTx781ZRf4C,16,wipe,15:35,935,62287,Halls of Atonement,,,6:44 PM
pKcQNWTx781ZRf4C,20,kill,30:13,1813,12830,Eco-Dome Al'dani,,,7:46 PM
pKcQNWTx781ZRf4C,19,wipe,13:31,811,12830,Eco-Dome Al'dani,,,7:32 PM
pKcQNWTx781ZRf4C,31,wipe,2:01,121,112442,Tazavesh: So'leah's Gambit,,,9:58 PM
pKcQNWTx781ZRf4C,32,wipe,3:04,184,112442,Tazavesh: So'leah's Gambit,,,10:00 PM
pKcQNWTx781ZRf4C,33,wipe,8:54,534,112442,Tazavesh: So'leah's Gambit,,,10:04 PM
pKcQNWTx781ZRf4C,34,wipe,8:54,534,112442,Tazavesh: So'leah's Gambit,,,10:12 PM
pKcQNWTx781ZRf4C,35,wipe,4:33,273,112442,Tazavesh: So'leah's Gambit,,,10:21 PM
d69R1qVknp2JYba8,1,kill,30:31,1831,12830,Eco-Dome Al'dani,,,5:52 PM
d69R1qVknp2JYba8,4,kill,25:58,1558,12830,Eco-Dome Al'dani,,,7:00 PM
d69R1qVknp2JYba8,2,wipe,3:43,223,12830,Eco-Dome Al'dani,,,6:43 PM
d69R1qVknp2JYba8,3,wipe,8:28,508,12830,Eco-Dome Al'dani,,,6:52 PM
d69R1qVknp2JYba8,2,wipe,3:43,223,12830,Eco-Dome Al'dani,,,6:43 PM
d69R1qVknp2JYba8,3,wipe,8:28,508,12830,Eco-Dome Al'dani,,,6:52 PM
7mCka3rJyqjhLMYW,1,wipe,6:19,379,112442,Tazavesh: So'leah's Gambit,,,6:03 PM
7mCka3rJyqjhLMYW,2,wipe,6:15,375,112442,Tazavesh: So'leah's Gambit,,,6:14 PM
7mCka3rJyqjhLMYW,,kill,26:31,1591,12830,Eco-Dome Al'dani,12,Fortified,6:25 PM
2q73LmpYaCnBX8Az,4,kill,30:09,1809,12830,Eco-Dome Al'dani,,,3:25 PM
2q73LmpYaCnBX8Az,1,wipe,12:28,748,12830,Eco-Dome Al'dani,,,3:09 PM
2q73LmpYaCnBX8Az,2,wipe,2:15,135,12830,Eco-Dome Al'dani,,,3:21 PM
2q73LmpYaCnBX8Az,3,wipe,1:44,104,12830,Eco-Dome Al'dani,,,3:24 PM
2q73LmpYaCnBX8Az,1,wipe,12:28,748,12830,Eco-Dome Al'dani,,,3:09 PM
2q73LmpYaCnBX8Az,2,wipe,2:15,135,12830,Eco-Dome Al'dani,,,3:21 PM
2q73LmpYaCnBX8Az,3,wipe,1:44,104,12830,Eco-Dome Al'dani,,,3:24 PM
2q73LmpYaCnBX8Az,10,kill,31:31,1891,62287,Halls of Atonement,,,5:44 PM
2q73LmpYaCnBX8Az,5,wipe,17:47,1067,62287,Halls of Atonement,,,4:06 PM
2q73LmpYaCnBX8Az,6,wipe,3:46,226,62287,Halls of Atonement,,,4:29 PM
2q73LmpYaCnBX8Az,7,wipe,31:18,1878,62287,Halls of Atonement,,,4:33 PM
2q73LmpYaCnBX8Az,8,wipe,19:12,1152,62287,Halls of Atonement,,,5:12 PM
2q73LmpYaCnBX8Az,9,wipe,12:46,766,62287,Halls of Atonement,,,5:31 PM
2q73LmpYaCnBX8Az,24,kill,29:06,1746,112442,Tazavesh: So'leah's Gambit,,,8:07 PM
2q73LmpYaCnBX8Az,11,wipe,6:21,381,112442,Tazavesh: So'leah's Gambit,,,6:29 PM
2q73LmpYaCnBX8Az,12,wipe,6:41,401,112442,Tazavesh: So'leah's Gambit,,,6:35 PM
2q73LmpYaCnBX8Az,13,wipe,4:24,264,112442,Tazavesh: So'leah's Gambit,,,6:42 PM
2q73LmpYaCnBX8Az,14,wipe,2:37,157,112442,Tazavesh: So'leah's Gambit,,,6:46 PM
2q73LmpYaCnBX8Az,15,wipe,6:46,406,112442,Tazavesh: So'leah's Gambit,,,6:49 PM
2q73LmpYaCnBX8Az,16,wipe,1:58,118,112442,Tazavesh: So'leah's Gambit,,,6:56 PM
2q73LmpYaCnBX8Az,17,wipe,5:17,317,112442,Tazavesh: So'leah's Gambit,,,6:58 PM
2q73LmpYaCnBX8Az,18,wipe,24:07,1447,112442,Tazavesh: So'leah's Gambit,,,7:03 PM
2q73LmpYaCnBX8Az,19,wipe,12:10,730,112442,Tazavesh: So'leah's Gambit,,,7:27 PM
2q73LmpYaCnBX8Az,20,wipe,6:35,395,112442,Tazavesh: So'leah's Gambit,,,7:39 PM
2q73LmpYaCnBX8Az,21,wipe,3:52,232,112442,Tazavesh: So'leah's Gambit,,,7:46 PM
2q73LmpYaCnBX8Az,22,wipe,14:34,874,112442,Tazavesh: So'leah's Gambit,,,7:50 PM
2q73LmpYaCnBX8Az,23,wipe,2:50,170,112442,Tazavesh: So'leah's Gambit,,,8:05 PM
qrkDvZWTp2LQY8wj,,wipe,17:31,1051,12830,Eco-Dome Al'dani,14,,7:15 PM
qrkDvZWTp2LQY8wj,,wipe,14:22,862,112441,Tazavesh: Streets of Wonder,14,Fortified,8:07 PM
dNJ4vMWthGcj9Rqz,2,kill,33:28,2008,62287,Halls of Atonement,,,11:12 AM
dNJ4vMWthGcj9Rqz,5,kill,32:01,1921,62287,Halls of Atonement,,,1:19 PM
dNJ4vMWthGcj9Rqz,17,kill,29:59,1799,62287,Halls of Atonement,,,4:14 PM
dNJ4vMWthGcj9Rqz,1,wipe,15:51,951,62287,Halls of Atonement,,,10:56 AM
dNJ4vMWthGcj9Rqz,4,wipe,7:37,457,62287,Halls of Atonement,,,1:09 PM
dNJ4vMWthGcj9Rqz,6,wipe,1:46,106,62287,Halls of Atonement,,,2:04 PM
dNJ4vMWthGcj9Rqz,7,wipe,5:05,305,62287,Halls of Atonement,,,2:06 PM
dNJ4vMWthGcj9Rqz,8,wipe,9:48,588,62287,Halls of Atonement,,,2:11 PM
dNJ4vMWthGcj9Rqz,9,wipe,13:47,827,62287,Halls of Atonement,,,2:21 PM
dNJ4vMWthGcj9Rqz,10,wipe,37:31,2251,62287,Halls of Atonement,,,2:35 PM
dNJ4vMWthGcj9Rqz,11,wipe,12:04,724,62287,Halls of Atonement,,,3:12 PM
dNJ4vMWthGcj9Rqz,12,wipe,9:29,569,62287,Halls of Atonement,,,3:24 PM
dNJ4vMWthGcj9Rqz,15,wipe,15:57,957,62287,Halls of Atonement,,,3:51 PM
dNJ4vMWthGcj9Rqz,16,wipe,7:34,454,62287,Halls of Atonement,,,4:07 PM
dNJ4vMWthGcj9Rqz,23,kill,24:29,1469,112442,Tazavesh: So'leah's Gambit,,,5:43 PM
dNJ4vMWthGcj9Rqz,3,wipe,16:05,965,112442,Tazavesh: So'leah's Gambit,,,11:47 AM
dNJ4vMWthGcj9Rqz,18,wipe,5:30,330,112442,Tazavesh: So'leah's Gambit,,,5:00 PM
dNJ4vMWthGcj9Rqz,19,wipe,10:36,636,112442,Tazavesh: So'leah's Gambit,,,5:06 PM
dNJ4vMWthGcj9Rqz,20,wipe,17:59,1079,112442,Tazavesh: So'leah's Gambit,,,5:16 PM
dNJ4vMWthGcj9Rqz,21,wipe,3:29,209,112442,Tazavesh: So'leah's Gambit,,,5:34 PM
dNJ4vMWthGcj9Rqz,22,wipe,5:39,339,112442,Tazavesh: So'leah's Gambit,,,5:38 PM
dNJ4vMWthGcj9Rqz,28,kill,27:34,1654,12830,Eco-Dome Al'dani,,,7:20 PM
dNJ4vMWthGcj9Rqz,24,wipe,8:01,481,12830,Eco-Dome Al'dani,,,6:22 PM
dNJ4vMWthGcj9Rqz,25,wipe,19:47,1187,12830,Eco-Dome Al'dani,,,6:35 PM
dNJ4vMWthGcj9Rqz,26,wipe,13:15,795,12830,Eco-Dome Al'dani,,,6:55 PM
dNJ4vMWthGcj9Rqz,27,wipe,12:07,727,12830,Eco-Dome Al'dani,,,7:08 PM
dNJ4vMWthGcj9Rqz,24,wipe,8:01,481,12830,Eco-Dome Al'dani,,,6:22 PM
dNJ4vMWthGcj9Rqz,25,wipe,19:47,1187,12830,Eco-Dome Al'dani,,,6:35 PM
dNJ4vMWthGcj9Rqz,26,wipe,13:15,795,12830,Eco-Dome Al'dani,,,6:55 PM
dNJ4vMWthGcj9Rqz,27,wipe,12:07,727,12830,Eco-Dome Al'dani,,,7:08 PM
G6YPcVy7MxX1JFR3,,wipe,17:31,1051,12830,Eco-Dome Al'dani,14,,7:15 PM
3aRZD8PVxWqCcdw9,3,kill,25:58,1558,12830,Eco-Dome Al'dani,,,7:00 PM
3aRZD8PVxWqCcdw9,1,wipe,8:23,503,12830,Eco-Dome Al'dani,,,6:43 PM
3aRZD8PVxWqCcdw9,2,wipe,8:25,505,12830,Eco-Dome Al'dani,,,6:52 PM
3aRZD8PVxWqCcdw9,1,wipe,8:23,503,12830,Eco-Dome Al'dani,,,6:43 PM
3aRZD8PVxWqCcdw9,2,wipe,8:25,505,12830,Eco-Dome Al'dani,,,6:52 PM
3aRZD8PVxWqCcdw9,4,wipe,0:00,0,112441,Tazavesh: Streets of Wonder,,,7:33 PM
3aRZD8PVxWqCcdw9,5,wipe,0:00,0,112441,Tazavesh: Streets of Wonder,,,7:34 PM
khrjVtCA2XxZnf6Q,1,wipe,27:23,1643,12830,Eco-Dome Al'dani,,,6:12 PM
khrjVtCA2XxZnf6Q,2,wipe,4:46,286,12830,Eco-Dome Al'dani,,,6:49 PM
khrjVtCA2XxZnf6Q,3,wipe,10:11,611,12830,Eco-Dome Al'dani,,,7:00 PM
khrjVtCA2XxZnf6Q,1,wipe,27:23,1643,12830,Eco-Dome Al'dani,,,6:12 PM
khrjVtCA2XxZnf6Q,2,wipe,4:46,286,12830,Eco-Dome Al'dani,,,6:49 PM
khrjVtCA2XxZnf6Q,3,wipe,10:11,611,12830,Eco-Dome Al'dani,,,7:00 PM
khA6pmHrTa8GgWPv,1,wipe,25:50,1550,62287,Halls of Atonement,,,4:56 PM
khA6pmHrTa8GgWPv,3,wipe,5:18,318,62287,Halls of Atonement,,,5:46 PM
khA6pmHrTa8GgWPv,4,wipe,18:11,1091,62287,Halls of Atonement,,,5:52 PM
khA6pmHrTa8GgWPv,,kill,26:13,1573,12830,Eco-Dome Al'dani,12,Fortified,6:18 PM
3LM7nYKPC89GpQzD,1,wipe,27:23,1643,12830,Eco-Dome Al'dani,,,6:12 PM
3LM7nYKPC89GpQzD,2,wipe,4:46,286,12830,Eco-Dome Al'dani,,,6:49 PM
3LM7nYKPC89GpQzD,1,wipe,27:23,1643,12830,Eco-Dome Al'dani,,,6:12 PM
3LM7nYKPC89GpQzD,2,wipe,4:46,286,12830,Eco-Dome Al'dani,,,6:49 PM
2wHV3d4MBCmRJaAc,4,kill,30:09,1809,12830,Eco-Dome Al'dani,,,3:25 PM
2wHV3d4MBCmRJaAc,1,wipe,12:28,748,12830,Eco-Dome Al'dani,,,3:09 PM
2wHV3d4MBCmRJaAc,2,wipe,2:15,135,12830,Eco-Dome Al'dani,,,3:21 PM
2wHV3d4MBCmRJaAc,3,wipe,1:44,104,12830,Eco-Dome Al'dani,,,3:24 PM
2wHV3d4MBCmRJaAc,1,wipe,12:28,748,12830,Eco-Dome Al'dani,,,3:09 PM
2wHV3d4MBCmRJaAc,2,wipe,2:15,135,12830,Eco-Dome Al'dani,,,3:21 PM
2wHV3d4MBCmRJaAc,3,wipe,1:44,104,12830,Eco-Dome Al'dani,,,3:24 PM
2wHV3d4MBCmRJaAc,10,kill,31:31,1891,62287,Halls of Atonement,,,5:44 PM
2wHV3d4MBCmRJaAc,5,wipe,17:47,1067,62287,Halls of Atonement,,,4:06 PM
2wHV3d4MBCmRJaAc,6,wipe,3:46,226,62287,Halls of Atonement,,,4:29 PM
2wHV3d4MBCmRJaAc,7,wipe,31:18,1878,62287,Halls of Atonement,,,4:33 PM
2wHV3d4MBCmRJaAc,8,wipe,19:12,1152,62287,Halls of Atonement,,,5:12 PM
2wHV3d4MBCmRJaAc,9,wipe,12:46,766,62287,Halls of Atonement,,,5:31 PM
q1ZA6WVBhFXMaz43,,kill,28:11,1691,12830,Eco-Dome Al'dani,15,Tyrannical,4:54 PM
yJ9mpCfrxwaQFdM1,,wipe,3:21,201,12830,Eco-Dome Al'dani,12,Tyrannical,12:19 PM
yJ9mpCfrxwaQFdM1,2,wipe,6:29,389,62287,Halls of Atonement,,,12:30 PM
yJ9mpCfrxwaQFdM1,4,wipe,2:34,154,62287,Halls of Atonement,,,12:53 PM
yJ9mpCfrxwaQFdM1,5,wipe,3:02,182,62287,Halls of Atonement,,,12:56 PM
yJ9mpCfrxwaQFdM1,6,wipe,18:23,1103,62287,Halls of Atonement,,,12:59 PM
yJ9mpCfrxwaQFdM1,7,wipe,5:34,334,62287,Halls of Atonement,,,1:24 PM
yJ9mpCfrxwaQFdM1,8,wipe,21:36,1296,62287,Halls of Atonement,,,2:07 PM
yJ9mpCfrxwaQFdM1,10,kill,26:10,1570,112442,Tazavesh: So'leah's Gambit,,,2:47 PM
yJ9mpCfrxwaQFdM1,9,wipe,4:58,298,112442,Tazavesh: So'leah's Gambit,,,2:42 PM
nM7WVANHf4LrbGw1,,kill,23:14,1394,12830,Eco-Dome Al'dani,10,Xal'atath's Bargain: Pulsar,11:59 AM
nM7WVANHf4LrbGw1,,kill,31:38,1898,112441,Tazavesh: Streets of Wonder,10,Xal'atath's Bargain: Pulsar,12:30 PM
QJwqGHc2pRrymMVk,1,wipe,2:44,164,62287,Halls of Atonement,,,1:08 AM
QJwqGHc2pRrymMVk,2,wipe,1:01,61,62287,Halls of Atonement,,,1:15 AM
QJwqGHc2pRrymMVk,3,wipe,3:13,193,62287,Halls of Atonement,,,1:18 AM
QJwqGHc2pRrymMVk,4,wipe,10:07,607,62287,Halls of Atonement,,,1:21 AM
QJwqGHc2pRrymMVk,5,wipe,16:18,978,62287,Halls of Atonement,,,1:54 AM
QJwqGHc2pRrymMVk,6,wipe,3:00,180,62287,Halls of Atonement,,,2:20 AM
QJwqGHc2pRrymMVk,7,wipe,16:02,962,62287,Halls of Atonement,,,2:23 AM
QJwqGHc2pRrymMVk,8,wipe,10:11,611,62287,Halls of Atonement,,,2:42 AM
QJwqGHc2pRrymMVk,10,kill,29:55,1795,12830,Eco-Dome Al'dani,,,3:10 AM
QJwqGHc2pRrymMVk,9,wipe,13:07,787,12830,Eco-Dome Al'dani,,,2:57 AM
QX6YZyRpq8mHA9fG,8,kill,32:39,1959,62287,Halls of Atonement,,,6:04 AM
QX6YZyRpq8mHA9fG,1,wipe,10:27,627,62287,Halls of Atonement,,,1:42 AM
QX6YZyRpq8mHA9fG,17,wipe,13:53,833,62287,Halls of Atonement,,,10:04 AM
QX6YZyRpq8mHA9fG,2,kill,21:37,1297,112442,Tazavesh: So'leah's Gambit,,,1:57 AM
QX6YZyRpq8mHA9fG,5,kill,30:01,1801,112442,Tazavesh: So'leah's Gambit,,,3:31 AM
QX6YZyRpq8mHA9fG,,kill,39:14,2354,112441,Tazavesh: Streets of Wonder,14,Tyrannical,4:10 AM
QX6YZyRpq8mHA9fG,,kill,33:44,2024,12830,Eco-Dome Al'dani,14,Tyrannical,5:03 AM
cVBAnv4CJ7ytrdZw,1,kill,23:42,1422,12830,Eco-Dome Al'dani,,,2:01 AM
cVBAnv4CJ7ytrdZw,6,kill,41:44,2504,12830,Eco-Dome Al'dani,,,6:10 AM
cVBAnv4CJ7ytrdZw,10,kill,30:59,1859,12830,Eco-Dome Al'dani,,,8:58 AM
cVBAnv4CJ7ytrdZw,2,wipe,27:28,1648,62287,Halls of Atonement,,,2:58 AM
cVBAnv4CJ7ytrdZw,5,wipe,24:07,1447,62287,Halls of Atonement,,,5:42 AM
cVBAnv4CJ7ytrdZw,3,kill,37:07,2227,112441,Tazavesh: Streets of Wonder,,,3:29 AM
cVBAnv4CJ7ytrdZw,4,kill,39:42,2382,112441,Tazavesh: Streets of Wonder,,,5:04 AM
cVBAnv4CJ7ytrdZw,7,wipe,20:50,1250,112441,Tazavesh: Streets of Wonder,,,7:30 AM
cVBAnv4CJ7ytrdZw,8,wipe,17:08,1028,112441,Tazavesh: Streets of Wonder,,,7:51 AM
cVBAnv4CJ7ytrdZw,9,wipe,2:59,179,112441,Tazavesh: Streets of Wonder,,,8:39 AM
3d1vX2qV74MFRnTB,18,kill,27:38,1658,12830,Eco-Dome Al'dani,,,7:29 AM
3d1vX2qV74MFRnTB,34,kill,28:44,1724,12830,Eco-Dome Al'dani,,,8:15 AM
3d1vX2qV74MFRnTB,33,wipe,0:00,0,12830,Eco-Dome Al'dani,,,8:11 AM
3d1vX2qV74MFRnTB,,wipe,1:44,104,112441,Tazavesh: Streets of Wonder,12,Tyrannical,8:55 AM
zPqtj4Ca2ZrF3pLM,1,kill,29:45,1785,12830,Eco-Dome Al'dani,,,6:54 AM
zPqtj4Ca2ZrF3pLM,2,wipe,5:26,326,12830,Eco-Dome Al'dani,,,7:35 AM
zPqtj4Ca2ZrF3pLM,,kill,26:26,1586,62287,Halls of Atonement,12,Tyrannical,8:10 AM
28RVkxBpD4yYba3G,4,kill,34:57,2097,12830,Eco-Dome Al'dani,,,7:49 AM
28RVkxBpD4yYba3G,1,wipe,1:12,72,12830,Eco-Dome Al'dani,,,7:34 AM
28RVkxBpD4yYba3G,3,wipe,7:36,456,12830,Eco-Dome Al'dani,,,7:39 AM
28RVkxBpD4yYba3G,1,wipe,1:12,72,12830,Eco-Dome Al'dani,,,7:34 AM
28RVkxBpD4yYba3G,3,wipe,7:36,456,12830,Eco-Dome Al'dani,,,7:39 AM
RT7rvFjXqwgcVNLG,2,wipe,12:04,724,112442,Tazavesh: So'leah's Gambit,,,2:50 AM
RT7rvFjXqwgcVNLG,3,wipe,11:28,688,112442,Tazavesh: So'leah's Gambit,,,3:02 AM
RT7rvFjXqwgcVNLG,5,kill,1:26:24,5184,112441,Tazavesh: Streets of Wonder,,,3:18 AM
RT7rvFjXqwgcVNLG,4,wipe,4:27,267,112441,Tazavesh: Streets of Wonder,,,3:14 AM
RT7rvFjXqwgcVNLG,10,kill,34:21,2061,12830,Eco-Dome Al'dani,,,5:27 AM
RT7rvFjXqwgcVNLG,6,wipe,7:54,474,12830,Eco-Dome Al'dani,,,4:48 AM
RT7rvFjXqwgcVNLG,7,wipe,3:16,196,12830,Eco-Dome Al'dani,,,4:56 AM
RT7rvFjXqwgcVNLG,8,wipe,6:42,402,12830,Eco-Dome Al'dani,,,5:05 AM
RT7rvFjXqwgcVNLG,9,wipe,7:35,455,12830,Eco-Dome Al'dani,,,5:16 AM
RT7rvFjXqwgcVNLG,6,wipe,7:54,474,12830,Eco-Dome Al'dani,,,4:48 AM
RT7rvFjXqwgcVNLG,7,wipe,3:16,196,12830,Eco-Dome Al'dani,,,4:56 AM
RT7rvFjXqwgcVNLG,8,wipe,6:42,402,12830,Eco-Dome Al'dani,,,5:05 AM
RT7rvFjXqwgcVNLG,9,wipe,7:35,455,12830,Eco-Dome Al'dani,,,5:16 AM
wKWY9L4VpnvdFJyh,7,kill,33:13,1993,12830,Eco-Dome Al'dani,,,5:20 AM
wKWY9L4VpnvdFJyh,2,wipe,12:59,779,12830,Eco-Dome Al'dani,,,4:55 AM
wKWY9L4VpnvdFJyh,6,wipe,5:22,322,12830,Eco-Dome Al'dani,,,5:14 AM
wKWY9L4VpnvdFJyh,2,wipe,12:59,779,12830,Eco-Dome Al'dani,,,4:55 AM
wKWY9L4VpnvdFJyh,6,wipe,5:22,322,12830,Eco-Dome Al'dani,,,5:14 AM
3YBPXQjynxJw2b7A,,wipe,13:45,825,62287,Halls of Atonement,12,Fortified,6:09 AM
3YBPXQjynxJw2b7A,,wipe,1:49,109,12830,Eco-Dome Al'dani,12,Fortified,6:37 AM
pcYNBDjF7Qgrwb21,,wipe,18:44,1124,112442,Tazavesh: So'leah's Gambit,14,Tyrannical,2:05 AM
pcYNBDjF7Qgrwb21,2,kill,27:05,1625,12830,Eco-Dome Al'dani,,,2:28 AM
pcYNBDjF7Qgrwb21,5,kill,28:02,1682,12830,Eco-Dome Al'dani,,,3:05 AM
D9zmdWt42nM8VjPJ,,kill,29:05,1745,12830,Eco-Dome Al'dani,12,Tyrannical,4:00 AM
7CJN6GXcyrZgh9fV,2,wipe,5:39,339,12830,Eco-Dome Al'dani,,,4:19 AM
7CJN6GXcyrZgh9fV,3,wipe,1:39,99,12830,Eco-Dome Al'dani,,,4:24 AM
7CJN6GXcyrZgh9fV,4,wipe,7:01,421,12830,Eco-Dome Al'dani,,,4:26 AM
7CJN6GXcyrZgh9fV,2,wipe,5:39,339,12830,Eco-Dome Al'dani,,,4:19 AM
7CJN6GXcyrZgh9fV,3,wipe,1:39,99,12830,Eco-Dome Al'dani,,,4:24 AM
7CJN6GXcyrZgh9fV,4,wipe,7:01,421,12830,Eco-Dome Al'dani,,,4:26 AM
DwpFf9kc7HvY16Ly,,kill,21:41,1301,12830,Eco-Dome Al'dani,10,Xal'atath's Bargain: Pulsar,2:33 AM
DwpFf9kc7HvY16Ly,,kill,34:14,2054,112441,Tazavesh: Streets of Wonder,10,,3:24 AM
R1xwHX2drP8KGqpC,,kill,44:11,2651,112442,Tazavesh: So'leah's Gambit,14,Tyrannical,11:12 PM
R1xwHX2drP8KGqpC,,kill,23:42,1422,12830,Eco-Dome Al'dani,12,Tyrannical,2:01 AM
R1xwHX2drP8KGqpC,,wipe,27:28,1648,62287,Halls of Atonement,12,Tyrannical,2:58 AM
R1xwHX2drP8KGqpC,,kill,37:07,2227,112441,Tazavesh: Streets of Wonder,14,Tyrannical,3:29 AM
6vzAPwmtpfkjn8DY,1,kill,31:16,1876,12830,Eco-Dome Al'dani,,,8:04 PM
6vzAPwmtpfkjn8DY,12,wipe,8:33,513,12830,Eco-Dome Al'dani,,,11:45 PM
6vzAPwmtpfkjn8DY,13,wipe,35:38,2138,12830,Eco-Dome Al'dani,,,11:54 PM
6vzAPwmtpfkjn8DY,14,wipe,4:48,288,12830,Eco-Dome Al'dani,,,12:30 AM
6vzAPwmtpfkjn8DY,15,wipe,9:46,586,12830,Eco-Dome Al'dani,,,12:34 AM
6vzAPwmtpfkjn8DY,16,wipe,25:44,1544,12830,Eco-Dome Al'dani,,,12:56 AM
6vzAPwmtpfkjn8DY,17,wipe,8:31,511,12830,Eco-Dome Al'dani,,,1:22 AM
6vzAPwmtpfkjn8DY,18,wipe,17:20,1040,12830,Eco-Dome Al'dani,,,1:31 AM
6vzAPwmtpfkjn8DY,12,wipe,8:33,513,12830,Eco-Dome Al'dani,,,11:45 PM
6vzAPwmtpfkjn8DY,13,wipe,35:38,2138,12830,Eco-Dome Al'dani,,,11:54 PM
6vzAPwmtpfkjn8DY,14,wipe,4:48,288,12830,Eco-Dome Al'dani,,,12:30 AM
6vzAPwmtpfkjn8DY,15,wipe,9:46,586,12830,Eco-Dome Al'dani,,,12:34 AM
6vzAPwmtpfkjn8DY,16,wipe,25:44,1544,12830,Eco-Dome Al'dani,,,12:56 AM
6vzAPwmtpfkjn8DY,17,wipe,8:31,511,12830,Eco-Dome Al'dani,,,1:22 AM
6vzAPwmtpfkjn8DY,18,wipe,17:20,1040,12830,Eco-Dome Al'dani,,,1:31 AM
6vzAPwmtpfkjn8DY,4,kill,36:05,2165,62287,Halls of Atonement,,,8:47 PM
6vzAPwmtpfkjn8DY,9,kill,29:53,1793,62287,Halls of Atonement,,,10:27 PM
6vzAPwmtpfkjn8DY,2,wipe,5:43,343,62287,Halls of Atonement,,,8:37 PM
6vzAPwmtpfkjn8DY,3,wipe,4:15,255,62287,Halls of Atonement,,,8:43 PM
6vzAPwmtpfkjn8DY,8,wipe,4:46,286,62287,Halls of Atonement,,,10:22 PM
6vzAPwmtpfkjn8DY,6,kill,29:38,1778,112441,Tazavesh: Streets of Wonder,,,9:47 PM
6vzAPwmtpfkjn8DY,23,kill,32:24,1944,112441,Tazavesh: Streets of Wonder,,,3:41 AM
6vzAPwmtpfkjn8DY,5,wipe,9:08,548,112441,Tazavesh: Streets of Wonder,,,9:38 PM
6vzAPwmtpfkjn8DY,20,wipe,29:55,1795,112441,Tazavesh: Streets of Wonder,,,2:42 AM
6vzAPwmtpfkjn8DY,21,wipe,20:39,1239,112441,Tazavesh: Streets of Wonder,,,3:12 AM
6vzAPwmtpfkjn8DY,22,wipe,8:15,495,112441,Tazavesh: Streets of Wonder,,,3:33 AM
6vzAPwmtpfkjn8DY,11,kill,25:22,1522,112442,Tazavesh: So'leah's Gambit,,,11:09 PM
6vzAPwmtpfkjn8DY,19,kill,27:12,1632,112442,Tazavesh: So'leah's Gambit,,,2:08 AM
6vzAPwmtpfkjn8DY,10,wipe,4:35,275,112442,Tazavesh: So'leah's Gambit,,,11:05 PM
tFfVC1826YmxTck7,,kill,28:59,1739,12830,Eco-Dome Al'dani,15,Tyrannical,3:10 AM
GFpXD23cHgxwZQqP,6,kill,20:51,1251,12830,Eco-Dome Al'dani,,,2:28 AM
GFpXD23cHgxwZQqP,5,wipe,8:15,495,12830,Eco-Dome Al'dani,,,2:17 AM
bZ43Y1gBJn79PtMG,3,kill,25:21,1521,112442,Tazavesh: So'leah's Gambit,,,4:36 PM
bZ43Y1gBJn79PtMG,15,kill,39:30,2370,112442,Tazavesh: So'leah's Gambit,,,8:22 PM
bZ43Y1gBJn79PtMG,38,kill,26:14,1574,112442,Tazavesh: So'leah's Gambit,,,1:03 AM
bZ43Y1gBJn79PtMG,1,wipe,10:04,604,112442,Tazavesh: So'leah's Gambit,,,4:20 PM
bZ43Y1gBJn79PtMG,2,wipe,6:13,373,112442,Tazavesh: So'leah's Gambit,,,4:30 PM
bZ43Y1gBJn79PtMG,33,wipe,3:16,196,112442,Tazavesh: So'leah's Gambit,,,12:03 AM
bZ43Y1gBJn79PtMG,34,wipe,6:53,413,112442,Tazavesh: So'leah's Gambit,,,12:07 AM
bZ43Y1gBJn79PtMG,35,wipe,6:08,368,112442,Tazavesh: So'leah's Gambit,,,12:14 AM
bZ43Y1gBJn79PtMG,36,wipe,19:36,1176,112442,Tazavesh: So'leah's Gambit,,,12:20 AM
bZ43Y1gBJn79PtMG,37,wipe,23:35,1415,112442,Tazavesh: So'leah's Gambit,,,12:39 AM
bZ43Y1gBJn79PtMG,7,kill,34:47,2087,12830,Eco-Dome Al'dani,,,5:29 PM
bZ43Y1gBJn79PtMG,21,kill,32:20,1940,12830,Eco-Dome Al'dani,,,9:12 PM
bZ43Y1gBJn79PtMG,4,wipe,5:17,317,12830,Eco-Dome Al'dani,,,5:04 PM
bZ43Y1gBJn79PtMG,5,wipe,2:43,163,12830,Eco-Dome Al'dani,,,5:11 PM
bZ43Y1gBJn79PtMG,6,wipe,8:34,514,12830,Eco-Dome Al'dani,,,5:14 PM
bZ43Y1gBJn79PtMG,20,wipe,3:29,209,12830,Eco-Dome Al'dani,,,9:08 PM
bZ43Y1gBJn79PtMG,4,wipe,5:17,317,12830,Eco-Dome Al'dani,,,5:04 PM
bZ43Y1gBJn79PtMG,5,wipe,2:43,163,12830,Eco-Dome Al'dani,,,5:11 PM
bZ43Y1gBJn79PtMG,6,wipe,8:34,514,12830,Eco-Dome Al'dani,,,5:14 PM
bZ43Y1gBJn79PtMG,20,wipe,3:29,209,12830,Eco-Dome Al'dani,,,9:08 PM
bZ43Y1gBJn79PtMG,13,kill,37:03,2223,62287,Halls of Atonement,,,7:34 PM
bZ43Y1gBJn79PtMG,31,kill,32:48,1968,62287,Halls of Atonement,,,11:09 PM
bZ43Y1gBJn79PtMG,8,wipe,2:17,137,62287,Halls of Atonement,,,6:15 PM
bZ43Y1gBJn79PtMG,9,wipe,2:40,160,62287,Halls of Atonement,,,6:18 PM
bZ43Y1gBJn79PtMG,10,wipe,12:41,761,62287,Halls of Atonement,,,6:20 PM
bZ43Y1gBJn79PtMG,25,wipe,18:22,1102,62287,Halls of Atonement,,,10:30 PM
bZ43Y1gBJn79PtMG,27,wipe,7:47,467,62287,Halls of Atonement,,,10:51 PM
bZ43Y1gBJn79PtMG,30,wipe,0:16,16,62287,Halls of Atonement,,,11:09 PM
bZ43Y1gBJn79PtMG,12,kill,38:10,2290,112441,Tazavesh: Streets of Wonder,,,6:48 PM
bZ43Y1gBJn79PtMG,11,wipe,3:14,194,112441,Tazavesh: Streets of Wonder,,,6:45 PM
bZ43Y1gBJn79PtMG,22,wipe,26:51,1611,112441,Tazavesh: Streets of Wonder,,,9:58 PM
4yVRtKFwB736mrGd,,kill,41:02,2462,12830,Eco-Dome Al'dani,15,Tyrannical,9:55 PM
YLTjdqHgRDBmh8Nz,,wipe,13:31,811,12830,Eco-Dome Al'dani,15,Tyrannical,8:35 PM
YLTjdqHgRDBmh8Nz,,wipe,14:35,875,112441,Tazavesh: Streets of Wonder,14,Tyrannical,9:22 PM
nD1pKCAhV9RgTY6k,,kill,1:24:29,5069,62287,Halls of Atonement,13,Tyrannical,10:52 PM
nD1pKCAhV9RgTY6k,,kill,47:03,2823,12830,Eco-Dome Al'dani,13,Tyrannical,12:23 AM
7kzvg8JVwPQCqHnB,,kill,38:12,2292,62287,Halls of Atonement,14,Tyrannical,9:29 PM
7kzvg8JVwPQCqHnB,,kill,33:56,2036,112441,Tazavesh: Streets of Wonder,14,Tyrannical,10:19 PM
7kzvg8JVwPQCqHnB,,kill,26:20,1580,12830,Eco-Dome Al'dani,14,Tyrannical,11:03 PM
7kzvg8JVwPQCqHnB,,kill,26:41,1601,112442,Tazavesh: So'leah's Gambit,14,Fortified,11:42 PM
qn2kVNDZy84RxCWB,2,kill,31:51,1911,12830,Eco-Dome Al'dani,,,7:26 PM
qn2kVNDZy84RxCWB,7,kill,26:20,1580,12830,Eco-Dome Al'dani,,,11:04 PM
qn2kVNDZy84RxCWB,1,wipe,1:11,71,12830,Eco-Dome Al'dani,,,7:21 PM
qn2kVNDZy84RxCWB,,kill,33:56,2036,112441,Tazavesh: Streets of Wonder,14,Tyrannical,10:19 PM
qn2kVNDZy84RxCWB,,kill,26:41,1601,112442,Tazavesh: So'leah's Gambit,14,Fortified,11:43 PM
dpWMZLXga3yw982t,6,kill,32:20,1940,12830,Eco-Dome Al'dani,,,9:12 PM
dpWMZLXga3yw982t,5,wipe,3:28,208,12830,Eco-Dome Al'dani,,,9:08 PM
dpWMZLXga3yw982t,,wipe,26:52,1612,112441,Tazavesh: Streets of Wonder,16,Tyrannical,9:58 PM
dpWMZLXga3yw982t,18,kill,32:48,1968,62287,Halls of Atonement,,,11:09 PM
dpWMZLXga3yw982t,12,wipe,18:22,1102,62287,Halls of Atonement,,,10:30 PM
dpWMZLXga3yw982t,14,wipe,7:47,467,62287,Halls of Atonement,,,10:51 PM
dpWMZLXga3yw982t,17,wipe,0:15,15,62287,Halls of Atonement,,,11:09 PM
bhqLn8gGdY4p9kmC,,kill,34:01,2041,12830,Eco-Dome Al'dani,12,Tyrannical,9:31 PM
bhqLn8gGdY4p9kmC,,kill,47:00,2820,62287,Halls of Atonement,12,Tyrannical,10:08 PM
bhqLn8gGdY4p9kmC,,kill,45:23,2723,112442,Tazavesh: So'leah's Gambit,12,Tyrannical,10:57 PM
QTVqzMh8DjLxXCJr,2,kill,31:51,1911,12830,Eco-Dome Al'dani,,,7:26 PM
QTVqzMh8DjLxXCJr,7,kill,26:20,1580,12830,Eco-Dome Al'dani,,,11:04 PM
QTVqzMh8DjLxXCJr,1,wipe,1:11,71,12830,Eco-Dome Al'dani,,,7:21 PM
QTVqzMh8DjLxXCJr,,kill,33:56,2036,112441,Tazavesh: Streets of Wonder,14,Tyrannical,10:19 PM
WFd6ZLM8pbzYxGjV,,kill,38:12,2292,62287,Halls of Atonement,14,Tyrannical,9:29 PM
WFd6ZLM8pbzYxGjV,,kill,33:56,2036,112441,Tazavesh: Streets of Wonder,14,Tyrannical,10:19 PM
WFd6ZLM8pbzYxGjV,,kill,26:20,1580,12830,Eco-Dome Al'dani,14,Tyrannical,11:03 PM
hK2FkPG7qBRyJgW1,1,kill,35:24,2124,62287,Halls of Atonement,,,6:59 PM
hK2FkPG7qBRyJgW1,10,kill,30:20,1820,62287,Halls of Atonement,,,9:22 PM
hK2FkPG7qBRyJgW1,4,wipe,4:36,276,62287,Halls of Atonement,,,7:43 PM
hK2FkPG7qBRyJgW1,5,wipe,4:01,241,62287,Halls of Atonement,,,7:48 PM
hK2FkPG7qBRyJgW1,6,wipe,35:19,2119,62287,Halls of Atonement,,,7:52 PM
hK2FkPG7qBRyJgW1,9,wipe,4:06,246,62287,Halls of Atonement,,,9:18 PM
hK2FkPG7qBRyJgW1,,kill,36:47,2207,12830,Eco-Dome Al'dani,12,Tyrannical,10:20 PM
2YqJ1Rmfw7xgANyn,2,kill,35:24,2124,62287,Halls of Atonement,,,6:59 PM
2YqJ1Rmfw7xgANyn,9,kill,30:20,1820,62287,Halls of Atonement,,,9:23 PM
2YqJ1Rmfw7xgANyn,1,wipe,8:19,499,62287,Halls of Atonement,,,6:39 PM
2YqJ1Rmfw7xgANyn,4,wipe,4:36,276,62287,Halls of Atonement,,,7:44 PM
2YqJ1Rmfw7xgANyn,5,wipe,4:01,241,62287,Halls of Atonement,,,7:48 PM
2YqJ1Rmfw7xgANyn,6,wipe,35:20,2120,62287,Halls of Atonement,,,7:52 PM
2YqJ1Rmfw7xgANyn,7,wipe,2:24,144,62287,Halls of Atonement,,,8:58 PM
2YqJ1Rmfw7xgANyn,8,wipe,4:06,246,62287,Halls of Atonement,,,9:19 PM
2YqJ1Rmfw7xgANyn,,kill,36:47,2207,12830,Eco-Dome Al'dani,12,Tyrannical,10:21 PM
9dQtXbFMPqACy3xD,2,kill,31:51,1911,12830,Eco-Dome Al'dani,,,7:26 PM
9dQtXbFMPqACy3xD,1,wipe,1:11,71,12830,Eco-Dome Al'dani,,,7:21 PM
9dQtXbFMPqACy3xD,,kill,33:56,2036,112441,Tazavesh: Streets of Wonder,14,Tyrannical,10:19 PM
PC46xLa3tY1qFwG7,9,kill,23:36,1416,12830,Eco-Dome Al'dani,,,5:29 AM
PC46xLa3tY1qFwG7,8,wipe,11:02,662,12830,Eco-Dome Al'dani,,,5:18 AM
PC46xLa3tY1qFwG7,,kill,26:14,1574,62287,Halls of Atonement,12,Tyrannical,8:58 PM
PC46xLa3tY1qFwG7,,wipe,6:19,379,112442,Tazavesh: So'leah's Gambit,12,Tyrannical,10:07 PM
k83TnDPG4yZ2wAV7,3,kill,31:06,1866,12830,Eco-Dome Al'dani,,,2:19 PM
k83TnDPG4yZ2wAV7,1,wipe,4:54,294,12830,Eco-Dome Al'dani,,,2:11 PM
k83TnDPG4yZ2wAV7,2,wipe,2:59,179,12830,Eco-Dome Al'dani,,,2:16 PM
k83TnDPG4yZ2wAV7,1,wipe,4:54,294,12830,Eco-Dome Al'dani,,,2:11 PM
k83TnDPG4yZ2wAV7,2,wipe,2:59,179,12830,Eco-Dome Al'dani,,,2:16 PM
k83TnDPG4yZ2wAV7,4,wipe,1:58,118,112442,Tazavesh: So'leah's Gambit,,,2:55 PM
k83TnDPG4yZ2wAV7,16,wipe,8:54,534,112442,Tazavesh: So'leah's Gambit,,,6:14 PM
k83TnDPG4yZ2wAV7,17,wipe,7:56,476,112442,Tazavesh: So'leah's Gambit,,,6:23 PM
k83TnDPG4yZ2wAV7,18,wipe,8:23,503,112442,Tazavesh: So'leah's Gambit,,,6:31 PM
k83TnDPG4yZ2wAV7,5,wipe,25:18,1518,62287,Halls of Atonement,,,3:04 PM
k83TnDPG4yZ2wAV7,6,wipe,16:55,1015,62287,Halls of Atonement,,,3:34 PM
k83TnDPG4yZ2wAV7,7,wipe,7:21,441,62287,Halls of Atonement,,,3:51 PM
k83TnDPG4yZ2wAV7,8,wipe,4:54,294,62287,Halls of Atonement,,,4:50 PM
k83TnDPG4yZ2wAV7,9,wipe,2:42,162,62287,Halls of Atonement,,,5:01 PM
k83TnDPG4yZ2wAV7,10,wipe,2:59,179,62287,Halls of Atonement,,,5:03 PM
k83TnDPG4yZ2wAV7,11,wipe,2:43,163,62287,Halls of Atonement,,,5:06 PM
k83TnDPG4yZ2wAV7,12,wipe,6:01,361,62287,Halls of Atonement,,,5:09 PM
k83TnDPG4yZ2wAV7,13,wipe,9:35,575,62287,Halls of Atonement,,,5:15 PM
k83TnDPG4yZ2wAV7,14,wipe,17:24,1044,62287,Halls of Atonement,,,5:25 PM
k83TnDPG4yZ2wAV7,15,wipe,25:43,1543,62287,Halls of Atonement,,,5:42 PM
WLVAKGnbrYtw8239,,kill,39:40,2380,112441,Tazavesh: Streets of Wonder,12,Fortified,7:46 PM
WLVAKGnbrYtw8239,,kill,27:35,1655,12830,Eco-Dome Al'dani,12,Tyrannical,8:28 PM
WLVAKGnbrYtw8239,,kill,20:06,1206,112442,Tazavesh: So'leah's Gambit,12,Tyrannical,8:59 PM
31xgC6DYVfwR98kT,,kill,31:16,1876,12830,Eco-Dome Al'dani,17,Tyrannical,8:04 PM
ZQhYaJPt9x3w6kN7,,kill,28:38,1718,112442,Tazavesh: So'leah's Gambit,18,Fortified,3:02 PM
ZQhYaJPt9x3w6kN7,,kill,30:07,1807,62287,Halls of Atonement,12,Fortified,3:40 PM
ZQhYaJPt9x3w6kN7,7,kill,33:58,2038,112441,Tazavesh: Streets of Wonder,,,5:54 PM
ZQhYaJPt9x3w6kN7,5,wipe,33:56,2036,112441,Tazavesh: Streets of Wonder,,,4:15 PM
ZQhYaJPt9x3w6kN7,,kill,30:51,1851,12830,Eco-Dome Al'dani,18,Fortified,5:00 PM
wmp9cMArqTtCVJj6,,kill,23:06,1386,112442,Tazavesh: So'leah's Gambit,12,,7:20 PM
wmp9cMArqTtCVJj6,8,wipe,3:14,194,12830,Eco-Dome Al'dani,,,8:21 PM
wmp9cMArqTtCVJj6,9,wipe,0:00,0,12830,Eco-Dome Al'dani,,,8:24 PM
wmp9cMArqTtCVJj6,8,wipe,3:14,194,12830,Eco-Dome Al'dani,,,8:21 PM
wmp9cMArqTtCVJj6,9,wipe,0:00,0,12830,Eco-Dome Al'dani,,,8:24 PM
WGBAKZj9z3h1T7LC,4,kill,40:12,2412,62287,Halls of Atonement,,,1:28 PM
WGBAKZj9z3h1T7LC,17,kill,33:55,2035,62287,Halls of Atonement,,,7:19 PM
WGBAKZj9z3h1T7LC,3,wipe,17:54,1074,62287,Halls of Atonement,,,1:06 PM
WGBAKZj9z3h1T7LC,9,wipe,5:03,303,62287,Halls of Atonement,,,5:25 PM
WGBAKZj9z3h1T7LC,10,wipe,8:16,496,62287,Halls of Atonement,,,5:30 PM
WGBAKZj9z3h1T7LC,11,wipe,14:23,863,62287,Halls of Atonement,,,5:38 PM
WGBAKZj9z3h1T7LC,12,wipe,10:41,641,62287,Halls of Atonement,,,5:53 PM
WGBAKZj9z3h1T7LC,13,wipe,23:39,1419,62287,Halls of Atonement,,,6:04 PM
WGBAKZj9z3h1T7LC,14,wipe,3:01,181,62287,Halls of Atonement,,,6:44 PM
WGBAKZj9z3h1T7LC,15,wipe,1:30,90,62287,Halls of Atonement,,,6:47 PM
WGBAKZj9z3h1T7LC,16,wipe,15:00,900,62287,Halls of Atonement,,,7:04 PM
WGBAKZj9z3h1T7LC,8,kill,26:29,1589,12830,Eco-Dome Al'dani,,,3:48 PM
WGBAKZj9z3h1T7LC,5,wipe,8:14,494,12830,Eco-Dome Al'dani,,,2:53 PM
WGBAKZj9z3h1T7LC,6,wipe,8:08,488,12830,Eco-Dome Al'dani,,,3:01 PM
WGBAKZj9z3h1T7LC,5,wipe,8:14,494,12830,Eco-Dome Al'dani,,,2:53 PM
WGBAKZj9z3h1T7LC,6,wipe,8:08,488,12830,Eco-Dome Al'dani,,,3:01 PM
d83R9ZKYVMbWBfhA,,wipe,7:43,463,12830,Eco-Dome Al'dani,17,Tyrannical,6:21 PM
d83R9ZKYVMbWBfhA,4,kill,35:46,2146,62287,Halls of Atonement,,,7:45 PM
d83R9ZKYVMbWBfhA,3,wipe,1:10,70,62287,Halls of Atonement,,,7:37 PM
Bck9LWJ2fMq4tD7x,,kill,50:44,3044,12830,Eco-Dome Al'dani,14,Fortified,2:27 PM
Bck9LWJ2fMq4tD7x,,kill,50:18,3018,62287,Halls of Atonement,12,Fortified,3:15 PM
Bck9LWJ2fMq4tD7x,,kill,46:05,2765,112442,Tazavesh: So'leah's Gambit,12,Fortified,4:09 PM
Bck9LWJ2fMq4tD7x,,kill,43:06,2586,112441,Tazavesh: Streets of Wonder,12,Fortified,4:53 PM
WVGNQ6ARhxKJprYw,,kill,30:09,1809,12830,Eco-Dome Al'dani,12,Fortified,10:32 AM
WVGNQ6ARhxKJprYw,2,wipe,7:41,461,112441,Tazavesh: Streets of Wonder,,,11:09 AM
WVGNQ6ARhxKJprYw,3,wipe,24:22,1462,112441,Tazavesh: Streets of Wonder,,,11:17 AM
WVGNQ6ARhxKJprYw,4,wipe,8:03,483,112441,Tazavesh: Streets of Wonder,,,2:28 PM
WVGNQ6ARhxKJprYw,6,kill,24:01,1441,112442,Tazavesh: So'leah's Gambit,,,2:39 PM
WVGNQ6ARhxKJprYw,5,wipe,3:04,184,112442,Tazavesh: So'leah's Gambit,,,2:36 PM
WVGNQ6ARhxKJprYw,12,kill,38:11,2291,62287,Halls of Atonement,,,4:44 PM
WVGNQ6ARhxKJprYw,7,wipe,25:47,1547,62287,Halls of Atonement,,,3:16 PM
WVGNQ6ARhxKJprYw,8,wipe,11:37,697,62287,Halls of Atonement,,,3:51 PM
WVGNQ6ARhxKJprYw,9,wipe,17:18,1038,62287,Halls of Atonement,,,4:13 PM
WVGNQ6ARhxKJprYw,10,wipe,2:37,157,62287,Halls of Atonement,,,4:31 PM
WVGNQ6ARhxKJprYw,11,wipe,5:23,323,62287,Halls of Atonement,,,4:33 PM
kFRjzH61fxmX9Mnp,,kill,29:28,1768,12830,Eco-Dome Al'dani,15,Tyrannical,2:14 AM
CGYMH7ytZgv9NnAf,,wipe,0:00,0,12830,Eco-Dome Al'dani,17,Fortified,4:40 PM
cVr3fQwZxGpDAkBh,1,kill,22:42,1362,112442,Tazavesh: So'leah's Gambit,,,1:44 PM
cVr3fQwZxGpDAkBh,3,wipe,3:09,189,112442,Tazavesh: So'leah's Gambit,,,2:17 PM
cVr3fQwZxGpDAkBh,,kill,28:43,1723,112441,Tazavesh: Streets of Wonder,15,Fortified,2:21 PM
cVr3fQwZxGpDAkBh,,kill,34:01,2041,62287,Halls of Atonement,16,Fortified,3:03 PM
cVr3fQwZxGpDAkBh,,kill,26:29,1589,12830,Eco-Dome Al'dani,16,Fortified,3:48 PM
YJdymCk3vG8TR1fg,,kill,24:03,1443,12830,Eco-Dome Al'dani,14,Fortified,1:23 PM
YJdymCk3vG8TR1fg,,kill,29:00,1740,62287,Halls of Atonement,14,Fortified,2:18 PM
xtbvGCm9W3adHfX7,,kill,26:37,1597,12830,Eco-Dome Al'dani,12,Fortified,1:55 PM
YXCBMWPdD7qbvRwF,,kill,29:00,1740,12830,Eco-Dome Al'dani,15,Fortified,7:06 AM
YXCBMWPdD7qbvRwF,9,kill,34:56,2096,62287,Halls of Atonement,,,10:00 AM
YXCBMWPdD7qbvRwF,2,wipe,8:50,530,62287,Halls of Atonement,,,7:46 AM
YXCBMWPdD7qbvRwF,8,wipe,8:57,537,62287,Halls of Atonement,,,9:49 AM
YXCBMWPdD7qbvRwF,7,kill,27:42,1662,112442,Tazavesh: So'leah's Gambit,,,9:14 AM
YXCBMWPdD7qbvRwF,3,wipe,15:25,925,112442,Tazavesh: So'leah's Gambit,,,8:04 AM
YXCBMWPdD7qbvRwF,4,wipe,13:04,784,112442,Tazavesh: So'leah's Gambit,,,8:20 AM
YXCBMWPdD7qbvRwF,5,wipe,8:34,514,112442,Tazavesh: So'leah's Gambit,,,8:36 AM
YXCBMWPdD7qbvRwF,6,wipe,13:22,802,112442,Tazavesh: So'leah's Gambit,,,9:00 AM
YXCBMWPdD7qbvRwF,10,wipe,0:00,0,112442,Tazavesh: So'leah's Gambit,,,12:34 PM
YXCBMWPdD7qbvRwF,,wipe,1:29,89,112441,Tazavesh: Streets of Wonder,14,Tyrannical,12:40 PM
WQXcZ9pTzDCaFAqB,,kill,24:55,1495,12830,Eco-Dome Al'dani,15,Fortified,11:15 AM
wjAzYx3aVtn4LgWy,,wipe,1:59,119,62287,Halls of Atonement,12,Fortified,8:47 AM
wjAzYx3aVtn4LgWy,,kill,26:50,1610,112441,Tazavesh: Streets of Wonder,10,Xal'atath's Bargain: Pulsar,9:10 AM
wjAzYx3aVtn4LgWy,,kill,25:09,1509,12830,Eco-Dome Al'dani,10,Xal'atath's Bargain: Pulsar,9:50 AM
yzDWZrYN219PGf6T,3,kill,35:26,2126,62287,Halls of Atonement,,,6:04 AM
yzDWZrYN219PGf6T,6,kill,41:04,2464,62287,Halls of Atonement,,,6:50 AM
yzDWZrYN219PGf6T,4,wipe,4:07,247,62287,Halls of Atonement,,,6:41 AM
yzDWZrYN219PGf6T,5,wipe,5:06,306,62287,Halls of Atonement,,,6:45 AM
yzDWZrYN219PGf6T,,kill,28:23,1703,112442,Tazavesh: So'leah's Gambit,12,Fortified,7:34 AM
yzDWZrYN219PGf6T,,kill,20:41,1241,12830,Eco-Dome Al'dani,12,Fortified,8:08 AM
yzDWZrYN219PGf6T,11,wipe,19:49,1189,112441,Tazavesh: Streets of Wonder,,,9:04 AM
yzDWZrYN219PGf6T,12,wipe,14:39,879,112441,Tazavesh: Streets of Wonder,,,9:24 AM
zT2QjrPnKWvAcGdm,2,kill,30:44,1844,12830,Eco-Dome Al'dani,,,8:48 AM
zT2QjrPnKWvAcGdm,1,wipe,13:45,825,12830,Eco-Dome Al'dani,,,8:34 AM
7rvqmCpX2dH8TPat,2,kill,30:44,1844,12830,Eco-Dome Al'dani,,,8:48 AM
7rvqmCpX2dH8TPat,1,wipe,13:45,825,12830,Eco-Dome Al'dani,,,8:34 AM
tz37NFXR4qGg6hDM,4,kill,51:48,3108,112441,Tazavesh: Streets of Wonder,,,4:34 AM
tz37NFXR4qGg6hDM,2,wipe,7:20,440,112441,Tazavesh: Streets of Wonder,,,4:18 AM
tz37NFXR4qGg6hDM,3,wipe,8:48,528,112441,Tazavesh: Streets of Wonder,,,4:26 AM
tz37NFXR4qGg6hDM,7,kill,31:19,1879,112442,Tazavesh: So'leah's Gambit,,,6:20 AM
tz37NFXR4qGg6hDM,5,wipe,5:09,309,112442,Tazavesh: So'leah's Gambit,,,5:38 AM
tz37NFXR4qGg6hDM,6,wipe,31:42,1902,112442,Tazavesh: So'leah's Gambit,,,5:43 AM
tz37NFXR4qGg6hDM,9,kill,36:24,2184,62287,Halls of Atonement,,,6:58 AM
tz37NFXR4qGg6hDM,10,kill,40:06,2406,62287,Halls of Atonement,,,7:48 AM
tz37NFXR4qGg6hDM,8,wipe,2:28,148,62287,Halls of Atonement,,,6:56 AM
tz37NFXR4qGg6hDM,12,kill,27:42,1662,12830,Eco-Dome Al'dani,,,8:49 AM
tz37NFXR4qGg6hDM,11,wipe,10:18,618,12830,Eco-Dome Al'dani,,,8:34 AM
rVGdDk3LBnpxFPcg,1,kill,1:01:40,3700,62287,Halls of Atonement,,,4:55 AM
rVGdDk3LBnpxFPcg,5,kill,29:46,1786,62287,Halls of Atonement,,,7:39 AM
rVGdDk3LBnpxFPcg,3,kill,29:41,1781,112442,Tazavesh: So'leah's Gambit,,,6:31 AM
rVGdDk3LBnpxFPcg,2,wipe,27:32,1652,112442,Tazavesh: So'leah's Gambit,,,5:55 AM
rVGdDk3LBnpxFPcg,,kill,29:00,1740,12830,Eco-Dome Al'dani,15,Fortified,7:06 AM
rVGdDk3LBnpxFPcg,7,kill,34:57,2097,112441,Tazavesh: Streets of Wonder,,,8:17 AM
rVGdDk3LBnpxFPcg,6,wipe,4:09,249,112441,Tazavesh: Streets of Wonder,,,8:13 AM
3Z2XpDYmThdwWrtJ,,kill,25:59,1559,12830,Eco-Dome Al'dani,14,Fortified,7:19 AM
W3a62fjk1pzrmHFD,1,kill,29:05,1745,12830,Eco-Dome Al'dani,,,4:16 AM
W3a62fjk1pzrmHFD,2,kill,31:44,1904,12830,Eco-Dome Al'dani,,,5:06 AM
W3a62fjk1pzrmHFD,,kill,39:07,2347,62287,Halls of Atonement,15,Fortified,5:42 AM
W3a62fjk1pzrmHFD,,kill,40:47,2447,112441,Tazavesh: Streets of Wonder,15,Fortified,6:38 AM
73RBVxghbTLkmHGN,5,kill,30:11,1811,112441,Tazavesh: Streets of Wonder,,,4:35 AM
73RBVxghbTLkmHGN,1,wipe,24:30,1470,112441,Tazavesh: Streets of Wonder,,,2:04 AM
73RBVxghbTLkmHGN,4,wipe,22:12,1332,112441,Tazavesh: Streets of Wonder,,,4:13 AM
73RBVxghbTLkmHGN,2,kill,26:32,1592,12830,Eco-Dome Al'dani,,,2:39 AM
73RBVxghbTLkmHGN,12,wipe,26:31,1591,12830,Eco-Dome Al'dani,,,6:19 AM
73RBVxghbTLkmHGN,13,wipe,2:44,164,12830,Eco-Dome Al'dani,,,6:46 AM
73RBVxghbTLkmHGN,14,wipe,13:59,839,12830,Eco-Dome Al'dani,,,6:49 AM
73RBVxghbTLkmHGN,12,wipe,26:31,1591,12830,Eco-Dome Al'dani,,,6:19 AM
73RBVxghbTLkmHGN,13,wipe,2:44,164,12830,Eco-Dome Al'dani,,,6:46 AM
73RBVxghbTLkmHGN,14,wipe,13:59,839,12830,Eco-Dome Al'dani,,,6:49 AM
73RBVxghbTLkmHGN,,kill,31:55,1915,62287,Halls of Atonement,17,Fortified,3:23 AM
73RBVxghbTLkmHGN,11,kill,26:22,1582,112442,Tazavesh: So'leah's Gambit,,,5:38 AM
73RBVxghbTLkmHGN,6,wipe,2:49,169,112442,Tazavesh: So'leah's Gambit,,,5:12 AM
73RBVxghbTLkmHGN,7,wipe,3:14,194,112442,Tazavesh: So'leah's Gambit,,,5:14 AM
73RBVxghbTLkmHGN,8,wipe,4:52,292,112442,Tazavesh: So'leah's Gambit,,,5:18 AM
73RBVxghbTLkmHGN,9,wipe,5:29,329,112442,Tazavesh: So'leah's Gambit,,,5:23 AM
73RBVxghbTLkmHGN,10,wipe,9:56,596,112442,Tazavesh: So'leah's Gambit,,,5:28 AM
LAqznDFYWk1Zb8BN,2,kill,28:49,1729,12830,Eco-Dome Al'dani,,,5:20 AM
LAqznDFYWk1Zb8BN,1,wipe,3:25,205,12830,Eco-Dome Al'dani,,,5:16 AM
rk6a8hcLpwt9NmWQ,,kill,38:39,2319,112442,Tazavesh: So'leah's Gambit,10,Xal'atath's Bargain: Pulsar,3:46 AM
rk6a8hcLpwt9NmWQ,2,wipe,2:23,143,62287,Halls of Atonement,,,4:33 AM
rk6a8hcLpwt9NmWQ,3,wipe,42:52,2572,62287,Halls of Atonement,,,4:35 AM
rk6a8hcLpwt9NmWQ,,kill,22:15,1335,12830,Eco-Dome Al'dani,10,Xal'atath's Bargain: Pulsar,5:28 AM
hnPbry8NJkt4gTFx,2,kill,28:49,1729,12830,Eco-Dome Al'dani,,,5:20 AM
hnPbry8NJkt4gTFx,1,wipe,3:25,205,12830,Eco-Dome Al'dani,,,5:16 AM
CQcqBh2KZANRJb1H,1,kill,29:05,1745,12830,Eco-Dome Al'dani,,,4:16 AM
CQcqBh2KZANRJb1H,2,kill,31:44,1904,12830,Eco-Dome Al'dani,,,5:06 AM
qNza3GwHv8ZCYKVn,3,kill,32:28,1948,12830,Eco-Dome Al'dani,,,4:35 AM
qNza3GwHv8ZCYKVn,1,wipe,4:23,263,12830,Eco-Dome Al'dani,,,4:26 AM
y64TXQMtwNRfaBgF,,kill,35:02,2102,12830,Eco-Dome Al'dani,12,Fortified,3:17 AM
y64TXQMtwNRfaBgF,,kill,41:39,2499,62287,Halls of Atonement,14,Fortified,4:17 AM
82jV1ZgcfNTmbPMn,2,wipe,11:00,660,112441,Tazavesh: Streets of Wonder,,,3:10 AM
82jV1ZgcfNTmbPMn,6,wipe,28:24,1704,112441,Tazavesh: Streets of Wonder,,,3:57 AM
82jV1ZgcfNTmbPMn,3,wipe,0:39,39,112442,Tazavesh: So'leah's Gambit,,,3:37 AM
82jV1ZgcfNTmbPMn,4,wipe,3:16,196,112442,Tazavesh: So'leah's Gambit,,,3:37 AM
82jV1ZgcfNTmbPMn,5,wipe,16:28,988,112442,Tazavesh: So'leah's Gambit,,,3:41 AM
82jV1ZgcfNTmbPMn,,wipe,13:39,819,12830,Eco-Dome Al'dani,16,Fortified,4:41 AM
9Wf3qT8XdZBDVwbr,,kill,27:03,1623,12830,Eco-Dome Al'dani,15,Tyrannical,2:07 AM
8dq3MpKAHZXfQL9G,,kill,17:56,1076,12830,Eco-Dome Al'dani,10,Xal'atath's Bargain: Devour,2:34 AM
fV8MrncKdGLFCtY2,,kill,27:03,1623,12830,Eco-Dome Al'dani,15,Tyrannical,2:07 AM
4P6hDTfvKbLAwaJm,7,kill,31:28,1888,62287,Halls of Atonement,,,3:36 PM
4P6hDTfvKbLAwaJm,3,wipe,7:22,442,62287,Halls of Atonement,,,3:02 PM
4P6hDTfvKbLAwaJm,4,wipe,11:07,667,62287,Halls of Atonement,,,3:09 PM
4P6hDTfvKbLAwaJm,5,wipe,0:45,45,62287,Halls of Atonement,,,3:25 PM
4P6hDTfvKbLAwaJm,6,wipe,2:01,121,62287,Halls of Atonement,,,3:34 PM
4P6hDTfvKbLAwaJm,12,kill,25:31,1531,12830,Eco-Dome Al'dani,,,5:38 PM
4P6hDTfvKbLAwaJm,11,wipe,18:41,1121,12830,Eco-Dome Al'dani,,,5:20 PM
bTWY3gKnjGf8k6Fh,,kill,30:23,1823,12830,Eco-Dome Al'dani,16,Tyrannical,4:44 PM
bTWY3gKnjGf8k6Fh,2,wipe,3:10,190,112442,Tazavesh: So'leah's Gambit,,,5:26 PM
bTWY3gKnjGf8k6Fh,3,wipe,8:34,514,112442,Tazavesh: So'leah's Gambit,,,5:29 PM
bTWY3gKnjGf8k6Fh,4,wipe,30:48,1848,112442,Tazavesh: So'leah's Gambit,,,5:37 PM
bTWY3gKnjGf8k6Fh,5,wipe,20:55,1255,112442,Tazavesh: So'leah's Gambit,,,6:08 PM
bTWY3gKnjGf8k6Fh,6,wipe,19:05,1145,112442,Tazavesh: So'leah's Gambit,,,6:29 PM
bTWY3gKnjGf8k6Fh,7,wipe,8:10,490,62287,Halls of Atonement,,,7:04 PM
bTWY3gKnjGf8k6Fh,8,wipe,2:20,140,62287,Halls of Atonement,,,7:12 PM
bTWY3gKnjGf8k6Fh,9,wipe,2:33,153,62287,Halls of Atonement,,,7:15 PM
bTWY3gKnjGf8k6Fh,10,wipe,2:40,160,62287,Halls of Atonement,,,7:17 PM
bTWY3gKnjGf8k6Fh,11,wipe,7:04,424,62287,Halls of Atonement,,,7:27 PM
bTWY3gKnjGf8k6Fh,,wipe,30:18,1818,112441,Tazavesh: Streets of Wonder,14,Fortified,8:00 PM
6J8qya9Khbj3tFdv,,wipe,15:26,926,12830,Eco-Dome Al'dani,12,Tyrannical,4:10 PM
6J8qya9Khbj3tFdv,2,wipe,14:54,894,112441,Tazavesh: Streets of Wonder,,,4:33 PM
6J8qya9Khbj3tFdv,3,wipe,19:20,1160,112441,Tazavesh: Streets of Wonder,,,4:48 PM
6J8qya9Khbj3tFdv,,kill,32:55,1975,62287,Halls of Atonement,15,Fortified,5:12 PM
dHvMDWjnJp4TYgAX,1,wipe,8:15,495,12830,Eco-Dome Al'dani,,,4:59 AM
dHvMDWjnJp4TYgAX,2,wipe,2:26,146,12830,Eco-Dome Al'dani,,,5:07 AM
dHvMDWjnJp4TYgAX,1,wipe,8:15,495,12830,Eco-Dome Al'dani,,,4:59 AM
dHvMDWjnJp4TYgAX,2,wipe,2:26,146,12830,Eco-Dome Al'dani,,,5:07 AM
dHvMDWjnJp4TYgAX,3,wipe,12:54,774,112441,Tazavesh: Streets of Wonder,,,5:16 AM
dHvMDWjnJp4TYgAX,4,wipe,12:37,757,112441,Tazavesh: Streets of Wonder,,,5:29 AM
FDGRvdB86jYCxa1W,2,kill,34:55,2095,62287,Halls of Atonement,,,2:30 AM
FDGRvdB86jYCxa1W,1,wipe,4:18,258,62287,Halls of Atonement,,,2:26 AM
FDGRvdB86jYCxa1W,,wipe,5:59,359,12830,Eco-Dome Al'dani,12,Tyrannical,5:26 AM
9ajY7Cbvmp1DkVFx,3,kill,26:01,1561,12830,Eco-Dome Al'dani,,,5:28 PM
9ajY7Cbvmp1DkVFx,2,wipe,6:27,387,12830,Eco-Dome Al'dani,,,5:19 PM
9ajY7Cbvmp1DkVFx,9,kill,37:03,2223,62287,Halls of Atonement,,,11:54 PM
9ajY7Cbvmp1DkVFx,7,wipe,5:03,303,62287,Halls of Atonement,,,11:41 PM
9ajY7Cbvmp1DkVFx,8,wipe,3:16,196,62287,Halls of Atonement,,,11:51 PM
Xq7a1Rv9tHwPAdx3,2,kill,28:04,1684,12830,Eco-Dome Al'dani,,,10:57 PM
Xq7a1Rv9tHwPAdx3,1,wipe,9:12,552,12830,Eco-Dome Al'dani,,,10:48 PM
kfpPx1HLbgT76wW9,,kill,28:04,1684,12830,Eco-Dome Al'dani,14,Tyrannical,10:57 PM
v1Dz3FGfYNW2mQRA,4,kill,34:36,2076,112441,Tazavesh: Streets of Wonder,,,8:08 PM
v1Dz3FGfYNW2mQRA,1,wipe,30:10,1810,112441,Tazavesh: Streets of Wonder,,,7:31 PM
v1Dz3FGfYNW2mQRA,2,wipe,3:40,220,112441,Tazavesh: Streets of Wonder,,,8:01 PM
v1Dz3FGfYNW2mQRA,3,wipe,3:34,214,112441,Tazavesh: Streets of Wonder,,,8:05 PM
v1Dz3FGfYNW2mQRA,,wipe,4:59,299,62287,Halls of Atonement,14,,9:29 PM
v1Dz3FGfYNW2mQRA,12,kill,28:04,1684,12830,Eco-Dome Al'dani,,,10:57 PM
v1Dz3FGfYNW2mQRA,6,wipe,7:18,438,12830,Eco-Dome Al'dani,,,9:38 PM
v1Dz3FGfYNW2mQRA,7,wipe,3:25,205,12830,Eco-Dome Al'dani,,,9:46 PM
v1Dz3FGfYNW2mQRA,11,wipe,6:23,383,12830,Eco-Dome Al'dani,,,10:48 PM
v1Dz3FGfYNW2mQRA,6,wipe,7:18,438,12830,Eco-Dome Al'dani,,,9:38 PM
v1Dz3FGfYNW2mQRA,7,wipe,3:25,205,12830,Eco-Dome Al'dani,,,9:46 PM
v1Dz3FGfYNW2mQRA,11,wipe,6:23,383,12830,Eco-Dome Al'dani,,,10:48 PM
v1Dz3FGfYNW2mQRA,10,kill,26:29,1589,112442,Tazavesh: So'leah's Gambit,,,10:07 PM
v1Dz3FGfYNW2mQRA,9,wipe,8:29,509,112442,Tazavesh: So'leah's Gambit,,,9:58 PM
rft7akz6h2CZLgVy,1,kill,23:56,1436,12830,Eco-Dome Al'dani,,,5:50 AM
rft7akz6h2CZLgVy,2,kill,22:40,1360,12830,Eco-Dome Al'dani,,,6:22 AM
rft7akz6h2CZLgVy,,kill,35:58,2158,112441,Tazavesh: Streets of Wonder,12,Fortified,6:52 AM
rft7akz6h2CZLgVy,,kill,32:41,1961,62287,Halls of Atonement,12,Fortified,7:36 AM
fLQD3F7RN14jwqGz,,kill,25:12,1512,12830,Eco-Dome Al'dani,12,Fortified,5:28 AM
fLQD3F7RN14jwqGz,2,wipe,3:07,187,62287,Halls of Atonement,,,6:48 AM
fLQD3F7RN14jwqGz,3,wipe,9:52,592,62287,Halls of Atonement,,,6:51 AM
fLQD3F7RN14jwqGz,4,wipe,45:19,2719,62287,Halls of Atonement,,,7:07 AM
V27yFqRXHNPGQMBW,2,kill,31:23,1883,112441,Tazavesh: Streets of Wonder,,,2:22 AM
V27yFqRXHNPGQMBW,1,wipe,4:12,252,112441,Tazavesh: Streets of Wonder,,,2:18 AM
V27yFqRXHNPGQMBW,5,kill,29:13,1753,112442,Tazavesh: So'leah's Gambit,,,3:42 AM
V27yFqRXHNPGQMBW,4,wipe,11:37,697,112442,Tazavesh: So'leah's Gambit,,,3:30 AM
V27yFqRXHNPGQMBW,6,kill,30:08,1808,12830,Eco-Dome Al'dani,,,4:28 AM
V27yFqRXHNPGQMBW,7,wipe,0:00,0,12830,Eco-Dome Al'dani,,,5:04 AM
V27yFqRXHNPGQMBW,8,wipe,13:12,792,62287,Halls of Atonement,,,5:16 AM
V27yFqRXHNPGQMBW,9,wipe,31:59,1919,62287,Halls of Atonement,,,5:29 AM
tcFHYJ76dzyjP2hM,,kill,25:12,1512,12830,Eco-Dome Al'dani,12,Fortified,5:28 AM
pnqAmBkfxNcF8t7X,,kill,27:00,1620,12830,Eco-Dome Al'dani,18,Fortified,9:45 PM
M6QzZ1nF23HVLKDB,,kill,29:18,1758,12830,Eco-Dome Al'dani,12,Tyrannical,8:39 AM
mzj7YpbnAgk8hcGQ,1,wipe,4:17,257,62287,Halls of Atonement,,,12:55 PM
mzj7YpbnAgk8hcGQ,2,wipe,4:35,275,62287,Halls of Atonement,,,12:59 PM
mzj7YpbnAgk8hcGQ,3,wipe,25:17,1517,62287,Halls of Atonement,,,1:04 PM
mzj7YpbnAgk8hcGQ,7,wipe,6:36,396,12830,Eco-Dome Al'dani,,,1:46 PM
mzj7YpbnAgk8hcGQ,8,wipe,0:33,33,12830,Eco-Dome Al'dani,,,1:52 PM
mzj7YpbnAgk8hcGQ,7,wipe,6:36,396,12830,Eco-Dome Al'dani,,,1:46 PM
mzj7YpbnAgk8hcGQ,8,wipe,0:33,33,12830,Eco-Dome Al'dani,,,1:52 PM
BMcvYgpQqhZARP7b,1,wipe,4:17,257,62287,Halls of Atonement,,,12:55 PM
BMcvYgpQqhZARP7b,2,wipe,4:35,275,62287,Halls of Atonement,,,12:59 PM
BMcvYgpQqhZARP7b,3,wipe,25:17,1517,62287,Halls of Atonement,,,1:04 PM
BMcvYgpQqhZARP7b,8,kill,31:26,1886,12830,Eco-Dome Al'dani,,,1:52 PM
BMcvYgpQqhZARP7b,7,wipe,6:36,396,12830,Eco-Dome Al'dani,,,1:46 PM
GbrkCP1KVA8FRZzQ,,wipe,0:31,31,112441,Tazavesh: Streets of Wonder,14,Tyrannical,12:38 PM
GbrkCP1KVA8FRZzQ,2,wipe,6:20,380,12830,Eco-Dome Al'dani,,,1:14 PM
GbrkCP1KVA8FRZzQ,3,wipe,4:39,279,12830,Eco-Dome Al'dani,,,1:20 PM
GbrkCP1KVA8FRZzQ,2,wipe,6:20,380,12830,Eco-Dome Al'dani,,,1:14 PM
GbrkCP1KVA8FRZzQ,3,wipe,4:39,279,12830,Eco-Dome Al'dani,,,1:20 PM
GbrkCP1KVA8FRZzQ,5,wipe,5:57,357,112442,Tazavesh: So'leah's Gambit,,,2:39 PM
GbrkCP1KVA8FRZzQ,6,wipe,5:38,338,112442,Tazavesh: So'leah's Gambit,,,2:45 PM
GbrkCP1KVA8FRZzQ,9,kill,51:30,3090,62287,Halls of Atonement,,,3:10 PM
GbrkCP1KVA8FRZzQ,10,kill,37:54,2274,62287,Halls of Atonement,,,4:03 PM
hGWjKL4kRQbfDnqV,,wipe,0:31,31,112441,Tazavesh: Streets of Wonder,14,Tyrannical,12:38 PM
hGWjKL4kRQbfDnqV,2,wipe,6:20,380,12830,Eco-Dome Al'dani,,,1:14 PM
hGWjKL4kRQbfDnqV,3,wipe,4:39,279,12830,Eco-Dome Al'dani,,,1:20 PM
hGWjKL4kRQbfDnqV,2,wipe,6:20,380,12830,Eco-Dome Al'dani,,,1:14 PM
hGWjKL4kRQbfDnqV,3,wipe,4:39,279,12830,Eco-Dome Al'dani,,,1:20 PM
hGWjKL4kRQbfDnqV,,wipe,5:57,357,112442,Tazavesh: So'leah's Gambit,12,Tyrannical,2:39 PM
bcv9Ptd874XT2Y3g,,wipe,0:31,31,112441,Tazavesh: Streets of Wonder,14,Tyrannical,12:38 PM
bcv9Ptd874XT2Y3g,2,wipe,6:20,380,12830,Eco-Dome Al'dani,,,1:14 PM
bcv9Ptd874XT2Y3g,3,wipe,4:39,279,12830,Eco-Dome Al'dani,,,1:20 PM
bcv9Ptd874XT2Y3g,2,wipe,6:20,380,12830,Eco-Dome Al'dani,,,1:14 PM
bcv9Ptd874XT2Y3g,3,wipe,4:39,279,12830,Eco-Dome Al'dani,,,1:20 PM
ZHmCnNRW4JFcvBrT,,wipe,0:31,31,112441,Tazavesh: Streets of Wonder,14,Tyrannical,12:38 PM
ZHmCnNRW4JFcvBrT,,wipe,4:42,282,12830,Eco-Dome Al'dani,12,Tyrannical,1:14 PM
Hqg3Dz9rdC2MTKfc,,kill,33:07,1987,112441,Tazavesh: Streets of Wonder,12,Tyrannical,12:26 AM
Hqg3Dz9rdC2MTKfc,2,kill,32:28,1948,62287,Halls of Atonement,,,3:01 AM
Hqg3Dz9rdC2MTKfc,4,wipe,1:05,65,62287,Halls of Atonement,,,3:35 AM
Hqg3Dz9rdC2MTKfc,6,kill,39:26,2366,12830,Eco-Dome Al'dani,,,5:02 AM
Hqg3Dz9rdC2MTKfc,5,wipe,3:32,212,12830,Eco-Dome Al'dani,,,4:58 AM
h4TrxbCjgvzfqQ12,2,kill,31:59,1919,62773,Operation: Floodgate,,,2:07 PM
h4TrxbCjgvzfqQ12,12,kill,29:56,1796,62773,Operation: Floodgate,,,6:35 PM
h4TrxbCjgvzfqQ12,1,wipe,7:49,469,62773,Operation: Floodgate,,,1:59 PM
h4TrxbCjgvzfqQ12,11,wipe,29:14,1754,62773,Operation: Floodgate,,,5:49 PM
h4TrxbCjgvzfqQ12,,kill,31:51,1911,62662,The Dawnbreaker,15,Fortified,2:57 PM
h4TrxbCjgvzfqQ12,5,wipe,8:04,484,62649,Priory of the Sacred Flame,,,3:34 PM
h4TrxbCjgvzfqQ12,6,wipe,11:40,700,62649,Priory of the Sacred Flame,,,3:42 PM
h4TrxbCjgvzfqQ12,7,wipe,19:07,1147,62649,Priory of the Sacred Flame,,,3:54 PM
h4TrxbCjgvzfqQ12,8,wipe,8:08,488,62649,Priory of the Sacred Flame,,,4:13 PM
h4TrxbCjgvzfqQ12,9,wipe,25:58,1558,62649,Priory of the Sacred Flame,,,4:21 PM
h4TrxbCjgvzfqQ12,,kill,28:38,1718,12830,Eco-Dome Al'dani,15,Tyrannical,5:05 PM
vyHcLNWzYPpTZ2Xh,,kill,30:37,1837,62773,Operation: Floodgate,12,Fortified,3:30 PM
vyHcLNWzYPpTZ2Xh,,kill,35:20,2120,12830,Eco-Dome Al'dani,14,Fortified,4:17 PM
Dq2gMfK3TQNyjGHY,,wipe,10:07,607,62773,Operation: Floodgate,12,Tyrannical,6:38 PM
Dq2gMfK3TQNyjGHY,,wipe,6:42,402,62649,Priory of the Sacred Flame,12,,6:52 PM
Dq2gMfK3TQNyjGHY,,wipe,7:03,423,12830,Eco-Dome Al'dani,12,Tyrannical,7:05 PM
GYyKAmpcP9nQjWdt,1,wipe,0:00,0,12830,Eco-Dome Al'dani,,,5:14 PM
GYyKAmpcP9nQjWdt,2,wipe,6:40,400,12830,Eco-Dome Al'dani,,,5:21 PM
GYyKAmpcP9nQjWdt,3,wipe,4:56,296,12830,Eco-Dome Al'dani,,,5:27 PM
GYyKAmpcP9nQjWdt,4,wipe,0:55,55,12830,Eco-Dome Al'dani,,,5:34 PM
GYyKAmpcP9nQjWdt,5,wipe,4:46,286,12830,Eco-Dome Al'dani,,,5:35 PM
GYyKAmpcP9nQjWdt,6,wipe,1:33,93,12830,Eco-Dome Al'dani,,,5:45 PM
GYyKAmpcP9nQjWdt,7,wipe,5:01,301,12830,Eco-Dome Al'dani,,,5:46 PM
GYyKAmpcP9nQjWdt,8,wipe,4:51,291,12830,Eco-Dome Al'dani,,,5:55 PM
GYyKAmpcP9nQjWdt,9,wipe,3:13,193,12830,Eco-Dome Al'dani,,,6:06 PM
GYyKAmpcP9nQjWdt,10,wipe,13:01,781,12830,Eco-Dome Al'dani,,,6:09 PM
GYyKAmpcP9nQjWdt,11,wipe,3:21,201,12830,Eco-Dome Al'dani,,,6:22 PM
GYyKAmpcP9nQjWdt,1,wipe,0:00,0,12830,Eco-Dome Al'dani,,,5:14 PM
GYyKAmpcP9nQjWdt,2,wipe,6:40,400,12830,Eco-Dome Al'dani,,,5:21 PM
GYyKAmpcP9nQjWdt,3,wipe,4:56,296,12830,Eco-Dome Al'dani,,,5:27 PM
GYyKAmpcP9nQjWdt,4,wipe,0:55,55,12830,Eco-Dome Al'dani,,,5:34 PM
GYyKAmpcP9nQjWdt,5,wipe,4:46,286,12830,Eco-Dome Al'dani,,,5:35 PM
GYyKAmpcP9nQjWdt,6,wipe,1:33,93,12830,Eco-Dome Al'dani,,,5:45 PM
GYyKAmpcP9nQjWdt,7,wipe,5:01,301,12830,Eco-Dome Al'dani,,,5:46 PM
GYyKAmpcP9nQjWdt,8,wipe,4:51,291,12830,Eco-Dome Al'dani,,,5:55 PM
GYyKAmpcP9nQjWdt,9,wipe,3:13,193,12830,Eco-Dome Al'dani,,,6:06 PM
GYyKAmpcP9nQjWdt,10,wipe,13:01,781,12830,Eco-Dome Al'dani,,,6:09 PM
GYyKAmpcP9nQjWdt,11,wipe,3:21,201,12830,Eco-Dome Al'dani,,,6:22 PM
apCNymHD9GTZ3Vqb,1,wipe,21:15,1275,62773,Operation: Floodgate,,,12:15 PM
apCNymHD9GTZ3Vqb,7,wipe,17:23,1043,62773,Operation: Floodgate,,,2:38 PM
apCNymHD9GTZ3Vqb,2,wipe,1:07,67,12830,Eco-Dome Al'dani,,,1:14 PM
apCNymHD9GTZ3Vqb,3,wipe,4:59,299,12830,Eco-Dome Al'dani,,,1:21 PM
apCNymHD9GTZ3Vqb,4,wipe,10:02,602,12830,Eco-Dome Al'dani,,,1:40 PM
apCNymHD9GTZ3Vqb,5,wipe,15:39,939,12830,Eco-Dome Al'dani,,,1:57 PM
apCNymHD9GTZ3Vqb,8,wipe,24:55,1495,12830,Eco-Dome Al'dani,,,3:01 PM
apCNymHD9GTZ3Vqb,2,wipe,1:07,67,12830,Eco-Dome Al'dani,,,1:14 PM
apCNymHD9GTZ3Vqb,3,wipe,4:59,299,12830,Eco-Dome Al'dani,,,1:21 PM
apCNymHD9GTZ3Vqb,4,wipe,10:02,602,12830,Eco-Dome Al'dani,,,1:40 PM
apCNymHD9GTZ3Vqb,5,wipe,15:39,939,12830,Eco-Dome Al'dani,,,1:57 PM
apCNymHD9GTZ3Vqb,8,wipe,24:55,1495,12830,Eco-Dome Al'dani,,,3:01 PM
apCNymHD9GTZ3Vqb,,wipe,12:14,734,62662,The Dawnbreaker,15,Fortified,2:21 PM
vM4qxhLK6Czp8rmY,1,wipe,1:19,79,12830,Eco-Dome Al'dani,,,1:28 PM
vM4qxhLK6Czp8rmY,2,wipe,0:55,55,12830,Eco-Dome Al'dani,,,1:29 PM
vM4qxhLK6Czp8rmY,3,wipe,2:36,156,12830,Eco-Dome Al'dani,,,1:33 PM
vM4qxhLK6Czp8rmY,4,wipe,1:38,98,12830,Eco-Dome Al'dani,,,1:36 PM
vM4qxhLK6Czp8rmY,5,wipe,2:36,156,12830,Eco-Dome Al'dani,,,1:38 PM
vM4qxhLK6Czp8rmY,6,wipe,3:05,185,12830,Eco-Dome Al'dani,,,1:40 PM
vM4qxhLK6Czp8rmY,7,wipe,2:32,152,12830,Eco-Dome Al'dani,,,1:43 PM
vM4qxhLK6Czp8rmY,8,wipe,2:27,147,12830,Eco-Dome Al'dani,,,1:46 PM
vM4qxhLK6Czp8rmY,1,wipe,1:19,79,12830,Eco-Dome Al'dani,,,1:28 PM
vM4qxhLK6Czp8rmY,2,wipe,0:55,55,12830,Eco-Dome Al'dani,,,1:29 PM
vM4qxhLK6Czp8rmY,3,wipe,2:36,156,12830,Eco-Dome Al'dani,,,1:33 PM
vM4qxhLK6Czp8rmY,4,wipe,1:38,98,12830,Eco-Dome Al'dani,,,1:36 PM
vM4qxhLK6Czp8rmY,5,wipe,2:36,156,12830,Eco-Dome Al'dani,,,1:38 PM
vM4qxhLK6Czp8rmY,6,wipe,3:05,185,12830,Eco-Dome Al'dani,,,1:40 PM
vM4qxhLK6Czp8rmY,7,wipe,2:32,152,12830,Eco-Dome Al'dani,,,1:43 PM
vM4qxhLK6Czp8rmY,8,wipe,2:27,147,12830,Eco-Dome Al'dani,,,1:46 PM
PdAbBNtp7H8KZ6Tv,1,kill,26:07,1567,12830,Eco-Dome Al'dani,,,7:49 PM
PdAbBNtp7H8KZ6Tv,4,kill,20:55,1255,12830,Eco-Dome Al'dani,,,8:21 PM
Vcmh7LXRJNnABqj4,,wipe,21:15,1275,62773,Operation: Floodgate,12,Fortified,12:15 PM
Vcmh7LXRJNnABqj4,2,wipe,1:07,67,12830,Eco-Dome Al'dani,,,1:14 PM
Vcmh7LXRJNnABqj4,3,wipe,4:59,299,12830,Eco-Dome Al'dani,,,1:21 PM
Vcmh7LXRJNnABqj4,2,wipe,1:07,67,12830,Eco-Dome Al'dani,,,1:14 PM
Vcmh7LXRJNnABqj4,3,wipe,4:59,299,12830,Eco-Dome Al'dani,,,1:21 PM
NcVg3RW1hC6ntXHq,,wipe,21:15,1275,62773,Operation: Floodgate,12,Fortified,12:15 PM
NcVg3RW1hC6ntXHq,2,wipe,1:07,67,12830,Eco-Dome Al'dani,,,1:14 PM
NcVg3RW1hC6ntXHq,3,wipe,4:59,299,12830,Eco-Dome Al'dani,,,1:21 PM
NcVg3RW1hC6ntXHq,2,wipe,1:07,67,12830,Eco-Dome Al'dani,,,1:14 PM
NcVg3RW1hC6ntXHq,3,wipe,4:59,299,12830,Eco-Dome Al'dani,,,1:21 PM
g18DtLQqMrKhxZ9F,,kill,28:51,1731,12830,Eco-Dome Al'dani,17,Fortified,10:14 AM
r6jaFBvVcXA3QgZK,7,kill,36:46,2206,62773,Operation: Floodgate,,,6:53 AM
r6jaFBvVcXA3QgZK,4,wipe,27:49,1669,62773,Operation: Floodgate,,,5:59 AM
r6jaFBvVcXA3QgZK,5,wipe,4:41,281,62773,Operation: Floodgate,,,6:27 AM
r6jaFBvVcXA3QgZK,6,wipe,21:15,1275,62773,Operation: Floodgate,,,6:31 AM
r6jaFBvVcXA3QgZK,9,kill,33:41,2021,12830,Eco-Dome Al'dani,,,7:45 AM
r6jaFBvVcXA3QgZK,8,wipe,9:41,581,12830,Eco-Dome Al'dani,,,7:35 AM
r6jaFBvVcXA3QgZK,10,wipe,9:02,542,62662,The Dawnbreaker,,,8:28 AM
r6jaFBvVcXA3QgZK,11,wipe,0:51,51,62662,The Dawnbreaker,,,8:37 AM
r6jaFBvVcXA3QgZK,12,wipe,2:07,127,62662,The Dawnbreaker,,,8:37 AM
r6jaFBvVcXA3QgZK,13,wipe,14:29,869,62662,The Dawnbreaker,,,8:40 AM
nAVPMt2HkwfmXRNY,,kill,41:11,2471,12830,Eco-Dome Al'dani,14,Fortified,1:57 AM
3BnwxcXFRqPW2968,2,wipe,12:19,739,12830,Eco-Dome Al'dani,,,10:51 PM
3BnwxcXFRqPW2968,3,wipe,11:45,705,12830,Eco-Dome Al'dani,,,11:03 PM
3BnwxcXFRqPW2968,4,wipe,21:24,1284,12830,Eco-Dome Al'dani,,,11:15 PM
3BnwxcXFRqPW2968,2,wipe,12:19,739,12830,Eco-Dome Al'dani,,,10:51 PM
3BnwxcXFRqPW2968,3,wipe,11:45,705,12830,Eco-Dome Al'dani,,,11:03 PM
3BnwxcXFRqPW2968,4,wipe,21:24,1284,12830,Eco-Dome Al'dani,,,11:15 PM
3BnwxcXFRqPW2968,5,wipe,2:20,140,62773,Operation: Floodgate,,,11:44 PM
3BnwxcXFRqPW2968,6,wipe,5:08,308,62773,Operation: Floodgate,,,11:46 PM
3BnwxcXFRqPW2968,7,wipe,4:56,296,62773,Operation: Floodgate,,,11:54 PM
3BnwxcXFRqPW2968,8,wipe,2:29,149,62773,Operation: Floodgate,,,11:59 PM
3BnwxcXFRqPW2968,9,wipe,4:00,240,62773,Operation: Floodgate,,,12:02 AM
3BnwxcXFRqPW2968,10,wipe,0:51,51,62773,Operation: Floodgate,,,12:06 AM
3BnwxcXFRqPW2968,11,wipe,15:27,927,62773,Operation: Floodgate,,,12:10 AM
3BnwxcXFRqPW2968,12,wipe,30:14,1814,62773,Operation: Floodgate,,,12:36 AM
3BnwxcXFRqPW2968,13,wipe,5:05,305,62662,The Dawnbreaker,,,1:22 AM
3BnwxcXFRqPW2968,14,wipe,2:22,142,62662,The Dawnbreaker,,,1:27 AM
3BnwxcXFRqPW2968,15,wipe,6:05,365,62662,The Dawnbreaker,,,1:29 AM
kjmLAJndcGhDCV7Q,1,wipe,14:32,872,62662,The Dawnbreaker,,,12:23 AM
kjmLAJndcGhDCV7Q,2,wipe,15:47,947,62662,The Dawnbreaker,,,12:41 AM
kjmLAJndcGhDCV7Q,3,wipe,2:17,137,12830,Eco-Dome Al'dani,,,1:02 AM
kjmLAJndcGhDCV7Q,4,wipe,13:24,804,12830,Eco-Dome Al'dani,,,1:04 AM
kjmLAJndcGhDCV7Q,3,wipe,2:17,137,12830,Eco-Dome Al'dani,,,1:02 AM
kjmLAJndcGhDCV7Q,4,wipe,13:24,804,12830,Eco-Dome Al'dani,,,1:04 AM
tCxX4HgY8aMhFmWB,,kill,29:46,1786,12830,Eco-Dome Al'dani,19,Tyrannical,4:30 PM
AYgzCHyDvKkNGrdm,,kill,25:13,1513,62649,Priory of the Sacred Flame,12,Fortified,8:09 PM
AYgzCHyDvKkNGrdm,,kill,31:05,1865,62773,Operation: Floodgate,12,Fortified,8:40 PM
AYgzCHyDvKkNGrdm,,kill,32:24,1944,12830,Eco-Dome Al'dani,14,Fortified,9:13 PM
7gKhQpGa1CVzcLFP,,kill,31:17,1877,12830,Eco-Dome Al'dani,12,Tyrannical,12:22 PM
fPW3a4LpXywdnAQx,,wipe,7:18,438,12830,Eco-Dome Al'dani,15,Tyrannical,1:18 PM
nFRvcZzkHY3Mj8KC,,kill,22:13,1333,12830,Eco-Dome Al'dani,13,Tyrannical,12:36 PM
kpn4xFYGQKTH8A1D,,kill,21:01,1261,12830,Eco-Dome Al'dani,10,Xal'atath's Bargain: Voidbound,7:11 AM
kpn4xFYGQKTH8A1D,,kill,35:35,2135,62773,Operation: Floodgate,12,,7:40 AM
rtDbRTA8Hqwy6hYk,,kill,21:01,1261,12830,Eco-Dome Al'dani,10,Xal'atath's Bargain: Voidbound,7:11 AM
K4XntkR9PyJTwaDb,,wipe,8:08,488,62662,The Dawnbreaker,14,Tyrannical,6:10 AM
K4XntkR9PyJTwaDb,,kill,26:26,1586,12830,Eco-Dome Al'dani,12,Tyrannical,6:35 AM
drzLNmgY63DxcVPR,2,kill,23:49,1429,12830,Eco-Dome Al'dani,,,2:50 AM
drzLNmgY63DxcVPR,6,kill,30:58,1858,12830,Eco-Dome Al'dani,,,3:59 AM
drzLNmgY63DxcVPR,1,wipe,4:09,249,12830,Eco-Dome Al'dani,,,2:46 AM
drzLNmgY63DxcVPR,,kill,26:55,1615,62662,The Dawnbreaker,14,Tyrannical,3:23 AM
drzLNmgY63DxcVPR,8,kill,27:35,1655,62649,Priory of the Sacred Flame,,,4:42 AM
drzLNmgY63DxcVPR,7,wipe,5:57,357,62649,Priory of the Sacred Flame,,,4:36 AM
ZH4crfWK1bNykt6a,,kill,22:52,1372,12830,Eco-Dome Al'dani,12,Tyrannical,3:41 AM
ZH4crfWK1bNykt6a,,kill,22:37,1357,62662,The Dawnbreaker,12,Tyrannical,4:13 AM
zhALbN83MJwcFWta,,kill,22:52,1372,12830,Eco-Dome Al'dani,12,Tyrannical,3:41 AM
xaKYfdW7yVTNpFGz,,kill,27:30,1650,12830,Eco-Dome Al'dani,13,Tyrannical,2:45 AM
bZLmx4w6HDd71nPg,,wipe,44:33,2673,12830,Eco-Dome Al'dani,12,Tyrannical,1:37 AM
bZLmx4w6HDd71nPg,,wipe,32:51,1971,62649,Priory of the Sacred Flame,12,Tyrannical,2:38 AM
ZxFQ9HtcXVRMNLWG,5,kill,35:13,2113,62662,The Dawnbreaker,,,8:30 PM
ZxFQ9HtcXVRMNLWG,16,kill,32:27,1947,62662,The Dawnbreaker,,,12:28 AM
ZxFQ9HtcXVRMNLWG,15,wipe,11:10,670,62662,The Dawnbreaker,,,11:50 PM
ZxFQ9HtcXVRMNLWG,,wipe,25:53,1553,12830,Eco-Dome Al'dani,12,Tyrannical,10:02 PM
ZxFQ9HtcXVRMNLWG,,kill,32:40,1960,62773,Operation: Floodgate,12,,11:05 PM
FcqmvGZRrgMyBYVC,,kill,21:59,1319,12830,Eco-Dome Al'dani,12,Tyrannical,10:47 PM
ZK49XYhJwL6CkqPp,1,kill,19:19,1159,12830,Eco-Dome Al'dani,,,6:56 PM
ZK49XYhJwL6CkqPp,5,kill,24:20,1460,12830,Eco-Dome Al'dani,,,8:07 PM
ZK49XYhJwL6CkqPp,2,wipe,4:48,288,12830,Eco-Dome Al'dani,,,7:27 PM
ZK49XYhJwL6CkqPp,3,wipe,1:57,117,12830,Eco-Dome Al'dani,,,7:31 PM
ZK49XYhJwL6CkqPp,4,wipe,1:50,110,12830,Eco-Dome Al'dani,,,7:42 PM
ZK49XYhJwL6CkqPp,2,wipe,4:48,288,12830,Eco-Dome Al'dani,,,7:27 PM
ZK49XYhJwL6CkqPp,3,wipe,1:57,117,12830,Eco-Dome Al'dani,,,7:31 PM
ZK49XYhJwL6CkqPp,4,wipe,1:50,110,12830,Eco-Dome Al'dani,,,7:42 PM
GptmDn4b2Ch8ZxNJ,,kill,24:55,1495,12830,Eco-Dome Al'dani,13,Fortified,3:47 PM
GptmDn4b2Ch8ZxNJ,3,kill,24:52,1492,62662,The Dawnbreaker,,,4:50 PM
GptmDn4b2Ch8ZxNJ,2,wipe,4:37,277,62662,The Dawnbreaker,,,4:31 PM
jzZdKmHY3FatPBAJ,2,kill,27:51,1671,12830,Eco-Dome Al'dani,,,8:51 AM
jzZdKmHY3FatPBAJ,3,wipe,12:06,726,12830,Eco-Dome Al'dani,,,9:29 AM
jzZdKmHY3FatPBAJ,4,wipe,12:53,773,12830,Eco-Dome Al'dani,,,9:41 AM
jzZdKmHY3FatPBAJ,3,wipe,12:06,726,12830,Eco-Dome Al'dani,,,9:29 AM
jzZdKmHY3FatPBAJ,4,wipe,12:53,773,12830,Eco-Dome Al'dani,,,9:41 AM
JnzRWXZp3d7Nf9mT,,kill,30:06,1806,12830,Eco-Dome Al'dani,14,Fortified,2:42 PM
GK42aYNJvMQPV6Dy,,kill,26:51,1611,12830,Eco-Dome Al'dani,14,Fortified,2:48 PM
DRQtbq9JCcaf7dYG,,kill,21:19,1279,12830,Eco-Dome Al'dani,10,Xal'atath's Bargain: Pulsar,12:07 AM
6JTnvDM3XjHqtVdh,,kill,32:22,1942,12830,Eco-Dome Al'dani,12,Fortified,1:35 PM
nj7YfDgZ4TXpQ9WM,1,wipe,6:00,360,12830,Eco-Dome Al'dani,,,10:22 AM
nj7YfDgZ4TXpQ9WM,2,wipe,5:09,309,12830,Eco-Dome Al'dani,,,10:28 AM
nj7YfDgZ4TXpQ9WM,1,wipe,6:00,360,12830,Eco-Dome Al'dani,,,10:22 AM
nj7YfDgZ4TXpQ9WM,2,wipe,5:09,309,12830,Eco-Dome Al'dani,,,10:28 AM
jqzW7TRL49aYZAPM,,wipe,9:48,588,12830,Eco-Dome Al'dani,12,Fortified,7:39 AM
jqzW7TRL49aYZAPM,7,kill,27:57,1677,62662,The Dawnbreaker,,,8:21 AM
jqzW7TRL49aYZAPM,6,wipe,0:36,36,62662,The Dawnbreaker,,,8:20 AM
9zRnqyvCdG3wa8Ht,2,kill,28:16,1696,12830,Eco-Dome Al'dani,,,7:51 AM
9zRnqyvCdG3wa8Ht,1,wipe,16:21,981,12830,Eco-Dome Al'dani,,,7:35 AM
6NKBZvtHQ9xYdcmW,,kill,29:13,1753,12830,Eco-Dome Al'dani,12,Fortified,12:17 AM
6NKBZvtHQ9xYdcmW,,kill,26:02,1562,62773,Operation: Floodgate,12,Fortified,1:02 AM
QPk7RaWnMrfXjLKG,5,kill,26:11,1571,62662,The Dawnbreaker,,,11:50 PM
QPk7RaWnMrfXjLKG,1,wipe,7:56,476,62662,The Dawnbreaker,,,10:40 PM
QPk7RaWnMrfXjLKG,,kill,32:52,1972,62773,Operation: Floodgate,12,Fortified,11:07 PM
QPk7RaWnMrfXjLKG,,kill,41:47,2507,12830,Eco-Dome Al'dani,12,Fortified,12:49 AM
b2kG4LRC8JcHm7Mw,1,wipe,24:25,1465,62662,The Dawnbreaker,,,10:56 PM
b2kG4LRC8JcHm7Mw,2,wipe,25:20,1520,62662,The Dawnbreaker,,,11:23 PM
b2kG4LRC8JcHm7Mw,3,wipe,4:12,252,62662,The Dawnbreaker,,,11:48 PM
b2kG4LRC8JcHm7Mw,4,wipe,1:54,114,62662,The Dawnbreaker,,,11:52 PM
b2kG4LRC8JcHm7Mw,5,wipe,2:43,163,62649,Priory of the Sacred Flame,,,11:59 PM
b2kG4LRC8JcHm7Mw,6,wipe,1:31,91,62649,Priory of the Sacred Flame,,,12:02 AM
b2kG4LRC8JcHm7Mw,,kill,29:13,1753,12830,Eco-Dome Al'dani,12,Fortified,12:17 AM
naj2XL8VqZMbmFv6,,kill,29:13,1753,12830,Eco-Dome Al'dani,12,Fortified,12:17 AM
Bfga3C64GYZnQHcK,,kill,31:12,1872,12830,Eco-Dome Al'dani,12,Fortified,10:03 PM
Bfga3C64GYZnQHcK,5,kill,28:23,1703,62649,Priory of the Sacred Flame,,,11:11 PM
Bfga3C64GYZnQHcK,4,wipe,4:46,286,62649,Priory of the Sacred Flame,,,10:55 PM
6jkV2z8YgaBxXAn4,,kill,28:46,1726,12830,Eco-Dome Al'dani,12,Tyrannical,1:13 PM
a2Jmc8CAfZLQq1Dd,9,wipe,15:42,942,12830,Eco-Dome Al'dani,,,7:40 PM
a2Jmc8CAfZLQq1Dd,11,wipe,11:30,690,12830,Eco-Dome Al'dani,,,8:31 PM
a2Jmc8CAfZLQq1Dd,9,wipe,15:42,942,12830,Eco-Dome Al'dani,,,7:40 PM
a2Jmc8CAfZLQq1Dd,11,wipe,11:30,690,12830,Eco-Dome Al'dani,,,8:31 PM
Q6HvBGk3cTNJ1pXY,1,wipe,3:11,191,12830,Eco-Dome Al'dani,,,5:55 PM
Q6HvBGk3cTNJ1pXY,2,wipe,7:40,460,12830,Eco-Dome Al'dani,,,6:03 PM
Q6HvBGk3cTNJ1pXY,1,wipe,3:11,191,12830,Eco-Dome Al'dani,,,5:55 PM
Q6HvBGk3cTNJ1pXY,2,wipe,7:40,460,12830,Eco-Dome Al'dani,,,6:03 PM
nYWrGZk917qAaQP8,1,wipe,9:37,577,62773,Operation: Floodgate,,,12:47 PM
nYWrGZk917qAaQP8,2,wipe,16:49,1009,62773,Operation: Floodgate,,,12:56 PM
nYWrGZk917qAaQP8,13,wipe,1:33,93,62773,Operation: Floodgate,,,5:16 PM
nYWrGZk917qAaQP8,,kill,27:54,1674,62662,The Dawnbreaker,12,Tyrannical,1:50 PM
nYWrGZk917qAaQP8,8,kill,19:57,1197,12830,Eco-Dome Al'dani,,,2:42 PM
nYWrGZk917qAaQP8,11,kill,31:28,1888,12830,Eco-Dome Al'dani,,,4:00 PM
nYWrGZk917qAaQP8,9,wipe,10:37,637,12830,Eco-Dome Al'dani,,,3:31 PM
nYWrGZk917qAaQP8,10,wipe,6:25,385,12830,Eco-Dome Al'dani,,,3:46 PM
nYWrGZk917qAaQP8,9,wipe,10:37,637,12830,Eco-Dome Al'dani,,,3:31 PM
nYWrGZk917qAaQP8,10,wipe,6:25,385,12830,Eco-Dome Al'dani,,,3:46 PM
R3bwcn89gTaM1txd,,wipe,2:40,160,12830,Eco-Dome Al'dani,12,,2:12 PM
PFdGzaTDW38jpqCN,,wipe,6:04,364,12830,Eco-Dome Al'dani,13,Tyrannical,1:37 PM
KA6MWc4X2kCjF8tv,,kill,24:59,1499,12830,Eco-Dome Al'dani,12,Tyrannical,11:54 AM
QYkFgCmpc8hR324Z,,kill,29:29,1769,12830,Eco-Dome Al'dani,15,Tyrannical,8:18 AM
FfBb7rgmtdKvzHMw,,kill,23:22,1402,12830,Eco-Dome Al'dani,12,Tyrannical,6:46 AM
JjD4h3xTMW6wN7YC,,wipe,13:21,801,62773,Operation: Floodgate,12,,4:00 AM
JjD4h3xTMW6wN7YC,2,kill,27:36,1656,12830,Eco-Dome Al'dani,,,4:26 AM
JjD4h3xTMW6wN7YC,4,kill,27:23,1643,12830,Eco-Dome Al'dani,,,5:18 AM
JjD4h3xTMW6wN7YC,5,kill,32:13,1933,12830,Eco-Dome Al'dani,,,6:03 AM
JjD4h3xTMW6wN7YC,6,kill,27:31,1651,12830,Eco-Dome Al'dani,,,7:17 AM
JjD4h3xTMW6wN7YC,3,wipe,1:00,60,12830,Eco-Dome Al'dani,,,5:09 AM
JHPThVyrwnBg3km7,,kill,35:46,2146,12830,Eco-Dome Al'dani,12,Tyrannical,5:49 AM
fPgHk7V469pGvd3b,,wipe,13:21,801,62773,Operation: Floodgate,12,,4:00 AM
fPgHk7V469pGvd3b,2,kill,27:36,1656,12830,Eco-Dome Al'dani,,,4:26 AM
fPgHk7V469pGvd3b,4,kill,27:23,1643,12830,Eco-Dome Al'dani,,,5:18 AM
fPgHk7V469pGvd3b,5,kill,32:13,1933,12830,Eco-Dome Al'dani,,,6:03 AM
fPgHk7V469pGvd3b,3,wipe,1:00,60,12830,Eco-Dome Al'dani,,,5:09 AM
7mFhxjAMnkCYGLK9,,wipe,13:21,801,62773,Operation: Floodgate,12,,4:00 AM
7mFhxjAMnkCYGLK9,2,kill,27:36,1656,12830,Eco-Dome Al'dani,,,4:26 AM
7mFhxjAMnkCYGLK9,4,kill,27:23,1643,12830,Eco-Dome Al'dani,,,5:18 AM
7mFhxjAMnkCYGLK9,3,wipe,1:00,60,12830,Eco-Dome Al'dani,,,5:09 AM
andWg29HYRzfV6vm,4,kill,25:56,1556,12830,Eco-Dome Al'dani,,,4:46 AM
andWg29HYRzfV6vm,3,wipe,5:09,309,12830,Eco-Dome Al'dani,,,4:41 AM
fvVaybT6t7LQM4RD,,wipe,13:21,801,62773,Operation: Floodgate,12,,4:00 AM
fvVaybT6t7LQM4RD,,kill,27:36,1656,12830,Eco-Dome Al'dani,12,Tyrannical,4:26 AM
K9TC8hgNZvz4LxnX,,kill,24:43,1483,12830,Eco-Dome Al'dani,8,Xal'atath's Bargain: Pulsar,2:30 AM
LwKJDA8t2vbWgYB1,,kill,24:00,1440,12830,Eco-Dome Al'dani,12,Tyrannical,1:16 AM
LwKJDA8t2vbWgYB1,,kill,26:29,1589,62649,Priory of the Sacred Flame,12,Fortified,1:43 AM
mxtjF8Gq9pgdLHwW,,wipe,3:32,212,12830,Eco-Dome Al'dani,12,Tyrannical,1:16 AM
rXAcTqW8aJVLhQGt,,kill,25:14,1514,62662,The Dawnbreaker,12,Tyrannical,10:54 PM
rXAcTqW8aJVLhQGt,,wipe,9:16,556,12830,Eco-Dome Al'dani,12,,11:56 PM
J76Dny2WkYKhT9vq,,wipe,9:28,568,62773,Operation: Floodgate,14,Tyrannical,10:01 PM
J76Dny2WkYKhT9vq,,kill,40:34,2434,12830,Eco-Dome Al'dani,12,Tyrannical,10:28 PM
PKt1nNFmTBfzCGWj,,kill,34:19,2059,12830,Eco-Dome Al'dani,15,Tyrannical,5:53 PM
mCrTWP7XYbDcN9dM,5,kill,27:49,1669,12830,Eco-Dome Al'dani,,,12:22 PM
mCrTWP7XYbDcN9dM,18,kill,29:11,1751,12830,Eco-Dome Al'dani,,,4:01 PM
mCrTWP7XYbDcN9dM,1,wipe,2:56,176,12830,Eco-Dome Al'dani,,,11:08 AM
mCrTWP7XYbDcN9dM,2,wipe,17:17,1037,12830,Eco-Dome Al'dani,,,11:11 AM
mCrTWP7XYbDcN9dM,3,wipe,6:04,364,12830,Eco-Dome Al'dani,,,11:28 AM
mCrTWP7XYbDcN9dM,4,wipe,17:26,1046,12830,Eco-Dome Al'dani,,,11:49 AM
mCrTWP7XYbDcN9dM,1,wipe,2:56,176,12830,Eco-Dome Al'dani,,,11:08 AM
mCrTWP7XYbDcN9dM,2,wipe,17:17,1037,12830,Eco-Dome Al'dani,,,11:11 AM
mCrTWP7XYbDcN9dM,3,wipe,6:04,364,12830,Eco-Dome Al'dani,,,11:28 AM
mCrTWP7XYbDcN9dM,4,wipe,17:26,1046,12830,Eco-Dome Al'dani,,,11:49 AM
mCrTWP7XYbDcN9dM,6,kill,33:06,1986,62662,The Dawnbreaker,,,1:15 PM
mCrTWP7XYbDcN9dM,16,kill,28:29,1709,62662,The Dawnbreaker,,,3:17 PM
mCrTWP7XYbDcN9dM,21,kill,28:17,1697,62662,The Dawnbreaker,,,5:30 PM
mCrTWP7XYbDcN9dM,8,wipe,10:41,641,62662,The Dawnbreaker,,,2:10 PM
mCrTWP7XYbDcN9dM,9,wipe,9:46,586,62662,The Dawnbreaker,,,2:37 PM
mCrTWP7XYbDcN9dM,15,wipe,10:55,655,62662,The Dawnbreaker,,,3:06 PM
mCrTWP7XYbDcN9dM,20,wipe,8:43,523,62662,The Dawnbreaker,,,5:21 PM
mCrTWP7XYbDcN9dM,,kill,30:24,1824,62649,Priory of the Sacred Flame,15,Fortified,4:47 PM
MCHv4KrWJapfBFnh,1,kill,34:18,2058,12830,Eco-Dome Al'dani,,,11:16 PM
MCHv4KrWJapfBFnh,2,kill,25:10,1510,12830,Eco-Dome Al'dani,,,12:05 AM
TRv2YHFV3B1zbMr7,,kill,31:24,1884,12830,Eco-Dome Al'dani,10,Xal'atath's Bargain: Pulsar,1:49 PM
Bh3NcY1FXz6kq7dL,,kill,25:43,1543,12830,Eco-Dome Al'dani,15,Fortified,3:18 PM
Bh3NcY1FXz6kq7dL,2,wipe,18:15,1095,62649,Priory of the Sacred Flame,,,3:54 PM
Bh3NcY1FXz6kq7dL,3,wipe,14:41,881,62649,Priory of the Sacred Flame,,,4:12 PM
Bh3NcY1FXz6kq7dL,4,wipe,16:08,968,62649,Priory of the Sacred Flame,,,4:27 PM
CtF2MNjRHvApK8hQ,1,kill,29:30,1770,12830,Eco-Dome Al'dani,,,2:46 PM
CtF2MNjRHvApK8hQ,2,kill,25:43,1543,12830,Eco-Dome Al'dani,,,3:18 PM
8Q3gNa6mryF9xGPJ,,kill,29:45,1785,12830,Eco-Dome Al'dani,15,Fortified,1:26 PM
46Qa1WdCRqZhz2GP,,kill,37:18,2238,62773,Operation: Floodgate,16,Fortified,8:55 AM
46Qa1WdCRqZhz2GP,,kill,29:24,1764,12830,Eco-Dome Al'dani,16,Fortified,9:37 AM
MFT2yNYaBhq9nPDb,,kill,22:42,1362,12830,Eco-Dome Al'dani,12,Fortified,10:28 AM
2DjKGV67QZ9d1MyP,,kill,27:35,1655,12830,Eco-Dome Al'dani,12,Fortified,11:01 PM
tF2mJCALzjaB7WQV,,kill,19:52,1192,12830,Eco-Dome Al'dani,12,,5:39 AM
tF2mJCALzjaB7WQV,,kill,25:36,1536,62649,Priory of the Sacred Flame,13,Fortified,6:05 AM
tF2mJCALzjaB7WQV,5,kill,32:38,1958,62773,Operation: Floodgate,,,6:50 AM
tF2mJCALzjaB7WQV,4,wipe,4:25,265,62773,Operation: Floodgate,,,6:43 AM
1g2MZkTNr3Fhqa4y,,kill,19:52,1192,12830,Eco-Dome Al'dani,12,,5:39 AM
1g2MZkTNr3Fhqa4y,,kill,25:36,1536,62649,Priory of the Sacred Flame,13,Fortified,6:05 AM
3LYW68RhDMAadfbx,1,wipe,10:29,629,12830,Eco-Dome Al'dani,,,2:09 AM
3LYW68RhDMAadfbx,2,wipe,21:13,1273,12830,Eco-Dome Al'dani,,,3:55 AM
3LYW68RhDMAadfbx,1,wipe,10:29,629,12830,Eco-Dome Al'dani,,,2:09 AM
3LYW68RhDMAadfbx,2,wipe,21:13,1273,12830,Eco-Dome Al'dani,,,3:55 AM
3LYW68RhDMAadfbx,,kill,24:28,1468,62649,Priory of the Sacred Flame,12,,5:18 AM
kmNBFgdLQbPy1t7w,1,wipe,10:29,629,12830,Eco-Dome Al'dani,,,2:09 AM
kmNBFgdLQbPy1t7w,2,wipe,20:20,1220,12830,Eco-Dome Al'dani,,,3:55 AM
kmNBFgdLQbPy1t7w,1,wipe,10:29,629,12830,Eco-Dome Al'dani,,,2:09 AM
kmNBFgdLQbPy1t7w,2,wipe,20:20,1220,12830,Eco-Dome Al'dani,,,3:55 AM
Pv1AJW94T7kcnGFd,,wipe,28:19,1699,12830,Eco-Dome Al'dani,14,Fortified,3:08 AM
17q8J6cGTFpR9v3g,,wipe,10:29,629,12830,Eco-Dome Al'dani,12,Fortified,2:09 AM
pWwyhTvBczGFC2dY,1,wipe,10:47,647,62662,The Dawnbreaker,,,11:40 PM
pWwyhTvBczGFC2dY,5,wipe,8:52,532,62662,The Dawnbreaker,,,1:09 AM
pWwyhTvBczGFC2dY,6,wipe,2:29,149,62662,The Dawnbreaker,,,1:21 AM
pWwyhTvBczGFC2dY,2,kill,19:22,1162,12830,Eco-Dome Al'dani,,,11:57 PM
pWwyhTvBczGFC2dY,9,kill,28:18,1698,12830,Eco-Dome Al'dani,,,1:46 AM
vfMHR3PAD2xnhWVj,,kill,40:25,2425,12830,Eco-Dome Al'dani,13,Fortified,11:35 PM
vfMHR3PAD2xnhWVj,5,kill,25:48,1548,62773,Operation: Floodgate,,,12:32 AM
vfMHR3PAD2xnhWVj,2,wipe,0:00,0,62773,Operation: Floodgate,,,12:19 AM
vfMHR3PAD2xnhWVj,3,wipe,3:27,207,62773,Operation: Floodgate,,,12:21 AM
vfMHR3PAD2xnhWVj,4,wipe,1:31,91,62773,Operation: Floodgate,,,12:25 AM
ZNHhKx4kFGTB6Lg8,,kill,35:24,2124,12830,Eco-Dome Al'dani,10,Xal'atath's Bargain: Pulsar,12:07 AM
GtvJj9WL1TBmxPpr,,wipe,10:47,647,62662,The Dawnbreaker,14,Fortified,11:40 PM
GtvJj9WL1TBmxPpr,,kill,19:22,1162,12830,Eco-Dome Al'dani,12,,11:57 PM
GPtTJZqKFz8HnRvm,,kill,40:25,2425,12830,Eco-Dome Al'dani,13,Fortified,11:35 PM
Wpc27CB3TkzrXwtM,1,wipe,1:47,107,12830,Eco-Dome Al'dani,,,7:21 AM
Wpc27CB3TkzrXwtM,2,wipe,21:20,1280,12830,Eco-Dome Al'dani,,,7:26 AM
Wpc27CB3TkzrXwtM,1,wipe,1:47,107,12830,Eco-Dome Al'dani,,,7:21 AM
Wpc27CB3TkzrXwtM,2,wipe,21:20,1280,12830,Eco-Dome Al'dani,,,7:26 AM
Bng3tjdCVmLW84Xa,,kill,24:51,1491,12830,Eco-Dome Al'dani,13,Fortified,3:52 PM
Yh4qkHgjX1vBDryV,1,kill,29:43,1783,12830,Eco-Dome Al'dani,,,5:55 PM
Yh4qkHgjX1vBDryV,3,wipe,8:15,495,12830,Eco-Dome Al'dani,,,6:32 PM
cCJ9KLqYN4Rwvd8y,1,kill,31:03,1863,12830,Eco-Dome Al'dani,,,12:15 PM
cCJ9KLqYN4Rwvd8y,4,kill,47:07,2827,12830,Eco-Dome Al'dani,,,1:44 PM
cCJ9KLqYN4Rwvd8y,5,kill,35:24,2124,12830,Eco-Dome Al'dani,,,2:32 PM
cCJ9KLqYN4Rwvd8y,2,wipe,46:38,2798,12830,Eco-Dome Al'dani,,,12:55 PM
cCJ9KLqYN4Rwvd8y,3,wipe,2:29,149,12830,Eco-Dome Al'dani,,,1:42 PM
cCJ9KLqYN4Rwvd8y,2,wipe,46:38,2798,12830,Eco-Dome Al'dani,,,12:55 PM
cCJ9KLqYN4Rwvd8y,3,wipe,2:29,149,12830,Eco-Dome Al'dani,,,1:42 PM
FdkAGbwmL9KzRMcp,,kill,30:42,1842,12830,Eco-Dome Al'dani,12,Tyrannical,5:19 PM
9WVQ6JbPydAkjGfZ,,kill,34:37,2077,12830,Eco-Dome Al'dani,15,Fortified,4:03 PM
2DVrNcZ6tY1xJQyd,1,kill,26:36,1596,12830,Eco-Dome Al'dani,,,2:53 PM
2DVrNcZ6tY1xJQyd,2,wipe,5:18,318,12830,Eco-Dome Al'dani,,,3:39 PM
kTwMJg7a1DmRfdhn,1,wipe,5:24,324,12830,Eco-Dome Al'dani,,,1:14 PM
kTwMJg7a1DmRfdhn,2,wipe,4:48,288,12830,Eco-Dome Al'dani,,,1:19 PM
kTwMJg7a1DmRfdhn,3,wipe,7:18,438,12830,Eco-Dome Al'dani,,,1:40 PM
kTwMJg7a1DmRfdhn,4,wipe,22:47,1367,12830,Eco-Dome Al'dani,,,1:48 PM
kTwMJg7a1DmRfdhn,5,wipe,5:47,347,12830,Eco-Dome Al'dani,,,2:10 PM
kTwMJg7a1DmRfdhn,1,wipe,5:24,324,12830,Eco-Dome Al'dani,,,1:14 PM
kTwMJg7a1DmRfdhn,2,wipe,4:48,288,12830,Eco-Dome Al'dani,,,1:19 PM
kTwMJg7a1DmRfdhn,3,wipe,7:18,438,12830,Eco-Dome Al'dani,,,1:40 PM
kTwMJg7a1DmRfdhn,4,wipe,22:47,1367,12830,Eco-Dome Al'dani,,,1:48 PM
kTwMJg7a1DmRfdhn,5,wipe,5:47,347,12830,Eco-Dome Al'dani,,,2:10 PM
wCWD6qMgB3a7yx8J,,kill,40:16,2416,12830,Eco-Dome Al'dani,12,Fortified,12:23 PM
GQ4NtwK2YzMkgLAW,,wipe,16:04,964,12830,Eco-Dome Al'dani,15,Fortified,3:41 AM
6adkFVJvNjy2AHqW,11,kill,28:37,1717,12830,Eco-Dome Al'dani,,,12:13 PM
6adkFVJvNjy2AHqW,1,wipe,5:21,321,12830,Eco-Dome Al'dani,,,11:03 AM
6adkFVJvNjy2AHqW,2,wipe,23:39,1419,12830,Eco-Dome Al'dani,,,11:12 AM
6adkFVJvNjy2AHqW,9,wipe,0:29,29,12830,Eco-Dome Al'dani,,,12:10 PM
6adkFVJvNjy2AHqW,1,wipe,5:21,321,12830,Eco-Dome Al'dani,,,11:03 AM
6adkFVJvNjy2AHqW,2,wipe,23:39,1419,12830,Eco-Dome Al'dani,,,11:12 AM
6adkFVJvNjy2AHqW,9,wipe,0:29,29,12830,Eco-Dome Al'dani,,,12:10 PM
98FDZM2Cvz4wPk3G,2,kill,24:50,1490,12830,Eco-Dome Al'dani,,,9:52 AM
98FDZM2Cvz4wPk3G,7,kill,26:32,1592,12830,Eco-Dome Al'dani,,,11:39 AM
98FDZM2Cvz4wPk3G,1,wipe,2:10,130,12830,Eco-Dome Al'dani,,,9:50 AM
98FDZM2Cvz4wPk3G,3,wipe,15:39,939,12830,Eco-Dome Al'dani,,,10:28 AM
98FDZM2Cvz4wPk3G,4,wipe,3:17,197,12830,Eco-Dome Al'dani,,,10:44 AM
98FDZM2Cvz4wPk3G,5,wipe,27:11,1631,12830,Eco-Dome Al'dani,,,10:47 AM
98FDZM2Cvz4wPk3G,6,wipe,18:01,1081,12830,Eco-Dome Al'dani,,,11:14 AM
98FDZM2Cvz4wPk3G,1,wipe,2:10,130,12830,Eco-Dome Al'dani,,,9:50 AM
98FDZM2Cvz4wPk3G,3,wipe,15:39,939,12830,Eco-Dome Al'dani,,,10:28 AM
98FDZM2Cvz4wPk3G,4,wipe,3:17,197,12830,Eco-Dome Al'dani,,,10:44 AM
98FDZM2Cvz4wPk3G,5,wipe,27:11,1631,12830,Eco-Dome Al'dani,,,10:47 AM
98FDZM2Cvz4wPk3G,6,wipe,18:01,1081,12830,Eco-Dome Al'dani,,,11:14 AM
Jx6aLNyMG3B81FYb,3,kill,30:21,1821,12830,Eco-Dome Al'dani,,,10:42 AM
Jx6aLNyMG3B81FYb,1,wipe,5:53,353,12830,Eco-Dome Al'dani,,,10:19 AM
Jx6aLNyMG3B81FYb,2,wipe,11:44,704,12830,Eco-Dome Al'dani,,,10:31 AM
Jx6aLNyMG3B81FYb,1,wipe,5:53,353,12830,Eco-Dome Al'dani,,,10:19 AM
Jx6aLNyMG3B81FYb,2,wipe,11:44,704,12830,Eco-Dome Al'dani,,,10:31 AM
NBgqCfhwzZGxbkF4,2,kill,24:50,1490,12830,Eco-Dome Al'dani,,,9:52 AM
NBgqCfhwzZGxbkF4,1,wipe,2:10,130,12830,Eco-Dome Al'dani,,,9:50 AM
6Tfb1qw3X4ZWgV87,1,wipe,0:00,0,12830,Eco-Dome Al'dani,,,7:34 AM
6Tfb1qw3X4ZWgV87,3,wipe,0:00,0,12830,Eco-Dome Al'dani,,,8:20 AM
6Tfb1qw3X4ZWgV87,9,wipe,10:11,611,12830,Eco-Dome Al'dani,,,9:03 AM
6Tfb1qw3X4ZWgV87,1,wipe,0:00,0,12830,Eco-Dome Al'dani,,,7:34 AM
6Tfb1qw3X4ZWgV87,3,wipe,0:00,0,12830,Eco-Dome Al'dani,,,8:20 AM
6Tfb1qw3X4ZWgV87,9,wipe,10:11,611,12830,Eco-Dome Al'dani,,,9:03 AM
9MPv63y2JTGB8RYX,,wipe,12:02,722,12830,Eco-Dome Al'dani,10,Xal'atath's Bargain: Pulsar,12:11 AM
Bt9PGZ2CqWxDHRrX,,kill,31:35,1895,62287,Halls of Atonement,16,Fortified,3:45 PM
R2hCqkKYZGwdM6tN,,kill,31:35,1895,62287,Halls of Atonement,16,Fortified,2:45 PM
PhMdZx2mGaVkB64H,,wipe,4:38,278,62287,Halls of Atonement,16,Fortified,3:16 AM
GFjtkhNp61a3gqvd,2,wipe,3:24,204,62287,Halls of Atonement,,,11:01 PM
GFjtkhNp61a3gqvd,3,wipe,13:51,831,62287,Halls of Atonement,,,11:05 PM
GFjtkhNp61a3gqvd,,kill,25:01,1501,112442,Tazavesh: So'leah's Gambit,14,Fortified,11:28 PM
WbtjYc9XhRyaxd3T,,kill,23:59,1439,62649,Priory of the Sacred Flame,12,Fortified,9:05 PM
WbtjYc9XhRyaxd3T,,kill,35:14,2114,62287,Halls of Atonement,12,Fortified,9:42 PM
283HFx9qv6YznkKw,,kill,37:48,2268,62287,Halls of Atonement,13,Fortified,9:03 PM
283HFx9qv6YznkKw,,kill,27:30,1650,112442,Tazavesh: So'leah's Gambit,12,Fortified,9:50 PM
13nZRPJ6tC2NkVFa,1,kill,31:26,1886,62662,The Dawnbreaker,,,4:20 PM
13nZRPJ6tC2NkVFa,4,kill,27:21,1641,62662,The Dawnbreaker,,,7:36 PM
13nZRPJ6tC2NkVFa,,kill,25:37,1537,62773,Operation: Floodgate,15,,6:34 PM
13nZRPJ6tC2NkVFa,,wipe,5:48,348,62287,Halls of Atonement,14,Fortified,8:27 PM
PqrWkCBGn7RVm49Y,1,wipe,6:32,392,62287,Halls of Atonement,,,6:24 PM
PqrWkCBGn7RVm49Y,2,wipe,13:54,834,62287,Halls of Atonement,,,6:30 PM
Agz48Vq3LymRNTta,,kill,27:37,1657,62287,Halls of Atonement,15,Tyrannical,4:30 PM
Agz48Vq3LymRNTta,,kill,25:58,1558,62773,Operation: Floodgate,15,Fortified,5:05 PM
bJgrT6KwYf97mdV1,,kill,27:37,1657,62287,Halls of Atonement,15,Tyrannical,4:30 PM
bJgrT6KwYf97mdV1,,kill,25:58,1558,62773,Operation: Floodgate,15,Fortified,5:05 PM
K79hWbcqG6PJRvXg,,kill,32:36,1956,62287,Halls of Atonement,12,Tyrannical,5:01 PM
zyQZM3afxgYFj9vc,,kill,26:36,1596,62649,Priory of the Sacred Flame,12,Tyrannical,2:05 PM
zyQZM3afxgYFj9vc,,kill,31:13,1873,62287,Halls of Atonement,15,Tyrannical,2:39 PM
96AGrRh4vZKTL1Qf,2,kill,27:13,1633,62287,Halls of Atonement,,,10:22 AM
96AGrRh4vZKTL1Qf,1,wipe,20:45,1245,62287,Halls of Atonement,,,9:50 AM
96AGrRh4vZKTL1Qf,9,kill,28:31,1711,62773,Operation: Floodgate,,,12:41 PM
96AGrRh4vZKTL1Qf,4,wipe,9:24,564,62773,Operation: Floodgate,,,11:18 AM
96AGrRh4vZKTL1Qf,5,wipe,1:13,73,62773,Operation: Floodgate,,,11:34 AM
96AGrRh4vZKTL1Qf,6,wipe,24:30,1470,62773,Operation: Floodgate,,,11:51 AM
96AGrRh4vZKTL1Qf,7,wipe,17:53,1073,62773,Operation: Floodgate,,,12:16 PM
96AGrRh4vZKTL1Qf,8,wipe,1:09,69,62773,Operation: Floodgate,,,12:34 PM
cbyvBT78D2taQAVg,2,kill,27:13,1633,62287,Halls of Atonement,,,10:22 AM
cbyvBT78D2taQAVg,1,wipe,20:45,1245,62287,Halls of Atonement,,,9:50 AM
mgYQ4BJ6xnVfkvzN,,kill,31:36,1896,62287,Halls of Atonement,14,Tyrannical,5:16 AM
fj9FvbXKLHAPJ43m,,kill,31:36,1896,62287,Halls of Atonement,14,Tyrannical,5:16 AM
D8GbHFdAqYJcRZ9x,,wipe,1:01:51,3711,62287,Halls of Atonement,14,Tyrannical,11:15 PM
Dh1rFZfbJ6MC3AH9,,wipe,1:01:51,3711,62287,Halls of Atonement,14,Tyrannical,11:15 PM
nxCyf1mga4p6JGZK,,kill,54:35,3275,112441,Tazavesh: Streets of Wonder,12,Tyrannical,8:15 PM
nxCyf1mga4p6JGZK,,wipe,42:51,2571,62287,Halls of Atonement,12,Tyrannical,9:17 PM
Md1pBXfxJb4NT36q,1,wipe,6:52,412,62287,Halls of Atonement,,,7:54 PM
Md1pBXfxJb4NT36q,2,wipe,30:30,1830,62287,Halls of Atonement,,,8:01 PM
WjR7mfXgVzQAdKwC,1,kill,36:59,2219,62287,Halls of Atonement,,,4:40 PM
WjR7mfXgVzQAdKwC,4,kill,34:23,2063,62287,Halls of Atonement,,,6:45 PM
WjR7mfXgVzQAdKwC,2,wipe,2:44,164,62287,Halls of Atonement,,,6:39 PM
WjR7mfXgVzQAdKwC,3,wipe,3:23,203,62287,Halls of Atonement,,,6:41 PM
JrbYPqGZdtL9RHKX,,kill,29:17,1757,62649,Priory of the Sacred Flame,17,Fortified,4:13 PM
JrbYPqGZdtL9RHKX,2,wipe,17:16,1036,112441,Tazavesh: Streets of Wonder,,,5:15 PM
JrbYPqGZdtL9RHKX,3,wipe,6:28,388,112441,Tazavesh: Streets of Wonder,,,5:32 PM
JrbYPqGZdtL9RHKX,4,wipe,8:34,514,112441,Tazavesh: Streets of Wonder,,,5:38 PM
JrbYPqGZdtL9RHKX,5,wipe,5:48,348,112441,Tazavesh: Streets of Wonder,,,5:47 PM
JrbYPqGZdtL9RHKX,6,wipe,2:32,152,112441,Tazavesh: Streets of Wonder,,,5:53 PM
JrbYPqGZdtL9RHKX,7,kill,29:47,1787,62287,Halls of Atonement,,,6:03 PM
JrbYPqGZdtL9RHKX,8,wipe,20:31,1231,62287,Halls of Atonement,,,6:40 PM
JrbYPqGZdtL9RHKX,9,wipe,2:51,171,62287,Halls of Atonement,,,7:01 PM
JrbYPqGZdtL9RHKX,10,wipe,16:31,991,62287,Halls of Atonement,,,7:03 PM
4apBwbDM1vjzPn9L,2,kill,29:01,1741,62773,Operation: Floodgate,,,4:31 PM
4apBwbDM1vjzPn9L,1,wipe,3:01,181,62773,Operation: Floodgate,,,4:18 PM
4apBwbDM1vjzPn9L,7,kill,39:56,2396,62287,Halls of Atonement,,,6:10 PM
4apBwbDM1vjzPn9L,4,wipe,26:20,1580,62287,Halls of Atonement,,,5:09 PM
4apBwbDM1vjzPn9L,5,wipe,14:28,868,112441,Tazavesh: Streets of Wonder,,,5:41 PM
4apBwbDM1vjzPn9L,6,wipe,2:20,140,112441,Tazavesh: Streets of Wonder,,,5:56 PM
x7M196GAK2Xk3Ymj,,kill,22:43,1363,62662,The Dawnbreaker,12,,12:01 PM
x7M196GAK2Xk3Ymj,3,wipe,4:11,251,62287,Halls of Atonement,,,1:02 PM
x7M196GAK2Xk3Ymj,5,wipe,2:24,144,62287,Halls of Atonement,,,1:29 PM
x7M196GAK2Xk3Ymj,6,wipe,12:01,721,62287,Halls of Atonement,,,1:32 PM
x7M196GAK2Xk3Ymj,,kill,32:04,1924,112442,Tazavesh: So'leah's Gambit,14,Fortified,2:23 PM
LtdP42vXgqGaYkyz,,kill,30:05,1805,62287,Halls of Atonement,14,,12:12 PM
LtdP42vXgqGaYkyz,,kill,23:42,1422,112442,Tazavesh: So'leah's Gambit,12,Fortified,12:50 PM
PV8LKRAFbzGfpY9X,11,kill,36:20,2180,62773,Operation: Floodgate,,,9:49 PM
PV8LKRAFbzGfpY9X,1,wipe,17:31,1051,62773,Operation: Floodgate,,,8:32 PM
PV8LKRAFbzGfpY9X,2,wipe,11:46,706,62773,Operation: Floodgate,,,8:50 PM
PV8LKRAFbzGfpY9X,3,wipe,2:18,138,62773,Operation: Floodgate,,,9:02 PM
PV8LKRAFbzGfpY9X,4,wipe,3:29,209,62773,Operation: Floodgate,,,9:04 PM
PV8LKRAFbzGfpY9X,5,wipe,3:08,188,62773,Operation: Floodgate,,,9:07 PM
PV8LKRAFbzGfpY9X,6,wipe,28:11,1691,62773,Operation: Floodgate,,,9:11 PM
PV8LKRAFbzGfpY9X,,kill,35:26,2126,62287,Halls of Atonement,18,Fortified,10:48 PM
PV8LKRAFbzGfpY9X,13,wipe,20:53,1253,62662,The Dawnbreaker,,,11:30 PM
PV8LKRAFbzGfpY9X,14,wipe,9:12,552,62662,The Dawnbreaker,,,11:51 PM
PV8LKRAFbzGfpY9X,15,wipe,12:57,777,62662,The Dawnbreaker,,,12:01 AM
thJm2ZH6A1MXPcFQ,,kill,29:00,1740,62287,Halls of Atonement,12,Fortified,2:43 AM
F8fK21T7WJjnvV9N,,kill,30:45,1845,62649,Priory of the Sacred Flame,13,Fortified,5:03 AM
F8fK21T7WJjnvV9N,,wipe,7:04,424,112442,Tazavesh: So'leah's Gambit,14,Fortified,6:09 AM
F8fK21T7WJjnvV9N,,kill,42:17,2537,62287,Halls of Atonement,15,Fortified,6:23 AM
1RGb4Z3dpWHPv6mw,2,kill,40:03,2403,62287,Halls of Atonement,,,6:10 AM
1RGb4Z3dpWHPv6mw,1,wipe,5:12,312,62287,Halls of Atonement,,,6:04 AM
CRHKh6aqZtkLP1f4,1,wipe,5:13,313,62287,Halls of Atonement,,,12:29 AM
CRHKh6aqZtkLP1f4,2,wipe,3:18,198,62287,Halls of Atonement,,,12:35 AM
CRHKh6aqZtkLP1f4,3,wipe,1:46,106,62287,Halls of Atonement,,,12:38 AM
CRHKh6aqZtkLP1f4,7,wipe,9:53,593,62287,Halls of Atonement,,,3:17 AM
CRHKh6aqZtkLP1f4,4,kill,22:46,1366,112442,Tazavesh: So'leah's Gambit,,,1:07 AM
CRHKh6aqZtkLP1f4,5,kill,20:59,1259,112442,Tazavesh: So'leah's Gambit,,,1:44 AM
CRHKh6aqZtkLP1f4,8,kill,22:13,1333,112442,Tazavesh: So'leah's Gambit,,,3:49 AM
CRHKh6aqZtkLP1f4,,kill,25:34,1534,62773,Operation: Floodgate,12,Fortified,2:33 AM
FwqyJVDZdGx3CktP,3,kill,31:37,1897,62287,Halls of Atonement,,,11:18 PM
FwqyJVDZdGx3CktP,1,wipe,8:48,528,62287,Halls of Atonement,,,11:06 PM
FwqyJVDZdGx3CktP,2,wipe,2:49,169,62287,Halls of Atonement,,,11:15 PM
qrvfw92yd4XxnP83,2,kill,32:01,1921,62287,Halls of Atonement,,,5:49 PM
qrvfw92yd4XxnP83,1,wipe,19:07,1147,62287,Halls of Atonement,,,5:21 PM
p79avXJngy43K6cC,,wipe,19:38,1178,62287,Halls of Atonement,15,Fortified,9:40 PM
b9hgvmAGQz1ZfRCX,,kill,31:41,1901,62287,Halls of Atonement,14,Tyrannical,10:44 AM
hNyDgZm63pfGRC1x,2,kill,27:13,1633,62287,Halls of Atonement,,,11:40 AM
hNyDgZm63pfGRC1x,1,wipe,3:13,193,62287,Halls of Atonement,,,11:26 AM
CpmhjNMDQYfqtZFn,2,kill,36:36,2196,62287,Halls of Atonement,,,7:39 AM
CpmhjNMDQYfqtZFn,1,wipe,9:21,561,62287,Halls of Atonement,,,7:29 AM
7BZX6HGa9413qVyx,,kill,37:25,2245,62287,Halls of Atonement,16,Tyrannical,4:21 AM
vdj2xLtG3MZF1ARW,1,wipe,3:44,224,62662,The Dawnbreaker,,,3:36 AM
vdj2xLtG3MZF1ARW,4,wipe,3:33,213,62662,The Dawnbreaker,,,4:32 AM
vdj2xLtG3MZF1ARW,2,wipe,2:35,155,62287,Halls of Atonement,,,3:55 AM
vdj2xLtG3MZF1ARW,3,wipe,24:57,1497,62287,Halls of Atonement,,,3:58 AM
nbKfMGy9cdPWA1VB,,wipe,1:18,78,62287,Halls of Atonement,15,Tyrannical,3:55 AM
aZCwJrtK8mbcjfQD,,kill,33:46,2026,62773,Operation: Floodgate,19,Tyrannical,1:52 AM
aZCwJrtK8mbcjfQD,,kill,32:40,1960,62287,Halls of Atonement,19,Tyrannical,2:40 AM
vA1LKrY4zngHtkXR,,kill,28:26,1706,112441,Tazavesh: Streets of Wonder,10,Xal'atath's Bargain: Ascendant,8:31 PM
vA1LKrY4zngHtkXR,,kill,44:18,2658,62287,Halls of Atonement,12,Tyrannical,10:30 PM
vA1LKrY4zngHtkXR,,kill,31:37,1897,112442,Tazavesh: So'leah's Gambit,12,Tyrannical,11:19 PM
V8rdDz6FgT4Janvx,,kill,29:54,1794,62662,The Dawnbreaker,15,Tyrannical,7:54 PM
V8rdDz6FgT4Janvx,7,kill,37:08,2228,62287,Halls of Atonement,,,10:12 PM
V8rdDz6FgT4Janvx,5,wipe,14:43,883,62287,Halls of Atonement,,,8:39 PM
V8rdDz6FgT4Janvx,,kill,27:44,1664,62649,Priory of the Sacred Flame,14,Tyrannical,9:31 PM
PyG7LpHMmAXZJkQ8,1,wipe,2:27,147,62287,Halls of Atonement,,,8:48 PM
PyG7LpHMmAXZJkQ8,2,wipe,31:47,1907,62287,Halls of Atonement,,,8:51 PM
PyG7LpHMmAXZJkQ8,,kill,29:12,1752,62773,Operation: Floodgate,15,Tyrannical,10:15 PM
hnaFqHk3TjGZW4bC,,kill,32:22,1942,62287,Halls of Atonement,14,Tyrannical,9:18 PM
HJn2kt6CPbZcgpNw,,kill,33:01,1981,62287,Halls of Atonement,14,Tyrannical,8:25 PM
7kqCvgMQGANab94n,15,kill,31:29,1889,62287,Halls of Atonement,,,6:01 PM
7kqCvgMQGANab94n,2,wipe,23:43,1423,62287,Halls of Atonement,,,2:18 PM
7kqCvgMQGANab94n,3,wipe,18:58,1138,62287,Halls of Atonement,,,2:57 PM
7kqCvgMQGANab94n,13,kill,30:21,1821,62649,Priory of the Sacred Flame,,,5:21 PM
7kqCvgMQGANab94n,6,wipe,25:08,1508,62649,Priory of the Sacred Flame,,,3:53 PM
7kqCvgMQGANab94n,8,wipe,1:42,102,62649,Priory of the Sacred Flame,,,4:26 PM
7kqCvgMQGANab94n,9,wipe,11:02,662,62649,Priory of the Sacred Flame,,,4:30 PM
7kqCvgMQGANab94n,10,wipe,4:30,270,62649,Priory of the Sacred Flame,,,4:41 PM
7kqCvgMQGANab94n,11,wipe,8:44,524,62649,Priory of the Sacred Flame,,,4:46 PM
7kqCvgMQGANab94n,12,wipe,14:06,846,62649,Priory of the Sacred Flame,,,4:58 PM
7kqCvgMQGANab94n,18,kill,31:02,1862,62662,The Dawnbreaker,,,6:43 PM
7kqCvgMQGANab94n,17,wipe,3:17,197,62662,The Dawnbreaker,,,6:39 PM
A4rnkxgvdbMfwGDW,,kill,30:19,1819,62287,Halls of Atonement,12,Tyrannical,6:16 PM
28zbhN9MqgJ4ypjV,1,kill,29:23,1763,62287,Halls of Atonement,,,11:06 AM
28zbhN9MqgJ4ypjV,3,wipe,8:40,520,62287,Halls of Atonement,,,12:43 PM
28zbhN9MqgJ4ypjV,4,wipe,23:05,1385,62287,Halls of Atonement,,,12:52 PM
28zbhN9MqgJ4ypjV,6,wipe,4:26,266,62287,Halls of Atonement,,,1:57 PM
28zbhN9MqgJ4ypjV,7,wipe,0:56,56,62287,Halls of Atonement,,,2:02 PM
28zbhN9MqgJ4ypjV,2,kill,25:17,1517,62773,Operation: Floodgate,,,11:53 AM
28zbhN9MqgJ4ypjV,12,kill,29:35,1775,62773,Operation: Floodgate,,,3:55 PM
28zbhN9MqgJ4ypjV,8,wipe,2:22,142,62773,Operation: Floodgate,,,2:12 PM
28zbhN9MqgJ4ypjV,9,wipe,13:05,785,62773,Operation: Floodgate,,,2:14 PM
28zbhN9MqgJ4ypjV,10,wipe,18:36,1116,62773,Operation: Floodgate,,,3:04 PM
28zbhN9MqgJ4ypjV,11,wipe,0:57,57,62773,Operation: Floodgate,,,3:47 PM
28zbhN9MqgJ4ypjV,,kill,32:43,1963,112442,Tazavesh: So'leah's Gambit,15,Fortified,1:23 PM
QNbDgaC3V6mypJYj,,wipe,17:36,1056,62287,Halls of Atonement,15,Fortified,1:42 PM
2PdpVtACXLknZWDj,1,wipe,7:30,450,62287,Halls of Atonement,,,8:40 AM
2PdpVtACXLknZWDj,2,wipe,3:46,226,62287,Halls of Atonement,,,8:47 AM
2PdpVtACXLknZWDj,3,wipe,14:51,891,62287,Halls of Atonement,,,8:51 AM
2PdpVtACXLknZWDj,4,wipe,12:07,727,62287,Halls of Atonement,,,9:06 AM
2PdpVtACXLknZWDj,6,kill,33:10,1990,62662,The Dawnbreaker,,,9:44 AM
2PdpVtACXLknZWDj,7,kill,29:30,1770,62662,The Dawnbreaker,,,11:07 AM
2PdpVtACXLknZWDj,8,kill,23:19,1399,112442,Tazavesh: So'leah's Gambit,,,12:04 PM
2PdpVtACXLknZWDj,9,wipe,24:06,1446,112442,Tazavesh: So'leah's Gambit,,,12:41 PM
2PdpVtACXLknZWDj,,wipe,20:09,1209,112441,Tazavesh: Streets of Wonder,16,Fortified,1:05 PM
3CFdTQY8VRgk9hKb,,kill,29:23,1763,62287,Halls of Atonement,15,Fortified,11:06 AM
3CFdTQY8VRgk9hKb,,kill,25:17,1517,62773,Operation: Floodgate,15,Fortified,11:53 AM
g6tyvcahqDzH7dkM,,kill,22:54,1374,62287,Halls of Atonement,12,,1:33 AM
g6tyvcahqDzH7dkM,,kill,25:16,1516,112442,Tazavesh: So'leah's Gambit,12,,2:27 AM
gpd9D8MBYV4kCWaL,,kill,34:41,2081,62287,Halls of Atonement,16,Fortified,5:16 AM
f4dh9An6pgz8Z1qa,,kill,30:20,1820,62287,Halls of Atonement,15,Fortified,11:06 PM
f4dh9An6pgz8Z1qa,,kill,28:45,1725,62773,Operation: Floodgate,15,Fortified,12:58 AM
ZvnYAr6NCjVK3g9H,1,kill,25:51,1551,62662,The Dawnbreaker,,,7:53 PM
ZvnYAr6NCjVK3g9H,5,kill,38:29,2309,62662,The Dawnbreaker,,,9:43 PM
ZvnYAr6NCjVK3g9H,8,wipe,2:21,141,62662,The Dawnbreaker,,,11:02 PM
ZvnYAr6NCjVK3g9H,9,wipe,10:38,638,62662,The Dawnbreaker,,,11:04 PM
ZvnYAr6NCjVK3g9H,3,wipe,25:29,1529,112441,Tazavesh: Streets of Wonder,,,8:32 PM
ZvnYAr6NCjVK3g9H,4,wipe,21:18,1278,112441,Tazavesh: Streets of Wonder,,,9:09 PM
ZvnYAr6NCjVK3g9H,,wipe,21:51,1311,62287,Halls of Atonement,14,Fortified,10:22 PM
ZvnYAr6NCjVK3g9H,,kill,30:12,1812,62773,Operation: Floodgate,12,Fortified,11:25 PM
BMWxFnmyG78DAwpY,,kill,41:40,2500,62287,Halls of Atonement,12,Fortified,8:18 PM
BMWxFnmyG78DAwpY,,kill,47:21,2841,112441,Tazavesh: Streets of Wonder,12,Fortified,9:34 PM
ZDmBq1zQdHMcYPKy,5,kill,29:03,1743,62287,Halls of Atonement,,,7:45 PM
ZDmBq1zQdHMcYPKy,3,wipe,1:31,91,62287,Halls of Atonement,,,7:41 PM
ZDmBq1zQdHMcYPKy,,kill,20:43,1243,62662,The Dawnbreaker,12,Fortified,8:24 PM
ZDmBq1zQdHMcYPKy,9,kill,25:36,1536,112441,Tazavesh: Streets of Wonder,,,8:58 PM
ZDmBq1zQdHMcYPKy,8,wipe,6:45,405,112441,Tazavesh: Streets of Wonder,,,8:52 PM
bk91ynpGr4TCYMqH,2,kill,35:56,2156,62287,Halls of Atonement,,,8:36 PM
bk91ynpGr4TCYMqH,1,wipe,2:48,168,62287,Halls of Atonement,,,8:33 PM
Kn6LC9dMj3PyFkHQ,3,wipe,36:33,2193,112441,Tazavesh: Streets of Wonder,,,4:40 PM
Kn6LC9dMj3PyFkHQ,4,wipe,15:21,921,112441,Tazavesh: Streets of Wonder,,,5:16 PM
Kn6LC9dMj3PyFkHQ,5,wipe,29:49,1789,112441,Tazavesh: Streets of Wonder,,,5:31 PM
Kn6LC9dMj3PyFkHQ,,kill,26:46,1606,62287,Halls of Atonement,12,Tyrannical,6:04 PM
Kn6LC9dMj3PyFkHQ,8,kill,22:09,1329,112442,Tazavesh: So'leah's Gambit,,,6:54 PM
Kn6LC9dMj3PyFkHQ,14,kill,26:56,1616,112442,Tazavesh: So'leah's Gambit,,,8:04 PM
Kn6LC9dMj3PyFkHQ,15,kill,18:13,1093,112442,Tazavesh: So'leah's Gambit,,,8:43 PM
Kn6LC9dMj3PyFkHQ,11,wipe,2:25,145,112442,Tazavesh: So'leah's Gambit,,,7:38 PM
Kn6LC9dMj3PyFkHQ,12,wipe,5:26,326,112442,Tazavesh: So'leah's Gambit,,,7:41 PM
Kn6LC9dMj3PyFkHQ,13,wipe,18:11,1091,112442,Tazavesh: So'leah's Gambit,,,7:46 PM
8TgVF1zDn49Z36dh,5,kill,29:03,1743,62287,Halls of Atonement,,,7:45 PM
8TgVF1zDn49Z36dh,3,wipe,1:31,91,62287,Halls of Atonement,,,7:41 PM
8TgVF1zDn49Z36dh,,kill,20:43,1243,62662,The Dawnbreaker,12,Fortified,8:24 PM
8TgVF1zDn49Z36dh,,wipe,4:20,260,112441,Tazavesh: Streets of Wonder,12,Fortified,8:52 PM
aYXr3JDFZ4p9dRWB,,kill,44:20,2660,62287,Halls of Atonement,17,Tyrannical,4:06 PM
aYXr3JDFZ4p9dRWB,4,wipe,2:26,146,62649,Priory of the Sacred Flame,,,5:00 PM
aYXr3JDFZ4p9dRWB,5,wipe,3:54,234,62649,Priory of the Sacred Flame,,,5:03 PM
aYXr3JDFZ4p9dRWB,6,wipe,2:52,172,62649,Priory of the Sacred Flame,,,5:07 PM
aYXr3JDFZ4p9dRWB,7,wipe,2:45,165,62649,Priory of the Sacred Flame,,,5:09 PM
aYXr3JDFZ4p9dRWB,8,wipe,15:18,918,62649,Priory of the Sacred Flame,,,5:12 PM
aYXr3JDFZ4p9dRWB,9,wipe,1:34,94,62649,Priory of the Sacred Flame,,,5:28 PM
aYXr3JDFZ4p9dRWB,10,wipe,1:46,106,62649,Priory of the Sacred Flame,,,5:29 PM
aYXr3JDFZ4p9dRWB,11,wipe,1:31,91,62649,Priory of the Sacred Flame,,,5:31 PM
aYXr3JDFZ4p9dRWB,12,wipe,12:42,762,62649,Priory of the Sacred Flame,,,5:32 PM
aYXr3JDFZ4p9dRWB,14,kill,31:45,1905,62662,The Dawnbreaker,,,6:41 PM
aYXr3JDFZ4p9dRWB,13,wipe,42:50,2570,62662,The Dawnbreaker,,,5:58 PM
1VtML8GDj7NQxTFg,,kill,45:55,2755,62287,Halls of Atonement,13,Tyrannical,6:41 AM
nXFBmvxhqC86R9L4,,kill,36:07,2167,62287,Halls of Atonement,16,Fortified,5:55 PM
LRkY2xT6KpN4AQb1,1,kill,31:19,1879,62287,Halls of Atonement,,,4:28 PM
LRkY2xT6KpN4AQb1,3,kill,28:59,1739,62287,Halls of Atonement,,,6:03 PM
LRkY2xT6KpN4AQb1,,wipe,8:15,495,62773,Operation: Floodgate,15,Fortified,5:47 PM
vtra8JcRP1QmW27G,,kill,31:19,1879,62287,Halls of Atonement,15,Tyrannical,4:28 PM
1Zcn6fHTgLxMKAzr,,wipe,9:24,564,62773,Operation: Floodgate,15,Tyrannical,2:23 PM
1Zcn6fHTgLxMKAzr,,wipe,6:29,389,62287,Halls of Atonement,15,Tyrannical,3:02 PM
1Zcn6fHTgLxMKAzr,,wipe,6:37,397,62649,Priory of the Sacred Flame,15,Tyrannical,3:56 PM
8trq9Bfga6nbNdD4,3,kill,53:43,3223,62287,Halls of Atonement,,,4:41 AM
8trq9Bfga6nbNdD4,1,wipe,2:50,170,62287,Halls of Atonement,,,4:36 AM
8trq9Bfga6nbNdD4,2,wipe,2:12,132,62287,Halls of Atonement,,,4:39 AM
YNKgPkyFQ4aqZBMh,1,wipe,5:24,324,62287,Halls of Atonement,,,10:53 AM
YNKgPkyFQ4aqZBMh,2,wipe,16:18,978,62287,Halls of Atonement,,,10:58 AM
YNKgPkyFQ4aqZBMh,3,wipe,1:47,107,62287,Halls of Atonement,,,11:15 AM
kR42dYpTyq1XALWG,1,kill,31:47,1907,62287,Halls of Atonement,,,4:53 AM
kR42dYpTyq1XALWG,4,kill,31:52,1912,62287,Halls of Atonement,,,7:12 AM
kR42dYpTyq1XALWG,2,wipe,7:22,442,62287,Halls of Atonement,,,6:35 AM
kR42dYpTyq1XALWG,3,wipe,3:56,236,62287,Halls of Atonement,,,7:08 AM
kR42dYpTyq1XALWG,,kill,36:38,2198,62662,The Dawnbreaker,14,Tyrannical,8:31 AM
47TKLrz8CtHvbFdp,3,kill,40:07,2407,62287,Halls of Atonement,,,7:36 AM
47TKLrz8CtHvbFdp,1,wipe,10:47,647,62287,Halls of Atonement,,,6:17 AM
47TKLrz8CtHvbFdp,2,wipe,25:31,1531,62287,Halls of Atonement,,,6:36 AM
tGgryhL8PA4vpWkm,4,kill,37:08,2228,62287,Halls of Atonement,,,5:13 AM
tGgryhL8PA4vpWkm,1,wipe,16:05,965,62287,Halls of Atonement,,,4:42 AM
2A4FhBHYzJ3n9p1N,1,kill,26:10,1570,62287,Halls of Atonement,,,3:46 AM
2A4FhBHYzJ3n9p1N,4,kill,27:11,1631,62287,Halls of Atonement,,,5:13 AM
2A4FhBHYzJ3n9p1N,2,wipe,4:33,273,112441,Tazavesh: Streets of Wonder,,,4:34 AM
2A4FhBHYzJ3n9p1N,3,wipe,22:18,1338,112441,Tazavesh: Streets of Wonder,,,4:39 AM
ZCzdxV8nF7m6BfPt,,kill,28:04,1684,62287,Halls of Atonement,12,Tyrannical,5:03 AM
Jd9h1kGy2Pcr8xvt,,wipe,17:32,1052,62287,Halls of Atonement,18,Tyrannical,8:38 PM
Jd9h1kGy2Pcr8xvt,2,wipe,15:13,913,112442,Tazavesh: So'leah's Gambit,,,9:08 PM
Jd9h1kGy2Pcr8xvt,3,wipe,4:57,297,112442,Tazavesh: So'leah's Gambit,,,9:23 PM
Jd9h1kGy2Pcr8xvt,4,wipe,36:25,2185,112442,Tazavesh: So'leah's Gambit,,,9:28 PM
Jd9h1kGy2Pcr8xvt,5,wipe,5:04,304,112441,Tazavesh: Streets of Wonder,,,10:04 PM
Jd9h1kGy2Pcr8xvt,6,wipe,5:41,341,112441,Tazavesh: Streets of Wonder,,,10:09 PM
Jd9h1kGy2Pcr8xvt,7,wipe,8:22,502,112441,Tazavesh: Streets of Wonder,,,10:15 PM
Jd9h1kGy2Pcr8xvt,8,wipe,3:18,198,112441,Tazavesh: Streets of Wonder,,,10:24 PM
Jd9h1kGy2Pcr8xvt,9,wipe,17:47,1067,112441,Tazavesh: Streets of Wonder,,,10:27 PM
Jd9h1kGy2Pcr8xvt,10,wipe,12:56,776,112441,Tazavesh: Streets of Wonder,,,10:45 PM
Jd9h1kGy2Pcr8xvt,11,wipe,1:52,112,112441,Tazavesh: Streets of Wonder,,,10:58 PM
Jd9h1kGy2Pcr8xvt,12,wipe,3:15,195,62662,The Dawnbreaker,,,11:06 PM
Jd9h1kGy2Pcr8xvt,13,wipe,5:31,331,62662,The Dawnbreaker,,,11:10 PM
Jd9h1kGy2Pcr8xvt,14,wipe,9:46,586,62662,The Dawnbreaker,,,11:15 PM
Jd9h1kGy2Pcr8xvt,15,wipe,11:58,718,62662,The Dawnbreaker,,,11:25 PM
Fy7r3BTZ1h2fAnWp,7,kill,31:39,1899,62773,Operation: Floodgate,,,3:34 PM
Fy7r3BTZ1h2fAnWp,1,wipe,4:04,244,62773,Operation: Floodgate,,,2:10 PM
Fy7r3BTZ1h2fAnWp,2,wipe,0:53,53,62773,Operation: Floodgate,,,2:14 PM
Fy7r3BTZ1h2fAnWp,3,wipe,6:36,396,62773,Operation: Floodgate,,,2:15 PM
Fy7r3BTZ1h2fAnWp,4,wipe,18:09,1089,62773,Operation: Floodgate,,,2:27 PM
Fy7r3BTZ1h2fAnWp,5,wipe,18:45,1125,62773,Operation: Floodgate,,,2:45 PM
Fy7r3BTZ1h2fAnWp,6,wipe,19:52,1192,62773,Operation: Floodgate,,,3:04 PM
Fy7r3BTZ1h2fAnWp,,kill,31:10,1870,62662,The Dawnbreaker,17,Fortified,4:11 PM
Fy7r3BTZ1h2fAnWp,,kill,34:45,2085,62287,Halls of Atonement,17,Fortified,4:50 PM
TpfQ3hb7Hmja1W84,2,kill,36:36,2196,62287,Halls of Atonement,,,6:40 PM
TpfQ3hb7Hmja1W84,1,wipe,34:07,2047,62287,Halls of Atonement,,,5:45 PM
TpfQ3hb7Hmja1W84,,kill,23:41,1421,62649,Priory of the Sacred Flame,15,,7:26 PM
RxvtZzwVc8pG9MQL,1,wipe,3:40,220,62287,Halls of Atonement,,,3:09 PM
RxvtZzwVc8pG9MQL,2,wipe,26:29,1589,62287,Halls of Atonement,,,3:12 PM
Tq9VYb1PKd84ZxaA,1,wipe,4:42,282,112441,Tazavesh: Streets of Wonder,,,9:33 AM
Tq9VYb1PKd84ZxaA,2,wipe,26:45,1605,112441,Tazavesh: Streets of Wonder,,,9:44 AM
Tq9VYb1PKd84ZxaA,3,wipe,4:09,249,112441,Tazavesh: Streets of Wonder,,,10:11 AM
Tq9VYb1PKd84ZxaA,4,wipe,5:09,309,112441,Tazavesh: Streets of Wonder,,,10:15 AM
Tq9VYb1PKd84ZxaA,5,wipe,6:47,407,112441,Tazavesh: Streets of Wonder,,,10:20 AM
Tq9VYb1PKd84ZxaA,6,wipe,3:10,190,112441,Tazavesh: Streets of Wonder,,,10:27 AM
Tq9VYb1PKd84ZxaA,11,kill,35:48,2148,62287,Halls of Atonement,,,12:05 PM
Tq9VYb1PKd84ZxaA,7,wipe,37:07,2227,62287,Halls of Atonement,,,10:35 AM
Tq9VYb1PKd84ZxaA,8,wipe,11:21,681,62287,Halls of Atonement,,,11:20 AM
Tq9VYb1PKd84ZxaA,9,wipe,29:44,1784,62287,Halls of Atonement,,,11:31 AM
Tq9VYb1PKd84ZxaA,10,wipe,4:15,255,62287,Halls of Atonement,,,12:01 PM
PxvR1HmwKzgDqJY2,,kill,31:39,1899,62287,Halls of Atonement,17,Fortified,8:51 AM
xf3NWqBLX2Qc4VJ9,,kill,31:46,1906,62287,Halls of Atonement,16,Fortified,7:33 AM
zf2dCBr6HDam8hWK,1,kill,24:11,1451,62649,Priory of the Sacred Flame,,,4:44 AM
zf2dCBr6HDam8hWK,2,wipe,0:00,0,62649,Priory of the Sacred Flame,,,5:11 AM
zf2dCBr6HDam8hWK,,wipe,7:43,463,62287,Halls of Atonement,2,,5:18 AM
3XxpzM2AZVHYKhG1,3,kill,53:43,3223,62287,Halls of Atonement,,,4:41 AM
3XxpzM2AZVHYKhG1,1,wipe,2:50,170,62287,Halls of Atonement,,,4:36 AM
3XxpzM2AZVHYKhG1,2,wipe,2:12,132,62287,Halls of Atonement,,,4:39 AM
V37qzyb8cGjAFKvC,,wipe,10:07,607,112442,Tazavesh: So'leah's Gambit,12,Tyrannical,11:53 AM
V37qzyb8cGjAFKvC,3,kill,29:35,1775,62287,Halls of Atonement,,,1:02 PM
V37qzyb8cGjAFKvC,2,wipe,21:43,1303,62287,Halls of Atonement,,,12:29 PM
t6HdmbgYLWBZ7wMp,7,kill,29:41,1781,62287,Halls of Atonement,,,12:53 PM
t6HdmbgYLWBZ7wMp,1,wipe,20:32,1232,62287,Halls of Atonement,,,11:32 AM
t6HdmbgYLWBZ7wMp,2,wipe,2:10,130,62287,Halls of Atonement,,,11:52 AM
t6HdmbgYLWBZ7wMp,3,wipe,27:01,1621,62287,Halls of Atonement,,,11:55 AM
t6HdmbgYLWBZ7wMp,4,wipe,12:36,756,62287,Halls of Atonement,,,12:30 PM
t6HdmbgYLWBZ7wMp,5,wipe,8:14,494,62287,Halls of Atonement,,,12:42 PM
t6HdmbgYLWBZ7wMp,6,wipe,2:18,138,62287,Halls of Atonement,,,12:51 PM
14M2nHzWxC6AXGyR,,wipe,10:07,607,112442,Tazavesh: So'leah's Gambit,12,Tyrannical,11:53 AM
14M2nHzWxC6AXGyR,,wipe,21:43,1303,62287,Halls of Atonement,12,Tyrannical,12:29 PM
dzfFhcZrjpwTtPA3,,kill,27:48,1668,62287,Halls of Atonement,13,,10:54 AM
1PfdaVZDkGpJH9ht,7,kill,36:02,2162,62287,Halls of Atonement,,,4:28 AM
1PfdaVZDkGpJH9ht,1,wipe,9:43,583,62287,Halls of Atonement,,,3:42 AM
1PfdaVZDkGpJH9ht,2,wipe,5:37,337,62287,Halls of Atonement,,,3:52 AM
1PfdaVZDkGpJH9ht,3,wipe,5:43,343,62287,Halls of Atonement,,,3:58 AM
1PfdaVZDkGpJH9ht,4,wipe,5:11,311,62287,Halls of Atonement,,,4:03 AM
1PfdaVZDkGpJH9ht,5,wipe,14:19,859,62287,Halls of Atonement,,,4:09 AM
1PfdaVZDkGpJH9ht,6,wipe,4:50,290,62287,Halls of Atonement,,,4:23 AM
1PfdaVZDkGpJH9ht,,kill,25:01,1501,112442,Tazavesh: So'leah's Gambit,14,Tyrannical,5:11 AM
hcV79ZApBmw4HJKf,7,kill,36:02,2162,62287,Halls of Atonement,,,4:28 AM
hcV79ZApBmw4HJKf,1,wipe,9:43,583,62287,Halls of Atonement,,,3:42 AM
hcV79ZApBmw4HJKf,2,wipe,5:37,337,62287,Halls of Atonement,,,3:52 AM
hcV79ZApBmw4HJKf,3,wipe,5:43,343,62287,Halls of Atonement,,,3:58 AM
hcV79ZApBmw4HJKf,4,wipe,5:11,311,62287,Halls of Atonement,,,4:03 AM
hcV79ZApBmw4HJKf,5,wipe,14:19,859,62287,Halls of Atonement,,,4:09 AM
hcV79ZApBmw4HJKf,6,wipe,4:50,290,62287,Halls of Atonement,,,4:23 AM
LDfNzv4FKxq3WjQ8,,kill,37:18,2238,62287,Halls of Atonement,12,Tyrannical,3:19 AM
3VZPr2aAnpw1CKBN,,kill,30:28,1828,62287,Halls of Atonement,12,Tyrannical,1:20 AM
z2ADqBMR4JcKHn93,6,kill,40:08,2408,112442,Tazavesh: So'leah's Gambit,,,10:01 PM
z2ADqBMR4JcKHn93,1,wipe,16:29,989,112442,Tazavesh: So'leah's Gambit,,,8:16 PM
z2ADqBMR4JcKHn93,,kill,28:27,1707,62287,Halls of Atonement,12,Tyrannical,8:46 PM
z2ADqBMR4JcKHn93,,kill,33:45,2025,112441,Tazavesh: Streets of Wonder,12,Tyrannical,9:22 PM
48ABP9fyjJVgxdH7,,kill,31:49,1909,62287,Halls of Atonement,15,Tyrannical,10:17 PM
XwkdaVRbWBHTfhrp,7,kill,29:40,1780,112442,Tazavesh: So'leah's Gambit,,,8:20 PM
XwkdaVRbWBHTfhrp,1,wipe,0:00,0,112442,Tazavesh: So'leah's Gambit,,,7:27 PM
XwkdaVRbWBHTfhrp,2,wipe,4:44,284,112441,Tazavesh: Streets of Wonder,,,7:36 PM
XwkdaVRbWBHTfhrp,3,wipe,3:24,204,112441,Tazavesh: Streets of Wonder,,,7:41 PM
XwkdaVRbWBHTfhrp,4,wipe,12:05,725,112441,Tazavesh: Streets of Wonder,,,7:44 PM
XwkdaVRbWBHTfhrp,5,wipe,4:59,299,112441,Tazavesh: Streets of Wonder,,,7:56 PM
XwkdaVRbWBHTfhrp,6,wipe,19:04,1144,112441,Tazavesh: Streets of Wonder,,,8:01 PM
XwkdaVRbWBHTfhrp,12,kill,29:48,1788,62287,Halls of Atonement,,,9:37 PM
XwkdaVRbWBHTfhrp,8,wipe,20:04,1204,62287,Halls of Atonement,,,9:03 PM
XwkdaVRbWBHTfhrp,9,wipe,3:31,211,62287,Halls of Atonement,,,9:23 PM
XwkdaVRbWBHTfhrp,10,wipe,6:12,372,62287,Halls of Atonement,,,9:27 PM
XwkdaVRbWBHTfhrp,11,wipe,3:25,205,62287,Halls of Atonement,,,9:33 PM
mKbaDfFQ6zZ2TyqL,1,kill,22:16,1336,62287,Halls of Atonement,,,7:18 PM
mKbaDfFQ6zZ2TyqL,2,wipe,27:43,1663,62287,Halls of Atonement,,,9:02 PM
mKbaDfFQ6zZ2TyqL,3,wipe,4:26,266,62287,Halls of Atonement,,,9:30 PM
7KYWQdBNzV8DxX2a,,kill,27:59,1679,62287,Halls of Atonement,10,Xal'atath's Bargain: Voidbound,8:47 PM
YMP2Vaz86htXWNTw,1,wipe,0:00,0,62287,Halls of Atonement,,,6:56 PM
YMP2Vaz86htXWNTw,4,wipe,0:00,0,62287,Halls of Atonement,,,7:18 PM
pvbq3CmPQrNjtLJY,1,wipe,0:00,0,62287,Halls of Atonement,,,6:56 PM
pvbq3CmPQrNjtLJY,4,wipe,0:00,0,62287,Halls of Atonement,,,7:18 PM
ZANQGwxJFCrkd6Y4,1,wipe,0:00,0,62287,Halls of Atonement,,,6:56 PM
ZANQGwxJFCrkd6Y4,4,wipe,0:00,0,62287,Halls of Atonement,,,7:18 PM
V3wfJWAvRDNrkcpC,,wipe,0:00,0,62287,Halls of Atonement,15,,6:56 PM
c36a87xqf2VLCygv,,kill,35:57,2157,62287,Halls of Atonement,11,,6:16 PM
xF1QhqgVmz3MZrNj,,kill,27:00,1620,62287,Halls of Atonement,12,,5:25 AM
zdnkHK3gAyGcZ4NV,,kill,29:41,1781,62287,Halls of Atonement,12,Fortified,11:17 AM
NCnFKWw24Hh1bmRA,,kill,36:56,2216,62287,Halls of Atonement,14,Fortified,9:25 AM
bQK67RpnfW1qDV94,,kill,30:38,1838,112441,Tazavesh: Streets of Wonder,12,Fortified,4:56 AM
bQK67RpnfW1qDV94,,kill,37:12,2232,62287,Halls of Atonement,14,Fortified,6:12 AM
2KZ4yHpv6zwfV9GB,4,kill,37:30,2250,62287,Halls of Atonement,,,6:11 AM
2KZ4yHpv6zwfV9GB,1,wipe,2:54,174,62287,Halls of Atonement,,,5:36 AM
2KZ4yHpv6zwfV9GB,2,wipe,4:05,245,62287,Halls of Atonement,,,5:39 AM
2KZ4yHpv6zwfV9GB,3,wipe,27:26,1646,62287,Halls of Atonement,,,5:43 AM
3FtxpTnNC6L19J4v,7,kill,31:43,1903,62287,Halls of Atonement,,,5:16 AM
3FtxpTnNC6L19J4v,1,wipe,4:29,269,62287,Halls of Atonement,,,3:41 AM
3FtxpTnNC6L19J4v,2,wipe,33:11,1991,62287,Halls of Atonement,,,3:46 AM
3FtxpTnNC6L19J4v,3,wipe,3:04,184,62287,Halls of Atonement,,,4:19 AM
3FtxpTnNC6L19J4v,4,wipe,10:25,625,62287,Halls of Atonement,,,4:22 AM
3FtxpTnNC6L19J4v,6,wipe,3:06,186,62287,Halls of Atonement,,,5:13 AM
3FtxpTnNC6L19J4v,,wipe,29:24,1764,112441,Tazavesh: Streets of Wonder,14,Fortified,4:36 AM
4dFMRPgLjrAJ1nCc,,kill,29:04,1744,62287,Halls of Atonement,12,,1:38 AM
4dFMRPgLjrAJ1nCc,2,wipe,13:00,780,112441,Tazavesh: Streets of Wonder,,,2:20 AM
4dFMRPgLjrAJ1nCc,3,wipe,25:35,1535,112441,Tazavesh: Streets of Wonder,,,2:33 AM
MprK7zkW9wj8ThHx,,kill,33:10,1990,62287,Halls of Atonement,12,Fortified,3:41 AM
LpKMcV3FQvg4nTw9,,kill,33:55,2035,112442,Tazavesh: So'leah's Gambit,12,,2:19 AM
LpKMcV3FQvg4nTw9,,kill,41:14,2474,62287,Halls of Atonement,12,,3:13 AM
rB2ZhCTNyfvbGtkY,1,wipe,9:55,595,112442,Tazavesh: So'leah's Gambit,,,1:50 AM
rB2ZhCTNyfvbGtkY,2,wipe,8:50,530,112442,Tazavesh: So'leah's Gambit,,,2:00 AM
rB2ZhCTNyfvbGtkY,3,wipe,4:37,277,112442,Tazavesh: So'leah's Gambit,,,2:09 AM
rB2ZhCTNyfvbGtkY,,wipe,23:06,1386,62287,Halls of Atonement,12,Fortified,2:21 AM
Dg8YNPGMRvWH9Zqd,,kill,34:24,2064,62287,Halls of Atonement,12,,9:17 PM
JGkwjqbncMQvxPVz,,kill,42:25,2545,62287,Halls of Atonement,12,,11:34 PM
R2F61Wh9AyqGZVdP,2,kill,33:23,2003,62287,Halls of Atonement,,,11:43 PM
R2F61Wh9AyqGZVdP,1,wipe,13:05,785,62287,Halls of Atonement,,,11:30 PM
mbGVzwT9HnQgk62A,,kill,42:25,2545,62287,Halls of Atonement,12,,11:34 PM
8D9vTfmwRHdrhpQ7,,kill,31:47,1907,62287,Halls of Atonement,15,,11:07 PM
3R6xg8cnJT1VrjF4,8,kill,42:34,2554,62287,Halls of Atonement,,,9:05 PM
3R6xg8cnJT1VrjF4,24,kill,34:24,2064,62287,Halls of Atonement,,,9:17 PM
3R6xg8cnJT1VrjF4,1,wipe,21:16,1276,62287,Halls of Atonement,,,7:56 PM
3R6xg8cnJT1VrjF4,2,wipe,0:00,0,62287,Halls of Atonement,,,8:27 PM
3R6xg8cnJT1VrjF4,3,wipe,0:00,0,62287,Halls of Atonement,,,8:28 PM
3R6xg8cnJT1VrjF4,4,wipe,0:00,0,62287,Halls of Atonement,,,8:34 PM
3R6xg8cnJT1VrjF4,9,wipe,25:24,1524,62287,Halls of Atonement,,,10:03 PM
3R6xg8cnJT1VrjF4,15,wipe,23:56,1436,62287,Halls of Atonement,,,12:30 AM
3R6xg8cnJT1VrjF4,18,wipe,3:50,230,62287,Halls of Atonement,,,1:09 AM
3R6xg8cnJT1VrjF4,19,wipe,1:17,77,62287,Halls of Atonement,,,1:13 AM
3R6xg8cnJT1VrjF4,29,wipe,16:29,989,62287,Halls of Atonement,,,10:33 PM
3R6xg8cnJT1VrjF4,14,kill,25:14,1514,112442,Tazavesh: So'leah's Gambit,,,11:38 PM
3R6xg8cnJT1VrjF4,23,kill,21:56,1316,112442,Tazavesh: So'leah's Gambit,,,1:40 AM
3R6xg8cnJT1VrjF4,13,wipe,20:41,1241,112442,Tazavesh: So'leah's Gambit,,,11:11 PM
3R6xg8cnJT1VrjF4,26,wipe,1:40,100,112442,Tazavesh: So'leah's Gambit,,,10:15 PM
3R6xg8cnJT1VrjF4,27,wipe,3:01,181,112442,Tazavesh: So'leah's Gambit,,,10:17 PM
3R6xg8cnJT1VrjF4,28,wipe,4:30,270,112442,Tazavesh: So'leah's Gambit,,,10:20 PM
AyRGBzbj2qdk9whx,,kill,35:21,2121,62287,Halls of Atonement,15,Tyrannical,4:04 PM
Z9L7TKtzH1GVpAFm,2,kill,27:31,1651,62287,Halls of Atonement,,,8:31 AM
Z9L7TKtzH1GVpAFm,1,wipe,9:33,573,62287,Halls of Atonement,,,8:18 AM
86zJrTmjHAPqW1xC,1,wipe,1:01,61,62287,Halls of Atonement,,,1:08 PM
86zJrTmjHAPqW1xC,3,wipe,1:49,109,62287,Halls of Atonement,,,1:51 PM
86zJrTmjHAPqW1xC,4,wipe,2:44,164,62287,Halls of Atonement,,,1:53 PM
86zJrTmjHAPqW1xC,5,wipe,2:05,125,62287,Halls of Atonement,,,1:56 PM
86zJrTmjHAPqW1xC,,wipe,22:55,1375,112442,Tazavesh: So'leah's Gambit,12,Tyrannical,1:19 PM
a7Q4rh2YnbqFcXvw,,kill,28:22,1702,112441,Tazavesh: Streets of Wonder,13,Tyrannical,5:13 AM
a7Q4rh2YnbqFcXvw,5,kill,34:27,2067,62287,Halls of Atonement,,,6:11 AM
a7Q4rh2YnbqFcXvw,2,wipe,2:53,173,62287,Halls of Atonement,,,5:54 AM
a7Q4rh2YnbqFcXvw,3,wipe,6:44,404,62287,Halls of Atonement,,,5:57 AM
a7Q4rh2YnbqFcXvw,4,wipe,7:43,463,62287,Halls of Atonement,,,6:04 AM
a7Q4rh2YnbqFcXvw,,kill,27:41,1661,112442,Tazavesh: So'leah's Gambit,14,Tyrannical,6:54 AM
3RDLAqzx2a14J6df,,wipe,16:22,982,62287,Halls of Atonement,14,Tyrannical,8:31 AM
BhngcvYzwNbKW6Zt,,wipe,26:27,1587,62287,Halls of Atonement,14,Tyrannical,6:21 AM
BhngcvYzwNbKW6Zt,2,wipe,8:12,492,112442,Tazavesh: So'leah's Gambit,,,6:55 AM
BhngcvYzwNbKW6Zt,3,wipe,7:40,460,112442,Tazavesh: So'leah's Gambit,,,7:03 AM
BhngcvYzwNbKW6Zt,4,wipe,1:01,61,112442,Tazavesh: So'leah's Gambit,,,7:11 AM
BhngcvYzwNbKW6Zt,,kill,34:04,2044,112441,Tazavesh: Streets of Wonder,14,Tyrannical,7:12 AM
BPMGh8C3rkt79bmv,6,kill,49:39,2979,62287,Halls of Atonement,,,12:58 AM
BPMGh8C3rkt79bmv,1,wipe,17:26,1046,62287,Halls of Atonement,,,11:43 PM
BPMGh8C3rkt79bmv,4,wipe,2:37,157,62287,Halls of Atonement,,,12:25 AM
BPMGh8C3rkt79bmv,5,wipe,26:42,1602,62287,Halls of Atonement,,,12:28 AM
Nj4WVdBh7c2wmbFq,3,wipe,3:50,230,62287,Halls of Atonement,,,1:09 AM
Nj4WVdBh7c2wmbFq,4,wipe,1:17,77,62287,Halls of Atonement,,,1:13 AM
ak3b2PgmzXV94rR7,1,wipe,1:48,108,62287,Halls of Atonement,,,12:42 AM
ak3b2PgmzXV94rR7,2,wipe,3:43,223,62287,Halls of Atonement,,,12:45 AM
cDzNHmxPkpgAVqLX,1,wipe,3:00,180,62287,Halls of Atonement,,,2:07 PM
cDzNHmxPkpgAVqLX,2,wipe,2:00,120,62287,Halls of Atonement,,,2:10 PM
cDzNHmxPkpgAVqLX,3,wipe,2:33,153,62287,Halls of Atonement,,,2:12 PM
cDzNHmxPkpgAVqLX,4,wipe,3:20,200,62287,Halls of Atonement,,,2:14 PM
cDzNHmxPkpgAVqLX,5,wipe,2:29,149,62287,Halls of Atonement,,,2:18 PM
cDzNHmxPkpgAVqLX,6,wipe,3:22,202,62287,Halls of Atonement,,,2:20 PM
Tyn9z4HAbmhkYXfB,1,wipe,3:00,180,62287,Halls of Atonement,,,2:07 PM
Tyn9z4HAbmhkYXfB,2,wipe,2:00,120,62287,Halls of Atonement,,,2:10 PM
Tyn9z4HAbmhkYXfB,3,wipe,2:33,153,62287,Halls of Atonement,,,2:12 PM
Tyn9z4HAbmhkYXfB,4,wipe,3:20,200,62287,Halls of Atonement,,,2:14 PM
Tyn9z4HAbmhkYXfB,5,wipe,2:29,149,62287,Halls of Atonement,,,2:18 PM
Tyn9z4HAbmhkYXfB,6,wipe,3:22,202,62287,Halls of Atonement,,,2:20 PM
Zt7Yaf36JGgyAb8F,1,kill,18:13,1093,112442,Tazavesh: So'leah's Gambit,,,8:01 PM
Zt7Yaf36JGgyAb8F,4,kill,32:13,1933,112442,Tazavesh: So'leah's Gambit,,,9:17 PM
Zt7Yaf36JGgyAb8F,3,kill,25:46,1546,112441,Tazavesh: Streets of Wonder,,,8:44 PM
Zt7Yaf36JGgyAb8F,7,kill,26:30,1590,112441,Tazavesh: Streets of Wonder,,,11:06 PM
Zt7Yaf36JGgyAb8F,2,wipe,12:50,770,112441,Tazavesh: Streets of Wonder,,,8:31 PM
Zt7Yaf36JGgyAb8F,5,kill,31:23,1883,62287,Halls of Atonement,,,9:56 PM
Zt7Yaf36JGgyAb8F,6,kill,24:42,1482,62287,Halls of Atonement,,,10:35 PM
PFLk8QJVwtDZ3THa,,kill,47:00,2820,62287,Halls of Atonement,12,Tyrannical,10:08 PM
PFLk8QJVwtDZ3THa,,kill,45:23,2723,112442,Tazavesh: So'leah's Gambit,12,Tyrannical,10:57 PM
dwqbyJCD6pQRWTx1,,kill,29:53,1793,62287,Halls of Atonement,16,Tyrannical,10:27 PM
paKfVFJ9bPwYtG7C,,kill,38:12,2292,62287,Halls of Atonement,14,Tyrannical,9:29 PM
paKfVFJ9bPwYtG7C,,kill,33:56,2036,112441,Tazavesh: Streets of Wonder,14,Tyrannical,10:19 PM
LGCDJratBg6ZMhRK,,kill,47:00,2820,62287,Halls of Atonement,12,Tyrannical,10:08 PM
GDzQmR4k2WtyBqJ1,,kill,47:00,2820,62287,Halls of Atonement,12,Tyrannical,10:08 PM
dH3hZ86xr2fMgtVC,1,wipe,10:59,659,62287,Halls of Atonement,,,9:39 PM
dH3hZ86xr2fMgtVC,2,wipe,3:09,189,62287,Halls of Atonement,,,9:50 PM
dH3hZ86xr2fMgtVC,3,wipe,32:50,1970,62287,Halls of Atonement,,,9:54 PM
TRkAZcn43wrCam7P,8,kill,42:34,2554,62287,Halls of Atonement,,,9:05 PM
TRkAZcn43wrCam7P,1,wipe,21:16,1276,62287,Halls of Atonement,,,7:56 PM
TRkAZcn43wrCam7P,2,wipe,0:00,0,62287,Halls of Atonement,,,8:27 PM
TRkAZcn43wrCam7P,3,wipe,0:00,0,62287,Halls of Atonement,,,8:28 PM
TRkAZcn43wrCam7P,4,wipe,0:00,0,62287,Halls of Atonement,,,8:34 PM
TRkAZcn43wrCam7P,9,wipe,25:24,1524,62287,Halls of Atonement,,,10:03 PM
FcyrDRHvbp4hLWfX,,kill,38:12,2292,62287,Halls of Atonement,14,Tyrannical,9:29 PM
yTcBLAt9PVzGjYCJ,4,kill,50:42,3042,62287,Halls of Atonement,,,8:56 PM
yTcBLAt9PVzGjYCJ,1,wipe,7:00,420,62287,Halls of Atonement,,,7:46 PM
yTcBLAt9PVzGjYCJ,2,wipe,1:03,63,62287,Halls of Atonement,,,7:57 PM
yTcBLAt9PVzGjYCJ,,kill,31:12,1872,112442,Tazavesh: So'leah's Gambit,14,Tyrannical,8:10 PM
a3g4bJBnTcVNyPhv,1,wipe,1:40,100,62287,Halls of Atonement,,,8:56 AM
a3g4bJBnTcVNyPhv,2,wipe,2:04,124,62287,Halls of Atonement,,,9:02 AM
a3g4bJBnTcVNyPhv,3,wipe,8:41,521,62287,Halls of Atonement,,,9:04 AM
a3g4bJBnTcVNyPhv,4,wipe,22:55,1375,62287,Halls of Atonement,,,9:13 AM
a3g4bJBnTcVNyPhv,6,wipe,2:43,163,62287,Halls of Atonement,,,9:58 AM
a3g4bJBnTcVNyPhv,7,wipe,14:37,877,62287,Halls of Atonement,,,10:01 AM
KtCHrkqQ8RdP3pJY,2,kill,38:49,2329,62287,Halls of Atonement,,,4:37 AM
KtCHrkqQ8RdP3pJY,6,wipe,1:22,82,62287,Halls of Atonement,,,6:11 AM
KtCHrkqQ8RdP3pJY,7,wipe,3:31,211,62287,Halls of Atonement,,,6:16 AM
KtCHrkqQ8RdP3pJY,8,wipe,11:08,668,62287,Halls of Atonement,,,6:19 AM
KtCHrkqQ8RdP3pJY,,wipe,26:57,1617,112442,Tazavesh: So'leah's Gambit,13,,5:34 AM
yFGv4kTZcQKHqjRC,1,wipe,3:20,200,112441,Tazavesh: Streets of Wonder,,,7:46 PM
yFGv4kTZcQKHqjRC,2,wipe,6:59,419,112441,Tazavesh: Streets of Wonder,,,7:49 PM
yFGv4kTZcQKHqjRC,3,wipe,20:12,1212,112441,Tazavesh: Streets of Wonder,,,7:56 PM
yFGv4kTZcQKHqjRC,4,wipe,17:51,1071,62287,Halls of Atonement,,,8:22 PM
yFGv4kTZcQKHqjRC,5,wipe,5:27,327,62287,Halls of Atonement,,,8:55 PM
yFGv4kTZcQKHqjRC,6,wipe,5:22,322,62287,Halls of Atonement,,,9:02 PM
3kgF2tGjZwKra9fm,1,kill,35:24,2124,62287,Halls of Atonement,,,6:59 PM
3kgF2tGjZwKra9fm,4,wipe,4:36,276,62287,Halls of Atonement,,,7:43 PM
3kgF2tGjZwKra9fm,5,wipe,4:01,241,62287,Halls of Atonement,,,7:48 PM
3kgF2tGjZwKra9fm,6,wipe,35:19,2119,62287,Halls of Atonement,,,7:52 PM
yZqKvCxpYdaD9XQc,,wipe,21:16,1276,62287,Halls of Atonement,12,Fortified,7:56 PM
Mtq1K7HxZdaRGYBp,2,kill,27:31,1651,62287,Halls of Atonement,,,8:31 AM
Mtq1K7HxZdaRGYBp,1,wipe,9:33,573,62287,Halls of Atonement,,,8:18 AM
4bfRhV3nvtayFwXp,,wipe,8:06,486,62287,Halls of Atonement,10,Xal'atath's Bargain: Pulsar,6:31 PM
Y3ZBQrTR2kntWbpv,18,kill,32:49,1969,112441,Tazavesh: Streets of Wonder,,,5:16 PM
Y3ZBQrTR2kntWbpv,1,wipe,8:16,496,112441,Tazavesh: Streets of Wonder,,,10:18 AM
Y3ZBQrTR2kntWbpv,7,wipe,18:30,1110,112441,Tazavesh: Streets of Wonder,,,1:10 PM
Y3ZBQrTR2kntWbpv,3,kill,29:20,1760,62287,Halls of Atonement,,,10:39 AM
Y3ZBQrTR2kntWbpv,5,kill,29:52,1792,62287,Halls of Atonement,,,12:23 PM
Y3ZBQrTR2kntWbpv,11,kill,29:42,1782,62287,Halls of Atonement,,,2:17 PM
Y3ZBQrTR2kntWbpv,16,kill,30:50,1850,62287,Halls of Atonement,,,4:08 PM
Y3ZBQrTR2kntWbpv,19,kill,34:00,2040,62287,Halls of Atonement,,,5:49 PM
Y3ZBQrTR2kntWbpv,2,wipe,8:43,523,62287,Halls of Atonement,,,10:28 AM
Y3ZBQrTR2kntWbpv,4,wipe,24:41,1481,62287,Halls of Atonement,,,11:14 AM
Y3ZBQrTR2kntWbpv,6,wipe,5:54,354,62287,Halls of Atonement,,,1:00 PM
Y3ZBQrTR2kntWbpv,8,wipe,2:44,164,62287,Halls of Atonement,,,1:38 PM
Y3ZBQrTR2kntWbpv,9,wipe,17:56,1076,62287,Halls of Atonement,,,1:41 PM
Y3ZBQrTR2kntWbpv,10,wipe,9:18,558,62287,Halls of Atonement,,,2:03 PM
Y3ZBQrTR2kntWbpv,12,wipe,3:06,186,62287,Halls of Atonement,,,2:51 PM
Y3ZBQrTR2kntWbpv,13,wipe,10:49,649,62287,Halls of Atonement,,,3:01 PM
Y3ZBQrTR2kntWbpv,14,wipe,13:27,807,62287,Halls of Atonement,,,3:36 PM
Y3ZBQrTR2kntWbpv,15,wipe,10:27,627,62287,Halls of Atonement,,,3:58 PM
Y3ZBQrTR2kntWbpv,,kill,27:32,1652,112442,Tazavesh: So'leah's Gambit,15,Fortified,4:44 PM
VX6HWMjq9yRPGncd,9,kill,35:04,2104,62287,Halls of Atonement,,,4:11 PM
VX6HWMjq9yRPGncd,1,wipe,16:09,969,62287,Halls of Atonement,,,3:01 PM
VX6HWMjq9yRPGncd,3,wipe,10:04,604,62287,Halls of Atonement,,,3:31 PM
VX6HWMjq9yRPGncd,7,wipe,4:59,299,62287,Halls of Atonement,,,3:56 PM
VX6HWMjq9yRPGncd,8,wipe,3:12,192,62287,Halls of Atonement,,,4:01 PM
VX6HWMjq9yRPGncd,10,wipe,0:00,0,62287,Halls of Atonement,,,5:12 PM
VX6HWMjq9yRPGncd,11,wipe,8:16,496,62287,Halls of Atonement,,,5:14 PM
VX6HWMjq9yRPGncd,12,wipe,23:44,1424,62287,Halls of Atonement,,,5:23 PM
FzYX1GPkaBJmLCyw,1,wipe,3:00,180,62287,Halls of Atonement,,,2:07 PM
FzYX1GPkaBJmLCyw,2,wipe,2:00,120,62287,Halls of Atonement,,,2:10 PM
FzYX1GPkaBJmLCyw,3,wipe,2:33,153,62287,Halls of Atonement,,,2:12 PM
FzYX1GPkaBJmLCyw,4,wipe,3:20,200,62287,Halls of Atonement,,,2:14 PM
FzYX1GPkaBJmLCyw,5,wipe,2:29,149,62287,Halls of Atonement,,,2:18 PM
FzYX1GPkaBJmLCyw,6,wipe,3:22,202,62287,Halls of Atonement,,,2:20 PM
6HqgzWywJBCR7ja8,1,wipe,2:56,176,62287,Halls of Atonement,,,4:37 PM
6HqgzWywJBCR7ja8,2,wipe,3:08,188,62287,Halls of Atonement,,,4:40 PM
9nHjwMYQNAgchx8k,,kill,31:11,1871,62287,Halls of Atonement,15,Fortified,3:05 PM
YbKn6phfkcwWdaxg,,kill,29:42,1782,62287,Halls of Atonement,15,Fortified,2:17 PM
cFwqYkX8CPDZh2yN,1,wipe,3:00,180,62287,Halls of Atonement,,,2:07 PM
cFwqYkX8CPDZh2yN,2,wipe,2:00,120,62287,Halls of Atonement,,,2:10 PM
cFwqYkX8CPDZh2yN,3,wipe,2:33,153,62287,Halls of Atonement,,,2:12 PM
cFwqYkX8CPDZh2yN,4,wipe,3:20,200,62287,Halls of Atonement,,,2:14 PM
cFwqYkX8CPDZh2yN,5,wipe,2:29,149,62287,Halls of Atonement,,,2:18 PM
cFwqYkX8CPDZh2yN,6,wipe,3:22,202,62287,Halls of Atonement,,,2:20 PM
2kC4aAwvW1cQ78bB,1,wipe,3:00,180,62287,Halls of Atonement,,,2:07 PM
2kC4aAwvW1cQ78bB,2,wipe,2:00,120,62287,Halls of Atonement,,,2:10 PM
2kC4aAwvW1cQ78bB,3,wipe,2:33,153,62287,Halls of Atonement,,,2:12 PM
2kC4aAwvW1cQ78bB,4,wipe,3:20,200,62287,Halls of Atonement,,,2:14 PM
2kC4aAwvW1cQ78bB,5,wipe,2:29,149,62287,Halls of Atonement,,,2:18 PM
2kC4aAwvW1cQ78bB,6,wipe,3:22,202,62287,Halls of Atonement,,,2:20 PM
4yzCaMqwAcvL7rQX,,kill,31:48,1908,62287,Halls of Atonement,15,Fortified,12:52 PM
XBMgWkrb1qa8cp9N,,wipe,8:16,496,112441,Tazavesh: Streets of Wonder,15,Fortified,10:18 AM
XBMgWkrb1qa8cp9N,3,kill,29:20,1760,62287,Halls of Atonement,,,10:39 AM
XBMgWkrb1qa8cp9N,5,kill,29:52,1792,62287,Halls of Atonement,,,12:23 PM
XBMgWkrb1qa8cp9N,2,wipe,8:43,523,62287,Halls of Atonement,,,10:28 AM
XBMgWkrb1qa8cp9N,4,wipe,24:41,1481,62287,Halls of Atonement,,,11:14 AM
YKpBZ62DgCNjdMLf,,kill,44:57,2697,62287,Halls of Atonement,12,Fortified,11:31 AM
GMBqRAZ4x8JVz9Qy,2,kill,34:40,2080,112441,Tazavesh: Streets of Wonder,,,10:24 AM
GMBqRAZ4x8JVz9Qy,1,wipe,6:27,387,112441,Tazavesh: Streets of Wonder,,,10:18 AM
GMBqRAZ4x8JVz9Qy,6,kill,30:14,1814,62287,Halls of Atonement,,,11:23 AM
GMBqRAZ4x8JVz9Qy,3,wipe,3:54,234,62287,Halls of Atonement,,,11:08 AM
GMBqRAZ4x8JVz9Qy,4,wipe,3:12,192,62287,Halls of Atonement,,,11:12 AM
GMBqRAZ4x8JVz9Qy,5,wipe,8:20,500,62287,Halls of Atonement,,,11:15 AM
ZFLWNw3hp6vK7dyC,1,wipe,19:39,1179,62287,Halls of Atonement,,,10:59 AM
ZFLWNw3hp6vK7dyC,2,wipe,15:46,946,62287,Halls of Atonement,,,11:19 AM
B8hN3gdfVcRJ4H2a,,wipe,12:01,721,62287,Halls of Atonement,14,Fortified,9:10 AM
B8hN3gdfVcRJ4H2a,6,wipe,0:00,0,112442,Tazavesh: So'leah's Gambit,,,9:25 AM
B8hN3gdfVcRJ4H2a,7,wipe,13:32,812,112442,Tazavesh: So'leah's Gambit,,,10:07 AM
Wy1MHjTxabfn3vY2,5,kill,30:32,1832,62287,Halls of Atonement,,,7:58 AM
Wy1MHjTxabfn3vY2,1,wipe,8:04,484,62287,Halls of Atonement,,,6:45 AM
Wy1MHjTxabfn3vY2,2,wipe,11:20,680,62287,Halls of Atonement,,,7:03 AM
Wy1MHjTxabfn3vY2,3,wipe,0:29,29,62287,Halls of Atonement,,,7:14 AM
Wy1MHjTxabfn3vY2,4,wipe,22:39,1359,62287,Halls of Atonement,,,7:26 AM
Wy1MHjTxabfn3vY2,9,wipe,0:00,0,62287,Halls of Atonement,,,8:43 AM
Wy1MHjTxabfn3vY2,10,wipe,0:00,0,62287,Halls of Atonement,,,8:45 AM
Wy1MHjTxabfn3vY2,11,wipe,0:32,32,62287,Halls of Atonement,,,8:45 AM
Wy1MHjTxabfn3vY2,12,wipe,0:00,0,62287,Halls of Atonement,,,8:46 AM
8W1mXaBbpVgN9LJ2,,kill,46:24,2784,62287,Halls of Atonement,14,Fortified,7:52 AM
wjaZkVzXqr9A21Jt,,kill,46:24,2784,62287,Halls of Atonement,14,Fortified,7:52 AM
rADWCjx8y4LVpF9a,1,wipe,8:04,484,62287,Halls of Atonement,,,6:45 AM
rADWCjx8y4LVpF9a,2,wipe,11:20,680,62287,Halls of Atonement,,,7:03 AM
rADWCjx8y4LVpF9a,3,wipe,0:29,29,62287,Halls of Atonement,,,7:14 AM
ypjbKnf7xJ12B9cF,,kill,34:25,2065,62287,Halls of Atonement,10,Xal'atath's Bargain: Pulsar,6:11 AM
xNCMqLY196HramV7,1,wipe,6:20,380,62287,Halls of Atonement,,,3:17 AM
xNCMqLY196HramV7,2,wipe,25:50,1550,62287,Halls of Atonement,,,3:23 AM
xNCMqLY196HramV7,3,wipe,19:31,1171,62287,Halls of Atonement,,,4:02 AM
xNCMqLY196HramV7,4,wipe,26:31,1591,62287,Halls of Atonement,,,4:22 AM
xNCMqLY196HramV7,,kill,37:42,2262,112441,Tazavesh: Streets of Wonder,14,Fortified,5:09 AM
3QvbqL1z7wGfF4Bt,,wipe,29:16,1756,62287,Halls of Atonement,12,Fortified,5:00 AM
T86pCPtzGmdMXjyk,,kill,38:39,2319,112442,Tazavesh: So'leah's Gambit,10,Xal'atath's Bargain: Pulsar,3:45 AM
T86pCPtzGmdMXjyk,3,wipe,2:23,143,62287,Halls of Atonement,,,4:33 AM
T86pCPtzGmdMXjyk,4,wipe,42:52,2572,62287,Halls of Atonement,,,4:35 AM
BbfCmr1FPtLY9gaK,,kill,33:52,2032,62287,Halls of Atonement,7,Xal'atath's Bargain: Pulsar,2:36 AM
Vj1zvngTbYLmrwCx,,kill,36:09,2169,62287,Halls of Atonement,12,Fortified,2:04 AM
1CQBNW7fFMpz4GyA,,wipe,21:47,1307,112441,Tazavesh: Streets of Wonder,12,Fortified,8:08 PM
1CQBNW7fFMpz4GyA,,wipe,1:24,84,62287,Halls of Atonement,12,Fortified,8:43 PM
mvfNx7DL1y3GYwnV,5,kill,39:03,2343,62287,Halls of Atonement,,,6:22 PM
mvfNx7DL1y3GYwnV,2,wipe,5:14,314,62287,Halls of Atonement,,,5:56 PM
mvfNx7DL1y3GYwnV,3,wipe,6:40,400,62287,Halls of Atonement,,,6:06 PM
mvfNx7DL1y3GYwnV,4,wipe,1:05,65,62287,Halls of Atonement,,,6:12 PM
8Kmfy9TJvxXPwM1C,,kill,30:52,1852,62287,Halls of Atonement,15,Tyrannical,10:59 AM
6nBKZHmW1Cjd7f3F,3,kill,1:19:35,4775,62287,Halls of Atonement,,,9:54 AM
6nBKZHmW1Cjd7f3F,2,wipe,1:48,108,62287,Halls of Atonement,,,9:47 AM
PnCyXkg64rQhK9zb,,wipe,8:05,485,62287,Halls of Atonement,14,Fortified,8:42 PM
YpxLQ2KFnh4TtCAr,1,wipe,9:53,593,62287,Halls of Atonement,,,8:58 PM
YpxLQ2KFnh4TtCAr,2,wipe,9:16,556,62287,Halls of Atonement,,,9:19 PM
CmPn2ZvH3AWLzGMj,,kill,21:43,1303,112442,Tazavesh: So'leah's Gambit,12,,6:29 AM
CmPn2ZvH3AWLzGMj,,wipe,8:19,499,112441,Tazavesh: Streets of Wonder,12,Tyrannical,7:09 AM
CmPn2ZvH3AWLzGMj,4,kill,30:00,1800,62287,Halls of Atonement,,,7:48 AM
CmPn2ZvH3AWLzGMj,3,wipe,8:44,524,62287,Halls of Atonement,,,7:39 AM
BFPjGAXLc32wmQCY,1,wipe,3:27,207,112442,Tazavesh: So'leah's Gambit,,,3:16 AM
BFPjGAXLc32wmQCY,2,wipe,1:59,119,112442,Tazavesh: So'leah's Gambit,,,3:19 AM
BFPjGAXLc32wmQCY,3,wipe,0:00,0,112442,Tazavesh: So'leah's Gambit,,,3:24 AM
BFPjGAXLc32wmQCY,4,wipe,2:33,153,62287,Halls of Atonement,,,3:28 AM
BFPjGAXLc32wmQCY,5,wipe,1:14,74,62287,Halls of Atonement,,,3:30 AM
BFPjGAXLc32wmQCY,6,wipe,2:36,156,62287,Halls of Atonement,,,3:41 AM
BFPjGAXLc32wmQCY,7,wipe,2:49,169,62287,Halls of Atonement,,,3:44 AM
BFPjGAXLc32wmQCY,8,wipe,4:03,243,62287,Halls of Atonement,,,3:47 AM
BFPjGAXLc32wmQCY,9,wipe,2:24,144,62287,Halls of Atonement,,,3:54 AM
PNX7zMJF4DVrBLKR,,kill,33:31,2011,62287,Halls of Atonement,15,Tyrannical,1:24 AM
xzNLM9hrv3nXTbfG,4,kill,34:36,2076,112441,Tazavesh: Streets of Wonder,,,8:08 PM
xzNLM9hrv3nXTbfG,1,wipe,30:10,1810,112441,Tazavesh: Streets of Wonder,,,7:31 PM
xzNLM9hrv3nXTbfG,2,wipe,3:40,220,112441,Tazavesh: Streets of Wonder,,,8:01 PM
xzNLM9hrv3nXTbfG,3,wipe,3:34,214,112441,Tazavesh: Streets of Wonder,,,8:05 PM
xzNLM9hrv3nXTbfG,,wipe,4:59,299,62287,Halls of Atonement,14,,9:29 PM
hqaH9wmWxF4fzL7r,2,kill,34:43,2083,112441,Tazavesh: Streets of Wonder,,,12:40 PM
hqaH9wmWxF4fzL7r,10,kill,31:08,1868,112441,Tazavesh: Streets of Wonder,,,7:51 PM
hqaH9wmWxF4fzL7r,1,wipe,28:24,1704,112441,Tazavesh: Streets of Wonder,,,12:12 PM
hqaH9wmWxF4fzL7r,3,wipe,39:15,2355,62287,Halls of Atonement,,,6:23 PM
hqaH9wmWxF4fzL7r,8,wipe,1:10,70,62287,Halls of Atonement,,,7:36 PM
hqaH9wmWxF4fzL7r,,kill,32:48,1968,112442,Tazavesh: So'leah's Gambit,12,Tyrannical,8:29 PM
w9g2vpPGRVCBNH64,,kill,56:40,3400,62287,Halls of Atonement,12,Tyrannical,6:17 PM
PZ6tGgcwHTDnFAfx,,wipe,11:24,684,62662,The Dawnbreaker,12,Tyrannical,11:00 PM
PZ6tGgcwHTDnFAfx,10,kill,32:28,1948,62287,Halls of Atonement,,,3:01 AM
PZ6tGgcwHTDnFAfx,7,wipe,2:31,151,62287,Halls of Atonement,,,11:34 PM
PZ6tGgcwHTDnFAfx,8,wipe,39:22,2362,62287,Halls of Atonement,,,11:36 PM
hfdYFqjxC6ygDK7k,,kill,32:06,1926,62287,Halls of Atonement,15,Fortified,1:04 PM
hfdYFqjxC6ygDK7k,2,wipe,35:19,2119,112441,Tazavesh: Streets of Wonder,,,1:58 PM
hfdYFqjxC6ygDK7k,3,wipe,7:47,467,112441,Tazavesh: Streets of Wonder,,,2:33 PM
hfdYFqjxC6ygDK7k,5,wipe,26:41,1601,112441,Tazavesh: Streets of Wonder,,,3:13 PM
hfdYFqjxC6ygDK7k,6,wipe,20:35,1235,112441,Tazavesh: Streets of Wonder,,,3:39 PM
hfdYFqjxC6ygDK7k,7,wipe,16:26,986,112441,Tazavesh: Streets of Wonder,,,4:00 PM
hfdYFqjxC6ygDK7k,,kill,28:33,1713,112442,Tazavesh: So'leah's Gambit,15,Fortified,2:41 PM
TB7mRLxvDrNGFhXM,,kill,28:41,1721,62287,Halls of Atonement,14,Fortified,1:19 PM
vqZTfamdQ67R4NJ1,,kill,34:54,2094,62287,Halls of Atonement,14,Fortified,8:56 PM
MqQhZY7JRwxXt3T8,6,kill,26:39,1599,62287,Halls of Atonement,,,11:16 AM
MqQhZY7JRwxXt3T8,1,wipe,3:34,214,62287,Halls of Atonement,,,10:21 AM
MqQhZY7JRwxXt3T8,2,wipe,3:04,184,62287,Halls of Atonement,,,10:25 AM
MqQhZY7JRwxXt3T8,3,wipe,15:44,944,62287,Halls of Atonement,,,10:28 AM
J7kQwx62MPZYcW89,9,kill,32:25,1945,62287,Halls of Atonement,,,9:20 AM
J7kQwx62MPZYcW89,1,wipe,2:51,171,62287,Halls of Atonement,,,7:37 AM
J7kQwx62MPZYcW89,2,wipe,19:17,1157,62287,Halls of Atonement,,,7:40 AM
J7kQwx62MPZYcW89,3,wipe,2:51,171,62287,Halls of Atonement,,,7:59 AM
J7kQwx62MPZYcW89,4,wipe,3:17,197,62287,Halls of Atonement,,,8:02 AM
J7kQwx62MPZYcW89,5,wipe,2:42,162,62287,Halls of Atonement,,,8:05 AM
J7kQwx62MPZYcW89,6,wipe,23:48,1428,62287,Halls of Atonement,,,8:08 AM
J7kQwx62MPZYcW89,8,wipe,3:48,228,62287,Halls of Atonement,,,9:17 AM
cnGmbTaQzwWYCDNV,3,kill,29:44,1784,112442,Tazavesh: So'leah's Gambit,,,8:43 PM
cnGmbTaQzwWYCDNV,1,wipe,17:34,1054,112442,Tazavesh: So'leah's Gambit,,,8:18 PM
cnGmbTaQzwWYCDNV,,kill,35:03,2103,62287,Halls of Atonement,12,Fortified,9:19 PM
mznAhGpkNPHK9fLR,1,kill,26:55,1615,62287,Halls of Atonement,,,7:03 PM
mznAhGpkNPHK9fLR,3,wipe,4:08,248,62287,Halls of Atonement,,,7:50 PM
mznAhGpkNPHK9fLR,4,wipe,5:10,310,62287,Halls of Atonement,,,7:55 PM
mznAhGpkNPHK9fLR,5,wipe,17:19,1039,62287,Halls of Atonement,,,8:00 PM
mznAhGpkNPHK9fLR,6,wipe,32:27,1947,62287,Halls of Atonement,,,8:17 PM
mznAhGpkNPHK9fLR,7,wipe,6:50,410,62287,Halls of Atonement,,,9:15 PM
RZWFCaPYpm7bcHG4,,kill,36:55,2215,62287,Halls of Atonement,12,Fortified,6:51 PM
Qzfh9KnpWYCwPxHd,3,kill,31:23,1883,62287,Halls of Atonement,,,7:46 AM
Qzfh9KnpWYCwPxHd,19,kill,44:40,2680,62287,Halls of Atonement,,,6:41 PM
Qzfh9KnpWYCwPxHd,1,wipe,3:20,200,62287,Halls of Atonement,,,7:37 AM
Qzfh9KnpWYCwPxHd,2,wipe,1:22,82,62287,Halls of Atonement,,,7:40 AM
Qzfh9KnpWYCwPxHd,7,wipe,5:17,317,62287,Halls of Atonement,,,10:50 AM
Qzfh9KnpWYCwPxHd,8,wipe,10:57,657,62287,Halls of Atonement,,,10:56 AM
Qzfh9KnpWYCwPxHd,9,wipe,13:40,820,62287,Halls of Atonement,,,11:07 AM
Qzfh9KnpWYCwPxHd,10,wipe,2:05,125,62287,Halls of Atonement,,,11:20 AM
Qzfh9KnpWYCwPxHd,11,wipe,1:00,60,62287,Halls of Atonement,,,11:22 AM
Qzfh9KnpWYCwPxHd,12,wipe,2:10,130,62287,Halls of Atonement,,,2:37 PM
Qzfh9KnpWYCwPxHd,13,wipe,10:10,610,62287,Halls of Atonement,,,2:39 PM
Qzfh9KnpWYCwPxHd,14,wipe,12:27,747,62287,Halls of Atonement,,,2:49 PM
Qzfh9KnpWYCwPxHd,5,wipe,0:57,57,112442,Tazavesh: So'leah's Gambit,,,9:48 AM
Qzfh9KnpWYCwPxHd,17,wipe,4:13,253,112442,Tazavesh: So'leah's Gambit,,,6:27 PM
Qzfh9KnpWYCwPxHd,6,kill,39:25,2365,112441,Tazavesh: Streets of Wonder,,,9:49 AM
Qzfh9KnpWYCwPxHd,15,kill,30:27,1827,112441,Tazavesh: Streets of Wonder,,,3:13 PM
jg2xJYwCd9at8h3c,,kill,44:48,2688,62287,Halls of Atonement,14,Fortified,6:05 PM
MLXBrdnfNj7tyzkh,1,wipe,45:06,2706,62287,Halls of Atonement,,,2:21 PM
MLXBrdnfNj7tyzkh,2,wipe,17:04,1024,62287,Halls of Atonement,,,3:14 PM
MLXBrdnfNj7tyzkh,4,wipe,25:08,1508,62287,Halls of Atonement,,,3:45 PM
MLXBrdnfNj7tyzkh,7,kill,25:32,1532,112442,Tazavesh: So'leah's Gambit,,,5:33 PM
MLXBrdnfNj7tyzkh,5,wipe,43:49,2629,112442,Tazavesh: So'leah's Gambit,,,4:15 PM
MLXBrdnfNj7tyzkh,6,wipe,23:11,1391,112442,Tazavesh: So'leah's Gambit,,,4:59 PM
gY4KJwLckbT6Bymd,3,kill,52:37,3157,62287,Halls of Atonement,,,3:35 PM
gY4KJwLckbT6Bymd,1,wipe,18:11,1091,62287,Halls of Atonement,,,3:12 PM
gY4KJwLckbT6Bymd,2,wipe,4:02,242,62287,Halls of Atonement,,,3:30 PM
gY4KJwLckbT6Bymd,5,kill,25:32,1532,112442,Tazavesh: So'leah's Gambit,,,5:33 PM
gY4KJwLckbT6Bymd,4,wipe,23:11,1391,112442,Tazavesh: So'leah's Gambit,,,4:59 PM
QtnXxFR1y9m2gzCG,5,kill,36:43,2203,62287,Halls of Atonement,,,4:28 PM
QtnXxFR1y9m2gzCG,2,wipe,3:03,183,62287,Halls of Atonement,,,3:35 PM
QtnXxFR1y9m2gzCG,3,wipe,10:00,600,62287,Halls of Atonement,,,3:38 PM
QtnXxFR1y9m2gzCG,4,wipe,35:52,2152,62287,Halls of Atonement,,,3:52 PM
zNLQ7hwArFJxdWvC,3,kill,52:37,3157,62287,Halls of Atonement,,,3:35 PM
zNLQ7hwArFJxdWvC,1,wipe,18:11,1091,62287,Halls of Atonement,,,3:12 PM
zNLQ7hwArFJxdWvC,2,wipe,4:02,242,62287,Halls of Atonement,,,3:30 PM
jGQX6TR97c8g4VHv,,wipe,0:35,35,62287,Halls of Atonement,14,,12:55 PM
9JKTnm1wbB3GCWQX,1,kill,29:57,1797,62287,Halls of Atonement,,,9:31 AM
9JKTnm1wbB3GCWQX,2,kill,30:48,1848,62287,Halls of Atonement,,,10:32 AM
C9h7mw4MLQagGAbW,,kill,29:57,1797,62287,Halls of Atonement,12,Tyrannical,9:31 AM
LJ7RVWtwkXcaxAdr,1,kill,28:11,1691,62287,Halls of Atonement,,,5:48 AM
LJ7RVWtwkXcaxAdr,4,kill,28:17,1697,62287,Halls of Atonement,,,7:02 AM
LJ7RVWtwkXcaxAdr,,kill,23:32,1412,112442,Tazavesh: So'leah's Gambit,12,Tyrannical,6:23 AM
h9RXBpda3Z7LV1cx,,kill,33:07,1987,112441,Tazavesh: Streets of Wonder,12,Tyrannical,12:26 AM
h9RXBpda3Z7LV1cx,2,kill,32:28,1948,62287,Halls of Atonement,,,3:01 AM
h9RXBpda3Z7LV1cx,4,wipe,1:05,65,62287,Halls of Atonement,,,3:35 AM
7kMv19TCnjAVbLy3,,kill,28:50,1730,62662,The Dawnbreaker,18,Tyrannical,10:50 PM
7kMv19TCnjAVbLy3,,kill,34:00,2040,62287,Halls of Atonement,17,Tyrannical,11:23 PM
zQGyrZJVnHx6K4dY,1,wipe,5:09,309,62649,Priory of the Sacred Flame,,,11:02 PM
zQGyrZJVnHx6K4dY,2,wipe,6:18,378,62649,Priory of the Sacred Flame,,,11:07 PM
zQGyrZJVnHx6K4dY,,wipe,3:29,209,62287,Halls of Atonement,15,Tyrannical,11:29 PM
2QKAwvZPWRDN341J,6,kill,28:41,1721,112441,Tazavesh: Streets of Wonder,,,5:14 AM
2QKAwvZPWRDN341J,2,wipe,19:51,1191,112441,Tazavesh: Streets of Wonder,,,3:26 AM
2QKAwvZPWRDN341J,4,kill,30:36,1836,112442,Tazavesh: So'leah's Gambit,,,3:57 AM
2QKAwvZPWRDN341J,9,kill,35:56,2156,112442,Tazavesh: So'leah's Gambit,,,6:25 AM
2QKAwvZPWRDN341J,3,wipe,11:16,676,112442,Tazavesh: So'leah's Gambit,,,3:45 AM
2QKAwvZPWRDN341J,5,wipe,34:22,2062,62287,Halls of Atonement,,,4:32 AM
2QKAwvZPWRDN341J,7,wipe,3:16,196,62287,Halls of Atonement,,,5:55 AM
2QKAwvZPWRDN341J,8,wipe,19:51,1191,62287,Halls of Atonement,,,5:58 AM
w3VvptYr7mBkxWzd,2,kill,39:11,2351,62287,Halls of Atonement,,,11:40 PM
w3VvptYr7mBkxWzd,1,wipe,4:49,289,62287,Halls of Atonement,,,11:35 PM
NjK2APJGdp9wDQYB,2,kill,48:26,2906,62287,Halls of Atonement,,,7:16 PM
NjK2APJGdp9wDQYB,1,wipe,3:11,191,62287,Halls of Atonement,,,6:51 PM
NjK2APJGdp9wDQYB,5,wipe,20:00,1200,112441,Tazavesh: Streets of Wonder,,,8:32 PM
NjK2APJGdp9wDQYB,6,wipe,2:28,148,112441,Tazavesh: Streets of Wonder,,,9:27 PM
NjK2APJGdp9wDQYB,7,wipe,10:55,655,112441,Tazavesh: Streets of Wonder,,,9:37 PM
CZqQ17RxdTb3N4wf,,kill,37:11,2231,62287,Halls of Atonement,12,Tyrannical,1:01 PM
2BJYxbRdWaPCLKVA,1,wipe,8:09,489,62287,Halls of Atonement,,,6:04 AM
2BJYxbRdWaPCLKVA,2,wipe,2:06,126,62287,Halls of Atonement,,,6:12 AM
2BJYxbRdWaPCLKVA,3,wipe,2:50,170,62287,Halls of Atonement,,,6:15 AM
2BJYxbRdWaPCLKVA,4,wipe,27:35,1655,62287,Halls of Atonement,,,6:17 AM
2BJYxbRdWaPCLKVA,,kill,37:03,2223,112441,Tazavesh: Streets of Wonder,14,Tyrannical,6:57 AM
2BJYxbRdWaPCLKVA,,kill,45:50,2750,112442,Tazavesh: So'leah's Gambit,14,Tyrannical,7:42 AM
2jdW1RYNVbaL9qQT,,kill,47:12,2832,112441,Tazavesh: Streets of Wonder,10,Xal'atath's Bargain: Ascendant,4:37 AM
2jdW1RYNVbaL9qQT,2,wipe,13:20,800,112442,Tazavesh: So'leah's Gambit,,,6:08 AM
2jdW1RYNVbaL9qQT,3,wipe,10:36,636,112442,Tazavesh: So'leah's Gambit,,,6:21 AM
2jdW1RYNVbaL9qQT,4,wipe,21:07,1267,62287,Halls of Atonement,,,7:04 AM
2jdW1RYNVbaL9qQT,5,wipe,6:27,387,62287,Halls of Atonement,,,7:27 AM
QHZLzX6MBNcPV4Ck,,kill,40:10,2410,62287,Halls of Atonement,12,Tyrannical,4:27 AM
TAhMZb6gDRJ8QHvc,1,wipe,17:28,1048,62287,Halls of Atonement,,,1:11 AM
TAhMZb6gDRJ8QHvc,4,wipe,14:29,869,62287,Halls of Atonement,,,4:22 AM
TAhMZb6gDRJ8QHvc,5,wipe,1:18,78,62287,Halls of Atonement,,,4:37 AM
TAhMZb6gDRJ8QHvc,,wipe,32:21,1941,112441,Tazavesh: Streets of Wonder,12,Tyrannical,3:09 AM
TAhMZb6gDRJ8QHvc,,wipe,2:57,177,112442,Tazavesh: So'leah's Gambit,15,Tyrannical,3:41 AM
CrYPnMLZK7x1Bd8a,16,kill,31:56,1916,62287,Halls of Atonement,,,10:21 PM
CrYPnMLZK7x1Bd8a,14,wipe,1:15,75,62287,Halls of Atonement,,,9:40 PM
CrYPnMLZK7x1Bd8a,15,wipe,12:01,721,62287,Halls of Atonement,,,9:43 PM
CrYPnMLZK7x1Bd8a,18,kill,24:43,1483,112442,Tazavesh: So'leah's Gambit,,,11:19 PM
CrYPnMLZK7x1Bd8a,17,wipe,4:12,252,112442,Tazavesh: So'leah's Gambit,,,11:15 PM
CrYPnMLZK7x1Bd8a,,kill,28:54,1734,112441,Tazavesh: Streets of Wonder,12,Tyrannical,11:50 PM
rkd3T8HCN9KDVpyY,1,wipe,4:31,271,112442,Tazavesh: So'leah's Gambit,,,11:22 PM
rkd3T8HCN9KDVpyY,2,wipe,4:35,275,112442,Tazavesh: So'leah's Gambit,,,11:26 PM
rkd3T8HCN9KDVpyY,3,wipe,3:33,213,112442,Tazavesh: So'leah's Gambit,,,11:31 PM
rkd3T8HCN9KDVpyY,4,wipe,5:43,343,112442,Tazavesh: So'leah's Gambit,,,11:34 PM
rkd3T8HCN9KDVpyY,5,wipe,3:02,182,112442,Tazavesh: So'leah's Gambit,,,11:40 PM
rkd3T8HCN9KDVpyY,6,wipe,2:37,157,112442,Tazavesh: So'leah's Gambit,,,11:43 PM
rkd3T8HCN9KDVpyY,7,wipe,12:10,730,112442,Tazavesh: So'leah's Gambit,,,11:46 PM
rkd3T8HCN9KDVpyY,8,wipe,13:06,786,112442,Tazavesh: So'leah's Gambit,,,11:58 PM
rkd3T8HCN9KDVpyY,9,wipe,17:09,1029,112442,Tazavesh: So'leah's Gambit,,,12:11 AM
rkd3T8HCN9KDVpyY,13,kill,30:34,1834,62287,Halls of Atonement,,,1:13 AM
rkd3T8HCN9KDVpyY,10,wipe,11:34,694,62287,Halls of Atonement,,,12:39 AM
rkd3T8HCN9KDVpyY,11,wipe,16:54,1014,62287,Halls of Atonement,,,12:50 AM
rkd3T8HCN9KDVpyY,12,wipe,5:53,353,62287,Halls of Atonement,,,1:07 AM
gBNJm1K63Hb4akX8,1,wipe,4:31,271,112442,Tazavesh: So'leah's Gambit,,,11:22 PM
gBNJm1K63Hb4akX8,2,wipe,4:35,275,112442,Tazavesh: So'leah's Gambit,,,11:26 PM
gBNJm1K63Hb4akX8,3,wipe,3:33,213,112442,Tazavesh: So'leah's Gambit,,,11:31 PM
gBNJm1K63Hb4akX8,4,wipe,5:43,343,112442,Tazavesh: So'leah's Gambit,,,11:34 PM
gBNJm1K63Hb4akX8,5,wipe,3:02,182,112442,Tazavesh: So'leah's Gambit,,,11:40 PM
gBNJm1K63Hb4akX8,6,wipe,2:37,157,112442,Tazavesh: So'leah's Gambit,,,11:43 PM
gBNJm1K63Hb4akX8,7,wipe,12:10,730,112442,Tazavesh: So'leah's Gambit,,,11:46 PM
gBNJm1K63Hb4akX8,8,wipe,13:06,786,112442,Tazavesh: So'leah's Gambit,,,11:58 PM
gBNJm1K63Hb4akX8,9,wipe,17:09,1029,112442,Tazavesh: So'leah's Gambit,,,12:11 AM
gBNJm1K63Hb4akX8,13,kill,30:34,1834,62287,Halls of Atonement,,,1:13 AM
gBNJm1K63Hb4akX8,10,wipe,11:34,694,62287,Halls of Atonement,,,12:39 AM
gBNJm1K63Hb4akX8,11,wipe,16:54,1014,62287,Halls of Atonement,,,12:50 AM
gBNJm1K63Hb4akX8,12,wipe,5:53,353,62287,Halls of Atonement,,,1:07 AM
vf47jAwzGBKVp2qh,2,kill,39:11,2351,62287,Halls of Atonement,,,11:40 PM
vf47jAwzGBKVp2qh,1,wipe,4:49,289,62287,Halls of Atonement,,,11:35 PM
BARQ8ptmxyHXWMdV,1,wipe,10:52,652,112441,Tazavesh: Streets of Wonder,,,1:38 PM
BARQ8ptmxyHXWMdV,2,wipe,16:30,990,112441,Tazavesh: Streets of Wonder,,,1:49 PM
BARQ8ptmxyHXWMdV,,wipe,5:12,312,62287,Halls of Atonement,10,,3:44 PM
jQ6X2RkKv7VHFJPB,1,kill,37:00,2220,112441,Tazavesh: Streets of Wonder,,,2:09 PM
jQ6X2RkKv7VHFJPB,5,kill,30:32,1832,112441,Tazavesh: Streets of Wonder,,,3:33 PM
jQ6X2RkKv7VHFJPB,2,wipe,19:15,1155,112441,Tazavesh: Streets of Wonder,,,2:58 PM
jQ6X2RkKv7VHFJPB,3,wipe,7:30,450,112441,Tazavesh: Streets of Wonder,,,3:17 PM
jQ6X2RkKv7VHFJPB,4,wipe,8:35,515,112441,Tazavesh: Streets of Wonder,,,3:25 PM
jQ6X2RkKv7VHFJPB,6,wipe,20:30,1230,112441,Tazavesh: Streets of Wonder,,,4:12 PM
jQ6X2RkKv7VHFJPB,12,wipe,23:16,1396,112441,Tazavesh: Streets of Wonder,,,6:36 PM
jQ6X2RkKv7VHFJPB,9,kill,37:42,2262,62287,Halls of Atonement,,,4:47 PM
jQ6X2RkKv7VHFJPB,14,kill,30:07,1807,62287,Halls of Atonement,,,7:22 PM
jQ6X2RkKv7VHFJPB,7,wipe,2:23,143,62287,Halls of Atonement,,,4:41 PM
jQ6X2RkKv7VHFJPB,8,wipe,3:38,218,62287,Halls of Atonement,,,4:43 PM
jQ6X2RkKv7VHFJPB,10,wipe,17:21,1041,62287,Halls of Atonement,,,5:32 PM
jQ6X2RkKv7VHFJPB,13,wipe,3:37,217,62287,Halls of Atonement,,,7:19 PM
DNh8yZM34dAxgWrc,,kill,35:57,2157,62287,Halls of Atonement,17,Tyrannical,6:59 PM
zNZqByY2MPfCrXhJ,3,kill,52:49,3169,62287,Halls of Atonement,,,4:21 PM
zNZqByY2MPfCrXhJ,1,wipe,2:59,179,62287,Halls of Atonement,,,4:00 PM
zNZqByY2MPfCrXhJ,2,wipe,17:54,1074,62287,Halls of Atonement,,,4:03 PM
WhLkBzHMxpD1VgRJ,,kill,47:34,2854,62287,Halls of Atonement,15,Fortified,2:37 PM
dYRHqrQ4hFJ7cT6Z,1,wipe,36:26,2186,62287,Halls of Atonement,,,12:22 PM
dYRHqrQ4hFJ7cT6Z,2,wipe,7:56,476,62287,Halls of Atonement,,,2:17 PM
mL7rC9kAWVDGMgF8,,kill,41:18,2478,62287,Halls of Atonement,14,Fortified,11:57 AM
KJkD3NwzcvZ8bXfn,,kill,46:20,2780,62287,Halls of Atonement,14,Fortified,11:04 AM
qPH3BWKFrbN19JLj,,kill,25:15,1515,62287,Halls of Atonement,10,,11:09 AM
CRQJzGygV9xf8H3X,,kill,37:26,2246,62287,Halls of Atonement,13,,5:42 AM
4V691MZ2jgnTtYKh,7,kill,29:28,1768,112442,Tazavesh: So'leah's Gambit,,,11:13 PM
4V691MZ2jgnTtYKh,1,wipe,8:29,509,112442,Tazavesh: So'leah's Gambit,,,9:56 PM
4V691MZ2jgnTtYKh,2,wipe,29:22,1762,112442,Tazavesh: So'leah's Gambit,,,10:05 PM
4V691MZ2jgnTtYKh,3,wipe,17:06,1026,112442,Tazavesh: So'leah's Gambit,,,10:34 PM
4V691MZ2jgnTtYKh,4,wipe,2:58,178,112442,Tazavesh: So'leah's Gambit,,,10:51 PM
4V691MZ2jgnTtYKh,5,wipe,3:30,210,112442,Tazavesh: So'leah's Gambit,,,10:54 PM
4V691MZ2jgnTtYKh,6,wipe,14:56,896,112442,Tazavesh: So'leah's Gambit,,,10:58 PM
4V691MZ2jgnTtYKh,11,wipe,1:26,86,112442,Tazavesh: So'leah's Gambit,,,12:53 AM
4V691MZ2jgnTtYKh,13,wipe,11:04,664,112442,Tazavesh: So'leah's Gambit,,,1:29 AM
4V691MZ2jgnTtYKh,14,wipe,38:00,2280,112442,Tazavesh: So'leah's Gambit,,,1:40 AM
4V691MZ2jgnTtYKh,15,wipe,2:27,147,112442,Tazavesh: So'leah's Gambit,,,2:18 AM
4V691MZ2jgnTtYKh,16,wipe,7:22,442,112442,Tazavesh: So'leah's Gambit,,,2:21 AM
4V691MZ2jgnTtYKh,17,wipe,2:16,136,112442,Tazavesh: So'leah's Gambit,,,2:28 AM
4V691MZ2jgnTtYKh,18,wipe,5:54,354,112442,Tazavesh: So'leah's Gambit,,,2:30 AM
4V691MZ2jgnTtYKh,10,kill,31:31,1891,62287,Halls of Atonement,,,12:04 AM
4V691MZ2jgnTtYKh,8,wipe,4:12,252,62287,Halls of Atonement,,,11:51 PM
4V691MZ2jgnTtYKh,9,wipe,8:24,504,62287,Halls of Atonement,,,11:55 PM
4V691MZ2jgnTtYKh,,kill,29:50,1790,112441,Tazavesh: Streets of Wonder,18,Fortified,12:54 AM
GcHXh2KNa3rBzJmq,1,kill,25:53,1553,112441,Tazavesh: Streets of Wonder,,,11:53 PM
GcHXh2KNa3rBzJmq,3,wipe,0:00,0,112441,Tazavesh: Streets of Wonder,,,12:23 AM
GcHXh2KNa3rBzJmq,,kill,32:17,1937,112442,Tazavesh: So'leah's Gambit,15,Fortified,12:29 AM
GcHXh2KNa3rBzJmq,,wipe,23:35,1415,62287,Halls of Atonement,13,Fortified,1:07 AM
zYbtGHdFyjKZ9DMx,,kill,29:28,1768,112442,Tazavesh: So'leah's Gambit,18,Fortified,11:13 PM
zYbtGHdFyjKZ9DMx,,kill,31:31,1891,62287,Halls of Atonement,17,Fortified,12:04 AM
zYbtGHdFyjKZ9DMx,,kill,29:50,1790,112441,Tazavesh: Streets of Wonder,18,Fortified,12:54 AM
MLDJPf7XQF9hrGHN,1,wipe,9:31,571,62287,Halls of Atonement,,,12:26 AM
MLDJPf7XQF9hrGHN,2,wipe,14:39,879,62287,Halls of Atonement,,,12:38 AM
9AZbaFYGf4hd8x1C,10,kill,37:52,2272,62287,Halls of Atonement,,,7:32 PM
9AZbaFYGf4hd8x1C,16,kill,35:04,2104,62287,Halls of Atonement,,,9:41 PM
9AZbaFYGf4hd8x1C,25,kill,29:37,1777,62287,Halls of Atonement,,,12:15 AM
9AZbaFYGf4hd8x1C,1,wipe,28:56,1736,62287,Halls of Atonement,,,3:49 PM
9AZbaFYGf4hd8x1C,14,wipe,2:36,156,62287,Halls of Atonement,,,9:32 PM
9AZbaFYGf4hd8x1C,15,wipe,3:46,226,62287,Halls of Atonement,,,9:34 PM
9AZbaFYGf4hd8x1C,13,kill,32:40,1960,112442,Tazavesh: So'leah's Gambit,,,8:58 PM
9AZbaFYGf4hd8x1C,24,kill,26:20,1580,112442,Tazavesh: So'leah's Gambit,,,11:46 PM
9AZbaFYGf4hd8x1C,3,wipe,3:12,192,112442,Tazavesh: So'leah's Gambit,,,4:45 PM
9AZbaFYGf4hd8x1C,4,wipe,11:30,690,112442,Tazavesh: So'leah's Gambit,,,4:48 PM
9AZbaFYGf4hd8x1C,5,wipe,17:14,1034,112442,Tazavesh: So'leah's Gambit,,,5:30 PM
9AZbaFYGf4hd8x1C,6,wipe,28:16,1696,112442,Tazavesh: So'leah's Gambit,,,5:47 PM
9AZbaFYGf4hd8x1C,20,wipe,3:37,217,112442,Tazavesh: So'leah's Gambit,,,11:22 PM
9AZbaFYGf4hd8x1C,21,wipe,3:39,219,112442,Tazavesh: So'leah's Gambit,,,11:25 PM
9AZbaFYGf4hd8x1C,22,wipe,4:52,292,112442,Tazavesh: So'leah's Gambit,,,11:29 PM
9AZbaFYGf4hd8x1C,23,wipe,8:06,486,112442,Tazavesh: So'leah's Gambit,,,11:34 PM
9AZbaFYGf4hd8x1C,12,kill,32:13,1933,112441,Tazavesh: Streets of Wonder,,,8:19 PM
9AZbaFYGf4hd8x1C,19,kill,30:46,1846,112441,Tazavesh: Streets of Wonder,,,10:34 PM
9AZbaFYGf4hd8x1C,7,wipe,4:52,292,112441,Tazavesh: Streets of Wonder,,,6:53 PM
9AZbaFYGf4hd8x1C,8,wipe,15:00,900,112441,Tazavesh: Streets of Wonder,,,6:58 PM
9AZbaFYGf4hd8x1C,9,wipe,12:29,749,112441,Tazavesh: Streets of Wonder,,,7:13 PM
9AZbaFYGf4hd8x1C,17,wipe,6:05,365,112441,Tazavesh: Streets of Wonder,,,10:21 PM
9AZbaFYGf4hd8x1C,18,wipe,6:52,412,112441,Tazavesh: Streets of Wonder,,,10:27 PM
bQJk9FD3gajKHTpc,,wipe,9:31,571,62287,Halls of Atonement,12,Fortified,12:26 AM
xQAJcDYVRMnLr31C,,wipe,34:19,2059,62287,Halls of Atonement,16,Fortified,7:02 PM
xQAJcDYVRMnLr31C,,kill,25:46,1546,112442,Tazavesh: So'leah's Gambit,16,Fortified,7:46 PM
xQAJcDYVRMnLr31C,,kill,32:36,1956,112441,Tazavesh: Streets of Wonder,16,Fortified,8:15 PM
3MAdjvQw4FLDypHg,,kill,28:36,1716,62662,The Dawnbreaker,14,Fortified,1:02 PM
3MAdjvQw4FLDypHg,3,wipe,4:20,260,62773,Operation: Floodgate,,,1:59 PM
3MAdjvQw4FLDypHg,4,wipe,4:17,257,62773,Operation: Floodgate,,,2:03 PM
fkaFY29wyXrbc1A6,7,kill,41:44,2504,62773,Operation: Floodgate,,,11:24 AM
fkaFY29wyXrbc1A6,1,wipe,5:21,321,62773,Operation: Floodgate,,,9:44 AM
fkaFY29wyXrbc1A6,2,wipe,29:50,1790,62773,Operation: Floodgate,,,9:50 AM
fkaFY29wyXrbc1A6,3,wipe,24:56,1496,62773,Operation: Floodgate,,,10:19 AM
fkaFY29wyXrbc1A6,4,wipe,19:01,1141,62773,Operation: Floodgate,,,10:44 AM
fkaFY29wyXrbc1A6,5,wipe,10:54,654,62773,Operation: Floodgate,,,11:03 AM
fkaFY29wyXrbc1A6,6,wipe,9:37,577,62773,Operation: Floodgate,,,11:14 AM
CwpKRJ7mTDGvH4Wb,,kill,28:55,1735,62773,Operation: Floodgate,15,Fortified,10:20 AM
LnDbPa6xAZhkgjFp,,kill,28:22,1702,62773,Operation: Floodgate,15,,1:00 AM
4ZqT8pW1bMwnrtPH,4,kill,33:22,2002,62773,Operation: Floodgate,,,6:51 PM
4ZqT8pW1bMwnrtPH,1,wipe,4:19,259,62773,Operation: Floodgate,,,6:32 PM
4ZqT8pW1bMwnrtPH,2,wipe,5:19,319,62773,Operation: Floodgate,,,6:36 PM
4ZqT8pW1bMwnrtPH,3,wipe,9:43,583,62773,Operation: Floodgate,,,6:42 PM
x7KYm2gn8fMC1WTD,1,wipe,8:25,505,62773,Operation: Floodgate,,,6:04 PM
x7KYm2gn8fMC1WTD,2,wipe,3:04,184,62773,Operation: Floodgate,,,6:12 PM
rhXnPC6MKqgBQRmV,,wipe,0:00,0,62773,Operation: Floodgate,14,Tyrannical,5:14 PM
rhXnPC6MKqgBQRmV,,kill,23:05,1385,62662,The Dawnbreaker,13,Fortified,5:24 PM
f3q6rGKAHh8cBpjL,,kill,30:27,1827,62773,Operation: Floodgate,15,Fortified,5:02 PM
B2mdgDKzQaJHpvYG,,wipe,0:00,0,62773,Operation: Floodgate,14,Tyrannical,5:14 PM
XnKDZWGVaMJctRzj,,kill,27:54,1674,62773,Operation: Floodgate,15,,5:08 AM
aBmHMbpF9VxhC68r,2,kill,31:50,1910,62773,Operation: Floodgate,,,5:22 PM
aBmHMbpF9VxhC68r,1,wipe,1:32,92,62773,Operation: Floodgate,,,5:20 PM
aBmHMbpF9VxhC68r,4,kill,29:16,1756,112442,Tazavesh: So'leah's Gambit,,,7:23 PM
aBmHMbpF9VxhC68r,3,wipe,2:57,177,112442,Tazavesh: So'leah's Gambit,,,7:20 PM
gZqnvC8Xx4c2kMYG,2,kill,31:50,1910,62773,Operation: Floodgate,,,5:22 PM
gZqnvC8Xx4c2kMYG,1,wipe,1:32,92,62773,Operation: Floodgate,,,5:20 PM
WaygzMGXbD8hLfmA,,kill,27:49,1669,62773,Operation: Floodgate,15,,12:52 PM
JYwMbpXfkx6CPNaK,,kill,34:52,2092,62773,Operation: Floodgate,12,Fortified,10:08 PM
2nYCL7dGRKm69WzJ,,kill,31:06,1866,62649,Priory of the Sacred Flame,14,Fortified,7:56 AM
2nYCL7dGRKm69WzJ,14,kill,23:25,1405,62773,Operation: Floodgate,,,8:53 AM
2nYCL7dGRKm69WzJ,12,wipe,5:25,325,62773,Operation: Floodgate,,,8:43 AM
2nYCL7dGRKm69WzJ,13,wipe,4:00,240,62773,Operation: Floodgate,,,8:49 AM
2nYCL7dGRKm69WzJ,16,wipe,5:35,335,62773,Operation: Floodgate,,,9:44 AM
2nYCL7dGRKm69WzJ,17,wipe,1:00,60,62773,Operation: Floodgate,,,9:50 AM
LP1hMDHxRaCdfwJK,,wipe,1:28,88,62773,Operation: Floodgate,18,Fortified,7:52 AM
LP1hMDHxRaCdfwJK,3,kill,31:10,1870,112441,Tazavesh: Streets of Wonder,,,8:11 AM
LP1hMDHxRaCdfwJK,2,wipe,12:51,771,112441,Tazavesh: Streets of Wonder,,,7:58 AM
1pN4aPD2RfdFmtYZ,,kill,30:29,1829,62773,Operation: Floodgate,12,Fortified,6:06 AM
avZB81ApzWQY9RnX,,kill,29:25,1765,62649,Priory of the Sacred Flame,14,Fortified,1:07 AM
avZB81ApzWQY9RnX,,kill,33:11,1991,62773,Operation: Floodgate,16,Fortified,1:44 AM
D2fnPMyzXHLwAYvK,2,kill,31:28,1888,62773,Operation: Floodgate,,,1:22 AM
D2fnPMyzXHLwAYvK,1,wipe,3:08,188,62773,Operation: Floodgate,,,1:19 AM
3brNdnwPWj4xcBJk,2,kill,31:28,1888,62773,Operation: Floodgate,,,1:22 AM
3brNdnwPWj4xcBJk,1,wipe,3:08,188,62773,Operation: Floodgate,,,1:19 AM
azLfh7Rc6nD4vyHC,,wipe,6:50,410,62773,Operation: Floodgate,16,Fortified,11:52 PM
azLfh7Rc6nD4vyHC,,wipe,4:24,264,62649,Priory of the Sacred Flame,15,Fortified,12:17 AM
aAN4xQ7J8ZtfhLPj,,wipe,6:50,410,62773,Operation: Floodgate,16,Fortified,11:52 PM
4RhkHW8Zdy2CqDzP,1,wipe,4:26,266,62773,Operation: Floodgate,,,8:58 PM
4RhkHW8Zdy2CqDzP,2,wipe,3:58,238,62773,Operation: Floodgate,,,9:02 PM
GJyhH1VPpdKLq4BW,,wipe,2:05,125,62773,Operation: Floodgate,15,,8:58 PM
cxYAjn8g6K1m3f2p,,kill,32:53,1973,62773,Operation: Floodgate,18,Tyrannical,3:46 PM
cxYAjn8g6K1m3f2p,,kill,27:30,1650,62662,The Dawnbreaker,17,Tyrannical,4:22 PM
PaTzx6N9m8MH4pcQ,2,kill,32:43,1963,112442,Tazavesh: So'leah's Gambit,,,1:23 PM
PaTzx6N9m8MH4pcQ,3,wipe,5:49,349,112442,Tazavesh: So'leah's Gambit,,,2:20 PM
PaTzx6N9m8MH4pcQ,,kill,27:49,1669,62773,Operation: Floodgate,14,Fortified,2:58 PM
Zf4FzY7PgyrBTbpC,2,kill,32:43,1963,112442,Tazavesh: So'leah's Gambit,,,1:23 PM
Zf4FzY7PgyrBTbpC,3,wipe,5:49,349,112442,Tazavesh: So'leah's Gambit,,,2:20 PM
Zf4FzY7PgyrBTbpC,,kill,27:49,1669,62773,Operation: Floodgate,14,Fortified,2:58 PM
n16bkfFhPcjR3d9z,,kill,31:58,1918,62773,Operation: Floodgate,15,Tyrannical,3:46 PM
n16bkfFhPcjR3d9z,3,kill,30:58,1858,62662,The Dawnbreaker,,,5:07 PM
n16bkfFhPcjR3d9z,2,wipe,10:11,611,62662,The Dawnbreaker,,,4:52 PM
9VLFwDQyZqJR6NnA,,kill,32:38,1958,62773,Operation: Floodgate,15,Tyrannical,11:17 AM
TNZcawQyzF9HpgdB,,kill,31:58,1918,62773,Operation: Floodgate,15,Tyrannical,3:46 PM
HTXr81kJgCMdRjm9,1,wipe,7:53,473,62773,Operation: Floodgate,,,8:01 AM
HTXr81kJgCMdRjm9,2,wipe,5:53,353,62773,Operation: Floodgate,,,8:08 AM
n7YgyxLVbmd1wfkJ,,wipe,7:45,465,62773,Operation: Floodgate,12,Tyrannical,12:00 AM
3tXNpmfw4ynH1QGa,,kill,28:56,1736,62773,Operation: Floodgate,14,Tyrannical,10:21 PM
zH1QwjRPCL3tvKXm,,wipe,30:04,1804,112442,Tazavesh: So'leah's Gambit,16,Tyrannical,8:50 PM
zH1QwjRPCL3tvKXm,3,kill,31:38,1898,62773,Operation: Floodgate,,,10:27 PM
zH1QwjRPCL3tvKXm,2,wipe,2:51,171,62773,Operation: Floodgate,,,10:17 PM
agZ2xkYyhw89tcpK,11,kill,45:20,2720,112441,Tazavesh: Streets of Wonder,,,6:49 PM
agZ2xkYyhw89tcpK,1,wipe,9:03,543,112441,Tazavesh: Streets of Wonder,,,2:41 PM
agZ2xkYyhw89tcpK,2,wipe,4:53,293,112441,Tazavesh: Streets of Wonder,,,3:54 PM
agZ2xkYyhw89tcpK,3,wipe,13:26,806,112441,Tazavesh: Streets of Wonder,,,3:59 PM
agZ2xkYyhw89tcpK,4,wipe,5:13,313,112441,Tazavesh: Streets of Wonder,,,4:12 PM
agZ2xkYyhw89tcpK,5,wipe,17:20,1040,112441,Tazavesh: Streets of Wonder,,,4:18 PM
agZ2xkYyhw89tcpK,6,wipe,5:45,345,112441,Tazavesh: Streets of Wonder,,,4:35 PM
agZ2xkYyhw89tcpK,7,wipe,17:30,1050,112441,Tazavesh: Streets of Wonder,,,4:41 PM
agZ2xkYyhw89tcpK,8,wipe,3:08,188,112441,Tazavesh: Streets of Wonder,,,4:58 PM
agZ2xkYyhw89tcpK,9,wipe,28:33,1713,112441,Tazavesh: Streets of Wonder,,,5:01 PM
agZ2xkYyhw89tcpK,10,wipe,7:52,472,112441,Tazavesh: Streets of Wonder,,,6:42 PM
agZ2xkYyhw89tcpK,14,kill,35:24,2124,62773,Operation: Floodgate,,,8:17 PM
agZ2xkYyhw89tcpK,13,wipe,4:31,271,62773,Operation: Floodgate,,,8:13 PM
9pkZA38jhYaP2R7d,1,kill,29:37,1777,62773,Operation: Floodgate,,,3:11 PM
9pkZA38jhYaP2R7d,5,kill,27:47,1667,62773,Operation: Floodgate,,,3:50 PM
9pkZA38jhYaP2R7d,3,wipe,1:21,81,62773,Operation: Floodgate,,,3:46 PM
9pkZA38jhYaP2R7d,7,kill,27:46,1666,62662,The Dawnbreaker,,,4:23 PM
9pkZA38jhYaP2R7d,10,kill,28:05,1685,62662,The Dawnbreaker,,,5:00 PM
9pkZA38jhYaP2R7d,12,kill,30:39,1839,62662,The Dawnbreaker,,,5:37 PM
1xACwnvpPGjTyf7D,2,kill,32:43,1963,112442,Tazavesh: So'leah's Gambit,,,1:23 PM
1xACwnvpPGjTyf7D,3,wipe,5:49,349,112442,Tazavesh: So'leah's Gambit,,,2:20 PM
1xACwnvpPGjTyf7D,,kill,27:49,1669,62773,Operation: Floodgate,14,Fortified,2:58 PM
RCwG2AQ3YqK4XM9T,,kill,34:38,2078,62773,Operation: Floodgate,16,Fortified,10:37 PM
ztfCNH6QRJcq1YkM,,wipe,21:27,1287,62662,The Dawnbreaker,15,Fortified,8:39 PM
ztfCNH6QRJcq1YkM,3,kill,32:25,1945,62773,Operation: Floodgate,,,9:14 PM
ztfCNH6QRJcq1YkM,2,wipe,4:53,293,62773,Operation: Floodgate,,,9:09 PM
ztfCNH6QRJcq1YkM,5,kill,35:32,2132,62649,Priory of the Sacred Flame,,,10:05 PM
ztfCNH6QRJcq1YkM,4,wipe,13:42,822,62649,Priory of the Sacred Flame,,,9:52 PM
6YDMhT3PxVNbd8mR,,wipe,10:26,626,62773,Operation: Floodgate,16,Fortified,5:24 PM
aHr4YQ2WcAykh7PJ,,wipe,8:33,513,62773,Operation: Floodgate,16,Fortified,5:24 PM
Rcnfmt6vP9pbDBrw,1,wipe,1:26,86,112441,Tazavesh: Streets of Wonder,,,9:00 AM
Rcnfmt6vP9pbDBrw,2,wipe,1:48,108,112441,Tazavesh: Streets of Wonder,,,9:02 AM
Rcnfmt6vP9pbDBrw,3,wipe,1:31,91,112441,Tazavesh: Streets of Wonder,,,9:04 AM
Rcnfmt6vP9pbDBrw,4,wipe,4:27,267,112441,Tazavesh: Streets of Wonder,,,9:05 AM
Rcnfmt6vP9pbDBrw,5,wipe,9:33,573,112441,Tazavesh: Streets of Wonder,,,9:10 AM
Rcnfmt6vP9pbDBrw,6,wipe,4:46,286,112441,Tazavesh: Streets of Wonder,,,9:19 AM
Rcnfmt6vP9pbDBrw,,wipe,2:56,176,112442,Tazavesh: So'leah's Gambit,15,Tyrannical,10:19 AM
Rcnfmt6vP9pbDBrw,,wipe,0:00,0,112442,Tazavesh: So'leah's Gambit,15,Tyrannical,10:23 AM
Rcnfmt6vP9pbDBrw,,wipe,1:49,109,62773,Operation: Floodgate,15,Tyrannical,10:27 AM
kRqxGNABVLWC2nyf,4,kill,33:15,1995,62773,Operation: Floodgate,,,7:54 AM
kRqxGNABVLWC2nyf,1,wipe,48:38,2918,62773,Operation: Floodgate,,,6:59 AM
kRqxGNABVLWC2nyf,2,wipe,3:42,222,62773,Operation: Floodgate,,,7:47 AM
kRqxGNABVLWC2nyf,3,wipe,2:32,152,62773,Operation: Floodgate,,,7:51 AM
Ty8D3k4m9nVvZX1f,1,wipe,11:43,703,112442,Tazavesh: So'leah's Gambit,,,10:52 PM
Ty8D3k4m9nVvZX1f,2,wipe,3:28,208,112442,Tazavesh: So'leah's Gambit,,,11:04 PM
Ty8D3k4m9nVvZX1f,,kill,37:20,2240,62773,Operation: Floodgate,17,Tyrannical,11:12 PM
KqYCbdJm9tzFALPR,4,wipe,1:21,81,62773,Operation: Floodgate,,,3:22 PM
KqYCbdJm9tzFALPR,5,wipe,11:37,697,62773,Operation: Floodgate,,,3:24 PM
KqYCbdJm9tzFALPR,6,wipe,2:30,150,62773,Operation: Floodgate,,,3:39 PM
KqYCbdJm9tzFALPR,7,wipe,6:40,400,62773,Operation: Floodgate,,,3:42 PM
KqYCbdJm9tzFALPR,8,wipe,10:48,648,62773,Operation: Floodgate,,,3:48 PM
KqYCbdJm9tzFALPR,,wipe,0:00,0,112442,Tazavesh: So'leah's Gambit,13,Fortified,12:50 AM
DfJMmC1nGXby69PH,2,kill,26:56,1616,62773,Operation: Floodgate,,,11:22 PM
DfJMmC1nGXby69PH,1,wipe,13:21,801,62773,Operation: Floodgate,,,11:08 PM
dGNzRB3ykn76vb48,,kill,37:00,2220,62773,Operation: Floodgate,15,Tyrannical,6:21 PM
FWP1jYGDQkZ3NMt9,2,kill,26:27,1587,112442,Tazavesh: So'leah's Gambit,,,10:13 AM
FWP1jYGDQkZ3NMt9,1,wipe,10:26,626,112442,Tazavesh: So'leah's Gambit,,,10:02 AM
FWP1jYGDQkZ3NMt9,3,kill,31:12,1872,62773,Operation: Floodgate,,,10:47 AM
FWP1jYGDQkZ3NMt9,5,kill,28:39,1719,62773,Operation: Floodgate,,,11:24 AM
wjaVm78kFGZANcMy,,kill,35:10,2110,62649,Priory of the Sacred Flame,12,Tyrannical,10:14 PM
wjaVm78kFGZANcMy,,wipe,20:59,1259,62773,Operation: Floodgate,15,Tyrannical,10:54 PM
hpx7yN6KHwb3djMB,,wipe,26:17,1577,62773,Operation: Floodgate,15,Tyrannical,10:06 PM
Zmr7ajAhMfbtLXqk,,kill,27:05,1625,62773,Operation: Floodgate,15,Tyrannical,8:57 PM
c3VkCLqrFpXv1HnM,2,kill,31:59,1919,62773,Operation: Floodgate,,,2:07 PM
c3VkCLqrFpXv1HnM,1,wipe,7:49,469,62773,Operation: Floodgate,,,1:59 PM
zVK9R4a7N2DcCrbB,,wipe,21:15,1275,62773,Operation: Floodgate,12,Fortified,12:15 PM
pb7QFH9BxJmGZcRw,,kill,27:00,1620,62773,Operation: Floodgate,14,Fortified,6:14 AM
74qpZxNdRAj9MF8W,1,wipe,8:21,501,62773,Operation: Floodgate,,,8:08 PM
74qpZxNdRAj9MF8W,2,wipe,0:00,0,62773,Operation: Floodgate,,,8:18 PM
74qpZxNdRAj9MF8W,3,wipe,2:37,157,62773,Operation: Floodgate,,,8:19 PM
74qpZxNdRAj9MF8W,4,wipe,6:55,415,62773,Operation: Floodgate,,,8:22 PM
74qpZxNdRAj9MF8W,10,wipe,3:59,239,62773,Operation: Floodgate,,,8:41 PM
74qpZxNdRAj9MF8W,11,wipe,4:57,297,62773,Operation: Floodgate,,,8:45 PM
74qpZxNdRAj9MF8W,13,wipe,29:20,1760,62773,Operation: Floodgate,,,11:17 PM
PwKBV8nfDF7cXMt4,,kill,24:34,1474,62649,Priory of the Sacred Flame,12,Tyrannical,7:34 PM
PwKBV8nfDF7cXMt4,2,wipe,8:21,501,62773,Operation: Floodgate,,,8:07 PM
PwKBV8nfDF7cXMt4,3,wipe,0:00,0,62773,Operation: Floodgate,,,8:19 PM
PwKBV8nfDF7cXMt4,4,wipe,1:47,107,62773,Operation: Floodgate,,,8:20 PM
PwKBV8nfDF7cXMt4,5,wipe,6:55,415,62773,Operation: Floodgate,,,8:22 PM
PwKBV8nfDF7cXMt4,10,wipe,1:36,96,62773,Operation: Floodgate,,,8:39 PM
PwKBV8nfDF7cXMt4,11,wipe,2:02,122,62773,Operation: Floodgate,,,8:40 PM
PwKBV8nfDF7cXMt4,12,wipe,1:02,62,62773,Operation: Floodgate,,,8:43 PM
PwKBV8nfDF7cXMt4,13,wipe,4:57,297,62773,Operation: Floodgate,,,8:44 PM
vW2k8TqQgVfAhJyC,,kill,24:34,1474,62649,Priory of the Sacred Flame,12,Tyrannical,7:34 PM
vW2k8TqQgVfAhJyC,2,wipe,8:21,501,62773,Operation: Floodgate,,,8:07 PM
vW2k8TqQgVfAhJyC,3,wipe,0:00,0,62773,Operation: Floodgate,,,8:19 PM
vW2k8TqQgVfAhJyC,4,wipe,1:47,107,62773,Operation: Floodgate,,,8:20 PM
vW2k8TqQgVfAhJyC,5,wipe,6:55,415,62773,Operation: Floodgate,,,8:22 PM
BqZWF9ch4nkHCAgr,3,kill,30:44,1844,62773,Operation: Floodgate,,,5:19 PM
BqZWF9ch4nkHCAgr,1,wipe,17:46,1066,62773,Operation: Floodgate,,,4:49 PM
BqZWF9ch4nkHCAgr,2,wipe,3:59,239,62773,Operation: Floodgate,,,5:12 PM
Zp6V2hARaxXtLjBg,16,kill,37:06,2226,62773,Operation: Floodgate,,,12:21 PM
Zp6V2hARaxXtLjBg,1,wipe,3:57,237,62773,Operation: Floodgate,,,10:32 AM
Zp6V2hARaxXtLjBg,2,wipe,0:04,4,62773,Operation: Floodgate,,,10:44 AM
Zp6V2hARaxXtLjBg,3,wipe,2:05,125,62773,Operation: Floodgate,,,10:45 AM
Zp6V2hARaxXtLjBg,4,wipe,3:23,203,62773,Operation: Floodgate,,,10:47 AM
Zp6V2hARaxXtLjBg,5,wipe,2:57,177,62773,Operation: Floodgate,,,10:50 AM
Zp6V2hARaxXtLjBg,6,wipe,2:23,143,62773,Operation: Floodgate,,,10:53 AM
Zp6V2hARaxXtLjBg,7,wipe,10:03,603,62773,Operation: Floodgate,,,10:55 AM
Zp6V2hARaxXtLjBg,8,wipe,0:04,4,62773,Operation: Floodgate,,,11:07 AM
Zp6V2hARaxXtLjBg,9,wipe,3:37,217,62773,Operation: Floodgate,,,11:07 AM
Zp6V2hARaxXtLjBg,10,wipe,10:33,633,62773,Operation: Floodgate,,,11:11 AM
Zp6V2hARaxXtLjBg,11,wipe,2:29,149,62773,Operation: Floodgate,,,11:36 AM
Zp6V2hARaxXtLjBg,12,wipe,14:53,893,62773,Operation: Floodgate,,,11:38 AM
Zp6V2hARaxXtLjBg,14,wipe,3:57,237,62773,Operation: Floodgate,,,12:04 PM
Zp6V2hARaxXtLjBg,15,wipe,3:41,221,62773,Operation: Floodgate,,,12:11 PM
HCyTzpPBdw6aYmGA,,wipe,7:12,432,62662,The Dawnbreaker,12,Tyrannical,7:31 PM
HCyTzpPBdw6aYmGA,,kill,36:46,2206,62773,Operation: Floodgate,12,Tyrannical,7:58 PM
ZJx1MkNV4RyDAbwK,,kill,23:17,1397,62773,Operation: Floodgate,14,,7:51 PM
ZJx1MkNV4RyDAbwK,,kill,23:12,1392,62662,The Dawnbreaker,14,,8:24 PM
3yhTJXjgQPMD2ZBa,,kill,32:59,1979,62773,Operation: Floodgate,13,Tyrannical,2:38 PM
fnxcHzPNADjaqKYh,4,kill,25:44,1544,62773,Operation: Floodgate,,,7:14 PM
fnxcHzPNADjaqKYh,1,wipe,2:19,139,62773,Operation: Floodgate,,,6:36 PM
fnxcHzPNADjaqKYh,2,wipe,15:16,916,62773,Operation: Floodgate,,,6:40 PM
fnxcHzPNADjaqKYh,3,wipe,7:44,464,62773,Operation: Floodgate,,,6:56 PM
rkJxWynKbqP9ALat,,kill,34:39,2079,62773,Operation: Floodgate,12,Fortified,11:59 AM
YXJjRGLDkt2fpzhv,,kill,26:23,1583,62773,Operation: Floodgate,15,Fortified,4:04 PM
YXJjRGLDkt2fpzhv,3,kill,24:56,1496,62649,Priory of the Sacred Flame,,,4:41 PM
YXJjRGLDkt2fpzhv,2,wipe,3:36,216,62649,Priory of the Sacred Flame,,,4:38 PM
VkabpZhFr6TqR2MN,,kill,32:11,1931,62773,Operation: Floodgate,15,Fortified,4:30 PM
JVdjRZp7CBDWgm4G,2,kill,29:35,1775,62773,Operation: Floodgate,,,9:27 AM
JVdjRZp7CBDWgm4G,1,wipe,1:47,107,62773,Operation: Floodgate,,,9:25 AM
JVdjRZp7CBDWgm4G,3,wipe,3:34,214,62773,Operation: Floodgate,,,10:10 AM
JVdjRZp7CBDWgm4G,4,wipe,0:29,29,62773,Operation: Floodgate,,,10:14 AM
JVdjRZp7CBDWgm4G,5,wipe,17:55,1075,62773,Operation: Floodgate,,,10:19 AM
JVdjRZp7CBDWgm4G,,wipe,2:28,148,62662,The Dawnbreaker,14,Fortified,10:42 AM
Cg82t3RF9nLAx7Pw,2,kill,35:32,2132,62773,Operation: Floodgate,,,7:15 AM
Cg82t3RF9nLAx7Pw,1,wipe,3:12,192,62773,Operation: Floodgate,,,7:12 AM
V6CqD4w3r12cRXbv,,kill,27:49,1669,62773,Operation: Floodgate,13,Fortified,6:33 AM
HpL2tGrJyM41KWXA,,kill,28:27,1707,62662,The Dawnbreaker,15,,10:45 PM
HpL2tGrJyM41KWXA,22,wipe,0:00,0,62773,Operation: Floodgate,,,11:16 PM
HpL2tGrJyM41KWXA,24,wipe,2:30,150,62773,Operation: Floodgate,,,11:21 PM
HpL2tGrJyM41KWXA,25,wipe,0:00,0,62773,Operation: Floodgate,,,11:23 PM
HpL2tGrJyM41KWXA,,wipe,3:03,183,62773,Operation: Floodgate,2,,11:18 PM
v94LFK3crXNWxhBn,3,kill,27:17,1637,62773,Operation: Floodgate,,,11:19 PM
v94LFK3crXNWxhBn,1,wipe,34:17,2057,62773,Operation: Floodgate,,,10:33 PM
v94LFK3crXNWxhBn,2,wipe,11:44,704,62773,Operation: Floodgate,,,11:07 PM
PkV8ahdrfFZcpnTb,,wipe,3:34,214,62773,Operation: Floodgate,14,Tyrannical,11:31 PM
f1dj6nHygMc7JRb3,,kill,30:38,1838,62773,Operation: Floodgate,15,Fortified,6:02 AM
cdD32QXz9P7gwGmT,,kill,36:48,2208,62773,Operation: Floodgate,15,Fortified,7:27 AM
h93FwpAdqPRkfz46,,kill,30:26,1826,62773,Operation: Floodgate,14,Fortified,12:58 PM
qPzyZ9r782AmQ6TR,2,kill,24:54,1494,62773,Operation: Floodgate,,,12:46 AM
qPzyZ9r782AmQ6TR,1,wipe,6:26,386,62773,Operation: Floodgate,,,12:35 AM
fCgR8Vh2YdNwHqny,4,kill,25:44,1544,62773,Operation: Floodgate,,,7:34 AM
fCgR8Vh2YdNwHqny,1,wipe,7:25,445,62773,Operation: Floodgate,,,6:40 AM
fCgR8Vh2YdNwHqny,,kill,27:07,1627,62662,The Dawnbreaker,14,Fortified,6:57 AM
mPnjVAqgWzyBaXQK,1,wipe,6:22,382,62773,Operation: Floodgate,,,5:21 PM
mPnjVAqgWzyBaXQK,2,wipe,29:42,1782,62773,Operation: Floodgate,,,5:30 PM
mPnjVAqgWzyBaXQK,,wipe,3:43,223,62662,The Dawnbreaker,2,,6:06 PM
BQPaMCTvj2bJdRkp,2,kill,30:59,1859,62649,Priory of the Sacred Flame,,,10:28 AM
BQPaMCTvj2bJdRkp,1,wipe,2:44,164,62649,Priory of the Sacred Flame,,,10:25 AM
BQPaMCTvj2bJdRkp,6,wipe,1:37,97,62649,Priory of the Sacred Flame,,,1:53 PM
BQPaMCTvj2bJdRkp,29,kill,28:31,1711,62773,Operation: Floodgate,,,4:35 PM
BQPaMCTvj2bJdRkp,32,kill,30:24,1824,62773,Operation: Floodgate,,,5:16 PM
BQPaMCTvj2bJdRkp,3,wipe,10:41,641,62773,Operation: Floodgate,,,11:07 AM
BQPaMCTvj2bJdRkp,4,wipe,10:25,625,62773,Operation: Floodgate,,,11:17 AM
BQPaMCTvj2bJdRkp,5,wipe,17:29,1049,62773,Operation: Floodgate,,,12:13 PM
BQPaMCTvj2bJdRkp,17,wipe,0:00,0,62773,Operation: Floodgate,,,2:24 PM
BQPaMCTvj2bJdRkp,18,wipe,3:50,230,62773,Operation: Floodgate,,,3:25 PM
BQPaMCTvj2bJdRkp,19,wipe,4:50,290,62773,Operation: Floodgate,,,3:28 PM
BQPaMCTvj2bJdRkp,20,wipe,3:17,197,62773,Operation: Floodgate,,,3:33 PM
BQPaMCTvj2bJdRkp,21,wipe,3:01,181,62773,Operation: Floodgate,,,3:37 PM
BQPaMCTvj2bJdRkp,22,wipe,3:21,201,62773,Operation: Floodgate,,,3:40 PM
BQPaMCTvj2bJdRkp,23,wipe,2:45,165,62773,Operation: Floodgate,,,3:43 PM
BQPaMCTvj2bJdRkp,24,wipe,3:41,221,62773,Operation: Floodgate,,,3:46 PM
BQPaMCTvj2bJdRkp,25,wipe,24:28,1468,62773,Operation: Floodgate,,,3:49 PM
BQPaMCTvj2bJdRkp,26,wipe,3:04,184,62773,Operation: Floodgate,,,4:22 PM
BQPaMCTvj2bJdRkp,27,wipe,4:41,281,62773,Operation: Floodgate,,,4:25 PM
BQPaMCTvj2bJdRkp,28,wipe,5:38,338,62773,Operation: Floodgate,,,4:30 PM
BQPaMCTvj2bJdRkp,30,wipe,2:46,166,62773,Operation: Floodgate,,,5:10 PM
BQPaMCTvj2bJdRkp,31,wipe,3:27,207,62773,Operation: Floodgate,,,5:12 PM
V6DhakKz4YZGNjcg,,kill,32:39,1959,62773,Operation: Floodgate,12,Fortified,3:09 AM
zfPJ4y8wnMrZqd12,,kill,26:32,1592,62662,The Dawnbreaker,12,Fortified,12:09 AM
zfPJ4y8wnMrZqd12,2,wipe,8:35,515,62773,Operation: Floodgate,,,1:07 AM
zfPJ4y8wnMrZqd12,13,wipe,2:05,125,62773,Operation: Floodgate,,,1:46 AM
RMB24VWCnzPtdmAv,,kill,26:32,1592,62662,The Dawnbreaker,12,Fortified,12:09 AM
RMB24VWCnzPtdmAv,2,wipe,8:35,515,62773,Operation: Floodgate,,,1:07 AM
RMB24VWCnzPtdmAv,13,wipe,2:05,125,62773,Operation: Floodgate,,,1:46 AM
qTyKxcWpdPXDagCG,,kill,29:21,1761,62773,Operation: Floodgate,12,Fortified,1:04 AM
XDGfktr4cv8gYaxz,,kill,27:18,1638,62773,Operation: Floodgate,15,Tyrannical,6:13 PM
v1Xq479B3GTWJNLn,6,kill,30:51,1851,62773,Operation: Floodgate,,,6:22 PM
v1Xq479B3GTWJNLn,1,wipe,2:40,160,62773,Operation: Floodgate,,,4:51 PM
v1Xq479B3GTWJNLn,2,wipe,9:38,578,62773,Operation: Floodgate,,,4:54 PM
v1Xq479B3GTWJNLn,3,wipe,14:33,873,62773,Operation: Floodgate,,,5:03 PM
v1Xq479B3GTWJNLn,4,wipe,19:02,1142,62773,Operation: Floodgate,,,5:18 PM
v1Xq479B3GTWJNLn,5,wipe,29:40,1780,62773,Operation: Floodgate,,,5:46 PM
gxVt9FmzaMdchPvB,2,kill,31:10,1870,62662,The Dawnbreaker,,,4:54 PM
gxVt9FmzaMdchPvB,1,wipe,21:57,1317,62662,The Dawnbreaker,,,4:27 PM
gxVt9FmzaMdchPvB,,kill,41:22,2482,62773,Operation: Floodgate,15,Fortified,5:32 PM
nQcyDWktYfPpjKqH,2,kill,31:10,1870,62662,The Dawnbreaker,,,4:54 PM
nQcyDWktYfPpjKqH,1,wipe,21:57,1317,62662,The Dawnbreaker,,,4:27 PM
nQcyDWktYfPpjKqH,,kill,41:22,2482,62773,Operation: Floodgate,15,Fortified,5:32 PM
pxDwgvCPQKJFdBWM,,wipe,7:53,473,62662,The Dawnbreaker,13,Fortified,5:23 PM
pxDwgvCPQKJFdBWM,,kill,33:50,2030,62773,Operation: Floodgate,13,Tyrannical,5:36 PM
LCT8AVXNQzfcPxdH,,kill,32:52,1972,62773,Operation: Floodgate,12,Tyrannical,1:25 AM
LCT8AVXNQzfcPxdH,2,kill,45:30,2730,62649,Priory of the Sacred Flame,,,3:53 AM
LCT8AVXNQzfcPxdH,3,kill,26:00,1560,62649,Priory of the Sacred Flame,,,4:42 AM
gGHr61zNCJw9xMbd,2,kill,30:12,1812,62773,Operation: Floodgate,,,11:17 AM
gGHr61zNCJw9xMbd,1,wipe,1:30,90,62773,Operation: Floodgate,,,11:08 AM
qJP378yt94bHVkzM,2,kill,30:12,1812,62773,Operation: Floodgate,,,11:17 AM
qJP378yt94bHVkzM,1,wipe,1:30,90,62773,Operation: Floodgate,,,11:08 AM
HLZhmWkAqtKGMvdb,,kill,28:41,1721,62773,Operation: Floodgate,10,Xal'atath's Bargain: Devour,11:43 AM
HLZhmWkAqtKGMvdb,,kill,26:49,1609,62662,The Dawnbreaker,10,Xal'atath's Bargain: Devour,12:24 PM
HLZhmWkAqtKGMvdb,,kill,30:38,1838,62649,Priory of the Sacred Flame,10,Xal'atath's Bargain: Devour,1:10 PM
YywrCxGXqzgbjMhA,,kill,27:02,1622,62773,Operation: Floodgate,12,Tyrannical,2:27 AM
d1nGfw8XkV4vBMCY,,wipe,30:18,1818,62649,Priory of the Sacred Flame,15,Fortified,11:20 AM
d1nGfw8XkV4vBMCY,,kill,28:03,1683,62662,The Dawnbreaker,14,Fortified,12:19 PM
d1nGfw8XkV4vBMCY,,wipe,12:17,737,112441,Tazavesh: Streets of Wonder,14,Fortified,1:22 PM
d1nGfw8XkV4vBMCY,6,kill,31:51,1911,112442,Tazavesh: So'leah's Gambit,,,1:34 PM
d1nGfw8XkV4vBMCY,7,wipe,5:24,324,112442,Tazavesh: So'leah's Gambit,,,2:13 PM
d1nGfw8XkV4vBMCY,8,wipe,4:31,271,112442,Tazavesh: So'leah's Gambit,,,2:19 PM
mcPhar3fVM6tKJbg,,wipe,0:00,0,62649,Priory of the Sacred Flame,14,Fortified,3:10 AM
mcPhar3fVM6tKJbg,,wipe,12:08,728,62662,The Dawnbreaker,15,Tyrannical,3:26 AM
mcPhar3fVM6tKJbg,,kill,28:45,1725,112442,Tazavesh: So'leah's Gambit,14,Tyrannical,3:42 AM
b4Z2T9dmQc8Ykjpg,,kill,32:19,1939,62662,The Dawnbreaker,15,Tyrannical,6:19 PM
b4Z2T9dmQc8Ykjpg,,wipe,1:38,98,112441,Tazavesh: Streets of Wonder,15,,7:04 PM
b4Z2T9dmQc8Ykjpg,5,kill,26:22,1582,112442,Tazavesh: So'leah's Gambit,,,8:37 PM
b4Z2T9dmQc8Ykjpg,3,wipe,29:16,1756,112442,Tazavesh: So'leah's Gambit,,,7:05 PM
b4Z2T9dmQc8Ykjpg,,kill,31:30,1890,62649,Priory of the Sacred Flame,15,Tyrannical,7:48 PM
M7vyBC6nV8PpxQ2m,,kill,29:26,1766,62649,Priory of the Sacred Flame,13,Fortified,1:19 PM
hNK9LDvb3FC2ZA1x,,kill,28:30,1710,62649,Priory of the Sacred Flame,15,Fortified,1:06 PM
VHvBTzaqC2fdXbtQ,,kill,28:17,1697,62649,Priory of the Sacred Flame,13,Fortified,11:35 PM
VHvBTzaqC2fdXbtQ,,wipe,46:03,2763,112441,Tazavesh: Streets of Wonder,12,Fortified,12:19 AM
VHvBTzaqC2fdXbtQ,,kill,22:36,1356,112442,Tazavesh: So'leah's Gambit,12,Fortified,1:05 AM
1HZ7ByqvM6xprNbF,,kill,31:56,1916,62649,Priory of the Sacred Flame,16,Tyrannical,1:16 PM
1HZ7ByqvM6xprNbF,9,kill,35:16,2116,112441,Tazavesh: Streets of Wonder,,,6:09 PM
1HZ7ByqvM6xprNbF,2,wipe,6:49,409,112441,Tazavesh: Streets of Wonder,,,3:53 PM
1HZ7ByqvM6xprNbF,3,wipe,6:51,411,112441,Tazavesh: Streets of Wonder,,,4:00 PM
1HZ7ByqvM6xprNbF,4,wipe,8:22,502,112441,Tazavesh: Streets of Wonder,,,4:15 PM
1HZ7ByqvM6xprNbF,5,wipe,14:11,851,112441,Tazavesh: Streets of Wonder,,,4:24 PM
1HZ7ByqvM6xprNbF,6,wipe,34:30,2070,112441,Tazavesh: Streets of Wonder,,,4:38 PM
1HZ7ByqvM6xprNbF,7,wipe,14:31,871,112441,Tazavesh: Streets of Wonder,,,5:12 PM
1HZ7ByqvM6xprNbF,8,wipe,42:06,2526,112441,Tazavesh: Streets of Wonder,,,5:27 PM
1HZ7ByqvM6xprNbF,10,wipe,3:16,196,112441,Tazavesh: Streets of Wonder,,,6:50 PM
1HZ7ByqvM6xprNbF,11,wipe,10:23,623,112441,Tazavesh: Streets of Wonder,,,6:54 PM
1HZ7ByqvM6xprNbF,12,wipe,8:02,482,112441,Tazavesh: Streets of Wonder,,,7:04 PM
PNn8myRYkaTxb4BC,2,wipe,2:37,157,62649,Priory of the Sacred Flame,,,4:14 PM
PNn8myRYkaTxb4BC,3,wipe,1:28,88,62649,Priory of the Sacred Flame,,,4:17 PM
PNn8myRYkaTxb4BC,4,wipe,0:40,40,62649,Priory of the Sacred Flame,,,4:19 PM
Zt2YH4FVAz6Tpy9j,,kill,24:06,1446,62649,Priory of the Sacred Flame,15,,9:20 AM
FDymGrn83qWVR7LY,,wipe,47:00,2820,62649,Priory of the Sacred Flame,2,,6:32 AM
rX3AKnT9ZWCHakPj,,wipe,39:21,2361,62649,Priory of the Sacred Flame,2,,6:32 AM
vdnkrFNahZQ8gqLY,5,kill,27:30,1650,62649,Priory of the Sacred Flame,,,11:12 AM
vdnkrFNahZQ8gqLY,1,wipe,7:29,449,62649,Priory of the Sacred Flame,,,10:27 AM
vdnkrFNahZQ8gqLY,2,wipe,12:58,778,62649,Priory of the Sacred Flame,,,10:41 AM
vdnkrFNahZQ8gqLY,3,wipe,3:19,199,62649,Priory of the Sacred Flame,,,11:01 AM
vdnkrFNahZQ8gqLY,4,wipe,4:20,260,62649,Priory of the Sacred Flame,,,11:08 AM
8BVK7djxkhAbapw4,,kill,34:29,2069,62649,Priory of the Sacred Flame,14,Fortified,5:37 AM
HbYAtWLDR7Xm6Bz1,,kill,35:04,2104,112441,Tazavesh: Streets of Wonder,12,Fortified,4:33 AM
HbYAtWLDR7Xm6Bz1,4,kill,34:29,2069,62649,Priory of the Sacred Flame,,,5:37 AM
HbYAtWLDR7Xm6Bz1,3,wipe,19:53,1193,62649,Priory of the Sacred Flame,,,5:17 AM
2Xnmcy7qNBQbfRxa,2,wipe,14:38,878,62649,Priory of the Sacred Flame,,,1:50 PM
2Xnmcy7qNBQbfRxa,3,wipe,11:39,699,62649,Priory of the Sacred Flame,,,2:06 PM
JwWaA96mdxV1gXvY,2,kill,34:57,2097,62649,Priory of the Sacred Flame,,,8:34 AM
JwWaA96mdxV1gXvY,1,wipe,19:07,1147,62649,Priory of the Sacred Flame,,,8:15 AM
JwWaA96mdxV1gXvY,,kill,31:53,1913,62662,The Dawnbreaker,17,Tyrannical,9:20 AM
JwWaA96mdxV1gXvY,5,kill,25:25,1525,112442,Tazavesh: So'leah's Gambit,,,9:59 AM
JwWaA96mdxV1gXvY,4,wipe,3:59,239,112442,Tazavesh: So'leah's Gambit,,,9:55 AM
6wdP4J9QKbrV27qW,1,wipe,23:19,1399,62662,The Dawnbreaker,,,10:25 AM
6wdP4J9QKbrV27qW,2,wipe,19:56,1196,62662,The Dawnbreaker,,,10:55 AM
6wdP4J9QKbrV27qW,5,kill,32:08,1928,62649,Priory of the Sacred Flame,,,11:25 AM
6wdP4J9QKbrV27qW,4,wipe,3:38,218,62649,Priory of the Sacred Flame,,,11:21 AM
bTFmxjQ78M1rnGCk,,kill,34:57,2097,62649,Priory of the Sacred Flame,17,Tyrannical,8:34 AM
6zqHxaVNkCK7AMv9,5,kill,39:15,2355,62649,Priory of the Sacred Flame,,,6:26 PM
6zqHxaVNkCK7AMv9,4,wipe,1:52,112,62649,Priory of the Sacred Flame,,,6:24 PM
MfrQc7JDLnt6TCNV,3,kill,32:26,1946,62649,Priory of the Sacred Flame,,,6:53 PM
MfrQc7JDLnt6TCNV,2,wipe,6:46,406,62649,Priory of the Sacred Flame,,,6:46 PM
gcB4MWmAGyR96wjq,,kill,39:08,2348,62649,Priory of the Sacred Flame,14,Tyrannical,10:08 PM
cB9Ndy8ZDpAmaGt6,4,kill,37:23,2243,62649,Priory of the Sacred Flame,,,10:02 PM
cB9Ndy8ZDpAmaGt6,1,wipe,1:55,115,62649,Priory of the Sacred Flame,,,9:50 PM
A6zcXgvDbNdf3CTY,,kill,30:04,1804,62649,Priory of the Sacred Flame,16,Fortified,11:24 AM
4J8GHCk9mTQdZvnX,1,wipe,4:12,252,62649,Priory of the Sacred Flame,,,5:30 AM
4J8GHCk9mTQdZvnX,2,wipe,4:41,281,62649,Priory of the Sacred Flame,,,5:37 AM
fvyJPVFM6rAKtBnm,,kill,30:03,1803,62649,Priory of the Sacred Flame,12,Tyrannical,7:10 PM
aMmRYBcTj6ZAJ9rC,,kill,25:32,1532,62649,Priory of the Sacred Flame,12,Tyrannical,7:00 PM
Pdmh1y2t6Qk7WXVF,2,kill,25:57,1557,62649,Priory of the Sacred Flame,,,5:50 PM
Pdmh1y2t6Qk7WXVF,1,wipe,11:05,665,62649,Priory of the Sacred Flame,,,5:31 PM
z1w6Gfd4xDyHTLYv,1,kill,33:40,2020,62649,Priory of the Sacred Flame,,,11:38 PM
z1w6Gfd4xDyHTLYv,3,wipe,16:53,1013,62649,Priory of the Sacred Flame,,,12:35 AM
z1w6Gfd4xDyHTLYv,4,wipe,4:15,255,62649,Priory of the Sacred Flame,,,12:52 AM
z1w6Gfd4xDyHTLYv,5,wipe,7:07,427,62649,Priory of the Sacred Flame,,,1:13 AM
z1w6Gfd4xDyHTLYv,6,wipe,1:21,81,62649,Priory of the Sacred Flame,,,1:20 AM
z1w6Gfd4xDyHTLYv,7,wipe,14:44,884,62649,Priory of the Sacred Flame,,,1:24 AM
z1w6Gfd4xDyHTLYv,8,wipe,14:09,849,62649,Priory of the Sacred Flame,,,1:39 AM
trBRFzvxbGnTV3f1,,kill,21:05,1265,62649,Priory of the Sacred Flame,12,,11:49 PM
P7A9NGc2mkgDq4Rz,2,kill,29:31,1771,62649,Priory of the Sacred Flame,,,11:07 PM
P7A9NGc2mkgDq4Rz,1,wipe,4:45,285,62649,Priory of the Sacred Flame,,,10:55 PM
DYk3JT2rqCw7KzgP,,kill,32:48,1968,62649,Priory of the Sacred Flame,12,Fortified,10:58 PM
T1HbhZJ2Bgz89wdG,1,wipe,9:01,541,62649,Priory of the Sacred Flame,,,6:36 PM
T1HbhZJ2Bgz89wdG,2,wipe,3:51,231,62649,Priory of the Sacred Flame,,,6:53 PM
T1HbhZJ2Bgz89wdG,,kill,30:44,1844,62662,The Dawnbreaker,12,Fortified,7:32 PM
nvrF7C82bT13yhNP,4,kill,37:05,2225,62649,Priory of the Sacred Flame,,,3:35 PM
nvrF7C82bT13yhNP,1,wipe,10:53,653,62649,Priory of the Sacred Flame,,,2:38 PM
nvrF7C82bT13yhNP,2,wipe,19:25,1165,62649,Priory of the Sacred Flame,,,2:49 PM
nvrF7C82bT13yhNP,3,wipe,10:21,621,62649,Priory of the Sacred Flame,,,3:17 PM
qtdYaN8ApwjyLMG7,3,kill,27:48,1668,62649,Priory of the Sacred Flame,,,2:03 AM
qtdYaN8ApwjyLMG7,5,kill,25:57,1557,62649,Priory of the Sacred Flame,,,2:57 AM
qtdYaN8ApwjyLMG7,1,wipe,2:22,142,62649,Priory of the Sacred Flame,,,1:56 AM
qtdYaN8ApwjyLMG7,2,wipe,5:03,303,62649,Priory of the Sacred Flame,,,1:58 AM
WRMXFyYw3fq9vZJa,3,kill,27:48,1668,62649,Priory of the Sacred Flame,,,2:03 AM
WRMXFyYw3fq9vZJa,1,wipe,2:22,142,62649,Priory of the Sacred Flame,,,1:56 AM
WRMXFyYw3fq9vZJa,2,wipe,5:03,303,62649,Priory of the Sacred Flame,,,1:58 AM
cBFPZMpWK6yQfGbn,,kill,33:52,2032,62649,Priory of the Sacred Flame,12,Tyrannical,12:59 AM
9C8AzDMgvtTZwQca,,kill,27:10,1630,62649,Priory of the Sacred Flame,14,Fortified,6:36 PM
9C8AzDMgvtTZwQca,4,kill,27:12,1632,62662,The Dawnbreaker,,,7:24 PM
9C8AzDMgvtTZwQca,3,wipe,8:53,533,62662,The Dawnbreaker,,,7:11 PM
2Yp7vNmycBWHKwFb,,kill,40:32,2432,62649,Priory of the Sacred Flame,15,Tyrannical,6:17 PM
KZHDpgzY29cfX7rT,,kill,30:47,1847,62662,The Dawnbreaker,17,Fortified,11:33 AM
KZHDpgzY29cfX7rT,,kill,31:29,1889,62649,Priory of the Sacred Flame,16,Fortified,12:08 PM
M7mfYpKAacHdFhVk,,kill,29:00,1740,62649,Priory of the Sacred Flame,12,Fortified,9:37 AM
r1KdNBHgA6Fch23Z,,kill,31:41,1901,62649,Priory of the Sacred Flame,15,Fortified,2:23 AM
hCY3NABq4rxP8waF,4,kill,25:49,1549,62649,Priory of the Sacred Flame,,,3:06 AM
hCY3NABq4rxP8waF,3,wipe,22:29,1349,62649,Priory of the Sacred Flame,,,2:39 AM
QCLHZ2zKhDFn4WJR,,kill,20:22,1222,62649,Priory of the Sacred Flame,12,Fortified,7:00 AM
aKhrVXHJyMwBWzgG,,kill,27:18,1638,62649,Priory of the Sacred Flame,10,Xal'atath's Bargain: Devour,10:41 AM
NzxK4DQnZHPTWMmt,7,kill,37:11,2231,62649,Priory of the Sacred Flame,,,1:26 PM
NzxK4DQnZHPTWMmt,2,wipe,4:24,264,62649,Priory of the Sacred Flame,,,12:54 PM
NzxK4DQnZHPTWMmt,3,wipe,11:11,671,62649,Priory of the Sacred Flame,,,12:59 PM
NzxK4DQnZHPTWMmt,4,wipe,0:06,6,62649,Priory of the Sacred Flame,,,1:16 PM
NzxK4DQnZHPTWMmt,5,wipe,1:26,86,62649,Priory of the Sacred Flame,,,1:16 PM
NzxK4DQnZHPTWMmt,6,wipe,0:10,10,62649,Priory of the Sacred Flame,,,1:25 PM
nbpcvLM31aVtmXDH,,kill,36:45,2205,112442,Tazavesh: So'leah's Gambit,15,Tyrannical,2:53 PM
ALjxVZqC1Knfc3QJ,,wipe,25:22,1522,112441,Tazavesh: Streets of Wonder,13,Tyrannical,9:28 PM
ALjxVZqC1Knfc3QJ,,kill,24:09,1449,112442,Tazavesh: So'leah's Gambit,12,Fortified,9:53 PM
cVMw7tmgdP9WaGNk,,kill,28:06,1686,112442,Tazavesh: So'leah's Gambit,14,Tyrannical,7:13 PM
Vj74HBa1XvkdhFRw,,kill,29:10,1750,112442,Tazavesh: So'leah's Gambit,14,,3:57 PM
HAfygx7MXVY3BKTk,,kill,28:43,1723,112442,Tazavesh: So'leah's Gambit,15,Fortified,2:12 PM
xgK43aGd6Df8t9mh,2,kill,28:31,1711,112442,Tazavesh: So'leah's Gambit,,,9:44 AM
xgK43aGd6Df8t9mh,8,kill,31:37,1897,112442,Tazavesh: So'leah's Gambit,,,11:05 AM
xgK43aGd6Df8t9mh,9,kill,28:01,1681,112442,Tazavesh: So'leah's Gambit,,,11:44 AM
xgK43aGd6Df8t9mh,1,wipe,2:43,163,112442,Tazavesh: So'leah's Gambit,,,9:39 AM
xgK43aGd6Df8t9mh,3,wipe,1:27,87,112441,Tazavesh: Streets of Wonder,,,10:14 AM
xgK43aGd6Df8t9mh,4,wipe,3:23,203,112441,Tazavesh: Streets of Wonder,,,10:15 AM
xgK43aGd6Df8t9mh,5,wipe,1:14,74,112441,Tazavesh: Streets of Wonder,,,10:19 AM
xgK43aGd6Df8t9mh,6,wipe,6:06,366,112441,Tazavesh: Streets of Wonder,,,10:20 AM
xgK43aGd6Df8t9mh,7,wipe,11:10,670,112441,Tazavesh: Streets of Wonder,,,10:26 AM
FjAfY3G6whQmgrT4,1,kill,20:28,1228,62287,Halls of Atonement,,,3:36 AM
FjAfY3G6whQmgrT4,6,wipe,20:06,1206,62287,Halls of Atonement,,,6:17 AM
FjAfY3G6whQmgrT4,2,kill,24:39,1479,112441,Tazavesh: Streets of Wonder,,,4:08 AM
FjAfY3G6whQmgrT4,4,kill,30:01,1801,112441,Tazavesh: Streets of Wonder,,,4:54 AM
FjAfY3G6whQmgrT4,,kill,37:11,2231,112442,Tazavesh: So'leah's Gambit,13,Fortified,5:31 AM
M9XdxCQj1PR4Jtcg,2,kill,28:31,1711,112442,Tazavesh: So'leah's Gambit,,,9:44 AM
M9XdxCQj1PR4Jtcg,1,wipe,2:43,163,112442,Tazavesh: So'leah's Gambit,,,9:39 AM
M9XdxCQj1PR4Jtcg,3,wipe,1:27,87,112441,Tazavesh: Streets of Wonder,,,10:14 AM
M9XdxCQj1PR4Jtcg,4,wipe,3:23,203,112441,Tazavesh: Streets of Wonder,,,10:15 AM
M9XdxCQj1PR4Jtcg,5,wipe,1:14,74,112441,Tazavesh: Streets of Wonder,,,10:19 AM
M9XdxCQj1PR4Jtcg,6,wipe,6:06,366,112441,Tazavesh: Streets of Wonder,,,10:20 AM
M9XdxCQj1PR4Jtcg,7,wipe,11:10,670,112441,Tazavesh: Streets of Wonder,,,10:26 AM
fhqWN2wLz7jgb4xr,2,kill,24:15,1455,112442,Tazavesh: So'leah's Gambit,,,5:11 PM
fhqWN2wLz7jgb4xr,1,wipe,30:49,1849,112442,Tazavesh: So'leah's Gambit,,,4:40 PM
aR7pcVHB4zZhG29D,2,kill,29:25,1765,112442,Tazavesh: So'leah's Gambit,,,3:50 AM
aR7pcVHB4zZhG29D,1,wipe,14:26,866,112442,Tazavesh: So'leah's Gambit,,,3:36 AM
MyWrF6Tbpgzn1j7K,,kill,24:15,1455,112442,Tazavesh: So'leah's Gambit,15,Fortified,5:11 PM
gpw7TN1LhtBD9ajv,,kill,26:59,1619,112442,Tazavesh: So'leah's Gambit,17,Fortified,6:13 PM
Xp1bt2P7DhyYndrV,,kill,25:15,1515,112442,Tazavesh: So'leah's Gambit,12,Tyrannical,7:34 AM
hDpaqWcdMFC6mfYN,1,wipe,2:36,156,62662,The Dawnbreaker,,,7:55 AM
hDpaqWcdMFC6mfYN,2,wipe,14:33,873,62662,The Dawnbreaker,,,8:00 AM
hDpaqWcdMFC6mfYN,3,wipe,8:25,505,62662,The Dawnbreaker,,,8:15 AM
hDpaqWcdMFC6mfYN,,kill,30:13,1813,112442,Tazavesh: So'leah's Gambit,12,Fortified,8:41 AM
1WtkVfKc7RGZLvAw,1,wipe,15:15,915,112442,Tazavesh: So'leah's Gambit,,,11:55 PM
1WtkVfKc7RGZLvAw,2,wipe,7:04,424,112442,Tazavesh: So'leah's Gambit,,,12:43 AM
nkLfhcK2P4YzAtwN,1,wipe,31:33,1893,112442,Tazavesh: So'leah's Gambit,,,10:49 PM
nkLfhcK2P4YzAtwN,2,wipe,3:06,186,112442,Tazavesh: So'leah's Gambit,,,11:21 PM
nkLfhcK2P4YzAtwN,4,kill,31:56,1916,62662,The Dawnbreaker,,,11:58 PM
nkLfhcK2P4YzAtwN,3,wipe,12:36,756,62662,The Dawnbreaker,,,11:34 PM
1aW2kfvpMyNDwX3R,,kill,27:42,1662,112442,Tazavesh: So'leah's Gambit,16,Tyrannical,11:29 PM
ARJkzwjFvc163NWY,,kill,1:03:16,3796,112442,Tazavesh: So'leah's Gambit,14,Fortified,10:17 PM
fMz3rTy2Ygxa68k9,,kill,30:06,1806,112442,Tazavesh: So'leah's Gambit,16,Fortified,7:43 AM
4hxWQM1pGZCzgm9t,,kill,30:10,1810,62662,The Dawnbreaker,14,Fortified,11:36 PM
4hxWQM1pGZCzgm9t,,kill,22:34,1354,112442,Tazavesh: So'leah's Gambit,14,,12:24 AM
Qcx9W4gKrAFDwN8Y,2,kill,21:53,1313,112442,Tazavesh: So'leah's Gambit,,,1:44 AM
Qcx9W4gKrAFDwN8Y,1,wipe,5:59,359,112442,Tazavesh: So'leah's Gambit,,,1:25 AM
qTmJD63hNLAgxz4v,,wipe,2:00,120,112442,Tazavesh: So'leah's Gambit,17,Tyrannical,2:55 PM
qTmJD63hNLAgxz4v,7,kill,43:14,2594,112441,Tazavesh: Streets of Wonder,,,3:56 PM
qTmJD63hNLAgxz4v,3,wipe,7:16,436,112441,Tazavesh: Streets of Wonder,,,2:57 PM
qTmJD63hNLAgxz4v,4,wipe,5:03,303,112441,Tazavesh: Streets of Wonder,,,3:04 PM
qTmJD63hNLAgxz4v,5,wipe,15:05,905,112441,Tazavesh: Streets of Wonder,,,3:09 PM
qTmJD63hNLAgxz4v,6,wipe,31:35,1895,112441,Tazavesh: Streets of Wonder,,,3:24 PM
AQdNM1hKfzFwabCt,,kill,31:53,1913,62662,The Dawnbreaker,17,Tyrannical,9:20 AM
AQdNM1hKfzFwabCt,4,kill,25:25,1525,112442,Tazavesh: So'leah's Gambit,,,9:59 AM
AQdNM1hKfzFwabCt,3,wipe,3:59,239,112442,Tazavesh: So'leah's Gambit,,,9:55 AM
KhGtjFwZq9QWHvCy,,wipe,21:40,1300,112442,Tazavesh: So'leah's Gambit,15,Tyrannical,12:18 AM
KhGtjFwZq9QWHvCy,2,wipe,5:36,336,112441,Tazavesh: Streets of Wonder,,,12:39 AM
KhGtjFwZq9QWHvCy,3,wipe,5:51,351,112441,Tazavesh: Streets of Wonder,,,12:45 AM
WkcxdbaZCpVRTQM8,,kill,26:55,1615,112442,Tazavesh: So'leah's Gambit,12,Fortified,4:57 PM
rgqFD3JmXB8b2Af6,1,wipe,22:24,1344,112442,Tazavesh: So'leah's Gambit,,,4:24 AM
rgqFD3JmXB8b2Af6,2,wipe,11:51,711,112442,Tazavesh: So'leah's Gambit,,,4:46 AM
hRZFjBQmAHGdvanC,1,wipe,2:28,148,112442,Tazavesh: So'leah's Gambit,,,8:55 PM
hRZFjBQmAHGdvanC,2,wipe,8:37,517,112442,Tazavesh: So'leah's Gambit,,,8:58 PM
hRZFjBQmAHGdvanC,3,wipe,12:58,778,112442,Tazavesh: So'leah's Gambit,,,9:06 PM
QRMHnW7ZLmktz2GJ,,wipe,14:23,863,112442,Tazavesh: So'leah's Gambit,14,Tyrannical,4:45 PM
Tyn2D1cWtQfqz6RB,1,wipe,15:05,905,112442,Tazavesh: So'leah's Gambit,,,9:06 PM
Tyn2D1cWtQfqz6RB,2,wipe,19:38,1178,112442,Tazavesh: So'leah's Gambit,,,9:31 PM
Tyn2D1cWtQfqz6RB,,kill,38:51,2331,112441,Tazavesh: Streets of Wonder,12,Tyrannical,10:10 PM
hyv2WVzp6kDY4da9,,wipe,10:07,607,112442,Tazavesh: So'leah's Gambit,12,Tyrannical,11:53 AM
3HyDhf6naCFtTZVb,4,kill,28:26,1706,112442,Tazavesh: So'leah's Gambit,,,7:49 AM
3HyDhf6naCFtTZVb,1,wipe,4:32,272,112442,Tazavesh: So'leah's Gambit,,,7:32 AM
3HyDhf6naCFtTZVb,2,wipe,4:05,245,112442,Tazavesh: So'leah's Gambit,,,7:36 AM
3HyDhf6naCFtTZVb,3,wipe,8:28,508,112442,Tazavesh: So'leah's Gambit,,,7:41 AM
3HyDhf6naCFtTZVb,5,wipe,5:46,346,112441,Tazavesh: Streets of Wonder,,,8:28 AM
3HyDhf6naCFtTZVb,6,wipe,14:46,886,112441,Tazavesh: Streets of Wonder,,,8:34 AM
3HyDhf6naCFtTZVb,7,wipe,18:56,1136,112441,Tazavesh: Streets of Wonder,,,8:48 AM
3HyDhf6naCFtTZVb,8,wipe,15:50,950,112441,Tazavesh: Streets of Wonder,,,9:07 AM
4nzJwyrM9hb7cKaB,,wipe,2:23,143,112441,Tazavesh: Streets of Wonder,14,Tyrannical,3:20 AM
4nzJwyrM9hb7cKaB,,kill,46:02,2762,112442,Tazavesh: So'leah's Gambit,12,Tyrannical,3:34 AM
ryVFap84HvYMJBfc,,kill,24:22,1462,112442,Tazavesh: So'leah's Gambit,12,Tyrannical,12:14 AM
2btN1fyw6C4hTmYc,,kill,16:30,990,112442,Tazavesh: So'leah's Gambit,3,,9:05 AM
PWxqN7hz6wKVF2Cb,,kill,23:04,1384,112442,Tazavesh: So'leah's Gambit,12,Fortified,7:39 AM
Dzak283NFwnYXrP1,2,kill,27:19,1639,112442,Tazavesh: So'leah's Gambit,,,4:52 PM
Dzak283NFwnYXrP1,1,wipe,12:35,755,112442,Tazavesh: So'leah's Gambit,,,4:39 PM
79qj3kLJg81rmANC,1,wipe,19:38,1178,112442,Tazavesh: So'leah's Gambit,,,10:14 PM
79qj3kLJg81rmANC,2,wipe,27:32,1652,112442,Tazavesh: So'leah's Gambit,,,10:33 PM
BTA6PDvdKfNGXHth,,wipe,11:09,669,112442,Tazavesh: So'leah's Gambit,14,Fortified,10:14 PM
fPdC74cDvGFXWQ9L,5,kill,31:11,1871,112441,Tazavesh: Streets of Wonder,,,8:16 AM
fPdC74cDvGFXWQ9L,1,wipe,3:39,219,112441,Tazavesh: Streets of Wonder,,,7:46 AM
fPdC74cDvGFXWQ9L,2,wipe,3:01,181,112441,Tazavesh: Streets of Wonder,,,7:49 AM
fPdC74cDvGFXWQ9L,3,wipe,19:13,1153,112441,Tazavesh: Streets of Wonder,,,7:52 AM
fPdC74cDvGFXWQ9L,4,wipe,3:51,231,112441,Tazavesh: Streets of Wonder,,,8:12 AM
fPdC74cDvGFXWQ9L,10,kill,30:05,1805,112442,Tazavesh: So'leah's Gambit,,,9:29 AM
fPdC74cDvGFXWQ9L,8,wipe,11:26,686,112442,Tazavesh: So'leah's Gambit,,,9:01 AM
fPdC74cDvGFXWQ9L,9,wipe,10:22,622,112442,Tazavesh: So'leah's Gambit,,,9:13 AM
ZKh3xVzHPdFmCyW4,5,kill,31:11,1871,112441,Tazavesh: Streets of Wonder,,,8:16 AM
ZKh3xVzHPdFmCyW4,1,wipe,3:39,219,112441,Tazavesh: Streets of Wonder,,,7:46 AM
ZKh3xVzHPdFmCyW4,2,wipe,3:00,180,112441,Tazavesh: Streets of Wonder,,,7:49 AM
ZKh3xVzHPdFmCyW4,3,wipe,19:12,1152,112441,Tazavesh: Streets of Wonder,,,7:52 AM
ZKh3xVzHPdFmCyW4,4,wipe,3:51,231,112441,Tazavesh: Streets of Wonder,,,8:12 AM
ZKh3xVzHPdFmCyW4,8,kill,30:05,1805,112442,Tazavesh: So'leah's Gambit,,,9:29 AM
ZKh3xVzHPdFmCyW4,6,wipe,11:25,685,112442,Tazavesh: So'leah's Gambit,,,9:01 AM
ZKh3xVzHPdFmCyW4,7,wipe,16:01,961,112442,Tazavesh: So'leah's Gambit,,,9:13 AM
rg6ya2PqC4TBG3jd,2,kill,22:34,1354,112442,Tazavesh: So'leah's Gambit,,,4:00 PM
rg6ya2PqC4TBG3jd,1,wipe,29:03,1743,112442,Tazavesh: So'leah's Gambit,,,3:30 PM
rg6ya2PqC4TBG3jd,3,wipe,5:54,354,112442,Tazavesh: So'leah's Gambit,,,4:29 PM
NmPc7LtgxfpDR4jX,,wipe,29:24,1764,112442,Tazavesh: So'leah's Gambit,12,Tyrannical,1:02 AM
R1vFXzMr8yZHPgcx,,kill,25:14,1514,112442,Tazavesh: So'leah's Gambit,12,,11:38 PM
ZVYcLmHdfTayrn7q,,kill,44:11,2651,112442,Tazavesh: So'leah's Gambit,14,Tyrannical,11:12 PM
qxdVBMP4CQKmjh6D,1,kill,32:12,1932,112442,Tazavesh: So'leah's Gambit,,,10:32 PM
qxdVBMP4CQKmjh6D,2,wipe,13:41,821,112442,Tazavesh: So'leah's Gambit,,,11:14 PM
CLtfNR3VcbrD6p4n,2,kill,27:12,1632,112442,Tazavesh: So'leah's Gambit,,,7:46 PM
CLtfNR3VcbrD6p4n,4,wipe,0:00,0,112442,Tazavesh: So'leah's Gambit,,,8:15 PM
CLtfNR3VcbrD6p4n,7,kill,32:48,1968,112441,Tazavesh: Streets of Wonder,,,8:31 PM
CLtfNR3VcbrD6p4n,5,wipe,8:42,522,112441,Tazavesh: Streets of Wonder,,,8:19 PM
CLtfNR3VcbrD6p4n,6,wipe,2:59,179,112441,Tazavesh: Streets of Wonder,,,8:28 PM
1GZtnRAfhVKrpHQk,2,kill,22:55,1375,112442,Tazavesh: So'leah's Gambit,,,5:08 PM
1GZtnRAfhVKrpHQk,1,wipe,2:03,123,112442,Tazavesh: So'leah's Gambit,,,5:06 PM
1GZtnRAfhVKrpHQk,4,wipe,18:21,1101,112442,Tazavesh: So'leah's Gambit,,,5:39 PM
vZM2mc9fnrTqAhCy,,kill,25:00,1500,112442,Tazavesh: So'leah's Gambit,15,Fortified,2:48 PM
qNdwbQVgh3XFRWHv,3,wipe,6:43,403,112442,Tazavesh: So'leah's Gambit,,,2:48 PM
qNdwbQVgh3XFRWHv,4,wipe,5:00,300,112442,Tazavesh: So'leah's Gambit,,,2:54 PM
kjdwZp8XvG2W1A9Q,,kill,28:42,1722,112442,Tazavesh: So'leah's Gambit,15,Fortified,12:04 PM
xvHMpjGgh8VqdfLb,,kill,19:24,1164,112442,Tazavesh: So'leah's Gambit,12,Fortified,3:26 AM
8pgh1kTazJyvxbX6,,kill,38:39,2319,112442,Tazavesh: So'leah's Gambit,10,Xal'atath's Bargain: Pulsar,3:45 AM
KRA2zXdxchntWrG3,,wipe,30:18,1818,112441,Tazavesh: Streets of Wonder,14,Fortified,8:00 PM
KRA2zXdxchntWrG3,,wipe,16:52,1012,112442,Tazavesh: So'leah's Gambit,16,Fortified,8:30 PM
4RydWxbNM73PkfYr,,wipe,1:30,90,112442,Tazavesh: So'leah's Gambit,15,Fortified,7:44 PM
4RydWxbNM73PkfYr,4,kill,33:01,1981,112441,Tazavesh: Streets of Wonder,,,8:07 PM
4RydWxbNM73PkfYr,2,wipe,7:59,479,112441,Tazavesh: Streets of Wonder,,,7:45 PM
4RydWxbNM73PkfYr,3,wipe,14:07,847,112441,Tazavesh: Streets of Wonder,,,7:53 PM
fXn4W7GF3myBYr1L,,kill,23:04,1384,112442,Tazavesh: So'leah's Gambit,12,Tyrannical,2:21 PM
cXL2Dkj1QxKpPqMz,,kill,21:43,1303,112442,Tazavesh: So'leah's Gambit,12,,6:29 AM
3d4ztVH7aTXMxm1b,,wipe,0:57,57,112442,Tazavesh: So'leah's Gambit,14,Tyrannical,9:48 AM
3d4ztVH7aTXMxm1b,,kill,39:25,2365,112441,Tazavesh: Streets of Wonder,15,Tyrannical,9:49 AM
DG8N9YtXW1xAhqZp,,wipe,0:57,57,112442,Tazavesh: So'leah's Gambit,14,Tyrannical,9:48 AM
DG8N9YtXW1xAhqZp,,kill,39:25,2365,112441,Tazavesh: Streets of Wonder,15,Tyrannical,9:49 AM
qMxV74FdhQkzn3t1,,kill,25:09,1509,112442,Tazavesh: So'leah's Gambit,14,,8:06 PM
ktWDJKQr12T7dnCf,,kill,26:29,1589,112442,Tazavesh: So'leah's Gambit,14,Tyrannical,10:07 PM
26fYWyN9a17RqTtL,,kill,25:09,1509,112442,Tazavesh: So'leah's Gambit,14,,8:06 PM
CGRYLdhwWF4m9Hxy,,kill,39:29,2369,112441,Tazavesh: Streets of Wonder,7,Xal'atath's Bargain: Devour,4:41 PM
CGRYLdhwWF4m9Hxy,,kill,47:18,2838,112442,Tazavesh: So'leah's Gambit,7,Xal'atath's Bargain: Ascendant,5:31 PM
kRVry1JnTAj8C2hv,,kill,25:34,1534,112442,Tazavesh: So'leah's Gambit,12,Fortified,8:58 PM
hPv3pRJHqgV2dB8W,1,wipe,15:33,933,112442,Tazavesh: So'leah's Gambit,,,12:51 AM
hPv3pRJHqgV2dB8W,2,wipe,15:50,950,112442,Tazavesh: So'leah's Gambit,,,1:07 AM
hPv3pRJHqgV2dB8W,3,wipe,21:58,1318,112442,Tazavesh: So'leah's Gambit,,,1:23 AM
hPv3pRJHqgV2dB8W,,kill,36:41,2201,112441,Tazavesh: Streets of Wonder,12,Tyrannical,2:06 AM
Ww4tf3YTAPrZxLjm,1,wipe,9:22,562,112442,Tazavesh: So'leah's Gambit,,,12:42 AM
Ww4tf3YTAPrZxLjm,2,wipe,7:22,442,112442,Tazavesh: So'leah's Gambit,,,12:51 AM
2f3hkFmnaAjTDGKR,,kill,40:30,2430,62287,Halls of Atonement,16,Tyrannical,4:56 PM
2f3hkFmnaAjTDGKR,6,kill,41:07,2467,112441,Tazavesh: Streets of Wonder,,,6:07 PM
2f3hkFmnaAjTDGKR,4,wipe,6:56,416,112441,Tazavesh: Streets of Wonder,,,5:45 PM
2f3hkFmnaAjTDGKR,5,wipe,15:19,919,112441,Tazavesh: Streets of Wonder,,,5:52 PM
2f3hkFmnaAjTDGKR,11,kill,57:18,3438,112442,Tazavesh: So'leah's Gambit,,,7:01 PM
2f3hkFmnaAjTDGKR,9,wipe,3:50,230,112442,Tazavesh: So'leah's Gambit,,,6:53 PM
2f3hkFmnaAjTDGKR,10,wipe,3:36,216,112442,Tazavesh: So'leah's Gambit,,,6:57 PM
PFcTMWz1pHKjZ8qf,,kill,33:24,2004,112441,Tazavesh: Streets of Wonder,15,,1:58 AM
PFcTMWz1pHKjZ8qf,3,wipe,2:06,126,112442,Tazavesh: So'leah's Gambit,,,2:59 AM
PFcTMWz1pHKjZ8qf,4,wipe,0:50,50,112442,Tazavesh: So'leah's Gambit,,,3:01 AM
xN9ZApGBK83VmzQr,2,kill,41:52,2512,112441,Tazavesh: Streets of Wonder,,,1:52 PM
xN9ZApGBK83VmzQr,5,kill,33:12,1992,112441,Tazavesh: Streets of Wonder,,,3:12 PM
xN9ZApGBK83VmzQr,1,wipe,4:30,270,112441,Tazavesh: Streets of Wonder,,,1:47 PM
xN9ZApGBK83VmzQr,3,wipe,15:27,927,112441,Tazavesh: Streets of Wonder,,,2:42 PM
xN9ZApGBK83VmzQr,4,wipe,14:22,862,112441,Tazavesh: Streets of Wonder,,,2:58 PM
xN9ZApGBK83VmzQr,6,wipe,41:31,2491,112442,Tazavesh: So'leah's Gambit,,,6:04 PM
xN9ZApGBK83VmzQr,7,wipe,7:16,436,112442,Tazavesh: So'leah's Gambit,,,6:46 PM
xN9ZApGBK83VmzQr,8,wipe,10:39,639,112442,Tazavesh: So'leah's Gambit,,,6:53 PM
xN9ZApGBK83VmzQr,9,wipe,6:40,400,112442,Tazavesh: So'leah's Gambit,,,7:04 PM
ahBzbLqr8XMHZWVg,,kill,27:40,1660,112442,Tazavesh: So'leah's Gambit,12,Tyrannical,2:55 PM
ahBzbLqr8XMHZWVg,,kill,22:15,1335,112441,Tazavesh: Streets of Wonder,12,,3:33 PM
VbZxXhya8jr6PLpY,,kill,24:42,1482,112442,Tazavesh: So'leah's Gambit,15,Tyrannical,2:06 AM
njTwBxJQktXzZbWp,,kill,22:49,1369,112442,Tazavesh: So'leah's Gambit,15,Tyrannical,10:07 AM
MpwXayA2xHVq4bZ7,,kill,31:14,1874,112441,Tazavesh: Streets of Wonder,17,Tyrannical,3:33 PM
MpwXayA2xHVq4bZ7,,kill,26:58,1618,112442,Tazavesh: So'leah's Gambit,18,Fortified,5:24 PM
MpwXayA2xHVq4bZ7,,kill,31:11,1871,62287,Halls of Atonement,16,Fortified,5:58 PM
vdZmt6GDVWxg1KNb,1,kill,36:30,2190,112441,Tazavesh: Streets of Wonder,,,3:37 AM
vdZmt6GDVWxg1KNb,3,kill,28:25,1705,112441,Tazavesh: Streets of Wonder,,,5:09 AM
vdZmt6GDVWxg1KNb,,kill,19:29,1169,112442,Tazavesh: So'leah's Gambit,12,,4:38 AM
RyhrW9YaQC8kGNB7,2,kill,29:58,1798,112441,Tazavesh: Streets of Wonder,,,8:42 PM
RyhrW9YaQC8kGNB7,1,wipe,30:24,1824,112441,Tazavesh: Streets of Wonder,,,8:12 PM
RyhrW9YaQC8kGNB7,3,wipe,9:16,556,112442,Tazavesh: So'leah's Gambit,,,9:35 PM
RyhrW9YaQC8kGNB7,4,wipe,15:10,910,112442,Tazavesh: So'leah's Gambit,,,9:44 PM
RyhrW9YaQC8kGNB7,5,wipe,7:28,448,112442,Tazavesh: So'leah's Gambit,,,10:00 PM
RyhrW9YaQC8kGNB7,6,wipe,30:06,1806,112442,Tazavesh: So'leah's Gambit,,,10:07 PM
RyhrW9YaQC8kGNB7,7,wipe,17:12,1032,112442,Tazavesh: So'leah's Gambit,,,10:44 PM
RyhrW9YaQC8kGNB7,8,wipe,9:37,577,112442,Tazavesh: So'leah's Gambit,,,11:09 PM
RyhrW9YaQC8kGNB7,9,wipe,0:33,33,112442,Tazavesh: So'leah's Gambit,,,11:19 PM
yLgTKcCrvbwMtFZW,2,kill,27:40,1660,112442,Tazavesh: So'leah's Gambit,,,12:15 AM
yLgTKcCrvbwMtFZW,1,wipe,25:55,1555,112442,Tazavesh: So'leah's Gambit,,,11:37 PM
yLgTKcCrvbwMtFZW,,kill,31:50,1910,112441,Tazavesh: Streets of Wonder,12,Fortified,12:50 AM
3yaVAkrc21GMfW4g,1,wipe,7:44,464,112442,Tazavesh: So'leah's Gambit,,,2:42 AM
3yaVAkrc21GMfW4g,2,wipe,14:29,869,112442,Tazavesh: So'leah's Gambit,,,2:49 AM
3yaVAkrc21GMfW4g,6,kill,29:21,1761,62287,Halls of Atonement,,,3:18 AM
3yaVAkrc21GMfW4g,10,kill,37:26,2246,62287,Halls of Atonement,,,4:25 AM
3yaVAkrc21GMfW4g,16,kill,30:34,1834,62287,Halls of Atonement,,,6:54 AM
3yaVAkrc21GMfW4g,5,wipe,2:57,177,62287,Halls of Atonement,,,3:15 AM
3yaVAkrc21GMfW4g,8,wipe,3:08,188,62287,Halls of Atonement,,,4:08 AM
3yaVAkrc21GMfW4g,9,wipe,7:45,465,62287,Halls of Atonement,,,4:11 AM
3yaVAkrc21GMfW4g,11,wipe,27:18,1638,62287,Halls of Atonement,,,5:08 AM
3yaVAkrc21GMfW4g,12,wipe,31:14,1874,62287,Halls of Atonement,,,5:41 AM
3yaVAkrc21GMfW4g,13,wipe,3:37,217,62287,Halls of Atonement,,,6:22 AM
3yaVAkrc21GMfW4g,14,wipe,22:10,1330,62287,Halls of Atonement,,,6:26 AM
3yaVAkrc21GMfW4g,15,wipe,2:04,124,62287,Halls of Atonement,,,6:52 AM
3yaVAkrc21GMfW4g,17,wipe,2:42,162,62287,Halls of Atonement,,,7:38 AM
3yaVAkrc21GMfW4g,18,wipe,2:29,149,62287,Halls of Atonement,,,7:40 AM
3yaVAkrc21GMfW4g,19,wipe,2:52,172,62287,Halls of Atonement,,,7:43 AM
3yaVAkrc21GMfW4g,20,wipe,1:07,67,62287,Halls of Atonement,,,7:46 AM
3yaVAkrc21GMfW4g,21,wipe,12:06,726,62287,Halls of Atonement,,,8:03 AM
3yaVAkrc21GMfW4g,22,wipe,2:34,154,62287,Halls of Atonement,,,8:15 AM
3yaVAkrc21GMfW4g,23,wipe,3:51,231,62287,Halls of Atonement,,,8:18 AM
3yaVAkrc21GMfW4g,24,wipe,3:06,186,62287,Halls of Atonement,,,8:21 AM
3yaVAkrc21GMfW4g,25,wipe,5:58,358,62287,Halls of Atonement,,,8:25 AM
3yaVAkrc21GMfW4g,26,wipe,1:12,72,62287,Halls of Atonement,,,8:31 AM
3yaVAkrc21GMfW4g,27,wipe,3:10,190,62287,Halls of Atonement,,,8:34 AM
3yaVAkrc21GMfW4g,28,wipe,6:51,411,62287,Halls of Atonement,,,8:38 AM
BCXkJmYWwr9byj3Z,26,kill,30:38,1838,62287,Halls of Atonement,,,9:25 AM
BCXkJmYWwr9byj3Z,1,wipe,29:19,1759,62287,Halls of Atonement,,,5:28 AM
BCXkJmYWwr9byj3Z,18,wipe,2:21,141,62287,Halls of Atonement,,,7:51 AM
BCXkJmYWwr9byj3Z,19,wipe,3:22,202,62287,Halls of Atonement,,,7:53 AM
BCXkJmYWwr9byj3Z,20,wipe,11:30,690,62287,Halls of Atonement,,,7:56 AM
BCXkJmYWwr9byj3Z,25,wipe,0:54,54,62287,Halls of Atonement,,,8:56 AM
BCXkJmYWwr9byj3Z,,kill,32:45,1965,112442,Tazavesh: So'leah's Gambit,12,Tyrannical,6:06 AM
L3fDPVQpBxdvR6Nc,,kill,40:30,2430,62287,Halls of Atonement,16,Tyrannical,4:56 PM
L3fDPVQpBxdvR6Nc,6,kill,41:07,2467,112441,Tazavesh: Streets of Wonder,,,6:07 PM
L3fDPVQpBxdvR6Nc,4,wipe,6:56,416,112441,Tazavesh: Streets of Wonder,,,5:45 PM
L3fDPVQpBxdvR6Nc,5,wipe,15:19,919,112441,Tazavesh: Streets of Wonder,,,5:52 PM
L3fDPVQpBxdvR6Nc,11,kill,57:18,3438,112442,Tazavesh: So'leah's Gambit,,,7:01 PM
L3fDPVQpBxdvR6Nc,9,wipe,3:50,230,112442,Tazavesh: So'leah's Gambit,,,6:53 PM
L3fDPVQpBxdvR6Nc,10,wipe,3:36,216,112442,Tazavesh: So'leah's Gambit,,,6:57 PM
68bPcLQZhD2NyXAz,5,kill,38:04,2284,62287,Halls of Atonement,,,9:47 AM
68bPcLQZhD2NyXAz,6,kill,33:29,2009,62287,Halls of Atonement,,,10:35 AM
68bPcLQZhD2NyXAz,7,kill,31:28,1888,62287,Halls of Atonement,,,1:06 PM
68bPcLQZhD2NyXAz,1,wipe,6:41,401,62287,Halls of Atonement,,,9:12 AM
68bPcLQZhD2NyXAz,2,wipe,4:30,270,62287,Halls of Atonement,,,9:19 AM
68bPcLQZhD2NyXAz,4,wipe,10:42,642,62287,Halls of Atonement,,,9:31 AM
68bPcLQZhD2NyXAz,8,wipe,2:25,145,62287,Halls of Atonement,,,1:41 PM
68bPcLQZhD2NyXAz,9,wipe,14:44,884,62287,Halls of Atonement,,,1:43 PM
68bPcLQZhD2NyXAz,11,wipe,1:28,88,62287,Halls of Atonement,,,2:07 PM
68bPcLQZhD2NyXAz,12,wipe,0:44,44,62287,Halls of Atonement,,,2:15 PM
68bPcLQZhD2NyXAz,17,wipe,2:41,161,62287,Halls of Atonement,,,3:47 PM
68bPcLQZhD2NyXAz,18,wipe,28:59,1739,62287,Halls of Atonement,,,3:50 PM
68bPcLQZhD2NyXAz,19,wipe,14:49,889,62287,Halls of Atonement,,,4:25 PM
68bPcLQZhD2NyXAz,20,wipe,13:40,820,62287,Halls of Atonement,,,4:46 PM
68bPcLQZhD2NyXAz,16,kill,30:04,1804,112442,Tazavesh: So'leah's Gambit,,,3:04 PM
68bPcLQZhD2NyXAz,13,wipe,15:26,926,112442,Tazavesh: So'leah's Gambit,,,2:24 PM
68bPcLQZhD2NyXAz,14,wipe,22:03,1323,112442,Tazavesh: So'leah's Gambit,,,2:39 PM
68bPcLQZhD2NyXAz,15,wipe,2:39,159,112442,Tazavesh: So'leah's Gambit,,,3:01 PM
jgCAaFtLqNKb2dwT,,kill,25:28,1528,112442,Tazavesh: So'leah's Gambit,15,Tyrannical,2:14 PM
t2zaj6dbFvn4NpMT,4,kill,36:54,2214,62287,Halls of Atonement,,,3:54 AM
t2zaj6dbFvn4NpMT,1,wipe,1:53,113,62287,Halls of Atonement,,,3:06 AM
t2zaj6dbFvn4NpMT,2,wipe,33:39,2019,62287,Halls of Atonement,,,3:08 AM
t2zaj6dbFvn4NpMT,,wipe,5:21,321,112441,Tazavesh: Streets of Wonder,15,Tyrannical,3:46 AM
t2zaj6dbFvn4NpMT,,kill,24:27,1467,112442,Tazavesh: So'leah's Gambit,13,Tyrannical,4:41 AM
AfnqjDWmGchzVkZx,3,kill,27:32,1652,112441,Tazavesh: Streets of Wonder,,,3:10 AM
AfnqjDWmGchzVkZx,1,wipe,31:16,1876,112441,Tazavesh: Streets of Wonder,,,2:16 AM
AfnqjDWmGchzVkZx,,kill,19:07,1147,112442,Tazavesh: So'leah's Gambit,10,Xal'atath's Bargain: Devour,2:48 AM
AfnqjDWmGchzVkZx,,kill,42:35,2555,62287,Halls of Atonement,11,Xal'atath's Bargain: Devour,3:41 AM
X89njV6ykBc7mhxZ,4,kill,27:38,1658,112441,Tazavesh: Streets of Wonder,,,6:27 PM
X89njV6ykBc7mhxZ,2,wipe,2:49,169,112441,Tazavesh: Streets of Wonder,,,5:59 PM
X89njV6ykBc7mhxZ,3,wipe,25:37,1537,112441,Tazavesh: Streets of Wonder,,,6:02 PM
X89njV6ykBc7mhxZ,9,wipe,4:24,264,112441,Tazavesh: Streets of Wonder,,,8:00 PM
X89njV6ykBc7mhxZ,10,wipe,5:47,347,112441,Tazavesh: Streets of Wonder,,,8:04 PM
X89njV6ykBc7mhxZ,11,wipe,3:51,231,112441,Tazavesh: Streets of Wonder,,,8:10 PM
X89njV6ykBc7mhxZ,12,wipe,4:39,279,112441,Tazavesh: Streets of Wonder,,,8:14 PM
X89njV6ykBc7mhxZ,13,wipe,7:08,428,112441,Tazavesh: Streets of Wonder,,,8:18 PM
X89njV6ykBc7mhxZ,14,wipe,6:42,402,112441,Tazavesh: Streets of Wonder,,,8:25 PM
X89njV6ykBc7mhxZ,15,wipe,5:25,325,112441,Tazavesh: Streets of Wonder,,,8:32 PM
X89njV6ykBc7mhxZ,16,wipe,12:19,739,112441,Tazavesh: Streets of Wonder,,,8:38 PM
X89njV6ykBc7mhxZ,17,wipe,16:25,985,112441,Tazavesh: Streets of Wonder,,,8:50 PM
X89njV6ykBc7mhxZ,18,wipe,0:00,0,112441,Tazavesh: Streets of Wonder,,,9:06 PM
X89njV6ykBc7mhxZ,21,wipe,26:32,1592,112441,Tazavesh: Streets of Wonder,,,2:53 AM
X89njV6ykBc7mhxZ,22,wipe,3:14,194,112441,Tazavesh: Streets of Wonder,,,3:19 AM
X89njV6ykBc7mhxZ,23,wipe,14:07,847,112441,Tazavesh: Streets of Wonder,,,3:23 AM
X89njV6ykBc7mhxZ,6,kill,32:40,1960,62287,Halls of Atonement,,,7:10 PM
X89njV6ykBc7mhxZ,20,wipe,20:47,1247,62287,Halls of Atonement,,,2:25 AM
X89njV6ykBc7mhxZ,19,kill,31:34,1894,112442,Tazavesh: So'leah's Gambit,,,1:49 AM
X89njV6ykBc7mhxZ,8,wipe,1:31,91,112442,Tazavesh: So'leah's Gambit,,,7:58 PM
MYFfxBAV9C64TDRd,,wipe,9:29,569,112442,Tazavesh: So'leah's Gambit,14,Tyrannical,2:18 AM
vhVtC8PT3m4BMXLk,,kill,26:11,1571,112442,Tazavesh: So'leah's Gambit,12,,1:54 PM
vhVtC8PT3m4BMXLk,4,kill,43:53,2633,112441,Tazavesh: Streets of Wonder,,,2:42 PM
vhVtC8PT3m4BMXLk,2,wipe,8:30,510,112441,Tazavesh: Streets of Wonder,,,2:30 PM
vhVtC8PT3m4BMXLk,3,wipe,3:37,217,112441,Tazavesh: Streets of Wonder,,,2:38 PM
4Q1bxc6kV3qwp9Ta,1,kill,26:11,1571,112442,Tazavesh: So'leah's Gambit,,,1:54 PM
4Q1bxc6kV3qwp9Ta,5,wipe,1:51,111,112442,Tazavesh: So'leah's Gambit,,,6:25 PM
4Q1bxc6kV3qwp9Ta,6,wipe,9:48,588,112442,Tazavesh: So'leah's Gambit,,,6:41 PM
4Q1bxc6kV3qwp9Ta,7,wipe,6:47,407,112442,Tazavesh: So'leah's Gambit,,,6:51 PM
4Q1bxc6kV3qwp9Ta,8,wipe,8:21,501,112442,Tazavesh: So'leah's Gambit,,,6:58 PM
4Q1bxc6kV3qwp9Ta,9,wipe,27:33,1653,112442,Tazavesh: So'leah's Gambit,,,7:06 PM
4Q1bxc6kV3qwp9Ta,10,wipe,21:27,1287,112442,Tazavesh: So'leah's Gambit,,,7:34 PM
4Q1bxc6kV3qwp9Ta,12,wipe,22:09,1329,112442,Tazavesh: So'leah's Gambit,,,8:47 PM
4Q1bxc6kV3qwp9Ta,4,kill,43:53,2633,112441,Tazavesh: Streets of Wonder,,,2:42 PM
4Q1bxc6kV3qwp9Ta,2,wipe,8:30,510,112441,Tazavesh: Streets of Wonder,,,2:30 PM
4Q1bxc6kV3qwp9Ta,3,wipe,3:37,217,112441,Tazavesh: Streets of Wonder,,,2:38 PM
mRyxKh7kVrQnpN4Z,,wipe,1:47,107,112441,Tazavesh: Streets of Wonder,12,Fortified,9:31 AM
mRyxKh7kVrQnpN4Z,2,wipe,24:58,1498,112442,Tazavesh: So'leah's Gambit,,,9:39 AM
mRyxKh7kVrQnpN4Z,3,wipe,10:42,642,112442,Tazavesh: So'leah's Gambit,,,10:19 AM
mRyxKh7kVrQnpN4Z,4,wipe,3:49,229,112442,Tazavesh: So'leah's Gambit,,,10:30 AM
mRyxKh7kVrQnpN4Z,,kill,38:29,2309,62287,Halls of Atonement,12,Fortified,10:39 AM
aY14wdygmB7VPZct,,kill,19:18,1158,112442,Tazavesh: So'leah's Gambit,2,,7:55 PM
mh3JB91d4LgjCT2n,,wipe,2:27,147,62287,Halls of Atonement,12,Fortified,1:01 PM
mh3JB91d4LgjCT2n,,wipe,10:58,658,112442,Tazavesh: So'leah's Gambit,14,Fortified,1:13 PM
mh3JB91d4LgjCT2n,3,wipe,8:38,518,112441,Tazavesh: Streets of Wonder,,,1:24 PM
mh3JB91d4LgjCT2n,5,wipe,18:45,1125,112441,Tazavesh: Streets of Wonder,,,3:17 PM
vVTbDr4q72KnHAhW,3,kill,30:53,1853,62287,Halls of Atonement,,,3:57 PM
vVTbDr4q72KnHAhW,2,wipe,3:06,186,62287,Halls of Atonement,,,3:51 PM
vVTbDr4q72KnHAhW,,kill,35:14,2114,112442,Tazavesh: So'leah's Gambit,16,Fortified,4:43 PM
vVTbDr4q72KnHAhW,,kill,28:54,1734,112441,Tazavesh: Streets of Wonder,15,Tyrannical,5:26 PM
A2wdNLxYBbzWHKp7,1,wipe,7:12,432,62287,Halls of Atonement,,,12:46 AM
A2wdNLxYBbzWHKp7,4,wipe,3:12,192,62287,Halls of Atonement,,,2:29 AM
A2wdNLxYBbzWHKp7,5,wipe,4:14,254,62287,Halls of Atonement,,,2:32 AM
A2wdNLxYBbzWHKp7,6,wipe,10:29,629,62287,Halls of Atonement,,,2:36 AM
A2wdNLxYBbzWHKp7,7,wipe,3:21,201,62287,Halls of Atonement,,,3:03 AM
A2wdNLxYBbzWHKp7,8,wipe,7:32,452,62287,Halls of Atonement,,,3:07 AM
A2wdNLxYBbzWHKp7,11,wipe,24:43,1483,62287,Halls of Atonement,,,4:34 AM
A2wdNLxYBbzWHKp7,12,wipe,16:57,1017,62287,Halls of Atonement,,,4:59 AM
A2wdNLxYBbzWHKp7,13,wipe,3:40,220,62287,Halls of Atonement,,,5:22 AM
A2wdNLxYBbzWHKp7,14,wipe,5:28,328,62287,Halls of Atonement,,,5:26 AM
A2wdNLxYBbzWHKp7,15,wipe,1:34,94,62287,Halls of Atonement,,,5:31 AM
A2wdNLxYBbzWHKp7,2,kill,36:17,2177,112441,Tazavesh: Streets of Wonder,,,12:59 AM
A2wdNLxYBbzWHKp7,10,kill,27:30,1650,112441,Tazavesh: Streets of Wonder,,,3:27 AM
A2wdNLxYBbzWHKp7,3,kill,26:07,1567,112442,Tazavesh: So'leah's Gambit,,,1:43 AM
A2wdNLxYBbzWHKp7,9,wipe,5:03,303,112442,Tazavesh: So'leah's Gambit,,,3:22 AM
W96aGQCYDgvVfbkF,,kill,26:11,1571,112442,Tazavesh: So'leah's Gambit,12,,1:54 PM
W96aGQCYDgvVfbkF,4,kill,43:53,2633,112441,Tazavesh: Streets of Wonder,,,2:42 PM
W96aGQCYDgvVfbkF,2,wipe,8:30,510,112441,Tazavesh: Streets of Wonder,,,2:30 PM
W96aGQCYDgvVfbkF,3,wipe,3:37,217,112441,Tazavesh: Streets of Wonder,,,2:38 PM
P1YJDXCf2r4yQv9m,,kill,28:23,1703,112442,Tazavesh: So'leah's Gambit,12,Fortified,11:28 AM
WT24ban7x9hyCkGw,12,kill,49:09,2949,62287,Halls of Atonement,,,3:19 AM
WT24ban7x9hyCkGw,4,wipe,17:48,1068,62287,Halls of Atonement,,,2:07 AM
WT24ban7x9hyCkGw,5,wipe,3:50,230,62287,Halls of Atonement,,,2:41 AM
WT24ban7x9hyCkGw,6,wipe,3:33,213,62287,Halls of Atonement,,,2:45 AM
WT24ban7x9hyCkGw,7,wipe,5:07,307,62287,Halls of Atonement,,,2:49 AM
WT24ban7x9hyCkGw,8,wipe,2:33,153,62287,Halls of Atonement,,,2:54 AM
WT24ban7x9hyCkGw,9,wipe,1:10,70,62287,Halls of Atonement,,,2:57 AM
WT24ban7x9hyCkGw,,kill,1:37:30,5850,112442,Tazavesh: So'leah's Gambit,12,Fortified,4:41 AM
h3X89zANpdRP1BbH,2,kill,22:55,1375,112441,Tazavesh: Streets of Wonder,,,6:55 AM
h3X89zANpdRP1BbH,1,wipe,4:37,277,112441,Tazavesh: Streets of Wonder,,,6:50 AM
h3X89zANpdRP1BbH,,kill,28:15,1695,112442,Tazavesh: So'leah's Gambit,14,Fortified,7:26 AM
KL1ZyYQTampxB4Hr,1,kill,24:15,1455,62287,Halls of Atonement,,,2:35 PM
KL1ZyYQTampxB4Hr,3,kill,31:54,1914,62287,Halls of Atonement,,,3:57 PM
KL1ZyYQTampxB4Hr,2,kill,45:20,2720,112441,Tazavesh: Streets of Wonder,,,3:06 PM
KL1ZyYQTampxB4Hr,11,kill,31:38,1898,112441,Tazavesh: Streets of Wonder,,,5:54 PM
KL1ZyYQTampxB4Hr,9,kill,37:50,2270,112442,Tazavesh: So'leah's Gambit,,,5:17 PM
KL1ZyYQTampxB4Hr,4,wipe,4:44,284,112442,Tazavesh: So'leah's Gambit,,,4:38 PM
KL1ZyYQTampxB4Hr,5,wipe,7:06,426,112442,Tazavesh: So'leah's Gambit,,,4:42 PM
KL1ZyYQTampxB4Hr,6,wipe,8:55,535,112442,Tazavesh: So'leah's Gambit,,,4:49 PM
KL1ZyYQTampxB4Hr,7,wipe,13:25,805,112442,Tazavesh: So'leah's Gambit,,,4:58 PM
KL1ZyYQTampxB4Hr,8,wipe,4:55,295,112442,Tazavesh: So'leah's Gambit,,,5:12 PM
jdAZyzXCfgwpmktJ,1,wipe,37:06,2226,112441,Tazavesh: Streets of Wonder,,,8:43 PM
jdAZyzXCfgwpmktJ,8,wipe,25:53,1553,112441,Tazavesh: Streets of Wonder,,,1:19 AM
jdAZyzXCfgwpmktJ,3,kill,22:18,1338,112442,Tazavesh: So'leah's Gambit,,,10:42 PM
jdAZyzXCfgwpmktJ,6,kill,24:28,1468,112442,Tazavesh: So'leah's Gambit,,,12:20 AM
jdAZyzXCfgwpmktJ,2,wipe,7:42,462,112442,Tazavesh: So'leah's Gambit,,,9:20 PM
jdAZyzXCfgwpmktJ,5,wipe,21:49,1309,112442,Tazavesh: So'leah's Gambit,,,11:58 PM
jdAZyzXCfgwpmktJ,7,wipe,26:51,1611,112442,Tazavesh: So'leah's Gambit,,,12:49 AM
jdAZyzXCfgwpmktJ,,kill,30:01,1801,62287,Halls of Atonement,10,,11:14 PM
vjGCDMQZWPzpt7rF,,kill,21:24,1284,62287,Halls of Atonement,12,Fortified,1:05 AM
vjGCDMQZWPzpt7rF,,kill,30:27,1827,112441,Tazavesh: Streets of Wonder,14,Fortified,1:32 AM
vjGCDMQZWPzpt7rF,,kill,27:28,1648,112442,Tazavesh: So'leah's Gambit,14,Fortified,2:06 AM
4A6Q7WGpRnTCtMhD,,wipe,10:03,603,62287,Halls of Atonement,16,,6:40 PM
4A6Q7WGpRnTCtMhD,13,kill,26:47,1607,112442,Tazavesh: So'leah's Gambit,,,1:45 AM
4A6Q7WGpRnTCtMhD,11,wipe,16:27,987,112442,Tazavesh: So'leah's Gambit,,,8:11 PM
4A6Q7WGpRnTCtMhD,12,wipe,9:27,567,112442,Tazavesh: So'leah's Gambit,,,1:36 AM
JHMkpyb8LPKBTVcw,,wipe,37:38,2258,62287,Halls of Atonement,12,Fortified,10:37 PM
JHMkpyb8LPKBTVcw,2,kill,32:30,1950,112442,Tazavesh: So'leah's Gambit,,,11:29 PM
JHMkpyb8LPKBTVcw,3,wipe,0:00,0,112442,Tazavesh: So'leah's Gambit,,,12:00 AM
JHMkpyb8LPKBTVcw,,kill,30:12,1812,112441,Tazavesh: Streets of Wonder,12,,12:06 AM
CwAchHB6FrnVfzaq,4,kill,27:58,1678,62287,Halls of Atonement,,,2:34 PM
CwAchHB6FrnVfzaq,1,wipe,30:23,1823,62287,Halls of Atonement,,,12:19 PM
CwAchHB6FrnVfzaq,3,kill,20:58,1258,112442,Tazavesh: So'leah's Gambit,,,2:03 PM
CwAchHB6FrnVfzaq,2,wipe,4:09,249,112442,Tazavesh: So'leah's Gambit,,,1:58 PM
M8qyY4d62j7Z9Da3,,kill,27:07,1627,112442,Tazavesh: So'leah's Gambit,18,Fortified,4:13 PM
M8qyY4d62j7Z9Da3,2,wipe,18:56,1136,112441,Tazavesh: Streets of Wonder,,,4:53 PM
M8qyY4d62j7Z9Da3,3,wipe,3:26,206,112441,Tazavesh: Streets of Wonder,,,5:12 PM
M8qyY4d62j7Z9Da3,4,wipe,35:30,2130,112441,Tazavesh: Streets of Wonder,,,5:15 PM
M8qyY4d62j7Z9Da3,,kill,30:50,1850,62287,Halls of Atonement,16,Tyrannical,6:04 PM
DbnPHdWyZCvj1RLB,,kill,27:07,1627,112442,Tazavesh: So'leah's Gambit,18,Fortified,4:13 PM
DbnPHdWyZCvj1RLB,2,wipe,18:56,1136,112441,Tazavesh: Streets of Wonder,,,4:53 PM
DbnPHdWyZCvj1RLB,3,wipe,3:26,206,112441,Tazavesh: Streets of Wonder,,,5:12 PM
DbnPHdWyZCvj1RLB,4,wipe,35:30,2130,112441,Tazavesh: Streets of Wonder,,,5:15 PM
DbnPHdWyZCvj1RLB,,kill,30:50,1850,62287,Halls of Atonement,16,Tyrannical,6:04 PM
n3yJNFXwL8mBtp2Q,4,kill,27:58,1678,62287,Halls of Atonement,,,2:34 PM
n3yJNFXwL8mBtp2Q,1,wipe,30:23,1823,62287,Halls of Atonement,,,12:19 PM
n3yJNFXwL8mBtp2Q,3,kill,20:58,1258,112442,Tazavesh: So'leah's Gambit,,,2:03 PM
n3yJNFXwL8mBtp2Q,2,wipe,4:09,249,112442,Tazavesh: So'leah's Gambit,,,1:58 PM
yp4r1QwFntNPWTjJ,3,kill,33:44,2024,112442,Tazavesh: So'leah's Gambit,,,7:05 AM
yp4r1QwFntNPWTjJ,1,wipe,1:52,112,112442,Tazavesh: So'leah's Gambit,,,7:01 AM
yp4r1QwFntNPWTjJ,2,wipe,1:47,107,112442,Tazavesh: So'leah's Gambit,,,7:04 AM
yp4r1QwFntNPWTjJ,,wipe,20:27,1227,112441,Tazavesh: Streets of Wonder,12,,7:43 AM
RFBdKLjPmr9g7Xak,4,kill,27:41,1661,62287,Halls of Atonement,,,6:19 AM
RFBdKLjPmr9g7Xak,1,wipe,2:39,159,62287,Halls of Atonement,,,4:58 AM
RFBdKLjPmr9g7Xak,2,wipe,32:11,1931,62287,Halls of Atonement,,,5:01 AM
RFBdKLjPmr9g7Xak,3,wipe,28:18,1698,62287,Halls of Atonement,,,5:41 AM
RFBdKLjPmr9g7Xak,,kill,19:47,1187,112442,Tazavesh: So'leah's Gambit,15,,7:15 AM
81Pqgd67GkK9m4LH,1,wipe,2:56,176,112442,Tazavesh: So'leah's Gambit,,,1:13 AM
81Pqgd67GkK9m4LH,2,wipe,15:13,913,112442,Tazavesh: So'leah's Gambit,,,1:16 AM
81Pqgd67GkK9m4LH,5,wipe,6:54,414,112442,Tazavesh: So'leah's Gambit,,,2:09 AM
81Pqgd67GkK9m4LH,6,wipe,6:43,403,112442,Tazavesh: So'leah's Gambit,,,2:16 AM
81Pqgd67GkK9m4LH,7,wipe,15:21,921,112442,Tazavesh: So'leah's Gambit,,,3:36 AM
81Pqgd67GkK9m4LH,11,kill,31:56,1916,62287,Halls of Atonement,,,5:22 AM
81Pqgd67GkK9m4LH,3,wipe,2:52,172,62287,Halls of Atonement,,,1:43 AM
81Pqgd67GkK9m4LH,4,wipe,16:58,1018,62287,Halls of Atonement,,,1:46 AM
81Pqgd67GkK9m4LH,9,wipe,23:34,1414,62287,Halls of Atonement,,,4:50 AM
81Pqgd67GkK9m4LH,10,wipe,3:25,205,62287,Halls of Atonement,,,5:18 AM
81Pqgd67GkK9m4LH,,wipe,9:15,555,112441,Tazavesh: Streets of Wonder,14,Fortified,4:34 AM
qJ7vaz9ZtVfmAcDk,4,kill,35:30,2130,112441,Tazavesh: Streets of Wonder,,,11:22 PM
qJ7vaz9ZtVfmAcDk,1,wipe,15:51,951,112441,Tazavesh: Streets of Wonder,,,10:51 PM
qJ7vaz9ZtVfmAcDk,2,wipe,0:33,33,112441,Tazavesh: Streets of Wonder,,,11:07 PM
qJ7vaz9ZtVfmAcDk,5,kill,30:53,1853,62287,Halls of Atonement,,,12:30 AM
qJ7vaz9ZtVfmAcDk,3,wipe,3:29,209,62287,Halls of Atonement,,,11:13 PM
qJ7vaz9ZtVfmAcDk,,kill,27:33,1653,112442,Tazavesh: So'leah's Gambit,12,Tyrannical,1:20 AM
fA12N97kzQYqGHBx,1,kill,37:30,2250,62287,Halls of Atonement,,,4:36 PM
fA12N97kzQYqGHBx,20,kill,1:01:39,3699,62287,Halls of Atonement,,,11:32 PM
fA12N97kzQYqGHBx,17,wipe,4:07,247,62287,Halls of Atonement,,,11:09 PM
fA12N97kzQYqGHBx,18,wipe,2:07,127,62287,Halls of Atonement,,,11:13 PM
fA12N97kzQYqGHBx,19,wipe,6:38,398,62287,Halls of Atonement,,,11:25 PM
fA12N97kzQYqGHBx,2,kill,24:23,1463,112442,Tazavesh: So'leah's Gambit,,,5:18 PM
fA12N97kzQYqGHBx,9,kill,24:19,1459,112442,Tazavesh: So'leah's Gambit,,,7:41 PM
fA12N97kzQYqGHBx,23,kill,34:36,2076,112442,Tazavesh: So'leah's Gambit,,,12:57 AM
fA12N97kzQYqGHBx,7,wipe,10:34,634,112442,Tazavesh: So'leah's Gambit,,,7:27 PM
fA12N97kzQYqGHBx,8,wipe,3:16,196,112442,Tazavesh: So'leah's Gambit,,,7:38 PM
fA12N97kzQYqGHBx,6,kill,36:57,2217,112441,Tazavesh: Streets of Wonder,,,6:41 PM
fA12N97kzQYqGHBx,16,kill,37:16,2236,112441,Tazavesh: Streets of Wonder,,,10:16 PM
fA12N97kzQYqGHBx,5,wipe,21:50,1310,112441,Tazavesh: Streets of Wonder,,,6:19 PM
fA12N97kzQYqGHBx,11,wipe,5:40,340,112441,Tazavesh: Streets of Wonder,,,9:43 PM
fA12N97kzQYqGHBx,12,wipe,5:00,300,112441,Tazavesh: Streets of Wonder,,,9:48 PM
fA12N97kzQYqGHBx,13,wipe,2:31,151,112441,Tazavesh: Streets of Wonder,,,9:53 PM
fA12N97kzQYqGHBx,14,wipe,16:00,960,112441,Tazavesh: Streets of Wonder,,,9:56 PM
fA12N97kzQYqGHBx,15,wipe,4:26,266,112441,Tazavesh: Streets of Wonder,,,10:12 PM
BYJrAf1KGmy7FDnP,3,kill,39:17,2357,112441,Tazavesh: Streets of Wonder,,,9:31 PM
BYJrAf1KGmy7FDnP,1,wipe,18:05,1085,112441,Tazavesh: Streets of Wonder,,,8:42 PM
BYJrAf1KGmy7FDnP,2,wipe,15:28,928,112441,Tazavesh: Streets of Wonder,,,9:15 PM
BYJrAf1KGmy7FDnP,,kill,24:52,1492,112442,Tazavesh: So'leah's Gambit,12,Tyrannical,10:55 PM
w6mPxkCtVGH9AXyW,1,kill,31:43,1903,62287,Halls of Atonement,,,7:02 PM
w6mPxkCtVGH9AXyW,20,kill,21:09,1269,62287,Halls of Atonement,,,9:22 PM
w6mPxkCtVGH9AXyW,4,kill,31:53,1913,112442,Tazavesh: So'leah's Gambit,,,8:00 PM
w6mPxkCtVGH9AXyW,3,wipe,15:34,934,112442,Tazavesh: So'leah's Gambit,,,7:44 PM
w6mPxkCtVGH9AXyW,21,wipe,3:00,180,112442,Tazavesh: So'leah's Gambit,,,9:54 PM
kgHcxJPCw2vRN9QK,2,kill,46:23,2783,112441,Tazavesh: Streets of Wonder,,,6:46 PM
kgHcxJPCw2vRN9QK,4,kill,33:22,2002,112441,Tazavesh: Streets of Wonder,,,8:14 PM
kgHcxJPCw2vRN9QK,1,wipe,9:28,568,112441,Tazavesh: Streets of Wonder,,,6:37 PM
kgHcxJPCw2vRN9QK,,kill,30:43,1843,112442,Tazavesh: So'leah's Gambit,15,Tyrannical,7:35 PM
HNJ7FxZy1YdTCwbv,4,kill,21:54,1314,112442,Tazavesh: So'leah's Gambit,,,3:28 PM
HNJ7FxZy1YdTCwbv,31,kill,31:18,1878,112442,Tazavesh: So'leah's Gambit,,,8:15 PM
HNJ7FxZy1YdTCwbv,2,wipe,1:36,96,112442,Tazavesh: So'leah's Gambit,,,3:17 PM
HNJ7FxZy1YdTCwbv,29,wipe,20:17,1217,112442,Tazavesh: So'leah's Gambit,,,7:42 PM
HNJ7FxZy1YdTCwbv,30,wipe,12:22,742,112442,Tazavesh: So'leah's Gambit,,,8:03 PM
HNJ7FxZy1YdTCwbv,3,wipe,8:36,516,112441,Tazavesh: Streets of Wonder,,,3:19 PM
HNJ7FxZy1YdTCwbv,8,wipe,18:35,1115,112441,Tazavesh: Streets of Wonder,,,4:36 PM
HNJ7FxZy1YdTCwbv,9,wipe,10:42,642,112441,Tazavesh: Streets of Wonder,,,4:54 PM
HNJ7FxZy1YdTCwbv,10,wipe,14:06,846,112441,Tazavesh: Streets of Wonder,,,5:05 PM
HNJ7FxZy1YdTCwbv,6,kill,30:46,1846,62287,Halls of Atonement,,,3:58 PM
HNJ7FxZy1YdTCwbv,13,kill,31:25,1885,62287,Halls of Atonement,,,5:32 PM
HNJ7FxZy1YdTCwbv,28,kill,31:43,1903,62287,Halls of Atonement,,,6:59 PM
HNJ7FxZy1YdTCwbv,11,wipe,2:12,132,62287,Halls of Atonement,,,5:24 PM
HNJ7FxZy1YdTCwbv,12,wipe,5:11,311,62287,Halls of Atonement,,,5:26 PM
HNJ7FxZy1YdTCwbv,17,wipe,9:07,547,62287,Halls of Atonement,,,6:10 PM
HNJ7FxZy1YdTCwbv,18,wipe,2:09,129,62287,Halls of Atonement,,,6:19 PM
HNJ7FxZy1YdTCwbv,19,wipe,2:54,174,62287,Halls of Atonement,,,6:22 PM
HNJ7FxZy1YdTCwbv,20,wipe,2:48,168,62287,Halls of Atonement,,,6:25 PM
HNJ7FxZy1YdTCwbv,21,wipe,2:24,144,62287,Halls of Atonement,,,6:27 PM
HNJ7FxZy1YdTCwbv,22,wipe,4:18,258,62287,Halls of Atonement,,,6:30 PM
HNJ7FxZy1YdTCwbv,23,wipe,0:51,51,62287,Halls of Atonement,,,6:34 PM
HNJ7FxZy1YdTCwbv,25,wipe,14:57,897,62287,Halls of Atonement,,,6:41 PM
8LWDhmNfTa7XMAV2,4,kill,17:45,1065,112442,Tazavesh: So'leah's Gambit,,,6:43 PM
8LWDhmNfTa7XMAV2,1,wipe,14:41,881,112442,Tazavesh: So'leah's Gambit,,,5:45 PM
8LWDhmNfTa7XMAV2,3,wipe,9:17,557,112442,Tazavesh: So'leah's Gambit,,,6:34 PM
8LWDhmNfTa7XMAV2,2,wipe,16:50,1010,62287,Halls of Atonement,,,6:09 PM
8LWDhmNfTa7XMAV2,7,wipe,1:15,75,62287,Halls of Atonement,,,8:03 PM
kacVmd6KCnz1p8fL,3,kill,47:11,2831,62287,Halls of Atonement,,,2:52 PM
kacVmd6KCnz1p8fL,11,kill,35:21,2121,62287,Halls of Atonement,,,6:59 PM
kacVmd6KCnz1p8fL,1,wipe,9:58,598,62287,Halls of Atonement,,,2:36 PM
kacVmd6KCnz1p8fL,2,wipe,5:56,356,62287,Halls of Atonement,,,2:46 PM
kacVmd6KCnz1p8fL,4,kill,1:03:07,3787,112442,Tazavesh: So'leah's Gambit,,,4:00 PM
kacVmd6KCnz1p8fL,8,kill,26:26,1586,112442,Tazavesh: So'leah's Gambit,,,5:28 PM
kacVmd6KCnz1p8fL,6,wipe,23:37,1417,112442,Tazavesh: So'leah's Gambit,,,5:03 PM
kacVmd6KCnz1p8fL,9,kill,34:25,2065,112441,Tazavesh: Streets of Wonder,,,5:59 PM
kacVmd6KCnz1p8fL,12,kill,36:19,2179,112441,Tazavesh: Streets of Wonder,,,7:38 PM
kacVmd6KCnz1p8fL,7,wipe,1:05,65,112441,Tazavesh: Streets of Wonder,,,5:27 PM
kzAKMVJhb23DfpL4,9,kill,26:20,1580,112442,Tazavesh: So'leah's Gambit,,,6:01 PM
kzAKMVJhb23DfpL4,12,kill,24:00,1440,112442,Tazavesh: So'leah's Gambit,,,6:46 PM
kzAKMVJhb23DfpL4,2,wipe,4:24,264,112442,Tazavesh: So'leah's Gambit,,,4:19 PM
kzAKMVJhb23DfpL4,3,wipe,27:21,1641,112442,Tazavesh: So'leah's Gambit,,,4:23 PM
kzAKMVJhb23DfpL4,4,wipe,18:08,1088,112442,Tazavesh: So'leah's Gambit,,,4:51 PM
kzAKMVJhb23DfpL4,5,wipe,7:03,423,112442,Tazavesh: So'leah's Gambit,,,5:09 PM
kzAKMVJhb23DfpL4,6,wipe,24:31,1471,112442,Tazavesh: So'leah's Gambit,,,5:16 PM
kzAKMVJhb23DfpL4,7,wipe,5:58,358,112442,Tazavesh: So'leah's Gambit,,,5:40 PM
kzAKMVJhb23DfpL4,8,wipe,14:51,891,112442,Tazavesh: So'leah's Gambit,,,5:46 PM
kzAKMVJhb23DfpL4,15,kill,34:32,2072,62287,Halls of Atonement,,,7:28 PM
kzAKMVJhb23DfpL4,14,wipe,3:08,188,62287,Halls of Atonement,,,7:24 PM
qZGW6xYF4QL2CRAT,5,kill,49:51,2991,112442,Tazavesh: So'leah's Gambit,,,3:26 AM
qZGW6xYF4QL2CRAT,1,wipe,2:24,144,112442,Tazavesh: So'leah's Gambit,,,1:29 AM
qZGW6xYF4QL2CRAT,3,kill,30:47,1847,62287,Halls of Atonement,,,1:47 AM
qZGW6xYF4QL2CRAT,2,wipe,5:51,351,62287,Halls of Atonement,,,1:34 AM
8kw6Kbv1hVadCXqF,,kill,34:54,2094,112442,Tazavesh: So'leah's Gambit,12,Tyrannical,11:28 AM
abc1NLXwP7rpGHtk,,kill,23:04,1384,112442,Tazavesh: So'leah's Gambit,12,,1:27 PM
abc1NLXwP7rpGHtk,,wipe,1:41,101,62287,Halls of Atonement,12,Fortified,2:02 PM
PXr8jNfQdJ7Z6Gkh,,kill,22:42,1362,112442,Tazavesh: So'leah's Gambit,12,Fortified,11:17 AM
PXr8jNfQdJ7Z6Gkh,,kill,28:59,1739,112441,Tazavesh: Streets of Wonder,12,Fortified,12:19 PM
rC3tKLkmJNTRaQj1,1,wipe,14:54,894,62287,Halls of Atonement,,,12:57 PM
rC3tKLkmJNTRaQj1,2,wipe,24:53,1493,62287,Halls of Atonement,,,1:16 PM
rC3tKLkmJNTRaQj1,3,wipe,30:20,1820,62287,Halls of Atonement,,,1:45 PM
rC3tKLkmJNTRaQj1,,kill,19:51,1191,112442,Tazavesh: So'leah's Gambit,10,Xal'atath's Bargain: Pulsar,2:43 PM
nvAxgkbNq6MpTycY,3,kill,20:13,1213,112442,Tazavesh: So'leah's Gambit,,,5:25 AM
nvAxgkbNq6MpTycY,1,wipe,13:19,799,112442,Tazavesh: So'leah's Gambit,,,5:04 AM
nvAxgkbNq6MpTycY,2,wipe,7:34,454,112442,Tazavesh: So'leah's Gambit,,,5:17 AM
TpYLVzXh6tBMNmQP,1,wipe,0:54,54,62287,Halls of Atonement,,,10:09 PM
TpYLVzXh6tBMNmQP,2,wipe,4:22,262,62287,Halls of Atonement,,,10:13 PM
TpYLVzXh6tBMNmQP,3,wipe,35:56,2156,62287,Halls of Atonement,,,10:18 PM
TpYLVzXh6tBMNmQP,5,kill,33:20,2000,112442,Tazavesh: So'leah's Gambit,,,11:23 PM
TpYLVzXh6tBMNmQP,4,wipe,16:35,995,112442,Tazavesh: So'leah's Gambit,,,11:07 PM
gpGYV6yC9kZwhtcX,,kill,24:14,1454,112442,Tazavesh: So'leah's Gambit,12,Fortified,2:44 AM
h9Qb6yw2mXYJpn8B,,kill,34:51,2091,112441,Tazavesh: Streets of Wonder,10,,5:57 PM
h9Qb6yw2mXYJpn8B,2,kill,25:55,1555,112442,Tazavesh: So'leah's Gambit,,,6:40 PM
h9Qb6yw2mXYJpn8B,3,kill,14:04,844,112442,Tazavesh: So'leah's Gambit,,,7:15 PM
h9Qb6yw2mXYJpn8B,4,wipe,15:26,926,112442,Tazavesh: So'leah's Gambit,,,7:40 PM
PV1Lz9HWtxnCDJ3h,1,wipe,0:00,0,112442,Tazavesh: So'leah's Gambit,,,7:58 AM
PV1Lz9HWtxnCDJ3h,2,wipe,0:00,0,112442,Tazavesh: So'leah's Gambit,,,8:03 AM
PV1Lz9HWtxnCDJ3h,3,wipe,7:29,449,112442,Tazavesh: So'leah's Gambit,,,8:09 AM
PV1Lz9HWtxnCDJ3h,4,wipe,4:58,298,112442,Tazavesh: So'leah's Gambit,,,8:17 AM
PV1Lz9HWtxnCDJ3h,5,wipe,4:57,297,112442,Tazavesh: So'leah's Gambit,,,8:22 AM
PV1Lz9HWtxnCDJ3h,6,wipe,5:52,352,112442,Tazavesh: So'leah's Gambit,,,9:20 AM
PV1Lz9HWtxnCDJ3h,7,wipe,10:11,611,112442,Tazavesh: So'leah's Gambit,,,9:26 AM
PV1Lz9HWtxnCDJ3h,8,wipe,6:41,401,112442,Tazavesh: So'leah's Gambit,,,9:36 AM
rQRHqL3hkcfa87Gm,,kill,34:28,2068,112442,Tazavesh: So'leah's Gambit,12,Fortified,9:43 PM
JawMvzXpQc1Gftk2,,kill,34:28,2068,112442,Tazavesh: So'leah's Gambit,12,Fortified,9:43 PM
kbQLKjR3Wrz6Jx17,7,kill,31:22,1882,62287,Halls of Atonement,,,7:06 PM
kbQLKjR3Wrz6Jx17,1,wipe,1:27,87,62287,Halls of Atonement,,,5:20 PM
kbQLKjR3Wrz6Jx17,2,wipe,9:13,553,62287,Halls of Atonement,,,5:21 PM
kbQLKjR3Wrz6Jx17,6,wipe,7:43,463,62287,Halls of Atonement,,,6:58 PM
kbQLKjR3Wrz6Jx17,4,wipe,22:26,1346,112441,Tazavesh: Streets of Wonder,,,5:53 PM
kbQLKjR3Wrz6Jx17,5,wipe,3:57,237,112441,Tazavesh: Streets of Wonder,,,6:17 PM
kbQLKjR3Wrz6Jx17,,kill,23:49,1429,112442,Tazavesh: So'leah's Gambit,14,,7:44 PM
QWtkDzGwXN6aMBjc,,wipe,18:07,1087,112441,Tazavesh: Streets of Wonder,12,Fortified,5:09 PM
QWtkDzGwXN6aMBjc,,kill,28:49,1729,112442,Tazavesh: So'leah's Gambit,12,Fortified,5:38 PM
QWtkDzGwXN6aMBjc,16,wipe,2:05,125,62287,Halls of Atonement,,,6:29 PM
QWtkDzGwXN6aMBjc,17,wipe,12:49,769,62287,Halls of Atonement,,,6:31 PM
69JNXQ4wCdm7Fkyh,,wipe,18:07,1087,112441,Tazavesh: Streets of Wonder,12,Fortified,5:09 PM
69JNXQ4wCdm7Fkyh,,kill,28:49,1729,112442,Tazavesh: So'leah's Gambit,12,Fortified,5:38 PM
qycYfCW32FkAdTrQ,18,kill,30:37,1837,112441,Tazavesh: Streets of Wonder,,,4:23 PM
qycYfCW32FkAdTrQ,16,wipe,4:03,243,112441,Tazavesh: Streets of Wonder,,,3:58 PM
qycYfCW32FkAdTrQ,17,wipe,21:02,1262,112441,Tazavesh: Streets of Wonder,,,4:02 PM
qycYfCW32FkAdTrQ,21,kill,29:04,1744,62287,Halls of Atonement,,,5:13 PM
qycYfCW32FkAdTrQ,20,wipe,12:32,752,62287,Halls of Atonement,,,5:01 PM
qycYfCW32FkAdTrQ,22,wipe,6:55,415,112442,Tazavesh: So'leah's Gambit,,,5:47 PM
qycYfCW32FkAdTrQ,23,wipe,9:12,552,112442,Tazavesh: So'leah's Gambit,,,5:54 PM
qycYfCW32FkAdTrQ,24,wipe,6:50,410,112442,Tazavesh: So'leah's Gambit,,,6:03 PM
rx9z7VWvfKAYqDwj,1,kill,30:35,1835,62287,Halls of Atonement,,,1:03 PM
rx9z7VWvfKAYqDwj,8,wipe,8:36,516,62287,Halls of Atonement,,,4:35 PM
rx9z7VWvfKAYqDwj,9,wipe,6:38,398,62287,Halls of Atonement,,,4:44 PM
rx9z7VWvfKAYqDwj,10,wipe,9:24,564,62287,Halls of Atonement,,,4:51 PM
rx9z7VWvfKAYqDwj,11,wipe,21:22,1282,62287,Halls of Atonement,,,5:00 PM
rx9z7VWvfKAYqDwj,12,wipe,15:16,916,62287,Halls of Atonement,,,5:30 PM
rx9z7VWvfKAYqDwj,4,kill,29:28,1768,112441,Tazavesh: Streets of Wonder,,,2:58 PM
rx9z7VWvfKAYqDwj,2,wipe,19:30,1170,112441,Tazavesh: Streets of Wonder,,,1:59 PM
rx9z7VWvfKAYqDwj,6,kill,33:24,2004,112442,Tazavesh: So'leah's Gambit,,,3:40 PM
rx9z7VWvfKAYqDwj,3,wipe,5:11,311,112442,Tazavesh: So'leah's Gambit,,,2:19 PM
rx9z7VWvfKAYqDwj,5,wipe,4:08,248,112442,Tazavesh: So'leah's Gambit,,,3:36 PM
bLcGtmJF4xDYv83d,,kill,22:44,1364,112442,Tazavesh: So'leah's Gambit,12,Tyrannical,4:14 PM
j3z7xq4HaVBW1Mfr,,kill,25:27,1527,112442,Tazavesh: So'leah's Gambit,14,Tyrannical,3:53 PM
cDn6QK7ztZMBbghk,2,kill,22:37,1357,112442,Tazavesh: So'leah's Gambit,,,2:48 PM
cDn6QK7ztZMBbghk,1,wipe,8:54,534,112442,Tazavesh: So'leah's Gambit,,,2:39 PM
gHDVBkzvGmRATdbJ,,wipe,28:13,1693,112442,Tazavesh: So'leah's Gambit,15,,8:02 AM
gHDVBkzvGmRATdbJ,3,kill,27:47,1667,112441,Tazavesh: Streets of Wonder,,,9:00 AM
gHDVBkzvGmRATdbJ,2,wipe,30:30,1830,112441,Tazavesh: Streets of Wonder,,,8:30 AM
gHDVBkzvGmRATdbJ,,kill,24:06,1446,62287,Halls of Atonement,13,,9:31 AM
3cCxn7jfHXtbFZL6,2,kill,48:26,2906,62287,Halls of Atonement,,,7:24 AM
3cCxn7jfHXtbFZL6,8,kill,40:43,2443,62287,Halls of Atonement,,,9:37 AM
3cCxn7jfHXtbFZL6,,kill,37:27,2247,112441,Tazavesh: Streets of Wonder,15,Tyrannical,8:16 AM
3cCxn7jfHXtbFZL6,,kill,30:14,1814,112442,Tazavesh: So'leah's Gambit,15,Tyrannical,9:04 AM
mTcpDHb9AGYRCxV1,,kill,32:48,1968,112442,Tazavesh: So'leah's Gambit,14,Tyrannical,7:49 AM
mTcpDHb9AGYRCxV1,,wipe,24:22,1462,62287,Halls of Atonement,12,Tyrannical,8:51 AM
mTcpDHb9AGYRCxV1,,kill,35:34,2134,112441,Tazavesh: Streets of Wonder,12,Fortified,9:26 AM
CjwzthFVBHqn7xGr,2,kill,30:41,1841,112442,Tazavesh: So'leah's Gambit,,,3:22 AM
CjwzthFVBHqn7xGr,28,kill,29:08,1748,112442,Tazavesh: So'leah's Gambit,,,6:12 AM
CjwzthFVBHqn7xGr,29,kill,31:09,1869,112442,Tazavesh: So'leah's Gambit,,,6:54 AM
CjwzthFVBHqn7xGr,1,wipe,25:15,1515,112442,Tazavesh: So'leah's Gambit,,,2:57 AM
CjwzthFVBHqn7xGr,27,wipe,2:07,127,112442,Tazavesh: So'leah's Gambit,,,6:10 AM
CjwzthFVBHqn7xGr,7,kill,28:01,1681,62287,Halls of Atonement,,,4:03 AM
CjwzthFVBHqn7xGr,33,kill,27:15,1635,62287,Halls of Atonement,,,8:02 AM
CjwzthFVBHqn7xGr,3,wipe,1:49,109,62287,Halls of Atonement,,,3:55 AM
CjwzthFVBHqn7xGr,4,wipe,2:26,146,62287,Halls of Atonement,,,3:56 AM
CjwzthFVBHqn7xGr,5,wipe,2:30,150,62287,Halls of Atonement,,,3:59 AM
CjwzthFVBHqn7xGr,6,wipe,1:36,96,62287,Halls of Atonement,,,4:01 AM
CjwzthFVBHqn7xGr,30,wipe,5:23,323,62287,Halls of Atonement,,,7:34 AM
CjwzthFVBHqn7xGr,31,wipe,4:09,249,62287,Halls of Atonement,,,7:40 AM
CjwzthFVBHqn7xGr,32,wipe,18:25,1105,62287,Halls of Atonement,,,7:44 AM
CjwzthFVBHqn7xGr,8,wipe,2:50,170,112441,Tazavesh: Streets of Wonder,,,4:59 AM
CjwzthFVBHqn7xGr,9,wipe,2:27,147,112441,Tazavesh: Streets of Wonder,,,5:01 AM
CjwzthFVBHqn7xGr,10,wipe,2:03,123,112441,Tazavesh: Streets of Wonder,,,5:04 AM
CjwzthFVBHqn7xGr,11,wipe,1:55,115,112441,Tazavesh: Streets of Wonder,,,5:06 AM
CjwzthFVBHqn7xGr,12,wipe,3:11,191,112441,Tazavesh: Streets of Wonder,,,5:08 AM
CjwzthFVBHqn7xGr,13,wipe,2:02,122,112441,Tazavesh: Streets of Wonder,,,5:11 AM
CjwzthFVBHqn7xGr,14,wipe,6:36,396,112441,Tazavesh: Streets of Wonder,,,5:13 AM
CjwzthFVBHqn7xGr,15,wipe,3:20,200,112441,Tazavesh: Streets of Wonder,,,5:20 AM
CjwzthFVBHqn7xGr,16,wipe,2:19,139,112441,Tazavesh: Streets of Wonder,,,5:23 AM
CjwzthFVBHqn7xGr,17,wipe,2:34,154,112441,Tazavesh: Streets of Wonder,,,5:25 AM
CjwzthFVBHqn7xGr,18,wipe,1:12,72,112441,Tazavesh: Streets of Wonder,,,5:28 AM
CjwzthFVBHqn7xGr,19,wipe,7:02,422,112441,Tazavesh: Streets of Wonder,,,5:29 AM
CjwzthFVBHqn7xGr,20,wipe,1:36,96,112441,Tazavesh: Streets of Wonder,,,5:36 AM
CjwzthFVBHqn7xGr,21,wipe,7:53,473,112441,Tazavesh: Streets of Wonder,,,5:38 AM
CjwzthFVBHqn7xGr,23,wipe,2:03,123,112441,Tazavesh: Streets of Wonder,,,5:50 AM
CjwzthFVBHqn7xGr,24,wipe,4:08,248,112441,Tazavesh: Streets of Wonder,,,5:52 AM
CjwzthFVBHqn7xGr,25,wipe,2:56,176,112441,Tazavesh: Streets of Wonder,,,5:57 AM
CjwzthFVBHqn7xGr,26,wipe,10:31,631,112441,Tazavesh: Streets of Wonder,,,6:00 AM
CjwzthFVBHqn7xGr,,wipe,4:47,287,112441,Tazavesh: Streets of Wonder,15,Tyrannical,5:46 AM
AhR7y9aPgZGpxDFz,1,kill,40:10,2410,112441,Tazavesh: Streets of Wonder,,,12:04 AM
AhR7y9aPgZGpxDFz,5,kill,36:05,2165,112441,Tazavesh: Streets of Wonder,,,2:25 AM
AhR7y9aPgZGpxDFz,2,wipe,26:37,1597,112441,Tazavesh: Streets of Wonder,,,12:48 AM
AhR7y9aPgZGpxDFz,,kill,22:19,1339,112442,Tazavesh: So'leah's Gambit,15,Tyrannical,1:20 AM
AhR7y9aPgZGpxDFz,,kill,33:49,2029,62287,Halls of Atonement,15,Tyrannical,1:45 AM
6mJHaMjpg7h8ADvC,,wipe,36:29,2189,62287,Halls of Atonement,14,Tyrannical,12:59 AM
6mJHaMjpg7h8ADvC,,kill,26:34,1594,112442,Tazavesh: So'leah's Gambit,12,Tyrannical,1:48 AM
6mJHaMjpg7h8ADvC,,kill,30:26,1826,112441,Tazavesh: Streets of Wonder,12,,2:19 AM
nLJj4ph2Nz9VrMfR,1,kill,35:28,2128,112441,Tazavesh: Streets of Wonder,,,5:42 PM
nLJj4ph2Nz9VrMfR,51,wipe,29:44,1784,112441,Tazavesh: Streets of Wonder,,,11:59 PM
nLJj4ph2Nz9VrMfR,52,wipe,19:21,1161,112441,Tazavesh: Streets of Wonder,,,12:29 AM
nLJj4ph2Nz9VrMfR,57,wipe,3:51,231,112441,Tazavesh: Streets of Wonder,,,1:55 AM
nLJj4ph2Nz9VrMfR,58,wipe,9:48,588,112441,Tazavesh: Streets of Wonder,,,1:59 AM
nLJj4ph2Nz9VrMfR,2,kill,26:59,1619,112442,Tazavesh: So'leah's Gambit,,,6:22 PM
nLJj4ph2Nz9VrMfR,3,wipe,23:53,1433,112442,Tazavesh: So'leah's Gambit,,,7:02 PM
nLJj4ph2Nz9VrMfR,55,kill,33:10,1990,62287,Halls of Atonement,,,1:17 AM
nLJj4ph2Nz9VrMfR,5,wipe,3:24,204,62287,Halls of Atonement,,,7:41 PM
nLJj4ph2Nz9VrMfR,6,wipe,3:57,237,62287,Halls of Atonement,,,7:45 PM
nLJj4ph2Nz9VrMfR,7,wipe,40:29,2429,62287,Halls of Atonement,,,7:49 PM
nLJj4ph2Nz9VrMfR,53,wipe,6:06,366,62287,Halls of Atonement,,,1:01 AM
nLJj4ph2Nz9VrMfR,54,wipe,1:46,106,62287,Halls of Atonement,,,1:07 AM
QJZKkPWLBYAzpRFC,,kill,24:58,1498,112442,Tazavesh: So'leah's Gambit,15,Tyrannical,6:44 PM
QJZKkPWLBYAzpRFC,4,kill,34:32,2072,62287,Halls of Atonement,,,7:27 PM
QJZKkPWLBYAzpRFC,2,wipe,8:34,514,62287,Halls of Atonement,,,7:16 PM
QJZKkPWLBYAzpRFC,3,wipe,3:08,188,62287,Halls of Atonement,,,7:24 PM
QJZKkPWLBYAzpRFC,38,wipe,19:49,1189,62287,Halls of Atonement,,,12:41 AM
QJZKkPWLBYAzpRFC,39,wipe,1:37,97,62287,Halls of Atonement,,,1:01 AM
QJZKkPWLBYAzpRFC,37,kill,27:28,1648,112441,Tazavesh: Streets of Wonder,,,12:08 AM
QJZKkPWLBYAzpRFC,6,wipe,3:24,204,112441,Tazavesh: Streets of Wonder,,,8:14 PM
QJZKkPWLBYAzpRFC,7,wipe,17:58,1078,112441,Tazavesh: Streets of Wonder,,,8:17 PM
wdXTJh4gDHZqLr91,,kill,19:49,1189,112442,Tazavesh: So'leah's Gambit,12,Tyrannical,11:25 PM
wdXTJh4gDHZqLr91,,kill,34:03,2043,62287,Halls of Atonement,12,Tyrannical,11:51 PM
wF2gTq9C8X6dNDZ3,,kill,37:45,2265,112442,Tazavesh: So'leah's Gambit,12,Tyrannical,11:41 PM
W7VR9kBpQNw8DXjr,1,kill,51:39,3099,112442,Tazavesh: So'leah's Gambit,,,4:00 AM
W7VR9kBpQNw8DXjr,2,kill,46:04,2764,112442,Tazavesh: So'leah's Gambit,,,5:15 AM
kxAq4TXNtyJfMnHb,,kill,25:06,1506,112442,Tazavesh: So'leah's Gambit,10,Xal'atath's Bargain: Pulsar,8:08 PM
AKQ8L4vYB3mXjFGw,,kill,26:59,1619,112442,Tazavesh: So'leah's Gambit,14,Tyrannical,6:22 PM
QCy19KdJ84BaRw7F,,wipe,31:27,1887,62287,Halls of Atonement,12,Tyrannical,7:08 PM
QCy19KdJ84BaRw7F,,kill,36:24,2184,112442,Tazavesh: So'leah's Gambit,12,Tyrannical,7:50 PM
JNhCmP8TV9dLr26j,2,kill,25:37,1537,112441,Tazavesh: Streets of Wonder,,,3:14 PM
JNhCmP8TV9dLr26j,12,kill,34:41,2081,112441,Tazavesh: Streets of Wonder,,,6:36 PM
JNhCmP8TV9dLr26j,1,wipe,7:53,473,112441,Tazavesh: Streets of Wonder,,,3:06 PM
JNhCmP8TV9dLr26j,10,wipe,18:21,1101,112441,Tazavesh: Streets of Wonder,,,6:12 PM
JNhCmP8TV9dLr26j,11,wipe,6:02,362,112441,Tazavesh: Streets of Wonder,,,6:30 PM
JNhCmP8TV9dLr26j,5,kill,36:21,2181,112442,Tazavesh: So'leah's Gambit,,,3:57 PM
JNhCmP8TV9dLr26j,6,kill,24:14,1454,112442,Tazavesh: So'leah's Gambit,,,4:38 PM
JNhCmP8TV9dLr26j,,kill,27:01,1621,62287,Halls of Atonement,15,Tyrannical,5:11 PM
wPtT9f7aLFjCdyWM,2,kill,25:37,1537,112441,Tazavesh: Streets of Wonder,,,3:14 PM
wPtT9f7aLFjCdyWM,1,wipe,7:53,473,112441,Tazavesh: Streets of Wonder,,,3:06 PM
wPtT9f7aLFjCdyWM,5,kill,36:21,2181,112442,Tazavesh: So'leah's Gambit,,,3:57 PM
wPtT9f7aLFjCdyWM,6,kill,24:14,1454,112442,Tazavesh: So'leah's Gambit,,,4:38 PM
wPtT9f7aLFjCdyWM,,kill,27:01,1621,62287,Halls of Atonement,15,Tyrannical,5:11 PM
aQXkVpY1LnKtRhDw,,kill,27:07,1627,112442,Tazavesh: So'leah's Gambit,18,Fortified,4:13 PM
m7cd9bD2X3RtFy6x,24,kill,33:04,1984,62287,Halls of Atonement,,,12:18 PM
m7cd9bD2X3RtFy6x,1,wipe,3:02,182,62287,Halls of Atonement,,,5:37 AM
m7cd9bD2X3RtFy6x,2,wipe,3:02,182,62287,Halls of Atonement,,,5:40 AM
m7cd9bD2X3RtFy6x,3,wipe,5:34,334,62287,Halls of Atonement,,,5:43 AM
m7cd9bD2X3RtFy6x,4,wipe,10:43,643,62287,Halls of Atonement,,,5:48 AM
m7cd9bD2X3RtFy6x,13,wipe,3:59,239,62287,Halls of Atonement,,,10:09 AM
m7cd9bD2X3RtFy6x,14,wipe,4:06,246,62287,Halls of Atonement,,,10:13 AM
m7cd9bD2X3RtFy6x,15,wipe,4:07,247,62287,Halls of Atonement,,,10:17 AM
m7cd9bD2X3RtFy6x,16,wipe,1:37,97,62287,Halls of Atonement,,,10:22 AM
m7cd9bD2X3RtFy6x,19,wipe,3:33,213,62287,Halls of Atonement,,,11:29 AM
m7cd9bD2X3RtFy6x,20,wipe,2:03,123,62287,Halls of Atonement,,,11:33 AM
m7cd9bD2X3RtFy6x,21,wipe,8:09,489,62287,Halls of Atonement,,,11:35 AM
m7cd9bD2X3RtFy6x,22,wipe,4:39,279,62287,Halls of Atonement,,,11:53 AM
m7cd9bD2X3RtFy6x,23,wipe,15:40,940,62287,Halls of Atonement,,,11:57 AM
m7cd9bD2X3RtFy6x,7,kill,35:27,2127,112441,Tazavesh: Streets of Wonder,,,6:55 AM
m7cd9bD2X3RtFy6x,10,kill,42:22,2542,112441,Tazavesh: Streets of Wonder,,,8:42 AM
m7cd9bD2X3RtFy6x,12,kill,25:39,1539,112441,Tazavesh: Streets of Wonder,,,9:32 AM
m7cd9bD2X3RtFy6x,18,kill,32:40,1960,112441,Tazavesh: Streets of Wonder,,,10:53 AM
m7cd9bD2X3RtFy6x,5,wipe,6:40,400,112441,Tazavesh: Streets of Wonder,,,6:28 AM
m7cd9bD2X3RtFy6x,6,wipe,20:44,1244,112441,Tazavesh: Streets of Wonder,,,6:34 AM
m7cd9bD2X3RtFy6x,11,wipe,3:19,199,112441,Tazavesh: Streets of Wonder,,,9:29 AM
m7cd9bD2X3RtFy6x,17,wipe,25:59,1559,112441,Tazavesh: Streets of Wonder,,,10:27 AM
m7cd9bD2X3RtFy6x,9,kill,34:37,2077,112442,Tazavesh: So'leah's Gambit,,,8:03 AM
m7cd9bD2X3RtFy6x,8,wipe,26:57,1617,112442,Tazavesh: So'leah's Gambit,,,7:36 AM
cYwLVCvAKydN1q9Q,2,kill,21:30,1290,112442,Tazavesh: So'leah's Gambit,,,11:22 AM
cYwLVCvAKydN1q9Q,5,kill,31:12,1872,112442,Tazavesh: So'leah's Gambit,,,11:53 AM
cYwLVCvAKydN1q9Q,1,wipe,4:56,296,112442,Tazavesh: So'leah's Gambit,,,11:17 AM
cYwLVCvAKydN1q9Q,3,wipe,0:00,0,112442,Tazavesh: So'leah's Gambit,,,11:45 AM
cYwLVCvAKydN1q9Q,4,wipe,4:29,269,112442,Tazavesh: So'leah's Gambit,,,11:48 AM
VCgAWXrNGY9QBzRy,4,kill,39:28,2368,62287,Halls of Atonement,,,11:13 AM
VCgAWXrNGY9QBzRy,1,wipe,3:55,235,62287,Halls of Atonement,,,10:55 AM
VCgAWXrNGY9QBzRy,3,wipe,9:36,576,62287,Halls of Atonement,,,11:03 AM
VCgAWXrNGY9QBzRy,,wipe,6:23,383,112442,Tazavesh: So'leah's Gambit,12,Fortified,11:49 AM
VCgAWXrNGY9QBzRy,6,wipe,6:29,389,112441,Tazavesh: Streets of Wonder,,,11:55 AM
VCgAWXrNGY9QBzRy,7,wipe,4:05,245,112441,Tazavesh: Streets of Wonder,,,12:03 PM
VCgAWXrNGY9QBzRy,8,wipe,16:23,983,112441,Tazavesh: Streets of Wonder,,,12:09 PM
Nt68rXzaLDb4Cqwh,2,kill,44:53,2693,62287,Halls of Atonement,,,12:11 AM
Nt68rXzaLDb4Cqwh,9,kill,36:32,2192,62287,Halls of Atonement,,,4:27 AM
Nt68rXzaLDb4Cqwh,12,kill,53:07,3187,62287,Halls of Atonement,,,5:47 AM
Nt68rXzaLDb4Cqwh,1,wipe,6:15,375,62287,Halls of Atonement,,,12:05 AM
Nt68rXzaLDb4Cqwh,10,wipe,28:18,1698,62287,Halls of Atonement,,,5:08 AM
Nt68rXzaLDb4Cqwh,11,wipe,3:27,207,62287,Halls of Atonement,,,5:44 AM
Nt68rXzaLDb4Cqwh,5,kill,23:51,1431,112442,Tazavesh: So'leah's Gambit,,,3:03 AM
Nt68rXzaLDb4Cqwh,8,kill,30:35,1835,112442,Tazavesh: So'leah's Gambit,,,3:53 AM
Nt68rXzaLDb4Cqwh,3,wipe,16:37,997,112442,Tazavesh: So'leah's Gambit,,,2:21 AM
Nt68rXzaLDb4Cqwh,4,wipe,25:51,1551,112442,Tazavesh: So'leah's Gambit,,,2:38 AM
Nt68rXzaLDb4Cqwh,6,wipe,12:20,740,112442,Tazavesh: So'leah's Gambit,,,3:30 AM
Nt68rXzaLDb4Cqwh,,wipe,10:21,621,112441,Tazavesh: Streets of Wonder,12,,3:42 AM
pj1QJTd9qtMFP3B6,,kill,35:19,2119,112442,Tazavesh: So'leah's Gambit,12,Fortified,7:52 AM
pj1QJTd9qtMFP3B6,,kill,31:33,1893,62287,Halls of Atonement,12,,8:31 AM
yM8QDCzfZNmpvrBj,,kill,36:21,2181,112442,Tazavesh: So'leah's Gambit,14,Fortified,8:49 AM
kdAY98gnr4Kvfpaw,1,wipe,7:56,476,112442,Tazavesh: So'leah's Gambit,,,5:36 AM
kdAY98gnr4Kvfpaw,2,wipe,18:21,1101,112442,Tazavesh: So'leah's Gambit,,,5:44 AM
kdAY98gnr4Kvfpaw,4,kill,28:26,1706,112441,Tazavesh: Streets of Wonder,,,7:49 AM
kdAY98gnr4Kvfpaw,3,wipe,47:12,2832,112441,Tazavesh: Streets of Wonder,,,7:02 AM
WVjnJXMKAryPa9F6,6,kill,39:15,2355,62287,Halls of Atonement,,,2:58 AM
WVjnJXMKAryPa9F6,11,kill,37:03,2223,62287,Halls of Atonement,,,4:54 AM
WVjnJXMKAryPa9F6,1,wipe,36:42,2202,62287,Halls of Atonement,,,10:53 PM
WVjnJXMKAryPa9F6,2,kill,37:09,2229,112442,Tazavesh: So'leah's Gambit,,,12:44 AM
WVjnJXMKAryPa9F6,9,kill,24:45,1485,112442,Tazavesh: So'leah's Gambit,,,4:10 AM
WVjnJXMKAryPa9F6,8,wipe,24:19,1459,112442,Tazavesh: So'leah's Gambit,,,3:46 AM
WVjnJXMKAryPa9F6,5,kill,39:10,2350,112441,Tazavesh: Streets of Wonder,,,2:03 AM
WVjnJXMKAryPa9F6,3,wipe,9:10,550,112441,Tazavesh: Streets of Wonder,,,1:43 AM
WVjnJXMKAryPa9F6,4,wipe,11:18,678,112441,Tazavesh: Streets of Wonder,,,1:52 AM
MNqYAvpJ2P83LVDk,3,kill,21:35,1295,112442,Tazavesh: So'leah's Gambit,,,3:32 AM
MNqYAvpJ2P83LVDk,1,wipe,20:07,1207,112442,Tazavesh: So'leah's Gambit,,,3:06 AM
CyTAzv1qdakp732K,,kill,56:23,3383,112441,Tazavesh: Streets of Wonder,15,Fortified,2:20 AM
CyTAzv1qdakp732K,,kill,25:56,1556,112442,Tazavesh: So'leah's Gambit,14,Fortified,3:15 AM
A9LB2qyHZQTzN4tY,,kill,23:34,1414,112442,Tazavesh: So'leah's Gambit,15,Fortified,9:41 PM
A9LB2qyHZQTzN4tY,6,kill,27:54,1674,62287,Halls of Atonement,,,10:29 PM
A9LB2qyHZQTzN4tY,2,wipe,3:20,200,62287,Halls of Atonement,,,10:14 PM
A9LB2qyHZQTzN4tY,3,wipe,6:53,413,62287,Halls of Atonement,,,10:17 PM
A9LB2qyHZQTzN4tY,4,wipe,2:05,125,62287,Halls of Atonement,,,10:24 PM
A9LB2qyHZQTzN4tY,5,wipe,3:16,196,62287,Halls of Atonement,,,10:26 PM
P3JVc8GqtFrmjpQN,,kill,35:05,2105,112442,Tazavesh: So'leah's Gambit,14,Fortified,6:42 PM
P3JVc8GqtFrmjpQN,,kill,29:46,1786,112441,Tazavesh: Streets of Wonder,14,,7:20 PM
P3JVc8GqtFrmjpQN,,wipe,11:12,672,62287,Halls of Atonement,15,,7:58 PM
3zTgMBb7wn1dFv8K,,kill,35:05,2105,112442,Tazavesh: So'leah's Gambit,14,Fortified,6:42 PM
3zTgMBb7wn1dFv8K,,kill,29:46,1786,112441,Tazavesh: Streets of Wonder,14,,7:20 PM
3zTgMBb7wn1dFv8K,,wipe,11:11,671,62287,Halls of Atonement,15,,7:57 PM
z8qRghdNHWZa7L9p,,kill,25:55,1555,112442,Tazavesh: So'leah's Gambit,18,Fortified,6:24 PM
z8qRghdNHWZa7L9p,3,kill,31:42,1902,112441,Tazavesh: Streets of Wonder,,,6:59 PM
z8qRghdNHWZa7L9p,2,wipe,3:11,191,112441,Tazavesh: Streets of Wonder,,,6:56 PM
nk8QXYxrRD3bGMVd,,kill,30:15,1815,62287,Halls of Atonement,12,,2:21 PM
nk8QXYxrRD3bGMVd,3,kill,27:07,1627,112442,Tazavesh: So'leah's Gambit,,,3:02 PM
nk8QXYxrRD3bGMVd,6,wipe,0:00,0,112442,Tazavesh: So'leah's Gambit,,,3:32 PM
MHkLxpbcnTz6FQgR,,kill,27:07,1627,112442,Tazavesh: So'leah's Gambit,12,Tyrannical,3:02 PM
PVrfxpMvwg3JBtjX,,wipe,14:05,845,112442,Tazavesh: So'leah's Gambit,12,Tyrannical,9:22 AM
jAdmLrgcxw9KbzvX,,wipe,14:05,845,112442,Tazavesh: So'leah's Gambit,12,Tyrannical,9:22 AM
Pd7FcZM2kyDxYzBb,19,kill,59:36,3576,62287,Halls of Atonement,,,8:01 AM
Pd7FcZM2kyDxYzBb,1,wipe,54:23,3263,62287,Halls of Atonement,,,1:55 AM
Pd7FcZM2kyDxYzBb,4,kill,24:08,1448,112441,Tazavesh: Streets of Wonder,,,4:15 AM
Pd7FcZM2kyDxYzBb,11,kill,1:10:07,4207,112441,Tazavesh: Streets of Wonder,,,6:47 AM
Pd7FcZM2kyDxYzBb,5,wipe,0:00,0,112441,Tazavesh: Streets of Wonder,,,4:45 AM
Pd7FcZM2kyDxYzBb,7,kill,22:47,1367,112442,Tazavesh: So'leah's Gambit,,,4:54 AM
Pd7FcZM2kyDxYzBb,9,kill,1:02:40,3760,112442,Tazavesh: So'leah's Gambit,,,5:36 AM
Pd7FcZM2kyDxYzBb,6,wipe,3:59,239,112442,Tazavesh: So'leah's Gambit,,,4:50 AM
4jWcDJHt8wZaNfCK,16,kill,49:38,2978,112441,Tazavesh: Streets of Wonder,,,4:01 AM
4jWcDJHt8wZaNfCK,1,wipe,7:57,477,112441,Tazavesh: Streets of Wonder,,,12:41 AM
4jWcDJHt8wZaNfCK,15,wipe,16:52,1012,112441,Tazavesh: Streets of Wonder,,,3:44 AM
4jWcDJHt8wZaNfCK,,kill,36:18,2178,112442,Tazavesh: So'leah's Gambit,15,Tyrannical,12:49 AM
4jWcDJHt8wZaNfCK,4,kill,41:21,2481,62287,Halls of Atonement,,,1:34 AM
4jWcDJHt8wZaNfCK,13,kill,41:22,2482,62287,Halls of Atonement,,,2:58 AM
4jWcDJHt8wZaNfCK,3,wipe,5:40,340,62287,Halls of Atonement,,,1:29 AM
cgBfZ9nPm7aC6NjG,1,kill,31:43,1903,112442,Tazavesh: So'leah's Gambit,,,1:51 AM
cgBfZ9nPm7aC6NjG,2,kill,26:57,1617,112442,Tazavesh: So'leah's Gambit,,,2:34 AM
nLPcGBtRkJTrMfH8,,kill,31:43,1903,112442,Tazavesh: So'leah's Gambit,10,Xal'atath's Bargain: Ascendant,1:51 AM
1kJpaDZ9HGmjx8F7,6,wipe,2:45,165,112442,Tazavesh: So'leah's Gambit,,,12:46 AM
1kJpaDZ9HGmjx8F7,8,wipe,1:52,112,112442,Tazavesh: So'leah's Gambit,,,12:52 AM
1kJpaDZ9HGmjx8F7,9,wipe,0:00,0,112442,Tazavesh: So'leah's Gambit,,,12:54 AM
1kJpaDZ9HGmjx8F7,,wipe,1:10,70,112442,Tazavesh: So'leah's Gambit,2,,12:51 AM
wg3H1nbKkQAPC6Zh,,wipe,2:45,165,112442,Tazavesh: So'leah's Gambit,2,,12:46 AM
wg3H1nbKkQAPC6Zh,,wipe,0:00,0,112442,Tazavesh: So'leah's Gambit,2,,12:51 AM
jfc46287ZTpNGvrA,,kill,28:03,1683,62662,The Dawnbreaker,14,Fortified,12:19 PM
jfc46287ZTpNGvrA,,wipe,8:08,488,112441,Tazavesh: Streets of Wonder,14,Fortified,1:22 PM
2g4yPYwRaVND6B7b,1,wipe,6:18,378,112441,Tazavesh: Streets of Wonder,,,1:52 PM
2g4yPYwRaVND6B7b,2,wipe,6:03,363,112441,Tazavesh: Streets of Wonder,,,1:59 PM
2g4yPYwRaVND6B7b,3,wipe,10:40,640,112441,Tazavesh: Streets of Wonder,,,2:07 PM
2g4yPYwRaVND6B7b,4,wipe,1:48,108,112441,Tazavesh: Streets of Wonder,,,2:18 PM
hVrdNcwb8mzZgGTD,,kill,29:51,1791,112441,Tazavesh: Streets of Wonder,14,,6:12 AM
RVmxGP26LchyMkX3,,wipe,23:48,1428,112441,Tazavesh: Streets of Wonder,12,Tyrannical,11:34 PM
rCFt2AvwxW9mMV7B,1,wipe,3:36,216,112441,Tazavesh: Streets of Wonder,,,7:53 PM
rCFt2AvwxW9mMV7B,2,wipe,14:52,892,112441,Tazavesh: Streets of Wonder,,,7:57 PM
rCFt2AvwxW9mMV7B,3,wipe,5:40,340,112441,Tazavesh: Streets of Wonder,,,8:12 PM
rCFt2AvwxW9mMV7B,4,wipe,24:08,1448,112441,Tazavesh: Streets of Wonder,,,8:18 PM
ztgZnX681kbTQxNR,,wipe,9:02,542,112441,Tazavesh: Streets of Wonder,12,Fortified,11:15 AM
BFGTkcXYgw4yHZRv,,kill,26:47,1607,112441,Tazavesh: Streets of Wonder,12,Tyrannical,3:07 AM
fFyqn2dHGYRDVNZK,,wipe,0:40,40,112441,Tazavesh: Streets of Wonder,2,,5:37 AM
m89QvYXcZjrk31CB,2,wipe,4:17,257,112441,Tazavesh: Streets of Wonder,,,8:13 PM
m89QvYXcZjrk31CB,3,wipe,30:15,1815,112441,Tazavesh: Streets of Wonder,,,8:18 PM
m89QvYXcZjrk31CB,4,wipe,14:26,866,112441,Tazavesh: Streets of Wonder,,,8:48 PM
m89QvYXcZjrk31CB,11,kill,31:43,1903,62662,The Dawnbreaker,,,10:14 PM
m89QvYXcZjrk31CB,5,wipe,2:21,141,62662,The Dawnbreaker,,,9:14 PM
m89QvYXcZjrk31CB,6,wipe,19:34,1174,62662,The Dawnbreaker,,,9:16 PM
m89QvYXcZjrk31CB,7,wipe,0:30,30,62662,The Dawnbreaker,,,9:40 PM
m89QvYXcZjrk31CB,8,wipe,5:52,352,62662,The Dawnbreaker,,,9:40 PM
m89QvYXcZjrk31CB,9,wipe,22:08,1328,62662,The Dawnbreaker,,,9:50 PM
m89QvYXcZjrk31CB,10,wipe,2:16,136,62662,The Dawnbreaker,,,10:12 PM
jnM4hzWy6LRtKN7x,,wipe,5:51,351,112441,Tazavesh: Streets of Wonder,15,Tyrannical,2:43 PM
C2J6Wn7mtqwHX3Kf,,kill,38:01,2281,112441,Tazavesh: Streets of Wonder,14,Tyrannical,1:11 PM
NTfMjCvWb9LGJnP2,1,wipe,2:24,144,112441,Tazavesh: Streets of Wonder,,,5:47 AM
NTfMjCvWb9LGJnP2,2,wipe,17:33,1053,112441,Tazavesh: Streets of Wonder,,,5:49 AM
C643zMt9rGNbapyV,11,kill,45:20,2720,112441,Tazavesh: Streets of Wonder,,,6:49 PM
C643zMt9rGNbapyV,1,wipe,9:03,543,112441,Tazavesh: Streets of Wonder,,,2:41 PM
C643zMt9rGNbapyV,2,wipe,4:53,293,112441,Tazavesh: Streets of Wonder,,,3:54 PM
C643zMt9rGNbapyV,3,wipe,13:26,806,112441,Tazavesh: Streets of Wonder,,,3:59 PM
C643zMt9rGNbapyV,4,wipe,5:13,313,112441,Tazavesh: Streets of Wonder,,,4:12 PM
C643zMt9rGNbapyV,5,wipe,17:20,1040,112441,Tazavesh: Streets of Wonder,,,4:18 PM
C643zMt9rGNbapyV,6,wipe,5:45,345,112441,Tazavesh: Streets of Wonder,,,4:35 PM
C643zMt9rGNbapyV,7,wipe,17:30,1050,112441,Tazavesh: Streets of Wonder,,,4:41 PM
C643zMt9rGNbapyV,8,wipe,3:08,188,112441,Tazavesh: Streets of Wonder,,,4:58 PM
C643zMt9rGNbapyV,9,wipe,28:33,1713,112441,Tazavesh: Streets of Wonder,,,5:01 PM
C643zMt9rGNbapyV,10,wipe,7:52,472,112441,Tazavesh: Streets of Wonder,,,6:42 PM
BF3R9Q8ptdjJ2vML,,kill,34:00,2040,112441,Tazavesh: Streets of Wonder,12,Fortified,6:51 AM
Rk19aKCjBNWh6cXF,,kill,35:04,2104,112441,Tazavesh: Streets of Wonder,12,Fortified,4:33 AM
XNdGrAJ8abM7qPYV,,kill,45:45,2745,112441,Tazavesh: Streets of Wonder,14,Fortified,2:35 AM
BhTznfbrmGcHx9tj,,wipe,5:09,309,112441,Tazavesh: Streets of Wonder,17,Tyrannical,11:53 AM
y83faAWMBNYgdD9T,,wipe,5:09,309,112441,Tazavesh: Streets of Wonder,17,Tyrannical,11:53 AM
GYKBjcmP34R1ah9x,,wipe,5:09,309,112441,Tazavesh: Streets of Wonder,17,Tyrannical,11:53 AM
HZNKdQy36tRMPTaf,1,wipe,2:33,153,112441,Tazavesh: Streets of Wonder,,,3:14 PM
HZNKdQy36tRMPTaf,2,wipe,1:37,97,112441,Tazavesh: Streets of Wonder,,,3:17 PM
HZNKdQy36tRMPTaf,3,wipe,2:35,155,112441,Tazavesh: Streets of Wonder,,,3:18 PM
HZNKdQy36tRMPTaf,4,wipe,1:57,117,112441,Tazavesh: Streets of Wonder,,,3:21 PM
HZNKdQy36tRMPTaf,5,wipe,2:22,142,112441,Tazavesh: Streets of Wonder,,,3:23 PM
HZNKdQy36tRMPTaf,6,wipe,2:45,165,112441,Tazavesh: Streets of Wonder,,,3:25 PM
HZNKdQy36tRMPTaf,7,wipe,3:29,209,112441,Tazavesh: Streets of Wonder,,,3:28 PM
HZNKdQy36tRMPTaf,8,wipe,10:37,637,112441,Tazavesh: Streets of Wonder,,,3:32 PM
HZNKdQy36tRMPTaf,9,wipe,7:26,446,112441,Tazavesh: Streets of Wonder,,,3:42 PM
HZNKdQy36tRMPTaf,10,wipe,6:16,376,112441,Tazavesh: Streets of Wonder,,,3:50 PM
HZNKdQy36tRMPTaf,11,wipe,3:08,188,112441,Tazavesh: Streets of Wonder,,,4:01 PM
HZNKdQy36tRMPTaf,12,wipe,2:06,126,112441,Tazavesh: Streets of Wonder,,,4:04 PM
HZNKdQy36tRMPTaf,13,wipe,2:07,127,112441,Tazavesh: Streets of Wonder,,,4:06 PM
HZNKdQy36tRMPTaf,14,wipe,1:12,72,112441,Tazavesh: Streets of Wonder,,,4:08 PM
Bkcd7HWjDwhtnCXm,,kill,44:22,2662,112441,Tazavesh: Streets of Wonder,14,Fortified,6:20 AM
N43THrd2aLMKpzmX,,kill,32:12,1932,112441,Tazavesh: Streets of Wonder,12,Tyrannical,11:40 PM
1XzjQw3ZLKJn9NdF,,kill,29:04,1744,112441,Tazavesh: Streets of Wonder,12,,10:37 PM
Qrq1nVwgbhxpB2T9,,wipe,18:05,1085,112441,Tazavesh: Streets of Wonder,12,Fortified,1:47 PM
WzjKArpb81ZadXwV,,wipe,25:28,1528,112441,Tazavesh: Streets of Wonder,10,Xal'atath's Bargain: Voidbound,11:35 AM
xNjgwkWcL1dbrPm6,1,wipe,22:42,1362,112441,Tazavesh: Streets of Wonder,,,1:22 AM
xNjgwkWcL1dbrPm6,2,wipe,10:25,625,112441,Tazavesh: Streets of Wonder,,,1:45 AM
xNjgwkWcL1dbrPm6,3,wipe,2:46,166,112441,Tazavesh: Streets of Wonder,,,1:55 AM
q9w3rKdyjNmnxhRF,1,wipe,2:44,164,112441,Tazavesh: Streets of Wonder,,,10:49 PM
q9w3rKdyjNmnxhRF,2,wipe,1:08,68,112441,Tazavesh: Streets of Wonder,,,10:51 PM
pCQbRTdjth7zKm8x,,kill,40:03,2403,112441,Tazavesh: Streets of Wonder,14,Fortified,8:09 PM
aHPNd46Q2CyXVq1f,1,kill,29:12,1752,112441,Tazavesh: Streets of Wonder,,,6:28 PM
aHPNd46Q2CyXVq1f,3,kill,24:09,1449,112441,Tazavesh: Streets of Wonder,,,7:06 PM
PnjdAqtMYcCkXzrR,,wipe,15:11,911,112441,Tazavesh: Streets of Wonder,15,Fortified,5:21 PM
PnjdAqtMYcCkXzrR,,wipe,10:07,607,62287,Halls of Atonement,14,Fortified,5:39 PM
rVTGqWHxgnMbyQ9A,,kill,34:09,2049,112441,Tazavesh: Streets of Wonder,15,Tyrannical,3:19 PM
LfCpnkRYgmD72z1j,,kill,28:46,1726,112441,Tazavesh: Streets of Wonder,15,Tyrannical,2:10 PM
cP82QRjdYHh1qWL9,,wipe,28:20,1700,112441,Tazavesh: Streets of Wonder,12,Tyrannical,10:58 AM
tKBw2Cz69TvhmL3J,,kill,1:59:01,7141,112441,Tazavesh: Streets of Wonder,14,Tyrannical,9:13 PM
Cf6Z1y9gHJpcRtwN,1,kill,36:21,2181,112441,Tazavesh: Streets of Wonder,,,5:25 PM
Cf6Z1y9gHJpcRtwN,2,kill,43:08,2588,112441,Tazavesh: Streets of Wonder,,,6:19 PM
7D2jHV1LyaNBZgYt,,kill,27:50,1670,112441,Tazavesh: Streets of Wonder,12,,2:26 PM
hYwRPvKWVCZBAzFf,2,wipe,0:00,0,112441,Tazavesh: Streets of Wonder,,,1:29 PM
hYwRPvKWVCZBAzFf,3,wipe,1:07,67,112441,Tazavesh: Streets of Wonder,,,1:30 PM
1adGZHMbX9CnpY2g,,wipe,8:59,539,112441,Tazavesh: Streets of Wonder,10,Xal'atath's Bargain: Pulsar,11:45 AM
VFL9br2xtHnQZqB6,2,kill,34:40,2080,112441,Tazavesh: Streets of Wonder,,,10:24 AM
VFL9br2xtHnQZqB6,1,wipe,6:27,387,112441,Tazavesh: Streets of Wonder,,,10:18 AM
1WcaPQTxFLtRMpYJ,,wipe,21:47,1307,112441,Tazavesh: Streets of Wonder,12,Fortified,8:08 PM
4xVCb2TY1pvtrf6K,,kill,31:21,1881,112441,Tazavesh: Streets of Wonder,12,Tyrannical,11:45 PM
9rMQ1fDBdHFTN2Ap,4,kill,34:36,2076,112441,Tazavesh: Streets of Wonder,,,8:08 PM
9rMQ1fDBdHFTN2Ap,1,wipe,30:10,1810,112441,Tazavesh: Streets of Wonder,,,7:31 PM
9rMQ1fDBdHFTN2Ap,2,wipe,3:40,220,112441,Tazavesh: Streets of Wonder,,,8:01 PM
9rMQ1fDBdHFTN2Ap,3,wipe,3:34,214,112441,Tazavesh: Streets of Wonder,,,8:05 PM
wKcVRYb8a9Jg6L23,2,kill,47:02,2822,112441,Tazavesh: Streets of Wonder,,,5:53 AM
wKcVRYb8a9Jg6L23,3,wipe,29:16,1756,112441,Tazavesh: Streets of Wonder,,,6:59 AM
WQThGnJgHv9wfVta,1,wipe,5:07,307,112441,Tazavesh: Streets of Wonder,,,8:43 PM
WQThGnJgHv9wfVta,2,wipe,12:54,774,112441,Tazavesh: Streets of Wonder,,,8:48 PM
2x1K3cQnrCjZGMkD,,kill,33:07,1987,112441,Tazavesh: Streets of Wonder,12,Tyrannical,12:26 AM
fxQjcpZLd61zwBM3,,kill,27:28,1648,112441,Tazavesh: Streets of Wonder,14,Tyrannical,10:36 AM
HMWAyqLJ4x7XYBCG,,kill,36:30,2190,112441,Tazavesh: Streets of Wonder,14,Tyrannical,3:37 AM
9mpFMtJv1rAhc3fg,,kill,30:40,1840,112441,Tazavesh: Streets of Wonder,18,Tyrannical,5:13 PM
hzHt8qrC3yMpkjWc,,kill,33:36,2016,112441,Tazavesh: Streets of Wonder,15,Fortified,12:09 PM
axLX3yHZgKPbjTq6,,kill,29:45,1785,112441,Tazavesh: Streets of Wonder,14,Fortified,5:21 PM
axLX3yHZgKPbjTq6,3,kill,47:20,2840,62287,Halls of Atonement,,,6:27 PM
axLX3yHZgKPbjTq6,2,wipe,19:29,1169,62287,Halls of Atonement,,,5:57 PM
LjW1YR9rB6k3TbdK,,kill,25:28,1528,112441,Tazavesh: Streets of Wonder,10,Xal'atath's Bargain: Devour,2:46 PM
qH6jJbGYnmM9z1Zh,2,kill,31:48,1908,112441,Tazavesh: Streets of Wonder,,,12:28 PM
qH6jJbGYnmM9z1Zh,7,kill,38:59,2339,112441,Tazavesh: Streets of Wonder,,,1:55 PM
qH6jJbGYnmM9z1Zh,1,wipe,0:00,0,112441,Tazavesh: Streets of Wonder,,,12:16 PM
qH6jJbGYnmM9z1Zh,6,wipe,4:20,260,112441,Tazavesh: Streets of Wonder,,,1:51 PM
qH6jJbGYnmM9z1Zh,5,kill,34:54,2094,62287,Halls of Atonement,,,1:10 PM
qH6jJbGYnmM9z1Zh,4,wipe,4:32,272,62287,Halls of Atonement,,,1:05 PM
DJwzb7ZPVC8vMHNf,,wipe,6:44,404,112441,Tazavesh: Streets of Wonder,12,Tyrannical,9:58 AM
DJwzb7ZPVC8vMHNf,3,kill,31:20,1880,62287,Halls of Atonement,,,10:11 AM
DJwzb7ZPVC8vMHNf,10,wipe,6:08,368,62287,Halls of Atonement,,,11:59 AM
ntCXrhKPaMp1z92g,,kill,27:19,1639,112441,Tazavesh: Streets of Wonder,12,Tyrannical,1:46 AM
bcZXJdv1K7H4jRTD,,wipe,26:55,1615,112441,Tazavesh: Streets of Wonder,12,Fortified,9:20 PM
LgvzrqbfxnA617hk,2,kill,30:08,1808,112441,Tazavesh: Streets of Wonder,,,4:31 PM
LgvzrqbfxnA617hk,1,wipe,21:31,1291,112441,Tazavesh: Streets of Wonder,,,4:06 PM
r2TcxkaRwW139P7p,,kill,34:41,2081,112441,Tazavesh: Streets of Wonder,18,Fortified,3:12 PM
r2TcxkaRwW139P7p,,kill,27:49,1669,62287,Halls of Atonement,16,Fortified,4:28 PM
2Rh8npNT1kZXyHzb,,kill,26:38,1598,112441,Tazavesh: Streets of Wonder,15,Fortified,3:00 PM
JqKPD6a1ZbfMQjz7,4,kill,35:14,2114,62287,Halls of Atonement,,,10:52 AM
JqKPD6a1ZbfMQjz7,5,kill,38:28,2308,62287,Halls of Atonement,,,11:48 AM
JqKPD6a1ZbfMQjz7,7,kill,30:13,1813,62287,Halls of Atonement,,,1:47 PM
JqKPD6a1ZbfMQjz7,1,wipe,5:13,313,62287,Halls of Atonement,,,9:44 AM
JqKPD6a1ZbfMQjz7,2,wipe,8:58,538,62287,Halls of Atonement,,,9:49 AM
JqKPD6a1ZbfMQjz7,3,kill,26:40,1600,112441,Tazavesh: Streets of Wonder,,,10:14 AM
JqKPD6a1ZbfMQjz7,6,wipe,0:38,38,112441,Tazavesh: Streets of Wonder,,,1:23 PM
vBbfPat1y7HJ3Gmk,,kill,30:19,1819,112441,Tazavesh: Streets of Wonder,14,Fortified,3:19 AM
YXBnxKmV3gypbzaZ,,kill,30:28,1828,112441,Tazavesh: Streets of Wonder,10,,8:02 PM
YXBnxKmV3gypbzaZ,3,kill,42:22,2542,62287,Halls of Atonement,,,8:52 PM
YXBnxKmV3gypbzaZ,2,wipe,4:55,295,62287,Halls of Atonement,,,8:47 PM
XWaDQkZtjc7rgv12,,wipe,10:03,603,62287,Halls of Atonement,16,,6:40 PM
ZM9d6DVtHxRcQ7AC,2,kill,31:53,1913,112441,Tazavesh: Streets of Wonder,,,9:52 PM
ZM9d6DVtHxRcQ7AC,6,kill,27:12,1632,112441,Tazavesh: Streets of Wonder,,,12:04 AM
ZM9d6DVtHxRcQ7AC,1,wipe,17:42,1062,112441,Tazavesh: Streets of Wonder,,,9:35 PM
ZM9d6DVtHxRcQ7AC,4,wipe,6:09,369,112441,Tazavesh: Streets of Wonder,,,11:28 PM
ZM9d6DVtHxRcQ7AC,5,wipe,30:14,1814,112441,Tazavesh: Streets of Wonder,,,11:34 PM
ZM9d6DVtHxRcQ7AC,7,wipe,3:45,225,62287,Halls of Atonement,,,6:50 AM
ZM9d6DVtHxRcQ7AC,8,wipe,5:46,346,62287,Halls of Atonement,,,6:53 AM
acxHnPXZCD7rK4VQ,,kill,23:06,1386,112441,Tazavesh: Streets of Wonder,10,,7:02 PM
2MCwKtc3VDAT8RbP,,wipe,16:37,997,112441,Tazavesh: Streets of Wonder,12,,2:35 PM
TcPpJ2NFZt3Ava4j,,kill,28:47,1727,62287,Halls of Atonement,12,Tyrannical,8:49 AM
TcPpJ2NFZt3Ava4j,2,kill,26:59,1619,112441,Tazavesh: Streets of Wonder,,,9:22 AM
TcPpJ2NFZt3Ava4j,6,kill,44:23,2663,112441,Tazavesh: Streets of Wonder,,,10:12 AM
TcPpJ2NFZt3Ava4j,3,wipe,7:19,439,112441,Tazavesh: Streets of Wonder,,,9:57 AM
TcPpJ2NFZt3Ava4j,4,wipe,3:09,189,112441,Tazavesh: Streets of Wonder,,,10:05 AM
TcPpJ2NFZt3Ava4j,5,wipe,3:44,224,112441,Tazavesh: Streets of Wonder,,,10:08 AM
TcPpJ2NFZt3Ava4j,7,wipe,20:07,1207,112441,Tazavesh: Streets of Wonder,,,10:57 AM
TcPpJ2NFZt3Ava4j,8,wipe,24:47,1487,112441,Tazavesh: Streets of Wonder,,,11:17 AM
vcHAJ9q6wmDgfG7k,7,kill,39:48,2388,112441,Tazavesh: Streets of Wonder,,,9:45 PM
vcHAJ9q6wmDgfG7k,1,wipe,3:27,207,112441,Tazavesh: Streets of Wonder,,,9:07 PM
vcHAJ9q6wmDgfG7k,2,wipe,4:53,293,112441,Tazavesh: Streets of Wonder,,,9:11 PM
vcHAJ9q6wmDgfG7k,3,wipe,4:45,285,112441,Tazavesh: Streets of Wonder,,,9:16 PM
vcHAJ9q6wmDgfG7k,4,wipe,15:11,911,112441,Tazavesh: Streets of Wonder,,,9:21 PM
vcHAJ9q6wmDgfG7k,5,wipe,2:27,147,112441,Tazavesh: Streets of Wonder,,,9:36 PM
vcHAJ9q6wmDgfG7k,6,wipe,6:47,407,112441,Tazavesh: Streets of Wonder,,,9:38 PM
HqXYPcnd14GkzRJ6,1,wipe,18:05,1085,112441,Tazavesh: Streets of Wonder,,,8:42 PM
HqXYPcnd14GkzRJ6,2,wipe,6:22,382,112441,Tazavesh: Streets of Wonder,,,9:15 PM
jKXp2J3xn7dNCTWk,7,kill,27:36,1656,112441,Tazavesh: Streets of Wonder,,,4:29 PM
jKXp2J3xn7dNCTWk,1,wipe,4:07,247,112441,Tazavesh: Streets of Wonder,,,3:29 PM
jKXp2J3xn7dNCTWk,2,wipe,12:30,750,112441,Tazavesh: Streets of Wonder,,,3:34 PM
jKXp2J3xn7dNCTWk,3,wipe,6:24,384,112441,Tazavesh: Streets of Wonder,,,3:46 PM
jKXp2J3xn7dNCTWk,4,wipe,8:15,495,112441,Tazavesh: Streets of Wonder,,,3:52 PM
jKXp2J3xn7dNCTWk,5,wipe,23:25,1405,112441,Tazavesh: Streets of Wonder,,,4:01 PM
jKXp2J3xn7dNCTWk,6,wipe,4:28,268,112441,Tazavesh: Streets of Wonder,,,4:24 PM
jKXp2J3xn7dNCTWk,12,kill,36:42,2202,62287,Halls of Atonement,,,5:42 PM
jKXp2J3xn7dNCTWk,8,wipe,12:45,765,62287,Halls of Atonement,,,4:59 PM
jKXp2J3xn7dNCTWk,9,wipe,10:12,612,62287,Halls of Atonement,,,5:12 PM
jKXp2J3xn7dNCTWk,10,wipe,10:49,649,62287,Halls of Atonement,,,5:22 PM
vxKYPhgta3qkb4HR,,wipe,8:48,528,112441,Tazavesh: Streets of Wonder,15,Tyrannical,6:28 PM
ypb8Rtmx1jLfvBwV,2,wipe,1:40,100,62287,Halls of Atonement,,,5:18 AM
ypb8Rtmx1jLfvBwV,3,wipe,2:01,121,62287,Halls of Atonement,,,5:20 AM
ypb8Rtmx1jLfvBwV,4,wipe,21:35,1295,62287,Halls of Atonement,,,5:24 AM
ypb8Rtmx1jLfvBwV,5,wipe,33:03,1983,62287,Halls of Atonement,,,5:46 AM
ypb8Rtmx1jLfvBwV,6,kill,33:17,1997,112441,Tazavesh: Streets of Wonder,,,6:31 AM
ypb8Rtmx1jLfvBwV,8,kill,30:40,1840,112441,Tazavesh: Streets of Wonder,,,7:22 AM
ypb8Rtmx1jLfvBwV,7,wipe,8:14,494,112441,Tazavesh: Streets of Wonder,,,7:14 AM
X8GzbQMnBrcCY3KZ,,kill,29:39,1779,112441,Tazavesh: Streets of Wonder,12,Fortified,12:55 AM
X8GzbQMnBrcCY3KZ,,kill,28:56,1736,62287,Halls of Atonement,12,Fortified,1:38 AM
AzkmHR17QGbCBTP6,,wipe,11:48,708,112441,Tazavesh: Streets of Wonder,12,Fortified,12:55 AM
4bjvZzFMTJnwhamf,2,kill,26:33,1593,112441,Tazavesh: Streets of Wonder,,,8:13 PM
4bjvZzFMTJnwhamf,1,wipe,12:27,747,112441,Tazavesh: Streets of Wonder,,,8:00 PM
C7cQMRamWjyrAfB1,12,wipe,6:16,376,112441,Tazavesh: Streets of Wonder,,,7:24 PM
C7cQMRamWjyrAfB1,13,wipe,20:39,1239,112441,Tazavesh: Streets of Wonder,,,7:30 PM
yB9qxXAVkQn7M6vK,2,kill,33:27,2007,62287,Halls of Atonement,,,4:50 PM
yB9qxXAVkQn7M6vK,1,wipe,6:52,412,62287,Halls of Atonement,,,4:39 PM
yB9qxXAVkQn7M6vK,,kill,25:32,1532,112441,Tazavesh: Streets of Wonder,10,,5:34 PM
2BCxkhczGMJZKtaP,2,kill,36:57,2217,112441,Tazavesh: Streets of Wonder,,,4:17 PM
2BCxkhczGMJZKtaP,1,wipe,15:03,903,112441,Tazavesh: Streets of Wonder,,,4:02 PM
Cv9jLtVT8Mpcax7g,,kill,53:03,3183,112441,Tazavesh: Streets of Wonder,12,Tyrannical,11:22 AM
Cv9jLtVT8Mpcax7g,2,wipe,2:10,130,62287,Halls of Atonement,,,12:37 PM
Cv9jLtVT8Mpcax7g,3,wipe,3:06,186,62287,Halls of Atonement,,,12:39 PM
Cv9jLtVT8Mpcax7g,4,wipe,1:12,72,62287,Halls of Atonement,,,12:42 PM
Cv9jLtVT8Mpcax7g,5,wipe,1:23,83,62287,Halls of Atonement,,,12:48 PM
CP8RbQG1LTnjwWVp,3,kill,27:50,1670,112441,Tazavesh: Streets of Wonder,,,9:49 AM
CP8RbQG1LTnjwWVp,1,wipe,6:12,372,112441,Tazavesh: Streets of Wonder,,,9:41 AM
CP8RbQG1LTnjwWVp,2,wipe,2:28,148,112441,Tazavesh: Streets of Wonder,,,9:47 AM
QgpmCXHZYyAT2Mnt,,kill,27:00,1620,112441,Tazavesh: Streets of Wonder,14,,12:08 PM
gnf9GM7VtZDKpNdz,4,kill,29:47,1787,62287,Halls of Atonement,,,12:50 AM
gnf9GM7VtZDKpNdz,1,wipe,2:43,163,62287,Halls of Atonement,,,11:47 PM
gnf9GM7VtZDKpNdz,2,wipe,40:31,2431,62287,Halls of Atonement,,,11:50 PM
gnf9GM7VtZDKpNdz,3,wipe,19:41,1181,62287,Halls of Atonement,,,12:30 AM
gnf9GM7VtZDKpNdz,,wipe,23:52,1432,112441,Tazavesh: Streets of Wonder,12,Tyrannical,1:28 AM
JzbHDjG4Mwth987g,10,kill,24:00,1440,62287,Halls of Atonement,,,7:03 PM
JzbHDjG4Mwth987g,1,wipe,2:46,166,62287,Halls of Atonement,,,6:15 PM
JzbHDjG4Mwth987g,8,wipe,1:11,71,62287,Halls of Atonement,,,6:52 PM
JzbHDjG4Mwth987g,13,kill,36:09,2169,112441,Tazavesh: Streets of Wonder,,,8:19 PM
JzbHDjG4Mwth987g,14,kill,29:31,1771,112441,Tazavesh: Streets of Wonder,,,10:22 PM
JzbHDjG4Mwth987g,12,wipe,37:53,2273,112441,Tazavesh: Streets of Wonder,,,7:41 PM
37gyKhfqxt4Q9Gj6,,wipe,4:42,282,112441,Tazavesh: Streets of Wonder,12,Tyrannical,9:50 PM
dqQKaw7W9RmVJA6z,,wipe,0:00,0,112441,Tazavesh: Streets of Wonder,12,Tyrannical,7:59 PM
dqQKaw7W9RmVJA6z,,kill,46:17,2777,62287,Halls of Atonement,12,Tyrannical,8:05 PM
YPwjMBWtkHJby1A3,2,kill,37:05,2225,112441,Tazavesh: Streets of Wonder,,,4:01 AM
YPwjMBWtkHJby1A3,1,wipe,36:01,2161,112441,Tazavesh: Streets of Wonder,,,3:25 AM
YPwjMBWtkHJby1A3,5,kill,22:27,1347,62287,Halls of Atonement,,,4:59 AM
YPwjMBWtkHJby1A3,11,kill,35:11,2111,62287,Halls of Atonement,,,6:13 AM
YPwjMBWtkHJby1A3,4,wipe,14:16,856,62287,Halls of Atonement,,,4:45 AM
YPwjMBWtkHJby1A3,6,wipe,4:02,242,62287,Halls of Atonement,,,5:28 AM
YPwjMBWtkHJby1A3,7,wipe,5:42,342,62287,Halls of Atonement,,,5:32 AM
YPwjMBWtkHJby1A3,8,wipe,12:30,750,62287,Halls of Atonement,,,5:38 AM
YPwjMBWtkHJby1A3,9,wipe,9:11,551,62287,Halls of Atonement,,,5:50 AM
YPwjMBWtkHJby1A3,10,wipe,0:00,0,62287,Halls of Atonement,,,6:02 AM
gtT8zN6j2WJfc9qn,,kill,27:03,1623,112441,Tazavesh: Streets of Wonder,12,Tyrannical,5:57 AM
PtX7WQRphDbNj6qw,,wipe,31:16,1876,62287,Halls of Atonement,12,Tyrannical,1:29 AM
PtX7WQRphDbNj6qw,,wipe,8:14,494,112441,Tazavesh: Streets of Wonder,10,Xal'atath's Bargain: Ascendant,2:06 AM
v4LNMPVg26YBW3mw,2,kill,29:18,1758,62662,The Dawnbreaker,,,1:43 AM
v4LNMPVg26YBW3mw,1,wipe,7:18,438,62662,The Dawnbreaker,,,1:32 AM
ptVKYH3JjvmqDfgX,,kill,32:08,1928,62662,The Dawnbreaker,18,Tyrannical,2:47 PM
p67X9MyvAqnYTtQc,,kill,34:16,2056,62662,The Dawnbreaker,18,Fortified,12:08 PM
mwDgAqPrnMyHhBNJ,,kill,29:17,1757,62662,The Dawnbreaker,14,Fortified,11:57 AM
4YWjCgJpca9hnZTM,2,kill,33:31,2011,62662,The Dawnbreaker,,,10:17 AM
4YWjCgJpca9hnZTM,1,wipe,17:10,1030,62662,The Dawnbreaker,,,9:59 AM
aFtWXGJ8MyrZpmKQ,,kill,29:31,1771,62662,The Dawnbreaker,15,Fortified,9:00 AM
TRyJXcLpFxAZKvwH,,kill,24:58,1498,62662,The Dawnbreaker,14,,10:42 PM
Jctdb3KAnDP6GRTF,1,wipe,11:35,695,62662,The Dawnbreaker,,,12:11 PM
Jctdb3KAnDP6GRTF,2,wipe,23:43,1423,62662,The Dawnbreaker,,,12:28 PM
GWkHXcvyZKhYDBfq,1,wipe,8:34,514,62662,The Dawnbreaker,,,3:26 AM
GWkHXcvyZKhYDBfq,2,wipe,0:56,56,62662,The Dawnbreaker,,,3:34 AM
3Kw6BVA24gTzcQHG,1,wipe,8:34,514,62662,The Dawnbreaker,,,3:26 AM
3Kw6BVA24gTzcQHG,2,wipe,0:56,56,62662,The Dawnbreaker,,,3:34 AM
TwNmpcWyKgxHvbhA,,kill,30:06,1806,62662,The Dawnbreaker,13,Tyrannical,3:38 AM
4Tq6FzgmpPnL3ZfH,,kill,31:25,1885,62662,The Dawnbreaker,14,Tyrannical,12:04 AM
MVZtXFraD3qj7Rh1,3,kill,30:12,1812,62662,The Dawnbreaker,,,11:54 PM
MVZtXFraD3qj7Rh1,1,wipe,4:48,288,62662,The Dawnbreaker,,,11:38 PM
MVZtXFraD3qj7Rh1,2,wipe,10:55,655,62662,The Dawnbreaker,,,11:43 PM
Tc4ZKVhzGHq8nkdA,3,kill,26:08,1568,62662,The Dawnbreaker,,,5:59 PM
Tc4ZKVhzGHq8nkdA,1,wipe,8:02,482,62662,The Dawnbreaker,,,5:42 PM
Tc4ZKVhzGHq8nkdA,2,wipe,3:11,191,62662,The Dawnbreaker,,,5:56 PM
aNBygQV3TMJkA14Y,,kill,29:32,1772,62662,The Dawnbreaker,12,Fortified,2:38 PM
PcBWnX1Qa6gvhtVp,,kill,27:35,1655,62662,The Dawnbreaker,14,Tyrannical,3:23 AM
JymjCVKqcTGr1nL8,4,kill,32:43,1963,62662,The Dawnbreaker,,,3:07 AM
JymjCVKqcTGr1nL8,1,wipe,12:03,723,62662,The Dawnbreaker,,,2:15 AM
JymjCVKqcTGr1nL8,2,wipe,14:01,841,62662,The Dawnbreaker,,,2:34 AM
JymjCVKqcTGr1nL8,3,wipe,19:14,1154,62662,The Dawnbreaker,,,2:48 AM
pLNGA8m72bKwxhdY,3,kill,25:51,1551,62662,The Dawnbreaker,,,7:53 PM
pLNGA8m72bKwxhdY,13,kill,38:29,2309,62662,The Dawnbreaker,,,10:43 PM
pLNGA8m72bKwxhdY,1,wipe,4:36,276,62662,The Dawnbreaker,,,6:52 PM
pLNGA8m72bKwxhdY,2,wipe,29:30,1770,62662,The Dawnbreaker,,,6:57 PM
pLNGA8m72bKwxhdY,7,wipe,0:37,37,62662,The Dawnbreaker,,,9:50 PM
pLNGA8m72bKwxhdY,8,wipe,9:27,567,62662,The Dawnbreaker,,,9:53 PM
pLNGA8m72bKwxhdY,9,wipe,13:37,817,62662,The Dawnbreaker,,,10:20 PM
w7jnNRQPDzG92WbY,3,kill,25:51,1551,62662,The Dawnbreaker,,,7:53 PM
w7jnNRQPDzG92WbY,1,wipe,4:36,276,62662,The Dawnbreaker,,,6:52 PM
w7jnNRQPDzG92WbY,2,wipe,29:30,1770,62662,The Dawnbreaker,,,6:57 PM
MwyxP38jKApY2VXZ,1,wipe,18:15,1095,62662,The Dawnbreaker,,,3:34 PM
MwyxP38jKApY2VXZ,2,wipe,14:35,875,62662,The Dawnbreaker,,,3:56 PM
XN4tR8AHPCmLJBwd,,kill,25:49,1549,62662,The Dawnbreaker,15,Tyrannical,9:16 AM
NmF7bfajzGTp48n2,,kill,29:04,1744,62662,The Dawnbreaker,12,Tyrannical,7:33 AM
2GL9bfAhwCDVRyKY,2,kill,24:28,1468,62662,The Dawnbreaker,,,8:22 AM
2GL9bfAhwCDVRyKY,1,wipe,18:03,1083,62662,The Dawnbreaker,,,7:55 AM
qt1kBwhCGPfmnHzV,,kill,23:36,1416,62662,The Dawnbreaker,14,,9:02 PM
RDQvK2YTXrnZmdLC,,kill,26:37,1597,62662,The Dawnbreaker,14,,5:29 AM
azC8cDhy41bMYN7X,,kill,28:28,1708,62662,The Dawnbreaker,18,Fortified,8:22 PM
1pBDCwvLg7HrFacR,4,kill,28:29,1709,62662,The Dawnbreaker,,,6:50 PM
1pBDCwvLg7HrFacR,1,wipe,12:29,749,62662,The Dawnbreaker,,,5:50 PM
1pBDCwvLg7HrFacR,2,wipe,21:36,1296,62662,The Dawnbreaker,,,6:06 PM
1pBDCwvLg7HrFacR,3,wipe,9:58,598,62662,The Dawnbreaker,,,6:32 PM
bVQGzKFLtZq6v8MC,,kill,27:33,1653,62662,The Dawnbreaker,13,Tyrannical,9:36 AM
rNDG9FWqKagdtML4,,kill,25:12,1512,62662,The Dawnbreaker,12,Tyrannical,6:26 AM
VxQKhdRcCFz8rqNj,,kill,29:08,1748,62662,The Dawnbreaker,12,Fortified,4:36 AM
VYrCnqBTbFDWJw16,,kill,30:38,1838,62662,The Dawnbreaker,12,Tyrannical,10:08 PM
yVb6qnLvpdYTrawG,3,kill,24:56,1496,62662,The Dawnbreaker,,,4:01 PM
yVb6qnLvpdYTrawG,2,wipe,2:21,141,62662,The Dawnbreaker,,,3:56 PM
aP9AFJXnxgd34mKH,,kill,29:41,1781,62662,The Dawnbreaker,14,Fortified,2:07 PM
qQ7YjvL1pNGVn8bX,8,kill,28:53,1733,62662,The Dawnbreaker,,,12:05 PM
qQ7YjvL1pNGVn8bX,1,wipe,0:40,40,62662,The Dawnbreaker,,,10:27 AM
qQ7YjvL1pNGVn8bX,2,wipe,3:56,236,62662,The Dawnbreaker,,,10:29 AM
qQ7YjvL1pNGVn8bX,3,wipe,22:22,1342,62662,The Dawnbreaker,,,10:40 AM
qQ7YjvL1pNGVn8bX,4,wipe,18:19,1099,62662,The Dawnbreaker,,,11:03 AM
qQ7YjvL1pNGVn8bX,5,wipe,8:31,511,62662,The Dawnbreaker,,,11:29 AM
qQ7YjvL1pNGVn8bX,6,wipe,9:45,585,62662,The Dawnbreaker,,,11:48 AM
qQ7YjvL1pNGVn8bX,7,wipe,2:26,146,62662,The Dawnbreaker,,,12:03 PM
rY3tFqjCzh2xb1JP,,kill,25:05,1505,62662,The Dawnbreaker,14,Fortified,3:12 AM
16r2RTDxzGtgZcf3,2,kill,28:50,1730,62662,The Dawnbreaker,,,10:15 PM
16r2RTDxzGtgZcf3,1,wipe,10:51,651,62662,The Dawnbreaker,,,10:04 PM
7TD28qmPJ3aYnM9y,,kill,31:53,1913,62662,The Dawnbreaker,12,Tyrannical,10:08 PM
Ntc3pxqym8dfnDJa,,kill,29:20,1760,62662,The Dawnbreaker,15,Tyrannical,10:08 AM
46LyPV2MDK9rgqnX,9,kill,25:27,1527,62662,The Dawnbreaker,,,9:45 AM
46LyPV2MDK9rgqnX,1,wipe,13:46,826,62662,The Dawnbreaker,,,8:14 AM
46LyPV2MDK9rgqnX,2,wipe,15:19,919,62662,The Dawnbreaker,,,8:38 AM
46LyPV2MDK9rgqnX,3,wipe,8:53,533,62662,The Dawnbreaker,,,8:54 AM
46LyPV2MDK9rgqnX,4,wipe,7:44,464,62662,The Dawnbreaker,,,9:03 AM
46LyPV2MDK9rgqnX,5,wipe,1:35,95,62662,The Dawnbreaker,,,9:10 AM
46LyPV2MDK9rgqnX,6,wipe,2:29,149,62662,The Dawnbreaker,,,9:12 AM
46LyPV2MDK9rgqnX,7,wipe,21:44,1304,62662,The Dawnbreaker,,,9:14 AM
46LyPV2MDK9rgqnX,8,wipe,4:39,279,62662,The Dawnbreaker,,,9:40 AM
gWLK8r13dAGbDh4J,,kill,28:43,1723,62662,The Dawnbreaker,15,Tyrannical,3:32 AM
XL3FxZYr4Wd7RKgH,1,wipe,25:06,1506,62662,The Dawnbreaker,,,2:13 PM
XL3FxZYr4Wd7RKgH,2,wipe,24:23,1463,62662,The Dawnbreaker,,,2:38 PM
XL3FxZYr4Wd7RKgH,3,wipe,13:11,791,62662,The Dawnbreaker,,,3:10 PM
XL3FxZYr4Wd7RKgH,4,wipe,9:10,550,62662,The Dawnbreaker,,,3:26 PM
XL3FxZYr4Wd7RKgH,5,wipe,25:48,1548,62662,The Dawnbreaker,,,3:36 PM
fQ7rdZbpn8v3zBqC,,kill,30:34,1834,62662,The Dawnbreaker,15,Fortified,10:30 AM
adKq8XnAw6L9HRmv,,kill,26:57,1617,62662,The Dawnbreaker,14,Fortified,7:37 AM
1JtDK32H8BXmAPZa,,wipe,12:33,753,62662,The Dawnbreaker,12,,4:57 AM
2wBgDcq7vkZdG4N8,,kill,31:07,1867,62662,The Dawnbreaker,12,Fortified,12:38 PM
kHXDPqz6Na3QBc8v,,kill,24:46,1486,62662,The Dawnbreaker,11,Xal'atath's Bargain: Ascendant,6:54 AM
cPaLynAB6X1TWvq3,,kill,26:32,1592,62662,The Dawnbreaker,12,Fortified,12:09 AM
KVg6k1WNhrb3mTxQ,,kill,26:30,1590,62662,The Dawnbreaker,12,Fortified,11:38 PM
c3GqACxjfnmp28hk,3,kill,28:27,1707,62662,The Dawnbreaker,,,7:49 PM
c3GqACxjfnmp28hk,1,wipe,3:05,185,62662,The Dawnbreaker,,,7:33 PM
c3GqACxjfnmp28hk,2,wipe,0:57,57,62662,The Dawnbreaker,,,7:44 PM
Tar16wZv8VF7QmBq,,kill,24:37,1477,62662,The Dawnbreaker,12,Tyrannical,4:20 PM
8AxwGpCKNFvdPk7Y,,kill,24:32,1472,62662,The Dawnbreaker,7,Xal'atath's Bargain: Devour,8:42 AM
