log_guid,fight_id,outcome,duration,duration_in_sec,wcl_boss_id,boss_text,zone_name,boss_level,affix_icon,fight_time
krHWBwbZy21Jd9YL,1,kill,44:20,2660,60670,Grim Batol,Grim Batol,,,8:58 AM
krHWBwbZy21Jd9YL,2,wipe,0:00,0,60670,Grim Batol,Grim Batol,,,9:42 AM
krHWBwbZy21Jd9YL,,kill,46:00,2760,12660,"Ara-Kara, City of Echoes","Ara-Kara, City of Echoes",10,Xal'atath's Bargain: Voidbound,10:03 AM
krHWBwbZy21Jd9YL,,kill,40:24,2424,61822,Siege of Boralus,Siege of Boralus,10,Xal'atath's Bargain: Voidbound,10:53 AM
krHWBwbZy21Jd9YL,,kill,30:50,1850,62290,Mists of Tirna Scithe,Mists of Tirna Scithe,10,Xal'atath's Bargain: Voidbound,11:38 AM
y4wWbB83LmA7TpGt,,wipe,21:28,1288,12660,"Ara-Kara, City of Echoes","Ara-Kara, City of Echoes",10,Xal'atath's Bargain: Oblivion,1:02 PM
y4wWbB83LmA7TpGt,,wipe,52:27,3147,12662,Hallowfall,Hallowfall,10,Xal'atath's Bargain: Oblivion,1:23 PM
y4wWbB83LmA7TpGt,,kill,30:24,1824,62286,The Necrotic Wake,The Necrotic Wake,10,Xal'atath's Bargain: Oblivion,2:16 PM
y4wWbB83LmA7TpGt,,kill,57:08,3428,12652,The Stonevault,The Stonevault,10,Xal'atath's Bargain: Oblivion,2:56 PM
GYj2ApkMdbfh3WcD,,wipe,16:22,982,62286,The Necrotic Wake,The Necrotic Wake,10,Xal'atath's Bargain: Voidbound,7:23 AM
GYj2ApkMdbfh3WcD,,wipe,6:43,403,12660,"Ara-Kara, City of Echoes","Ara-Kara, City of Echoes",10,Xal'atath's Bargain: Voidbound,8:27 AM
tq4nZCLRPz16dXJK,1,wipe,8:14,494,12660,"Ara-Kara, City of Echoes","Ara-Kara, City of Echoes",,,2:48 PM
tq4nZCLRPz16dXJK,2,wipe,1:01:58,3718,12660,"Ara-Kara, City of Echoes","Ara-Kara, City of Echoes",,,2:56 PM
tq4nZCLRPz16dXJK,1,wipe,8:14,494,12660,"Ara-Kara, City of Echoes","Ara-Kara, City of Echoes",,,2:48 PM
tq4nZCLRPz16dXJK,2,wipe,1:01:58,3718,12660,"Ara-Kara, City of Echoes","Ara-Kara, City of Echoes",,,2:56 PM
nc6PFX3arQZf4yvA,19,kill,36:41,2201,12669,City of Threads,City of Threads,,,10:23 PM
nc6PFX3arQZf4yvA,18,wipe,5:12,312,12669,City of Threads,City of Threads,,,10:18 PM
nc6PFX3arQZf4yvA,,wipe,23:22,1402,12660,"Ara-Kara, City of Echoes","Ara-Kara, City of Echoes",10,Xal'atath's Bargain: Oblivion,11:03 PM
nc6PFX3arQZf4yvA,,kill,28:20,1700,62290,Mists of Tirna Scithe,Mists of Tirna Scithe,10,Xal'atath's Bargain: Oblivion,11:26 PM
nc6PFX3arQZf4yvA,,kill,31:30,1890,12652,The Stonevault,The Stonevault,10,Xal'atath's Bargain: Voidbound,1:22 AM
nc6PFX3arQZf4yvA,26,kill,25:44,1544,12662,Hallowfall,Hallowfall,,,2:18 AM
nc6PFX3arQZf4yvA,24,wipe,6:11,371,12662,Hallowfall,Hallowfall,,,2:04 AM
nc6PFX3arQZf4yvA,25,wipe,7:41,461,12662,Hallowfall,Hallowfall,,,2:11 AM
nc6PFX3arQZf4yvA,24,wipe,6:11,371,12662,Hallowfall,Hallowfall,,,2:04 AM
nc6PFX3arQZf4yvA,25,wipe,7:41,461,12662,Hallowfall,Hallowfall,,,2:11 AM
3QPh9b7vcZJ6zkYj,1,wipe,8:00,480,12660,"Ara-Kara, City of Echoes","Ara-Kara, City of Echoes",,,10:41 AM
3QPh9b7vcZJ6zkYj,2,wipe,2:29,149,12660,"Ara-Kara, City of Echoes","Ara-Kara, City of Echoes",,,10:49 AM
3QPh9b7vcZJ6zkYj,1,wipe,8:00,480,12660,"Ara-Kara, City of Echoes","Ara-Kara, City of Echoes",,,10:41 AM
3QPh9b7vcZJ6zkYj,2,wipe,2:29,149,12660,"Ara-Kara, City of Echoes","Ara-Kara, City of Echoes",,,10:49 AM
3QPh9b7vcZJ6zkYj,5,kill,41:27,2487,60670,Grim Batol,Grim Batol,,,1:43 PM
3QPh9b7vcZJ6zkYj,17,kill,33:40,2020,60670,Grim Batol,Grim Batol,,,6:37 PM
3QPh9b7vcZJ6zkYj,3,wipe,3:54,234,60670,Grim Batol,Grim Batol,,,1:25 PM
3QPh9b7vcZJ6zkYj,4,wipe,14:01,841,60670,Grim Batol,Grim Batol,,,1:29 PM
3QPh9b7vcZJ6zkYj,16,wipe,2:40,160,60670,Grim Batol,Grim Batol,,,6:35 PM
3QPh9b7vcZJ6zkYj,3,wipe,3:54,234,60670,Grim Batol,Grim Batol,,,1:25 PM
3QPh9b7vcZJ6zkYj,4,wipe,14:01,841,60670,Grim Batol,Grim Batol,,,1:29 PM
3QPh9b7vcZJ6zkYj,16,wipe,2:40,160,60670,Grim Batol,Grim Batol,,,6:35 PM
3QPh9b7vcZJ6zkYj,18,kill,30:09,1809,62286,The Necrotic Wake,The Necrotic Wake,,,7:30 PM
3QPh9b7vcZJ6zkYj,22,kill,33:57,2037,62286,The Necrotic Wake,The Necrotic Wake,,,8:52 PM
3QPh9b7vcZJ6zkYj,6,wipe,13:17,797,62286,The Necrotic Wake,The Necrotic Wake,,,2:35 PM
3QPh9b7vcZJ6zkYj,7,wipe,9:38,578,62286,The Necrotic Wake,The Necrotic Wake,,,2:48 PM
3QPh9b7vcZJ6zkYj,8,wipe,11:55,715,62286,The Necrotic Wake,The Necrotic Wake,,,2:58 PM
3QPh9b7vcZJ6zkYj,9,wipe,42:34,2554,62286,The Necrotic Wake,The Necrotic Wake,,,3:10 PM
3QPh9b7vcZJ6zkYj,21,wipe,2:42,162,62286,The Necrotic Wake,The Necrotic Wake,,,8:49 PM
3QPh9b7vcZJ6zkYj,26,wipe,1:11:56,4316,62286,The Necrotic Wake,The Necrotic Wake,,,12:47 AM
3QPh9b7vcZJ6zkYj,6,wipe,13:17,797,62286,The Necrotic Wake,The Necrotic Wake,,,2:35 PM
3QPh9b7vcZJ6zkYj,7,wipe,9:38,578,62286,The Necrotic Wake,The Necrotic Wake,,,2:48 PM
3QPh9b7vcZJ6zkYj,8,wipe,11:55,715,62286,The Necrotic Wake,The Necrotic Wake,,,2:58 PM
3QPh9b7vcZJ6zkYj,9,wipe,42:34,2554,62286,The Necrotic Wake,The Necrotic Wake,,,3:10 PM
3QPh9b7vcZJ6zkYj,21,wipe,2:42,162,62286,The Necrotic Wake,The Necrotic Wake,,,8:49 PM
3QPh9b7vcZJ6zkYj,26,wipe,1:11:56,4316,62286,The Necrotic Wake,The Necrotic Wake,,,12:47 AM
3QPh9b7vcZJ6zkYj,10,kill,41:16,2476,62290,Mists of Tirna Scithe,Mists of Tirna Scithe,,,3:52 PM
3QPh9b7vcZJ6zkYj,15,kill,33:47,2027,62290,Mists of Tirna Scithe,Mists of Tirna Scithe,,,5:57 PM
3QPh9b7vcZJ6zkYj,19,kill,34:22,2062,62290,Mists of Tirna Scithe,Mists of Tirna Scithe,,,8:05 PM
3QPh9b7vcZJ6zkYj,25,kill,38:39,2319,62290,Mists of Tirna Scithe,Mists of Tirna Scithe,,,11:58 PM
3QPh9b7vcZJ6zkYj,,kill,35:06,2106,12662,Hallowfall,Hallowfall,10,Xal'atath's Bargain: Oblivion,4:42 PM
3QPh9b7vcZJ6zkYj,,kill,31:29,1889,12652,The Stonevault,The Stonevault,10,Xal'atath's Bargain: Oblivion,5:18 PM
3QPh9b7vcZJ6zkYj,,wipe,49:08,2948,61822,Siege of Boralus,Siege of Boralus,10,Xal'atath's Bargain: Voidbound,9:31 PM
7LYkXfbhdCRwB94m,1,wipe,8:00,480,12660,"Ara-Kara, City of Echoes","Ara-Kara, City of Echoes",,,10:41 AM
7LYkXfbhdCRwB94m,2,wipe,2:29,149,12660,"Ara-Kara, City of Echoes","Ara-Kara, City of Echoes",,,10:49 AM
7LYkXfbhdCRwB94m,1,wipe,8:00,480,12660,"Ara-Kara, City of Echoes","Ara-Kara, City of Echoes",,,10:41 AM
7LYkXfbhdCRwB94m,2,wipe,2:29,149,12660,"Ara-Kara, City of Echoes","Ara-Kara, City of Echoes",,,10:49 AM
7LYkXfbhdCRwB94m,5,kill,41:27,2487,60670,Grim Batol,Grim Batol,,,1:43 PM
7LYkXfbhdCRwB94m,17,kill,33:40,2020,60670,Grim Batol,Grim Batol,,,6:37 PM
7LYkXfbhdCRwB94m,3,wipe,3:54,234,60670,Grim Batol,Grim Batol,,,1:25 PM
7LYkXfbhdCRwB94m,4,wipe,14:01,841,60670,Grim Batol,Grim Batol,,,1:29 PM
7LYkXfbhdCRwB94m,16,wipe,2:40,160,60670,Grim Batol,Grim Batol,,,6:35 PM
7LYkXfbhdCRwB94m,3,wipe,3:54,234,60670,Grim Batol,Grim Batol,,,1:25 PM
7LYkXfbhdCRwB94m,4,wipe,14:01,841,60670,Grim Batol,Grim Batol,,,1:29 PM
7LYkXfbhdCRwB94m,16,wipe,2:40,160,60670,Grim Batol,Grim Batol,,,6:35 PM
7LYkXfbhdCRwB94m,18,kill,30:09,1809,62286,The Necrotic Wake,The Necrotic Wake,,,7:30 PM
7LYkXfbhdCRwB94m,22,kill,33:57,2037,62286,The Necrotic Wake,The Necrotic Wake,,,8:52 PM
7LYkXfbhdCRwB94m,6,wipe,13:17,797,62286,The Necrotic Wake,The Necrotic Wake,,,2:35 PM
7LYkXfbhdCRwB94m,7,wipe,9:38,578,62286,The Necrotic Wake,The Necrotic Wake,,,2:48 PM
7LYkXfbhdCRwB94m,8,wipe,11:55,715,62286,The Necrotic Wake,The Necrotic Wake,,,2:58 PM
7LYkXfbhdCRwB94m,9,wipe,42:34,2554,62286,The Necrotic Wake,The Necrotic Wake,,,3:10 PM
7LYkXfbhdCRwB94m,21,wipe,2:42,162,62286,The Necrotic Wake,The Necrotic Wake,,,8:49 PM
7LYkXfbhdCRwB94m,26,wipe,1:11:56,4316,62286,The Necrotic Wake,The Necrotic Wake,,,12:47 AM
7LYkXfbhdCRwB94m,6,wipe,13:17,797,62286,The Necrotic Wake,The Necrotic Wake,,,2:35 PM
7LYkXfbhdCRwB94m,7,wipe,9:38,578,62286,The Necrotic Wake,The Necrotic Wake,,,2:48 PM
7LYkXfbhdCRwB94m,8,wipe,11:55,715,62286,The Necrotic Wake,The Necrotic Wake,,,2:58 PM
7LYkXfbhdCRwB94m,9,wipe,42:34,2554,62286,The Necrotic Wake,The Necrotic Wake,,,3:10 PM
7LYkXfbhdCRwB94m,21,wipe,2:42,162,62286,The Necrotic Wake,The Necrotic Wake,,,8:49 PM
7LYkXfbhdCRwB94m,26,wipe,1:11:56,4316,62286,The Necrotic Wake,The Necrotic Wake,,,12:47 AM
7LYkXfbhdCRwB94m,10,kill,41:16,2476,62290,Mists of Tirna Scithe,Mists of Tirna Scithe,,,3:52 PM
7LYkXfbhdCRwB94m,15,kill,33:47,2027,62290,Mists of Tirna Scithe,Mists of Tirna Scithe,,,5:57 PM
7LYkXfbhdCRwB94m,19,kill,34:22,2062,62290,Mists of Tirna Scithe,Mists of Tirna Scithe,,,8:05 PM
7LYkXfbhdCRwB94m,25,kill,38:39,2319,62290,Mists of Tirna Scithe,Mists of Tirna Scithe,,,11:58 PM
7LYkXfbhdCRwB94m,,kill,35:06,2106,12662,Hallowfall,Hallowfall,10,Xal'atath's Bargain: Oblivion,4:42 PM
7LYkXfbhdCRwB94m,,kill,31:29,1889,12652,The Stonevault,The Stonevault,10,Xal'atath's Bargain: Oblivion,5:18 PM
7LYkXfbhdCRwB94m,,wipe,49:08,2948,61822,Siege of Boralus,Siege of Boralus,10,Xal'atath's Bargain: Voidbound,9:31 PM
6JGRLMT8qpvQ4PVn,1,kill,35:53,2153,62286,The Necrotic Wake,The Necrotic Wake,,,1:47 AM
6JGRLMT8qpvQ4PVn,6,kill,56:01,3361,62286,The Necrotic Wake,The Necrotic Wake,,,7:24 AM
6JGRLMT8qpvQ4PVn,16,kill,46:31,2791,62286,The Necrotic Wake,The Necrotic Wake,,,9:54 AM
6JGRLMT8qpvQ4PVn,10,wipe,2:02,122,62286,The Necrotic Wake,The Necrotic Wake,,,9:37 AM
6JGRLMT8qpvQ4PVn,11,wipe,1:18,78,62286,The Necrotic Wake,The Necrotic Wake,,,9:39 AM
6JGRLMT8qpvQ4PVn,12,wipe,2:09,129,62286,The Necrotic Wake,The Necrotic Wake,,,9:41 AM
6JGRLMT8qpvQ4PVn,13,wipe,4:27,267,62286,The Necrotic Wake,The Necrotic Wake,,,9:43 AM
6JGRLMT8qpvQ4PVn,14,wipe,2:51,171,62286,The Necrotic Wake,The Necrotic Wake,,,9:47 AM
6JGRLMT8qpvQ4PVn,15,wipe,3:41,221,62286,The Necrotic Wake,The Necrotic Wake,,,9:50 AM
6JGRLMT8qpvQ4PVn,10,wipe,2:02,122,62286,The Necrotic Wake,The Necrotic Wake,,,9:37 AM
6JGRLMT8qpvQ4PVn,11,wipe,1:18,78,62286,The Necrotic Wake,The Necrotic Wake,,,9:39 AM
6JGRLMT8qpvQ4PVn,12,wipe,2:09,129,62286,The Necrotic Wake,The Necrotic Wake,,,9:41 AM
6JGRLMT8qpvQ4PVn,13,wipe,4:27,267,62286,The Necrotic Wake,The Necrotic Wake,,,9:43 AM
6JGRLMT8qpvQ4PVn,14,wipe,2:51,171,62286,The Necrotic Wake,The Necrotic Wake,,,9:47 AM
6JGRLMT8qpvQ4PVn,15,wipe,3:41,221,62286,The Necrotic Wake,The Necrotic Wake,,,9:50 AM
6JGRLMT8qpvQ4PVn,3,wipe,14:11,851,62290,Mists of Tirna Scithe,Mists of Tirna Scithe,,,6:05 AM
6JGRLMT8qpvQ4PVn,4,wipe,11:08,668,62290,Mists of Tirna Scithe,Mists of Tirna Scithe,,,6:19 AM
6JGRLMT8qpvQ4PVn,5,wipe,53:46,3226,62290,Mists of Tirna Scithe,Mists of Tirna Scithe,,,6:30 AM
6JGRLMT8qpvQ4PVn,8,wipe,9:15,555,62290,Mists of Tirna Scithe,Mists of Tirna Scithe,,,8:35 AM
6JGRLMT8qpvQ4PVn,9,wipe,52:28,3148,62290,Mists of Tirna Scithe,Mists of Tirna Scithe,,,8:45 AM
6JGRLMT8qpvQ4PVn,3,wipe,14:11,851,62290,Mists of Tirna Scithe,Mists of Tirna Scithe,,,6:05 AM
6JGRLMT8qpvQ4PVn,4,wipe,11:08,668,62290,Mists of Tirna Scithe,Mists of Tirna Scithe,,,6:19 AM
6JGRLMT8qpvQ4PVn,5,wipe,53:46,3226,62290,Mists of Tirna Scithe,Mists of Tirna Scithe,,,6:30 AM
6JGRLMT8qpvQ4PVn,8,wipe,9:15,555,62290,Mists of Tirna Scithe,Mists of Tirna Scithe,,,8:35 AM
6JGRLMT8qpvQ4PVn,9,wipe,52:28,3148,62290,Mists of Tirna Scithe,Mists of Tirna Scithe,,,8:45 AM
6JGRLMT8qpvQ4PVn,,wipe,54:57,3297,12652,The Stonevault,The Stonevault,10,Xal'atath's Bargain: Oblivion,10:43 AM
6JGRLMT8qpvQ4PVn,18,wipe,19:56,1196,12660,"Ara-Kara, City of Echoes","Ara-Kara, City of Echoes",,,11:38 AM
6JGRLMT8qpvQ4PVn,19,wipe,20:19,1219,12660,"Ara-Kara, City of Echoes","Ara-Kara, City of Echoes",,,11:58 AM
6JGRLMT8qpvQ4PVn,18,wipe,19:56,1196,12660,"Ara-Kara, City of Echoes","Ara-Kara, City of Echoes",,,11:38 AM
6JGRLMT8qpvQ4PVn,19,wipe,20:19,1219,12660,"Ara-Kara, City of Echoes","Ara-Kara, City of Echoes",,,11:58 AM
6JGRLMT8qpvQ4PVn,,wipe,41:37,2497,12662,Hallowfall,Hallowfall,10,Xal'atath's Bargain: Oblivion,1:27 PM
6JGRLMT8qpvQ4PVn,,kill,38:49,2329,12669,City of Threads,City of Threads,10,Xal'atath's Bargain: Oblivion,2:09 PM
mqp8QJdrGCFgRx1W,,wipe,0:00,0,12662,Hallowfall,Hallowfall,10,Xal'atath's Bargain: Oblivion,12:25 AM
mqp8QJdrGCFgRx1W,,wipe,27:56,1676,12660,"Ara-Kara, City of Echoes","Ara-Kara, City of Echoes",10,Xal'atath's Bargain: Oblivion,2:52 AM
mqp8QJdrGCFgRx1W,,kill,48:04,2884,12669,City of Threads,City of Threads,10,Xal'atath's Bargain: Oblivion,3:20 AM
wCpNcT8abfg6zjx1,10,kill,40:16,2416,62286,The Necrotic Wake,The Necrotic Wake,,,3:29 AM
wCpNcT8abfg6zjx1,6,wipe,10:04,604,62286,The Necrotic Wake,The Necrotic Wake,,,1:20 AM
wCpNcT8abfg6zjx1,7,wipe,22:32,1352,62286,The Necrotic Wake,The Necrotic Wake,,,1:30 AM
wCpNcT8abfg6zjx1,6,wipe,10:04,604,62286,The Necrotic Wake,The Necrotic Wake,,,1:20 AM
wCpNcT8abfg6zjx1,7,wipe,22:32,1352,62286,The Necrotic Wake,The Necrotic Wake,,,1:30 AM
wCpNcT8abfg6zjx1,,wipe,32:38,1958,12660,"Ara-Kara, City of Echoes","Ara-Kara, City of Echoes",8,Xal'atath's Bargain: Oblivion,1:53 AM
wCpNcT8abfg6zjx1,,wipe,1:03:12,3792,12652,The Stonevault,The Stonevault,5,Xal'atath's Bargain: Oblivion,2:26 AM
qpYtPH4bxgk2Cdhf,,wipe,42:02,2522,12660,"Ara-Kara, City of Echoes","Ara-Kara, City of Echoes",10,Xal'atath's Bargain: Oblivion,5:21 PM
qpYtPH4bxgk2Cdhf,,wipe,44:33,2673,12652,The Stonevault,The Stonevault,10,Xal'atath's Bargain: Oblivion,6:03 PM
qpYtPH4bxgk2Cdhf,8,kill,52:47,3167,60670,Grim Batol,Grim Batol,,,6:48 PM
qpYtPH4bxgk2Cdhf,9,wipe,0:58,58,60670,Grim Batol,Grim Batol,,,7:42 PM
Vd2wgWQKA8zDaYM1,1,kill,28:42,1722,60670,Grim Batol,Grim Batol,,,1:05 AM
Vd2wgWQKA8zDaYM1,19,kill,27:22,1642,60670,Grim Batol,Grim Batol,,,5:12 AM
Vd2wgWQKA8zDaYM1,37,kill,47:36,2856,60670,Grim Batol,Grim Batol,,,3:40 AM
Vd2wgWQKA8zDaYM1,8,wipe,53:46,3226,60670,Grim Batol,Grim Batol,,,6:22 AM
Vd2wgWQKA8zDaYM1,15,wipe,13:03,783,60670,Grim Batol,Grim Batol,,,2:57 AM
Vd2wgWQKA8zDaYM1,34,wipe,26:29,1589,60670,Grim Batol,Grim Batol,,,6:38 AM
Vd2wgWQKA8zDaYM1,8,wipe,53:46,3226,60670,Grim Batol,Grim Batol,,,6:22 AM
Vd2wgWQKA8zDaYM1,15,wipe,13:03,783,60670,Grim Batol,Grim Batol,,,2:57 AM
Vd2wgWQKA8zDaYM1,34,wipe,26:29,1589,60670,Grim Batol,Grim Batol,,,6:38 AM
Vd2wgWQKA8zDaYM1,2,wipe,35:24,2124,12660,"Ara-Kara, City of Echoes","Ara-Kara, City of Echoes",,,1:49 AM
Vd2wgWQKA8zDaYM1,5,wipe,25:45,1545,12660,"Ara-Kara, City of Echoes","Ara-Kara, City of Echoes",,,4:28 AM
Vd2wgWQKA8zDaYM1,2,wipe,35:24,2124,12660,"Ara-Kara, City of Echoes","Ara-Kara, City of Echoes",,,1:49 AM
Vd2wgWQKA8zDaYM1,5,wipe,25:45,1545,12660,"Ara-Kara, City of Echoes","Ara-Kara, City of Echoes",,,4:28 AM
Vd2wgWQKA8zDaYM1,,wipe,55:52,3352,12662,Hallowfall,Hallowfall,3,Xal'atath's Bargain: Ascendant,2:25 AM
Vd2wgWQKA8zDaYM1,,wipe,27:26,1646,12652,The Stonevault,The Stonevault,3,Xal'atath's Bargain: Ascendant,3:20 AM
Vd2wgWQKA8zDaYM1,40,kill,34:04,2044,62290,Mists of Tirna Scithe,Mists of Tirna Scithe,,,5:28 AM
Vd2wgWQKA8zDaYM1,6,wipe,27:28,1648,62290,Mists of Tirna Scithe,Mists of Tirna Scithe,,,4:53 AM
Vd2wgWQKA8zDaYM1,9,wipe,20:48,1248,62290,Mists of Tirna Scithe,Mists of Tirna Scithe,,,7:16 AM
Vd2wgWQKA8zDaYM1,12,wipe,34:56,2096,62290,Mists of Tirna Scithe,Mists of Tirna Scithe,,,1:09 AM
Vd2wgWQKA8zDaYM1,39,wipe,15:53,953,62290,Mists of Tirna Scithe,Mists of Tirna Scithe,,,5:12 AM
Vd2wgWQKA8zDaYM1,6,wipe,27:28,1648,62290,Mists of Tirna Scithe,Mists of Tirna Scithe,,,4:53 AM
Vd2wgWQKA8zDaYM1,9,wipe,20:48,1248,62290,Mists of Tirna Scithe,Mists of Tirna Scithe,,,7:16 AM
Vd2wgWQKA8zDaYM1,12,wipe,34:56,2096,62290,Mists of Tirna Scithe,Mists of Tirna Scithe,,,1:09 AM
Vd2wgWQKA8zDaYM1,39,wipe,15:53,953,62290,Mists of Tirna Scithe,Mists of Tirna Scithe,,,5:12 AM
Vd2wgWQKA8zDaYM1,18,kill,48:40,2920,12669,City of Threads,City of Threads,,,4:06 AM
Vd2wgWQKA8zDaYM1,7,wipe,1:01:04,3664,12669,City of Threads,City of Threads,,,5:21 AM
Vd2wgWQKA8zDaYM1,10,kill,33:11,1991,62286,The Necrotic Wake,The Necrotic Wake,,,7:37 AM
Vd2wgWQKA8zDaYM1,16,kill,38:49,2329,62286,The Necrotic Wake,The Necrotic Wake,,,3:11 AM
Vd2wgWQKA8zDaYM1,38,kill,22:52,1372,62286,The Necrotic Wake,The Necrotic Wake,,,4:33 AM
Vd2wgWQKA8zDaYM1,13,wipe,43:05,2585,62286,The Necrotic Wake,The Necrotic Wake,,,1:44 AM
Vd2wgWQKA8zDaYM1,14,wipe,30:09,1809,62286,The Necrotic Wake,The Necrotic Wake,,,2:27 AM
Vd2wgWQKA8zDaYM1,36,wipe,51:42,3102,62286,The Necrotic Wake,The Necrotic Wake,,,2:48 AM
Vd2wgWQKA8zDaYM1,13,wipe,43:05,2585,62286,The Necrotic Wake,The Necrotic Wake,,,1:44 AM
Vd2wgWQKA8zDaYM1,14,wipe,30:09,1809,62286,The Necrotic Wake,The Necrotic Wake,,,2:27 AM
Vd2wgWQKA8zDaYM1,36,wipe,51:42,3102,62286,The Necrotic Wake,The Necrotic Wake,,,2:48 AM
13R8ZLxWyMcpHdwQ,,kill,29:56,1796,12660,"Ara-Kara, City of Echoes","Ara-Kara, City of Echoes",10,Xal'atath's Bargain: Ascendant,3:39 PM
yvDZ4BGcCq2t8W9K,2,kill,1:07:05,4025,12652,The Stonevault,The Stonevault,,,2:20 PM
yvDZ4BGcCq2t8W9K,1,wipe,5:13,313,12652,The Stonevault,The Stonevault,,,2:14 PM
yvDZ4BGcCq2t8W9K,,wipe,0:00,0,12660,"Ara-Kara, City of Echoes","Ara-Kara, City of Echoes",10,Xal'atath's Bargain: Ascendant,3:38 PM
phLYGCnDrR9kb8XP,11,kill,50:25,3025,12660,"Ara-Kara, City of Echoes","Ara-Kara, City of Echoes",,,6:32 AM
phLYGCnDrR9kb8XP,13,kill,20:25,1225,12660,"Ara-Kara, City of Echoes","Ara-Kara, City of Echoes",,,7:28 AM
phLYGCnDrR9kb8XP,14,kill,25:45,1545,62286,The Necrotic Wake,The Necrotic Wake,,,8:36 AM
phLYGCnDrR9kb8XP,23,wipe,57:53,3473,62286,The Necrotic Wake,The Necrotic Wake,,,12:30 PM
phLYGCnDrR9kb8XP,30,wipe,1:01,61,62286,The Necrotic Wake,The Necrotic Wake,,,3:56 PM
phLYGCnDrR9kb8XP,31,wipe,1:25,85,62286,The Necrotic Wake,The Necrotic Wake,,,3:57 PM
phLYGCnDrR9kb8XP,32,wipe,1:05,65,62286,The Necrotic Wake,The Necrotic Wake,,,3:58 PM
phLYGCnDrR9kb8XP,33,wipe,2:13,133,62286,The Necrotic Wake,The Necrotic Wake,,,4:00 PM
phLYGCnDrR9kb8XP,34,wipe,1:58,118,62286,The Necrotic Wake,The Necrotic Wake,,,4:02 PM
phLYGCnDrR9kb8XP,35,wipe,1:14,74,62286,The Necrotic Wake,The Necrotic Wake,,,4:04 PM
phLYGCnDrR9kb8XP,23,wipe,57:53,3473,62286,The Necrotic Wake,The Necrotic Wake,,,12:30 PM
phLYGCnDrR9kb8XP,30,wipe,1:01,61,62286,The Necrotic Wake,The Necrotic Wake,,,3:56 PM
phLYGCnDrR9kb8XP,31,wipe,1:25,85,62286,The Necrotic Wake,The Necrotic Wake,,,3:57 PM
phLYGCnDrR9kb8XP,32,wipe,1:05,65,62286,The Necrotic Wake,The Necrotic Wake,,,3:58 PM
phLYGCnDrR9kb8XP,33,wipe,2:13,133,62286,The Necrotic Wake,The Necrotic Wake,,,4:00 PM
phLYGCnDrR9kb8XP,34,wipe,1:58,118,62286,The Necrotic Wake,The Necrotic Wake,,,4:02 PM
phLYGCnDrR9kb8XP,35,wipe,1:14,74,62286,The Necrotic Wake,The Necrotic Wake,,,4:04 PM
phLYGCnDrR9kb8XP,25,kill,47:43,2863,12652,The Stonevault,The Stonevault,,,2:28 PM
phLYGCnDrR9kb8XP,16,wipe,29:08,1748,12652,The Stonevault,The Stonevault,,,10:31 AM
phLYGCnDrR9kb8XP,19,kill,41:11,2471,62290,Mists of Tirna Scithe,Mists of Tirna Scithe,,,11:07 AM
phLYGCnDrR9kb8XP,17,wipe,2:04,124,62290,Mists of Tirna Scithe,Mists of Tirna Scithe,,,11:00 AM
phLYGCnDrR9kb8XP,18,wipe,4:40,280,62290,Mists of Tirna Scithe,Mists of Tirna Scithe,,,11:02 AM
phLYGCnDrR9kb8XP,24,wipe,1:00:30,3630,62290,Mists of Tirna Scithe,Mists of Tirna Scithe,,,1:28 PM
phLYGCnDrR9kb8XP,29,wipe,1:41,101,62290,Mists of Tirna Scithe,Mists of Tirna Scithe,,,3:54 PM
phLYGCnDrR9kb8XP,17,wipe,2:04,124,62290,Mists of Tirna Scithe,Mists of Tirna Scithe,,,11:00 AM
phLYGCnDrR9kb8XP,18,wipe,4:40,280,62290,Mists of Tirna Scithe,Mists of Tirna Scithe,,,11:02 AM
phLYGCnDrR9kb8XP,24,wipe,1:00:30,3630,62290,Mists of Tirna Scithe,Mists of Tirna Scithe,,,1:28 PM
phLYGCnDrR9kb8XP,29,wipe,1:41,101,62290,Mists of Tirna Scithe,Mists of Tirna Scithe,,,3:54 PM
phLYGCnDrR9kb8XP,21,wipe,10:26,626,61822,Siege of Boralus,Siege of Boralus,,,12:10 PM
phLYGCnDrR9kb8XP,22,wipe,9:56,596,61822,Siege of Boralus,Siege of Boralus,,,12:20 PM
phLYGCnDrR9kb8XP,21,wipe,10:26,626,61822,Siege of Boralus,Siege of Boralus,,,12:10 PM
phLYGCnDrR9kb8XP,22,wipe,9:56,596,61822,Siege of Boralus,Siege of Boralus,,,12:20 PM
vDxhzbacp2W6JPM8,13,wipe,44:12,2652,12660,"Ara-Kara, City of Echoes","Ara-Kara, City of Echoes",,,5:17 AM
vDxhzbacp2W6JPM8,14,wipe,53:27,3207,12660,"Ara-Kara, City of Echoes","Ara-Kara, City of Echoes",,,6:01 AM
vDxhzbacp2W6JPM8,13,wipe,44:12,2652,12660,"Ara-Kara, City of Echoes","Ara-Kara, City of Echoes",,,5:17 AM
vDxhzbacp2W6JPM8,14,wipe,53:27,3207,12660,"Ara-Kara, City of Echoes","Ara-Kara, City of Echoes",,,6:01 AM
cj3hQDFYBqT9PC4a,,kill,36:14,2174,62286,The Necrotic Wake,The Necrotic Wake,10,Xal'atath's Bargain: Voidbound,3:06 AM
cj3hQDFYBqT9PC4a,,kill,36:30,2190,62290,Mists of Tirna Scithe,Mists of Tirna Scithe,10,Xal'atath's Bargain: Voidbound,4:45 AM
cj3hQDFYBqT9PC4a,,kill,1:00:24,3624,12660,"Ara-Kara, City of Echoes","Ara-Kara, City of Echoes",10,Xal'atath's Bargain: Voidbound,5:29 AM
2AwHrRXJWy9j3BP6,,wipe,36:15,2175,12660,"Ara-Kara, City of Echoes","Ara-Kara, City of Echoes",3,Xal'atath's Bargain: Voidbound,11:16 PM
2AwHrRXJWy9j3BP6,,wipe,30:12,1812,12662,Hallowfall,Hallowfall,3,Xal'atath's Bargain: Voidbound,11:52 PM
H4WkGbCwApzd6Qtx,,kill,41:30,2490,12660,"Ara-Kara, City of Echoes","Ara-Kara, City of Echoes",10,Xal'atath's Bargain: Voidbound,12:19 PM
7KwkD8dQmjARvb1M,,wipe,1:02:33,3753,12669,City of Threads,City of Threads,10,Xal'atath's Bargain: Ascendant,3:22 AM
7KwkD8dQmjARvb1M,11,kill,47:48,2868,12652,The Stonevault,The Stonevault,,,5:59 AM
7KwkD8dQmjARvb1M,2,wipe,1:41:20,6080,12652,The Stonevault,The Stonevault,,,4:24 AM
7KwkD8dQmjARvb1M,3,kill,37:37,2257,62290,Mists of Tirna Scithe,Mists of Tirna Scithe,,,6:05 AM
7KwkD8dQmjARvb1M,9,kill,57:46,3466,62290,Mists of Tirna Scithe,Mists of Tirna Scithe,,,3:19 AM
7KwkD8dQmjARvb1M,8,wipe,2:37,157,62290,Mists of Tirna Scithe,Mists of Tirna Scithe,,,3:16 AM
7KwkD8dQmjARvb1M,5,kill,47:09,2829,61822,Siege of Boralus,Siege of Boralus,,,6:06 AM
7KwkD8dQmjARvb1M,10,kill,1:22:30,4950,61822,Siege of Boralus,Siege of Boralus,,,4:25 AM
7KwkD8dQmjARvb1M,,wipe,1:11:55,4315,12660,"Ara-Kara, City of Echoes","Ara-Kara, City of Echoes",10,Xal'atath's Bargain: Ascendant,8:03 AM
dkJf2jHvXRyg1BAp,,kill,27:31,1651,61822,Siege of Boralus,Siege of Boralus,10,Xal'atath's Bargain: Voidbound,12:23 AM
dkJf2jHvXRyg1BAp,,kill,29:33,1773,12660,"Ara-Kara, City of Echoes","Ara-Kara, City of Echoes",10,Xal'atath's Bargain: Voidbound,2:15 AM
rg3wtByNnvGRPC2L,,wipe,31:59,1919,12660,"Ara-Kara, City of Echoes","Ara-Kara, City of Echoes",4,Xal'atath's Bargain: Ascendant,4:52 PM
rg3wtByNnvGRPC2L,,kill,37:36,2256,61822,Siege of Boralus,Siege of Boralus,5,Xal'atath's Bargain: Voidbound,5:24 PM
AYdHRMfa3X76Bmgv,13,kill,27:39,1659,62286,The Necrotic Wake,The Necrotic Wake,,,4:10 PM
AYdHRMfa3X76Bmgv,18,kill,40:33,2433,62286,The Necrotic Wake,The Necrotic Wake,,,6:23 PM
AYdHRMfa3X76Bmgv,3,wipe,22:56,1376,62286,The Necrotic Wake,The Necrotic Wake,,,9:25 AM
AYdHRMfa3X76Bmgv,16,wipe,36:54,2214,62286,The Necrotic Wake,The Necrotic Wake,,,5:17 PM
AYdHRMfa3X76Bmgv,17,wipe,29:15,1755,62286,The Necrotic Wake,The Necrotic Wake,,,5:54 PM
AYdHRMfa3X76Bmgv,3,wipe,22:56,1376,62286,The Necrotic Wake,The Necrotic Wake,,,9:25 AM
AYdHRMfa3X76Bmgv,16,wipe,36:54,2214,62286,The Necrotic Wake,The Necrotic Wake,,,5:17 PM
AYdHRMfa3X76Bmgv,17,wipe,29:15,1755,62286,The Necrotic Wake,The Necrotic Wake,,,5:54 PM
AYdHRMfa3X76Bmgv,7,kill,29:40,1780,62290,Mists of Tirna Scithe,Mists of Tirna Scithe,,,12:02 PM
AYdHRMfa3X76Bmgv,4,wipe,2:58,178,62290,Mists of Tirna Scithe,Mists of Tirna Scithe,,,10:35 AM
AYdHRMfa3X76Bmgv,5,wipe,17:09,1029,62290,Mists of Tirna Scithe,Mists of Tirna Scithe,,,10:38 AM
AYdHRMfa3X76Bmgv,4,wipe,2:58,178,62290,Mists of Tirna Scithe,Mists of Tirna Scithe,,,10:35 AM
AYdHRMfa3X76Bmgv,5,wipe,17:09,1029,62290,Mists of Tirna Scithe,Mists of Tirna Scithe,,,10:38 AM
AYdHRMfa3X76Bmgv,6,kill,31:40,1900,12652,The Stonevault,The Stonevault,,,10:55 AM
AYdHRMfa3X76Bmgv,8,kill,34:29,2069,12652,The Stonevault,The Stonevault,,,12:52 PM
AYdHRMfa3X76Bmgv,9,kill,32:32,1952,60670,Grim Batol,Grim Batol,,,1:44 PM
AYdHRMfa3X76Bmgv,10,kill,42:34,2554,60670,Grim Batol,Grim Batol,,,2:29 PM
AYdHRMfa3X76Bmgv,11,wipe,20:02,1202,12669,City of Threads,City of Threads,,,3:28 PM
AYdHRMfa3X76Bmgv,12,wipe,21:19,1279,12669,City of Threads,City of Threads,,,3:49 PM
AYdHRMfa3X76Bmgv,11,wipe,20:02,1202,12669,City of Threads,City of Threads,,,3:28 PM
AYdHRMfa3X76Bmgv,12,wipe,21:19,1279,12669,City of Threads,City of Threads,,,3:49 PM
AYdHRMfa3X76Bmgv,,wipe,26:27,1587,12660,"Ara-Kara, City of Echoes","Ara-Kara, City of Echoes",11,Xal'atath's Bargain: Ascendant,4:51 PM
LdXBkz3CGpqnN92f,,wipe,34:51,2091,12660,"Ara-Kara, City of Echoes","Ara-Kara, City of Echoes",6,Xal'atath's Bargain: Voidbound,6:09 PM
qYDxmXdg6MCVF9wQ,,wipe,23:45,1425,12662,Hallowfall,Hallowfall,5,Xal'atath's Bargain: Voidbound,4:52 PM
qYDxmXdg6MCVF9wQ,,wipe,1:09:32,4172,12660,"Ara-Kara, City of Echoes","Ara-Kara, City of Echoes",10,Xal'atath's Bargain: Ascendant,5:15 PM
qYDxmXdg6MCVF9wQ,3,wipe,4:10,250,62290,Mists of Tirna Scithe,Mists of Tirna Scithe,,,6:25 PM
qYDxmXdg6MCVF9wQ,4,wipe,9:45,585,62290,Mists of Tirna Scithe,Mists of Tirna Scithe,,,6:29 PM
qYDxmXdg6MCVF9wQ,3,wipe,4:10,250,62290,Mists of Tirna Scithe,Mists of Tirna Scithe,,,6:25 PM
qYDxmXdg6MCVF9wQ,4,wipe,9:45,585,62290,Mists of Tirna Scithe,Mists of Tirna Scithe,,,6:29 PM
gG8bX9C2aKHWfFBA,,kill,31:35,1895,62286,The Necrotic Wake,The Necrotic Wake,4,Xal'atath's Bargain: Ascendant,9:01 PM
gG8bX9C2aKHWfFBA,4,wipe,12:43,763,12660,"Ara-Kara, City of Echoes","Ara-Kara, City of Echoes",,,9:42 PM
gG8bX9C2aKHWfFBA,5,wipe,1:03:39,3819,12660,"Ara-Kara, City of Echoes","Ara-Kara, City of Echoes",,,9:55 PM
gG8bX9C2aKHWfFBA,4,wipe,12:43,763,12660,"Ara-Kara, City of Echoes","Ara-Kara, City of Echoes",,,9:42 PM
gG8bX9C2aKHWfFBA,5,wipe,1:03:39,3819,12660,"Ara-Kara, City of Echoes","Ara-Kara, City of Echoes",,,9:55 PM
gG8bX9C2aKHWfFBA,6,kill,32:41,1961,60670,Grim Batol,Grim Batol,,,10:59 PM
gG8bX9C2aKHWfFBA,7,wipe,1:00,60,60670,Grim Batol,Grim Batol,,,11:32 PM
yjhxkPMFZgL2CKV7,2,kill,24:06,1446,62290,Mists of Tirna Scithe,Mists of Tirna Scithe,,,10:08 AM
yjhxkPMFZgL2CKV7,7,kill,36:47,2207,62290,Mists of Tirna Scithe,Mists of Tirna Scithe,,,11:58 AM
yjhxkPMFZgL2CKV7,11,kill,29:57,1797,62290,Mists of Tirna Scithe,Mists of Tirna Scithe,,,3:15 PM
yjhxkPMFZgL2CKV7,3,wipe,15:40,940,62286,The Necrotic Wake,The Necrotic Wake,,,10:37 AM
yjhxkPMFZgL2CKV7,4,wipe,6:40,400,62286,The Necrotic Wake,The Necrotic Wake,,,10:53 AM
yjhxkPMFZgL2CKV7,5,wipe,38:22,2302,62286,The Necrotic Wake,The Necrotic Wake,,,11:00 AM
yjhxkPMFZgL2CKV7,8,wipe,34:24,2064,62286,The Necrotic Wake,The Necrotic Wake,,,12:43 PM
yjhxkPMFZgL2CKV7,9,wipe,1:03:35,3815,62286,The Necrotic Wake,The Necrotic Wake,,,1:18 PM
yjhxkPMFZgL2CKV7,3,wipe,15:40,940,62286,The Necrotic Wake,The Necrotic Wake,,,10:37 AM
yjhxkPMFZgL2CKV7,4,wipe,6:40,400,62286,The Necrotic Wake,The Necrotic Wake,,,10:53 AM
yjhxkPMFZgL2CKV7,5,wipe,38:22,2302,62286,The Necrotic Wake,The Necrotic Wake,,,11:00 AM
yjhxkPMFZgL2CKV7,8,wipe,34:24,2064,62286,The Necrotic Wake,The Necrotic Wake,,,12:43 PM
yjhxkPMFZgL2CKV7,9,wipe,1:03:35,3815,62286,The Necrotic Wake,The Necrotic Wake,,,1:18 PM
yjhxkPMFZgL2CKV7,15,kill,48:06,2886,12652,The Stonevault,The Stonevault,,,6:17 PM
yjhxkPMFZgL2CKV7,6,wipe,20:14,1214,12652,The Stonevault,The Stonevault,,,11:38 AM
yjhxkPMFZgL2CKV7,,kill,54:41,3281,12669,City of Threads,City of Threads,10,Xal'atath's Bargain: Ascendant,2:21 PM
yjhxkPMFZgL2CKV7,,wipe,1:31:40,5500,12660,"Ara-Kara, City of Echoes","Ara-Kara, City of Echoes",10,Xal'atath's Bargain: Ascendant,3:49 PM
yjhxkPMFZgL2CKV7,,wipe,56:11,3371,12662,Hallowfall,Hallowfall,10,Xal'atath's Bargain: Ascendant,5:21 PM
AP6n8GYfRBTHgrhq,,wipe,9:40,580,12660,"Ara-Kara, City of Echoes","Ara-Kara, City of Echoes",3,Xal'atath's Bargain: Ascendant,6:19 PM
AP6n8GYfRBTHgrhq,,wipe,36:14,2174,12662,Hallowfall,Hallowfall,3,Xal'atath's Bargain: Ascendant,8:17 PM
NK1XGrngazw2Q3mv,,wipe,9:40,580,12660,"Ara-Kara, City of Echoes","Ara-Kara, City of Echoes",3,Xal'atath's Bargain: Ascendant,6:19 PM
p4rvYRy9dgxqHMFB,1,wipe,11:35,695,12652,The Stonevault,The Stonevault,,,5:24 AM
p4rvYRy9dgxqHMFB,2,wipe,43:51,2631,12652,The Stonevault,The Stonevault,,,5:36 AM
p4rvYRy9dgxqHMFB,1,wipe,11:35,695,12652,The Stonevault,The Stonevault,,,5:24 AM
p4rvYRy9dgxqHMFB,2,wipe,43:51,2631,12652,The Stonevault,The Stonevault,,,5:36 AM
p4rvYRy9dgxqHMFB,,wipe,34:21,2061,12660,"Ara-Kara, City of Echoes","Ara-Kara, City of Echoes",3,Xal'atath's Bargain: Ascendant,6:20 AM
yjtmN1D7zM4CVFbw,1,wipe,27:05,1625,12660,"Ara-Kara, City of Echoes","Ara-Kara, City of Echoes",,,3:33 PM
yjtmN1D7zM4CVFbw,2,wipe,1:01:50,3710,12660,"Ara-Kara, City of Echoes","Ara-Kara, City of Echoes",,,4:00 PM
yjtmN1D7zM4CVFbw,1,wipe,27:05,1625,12660,"Ara-Kara, City of Echoes","Ara-Kara, City of Echoes",,,3:33 PM
yjtmN1D7zM4CVFbw,2,wipe,1:01:50,3710,12660,"Ara-Kara, City of Echoes","Ara-Kara, City of Echoes",,,4:00 PM
yjtmN1D7zM4CVFbw,,kill,31:25,1885,62286,The Necrotic Wake,The Necrotic Wake,10,Xal'atath's Bargain: Ascendant,5:02 PM
yjtmN1D7zM4CVFbw,,kill,46:34,2794,61822,Siege of Boralus,Siege of Boralus,10,Xal'atath's Bargain: Ascendant,5:41 PM
KQM7qJGVcxLhdz41,,wipe,39:50,2390,12660,"Ara-Kara, City of Echoes","Ara-Kara, City of Echoes",9,Xal'atath's Bargain: Ascendant,10:16 AM
KQM7qJGVcxLhdz41,,kill,39:54,2394,12652,The Stonevault,The Stonevault,8,Xal'atath's Bargain: Ascendant,10:56 AM
31Qp42LchjNZXTG8,,wipe,18:09,1089,12660,"Ara-Kara, City of Echoes","Ara-Kara, City of Echoes",4,Xal'atath's Bargain: Ascendant,10:28 AM
31Qp42LchjNZXTG8,,wipe,32:13,1933,12669,City of Threads,City of Threads,2,Xal'atath's Bargain: Voidbound,10:47 AM
DdVWNT3wxGPnB7qY,,kill,28:45,1725,12660,"Ara-Kara, City of Echoes","Ara-Kara, City of Echoes",7,Xal'atath's Bargain: Ascendant,8:53 AM
axz1NVFWkhABf9Hw,2,kill,46:46,2806,12669,City of Threads,City of Threads,,,12:39 AM
axz1NVFWkhABf9Hw,1,wipe,10:08,608,12669,City of Threads,City of Threads,,,12:29 AM
axz1NVFWkhABf9Hw,,wipe,33:05,1985,12660,"Ara-Kara, City of Echoes","Ara-Kara, City of Echoes",10,Xal'atath's Bargain: Ascendant,1:29 AM
X42LHrv6njbkaVZC,,wipe,14:47,887,12660,"Ara-Kara, City of Echoes","Ara-Kara, City of Echoes",3,Xal'atath's Bargain: Voidbound,1:33 AM
RvDdNCm3VkYf1PTw,,wipe,18:15,1095,12660,"Ara-Kara, City of Echoes","Ara-Kara, City of Echoes",2,Xal'atath's Bargain: Voidbound,12:22 AM
RvDdNCm3VkYf1PTw,,wipe,1:45,105,62290,Mists of Tirna Scithe,Mists of Tirna Scithe,10,Xal'atath's Bargain: Ascendant,12:40 AM
BJj1y4LnDKcdkY7b,,wipe,18:15,1095,12660,"Ara-Kara, City of Echoes","Ara-Kara, City of Echoes",2,Xal'atath's Bargain: Voidbound,12:22 AM
BJj1y4LnDKcdkY7b,,wipe,1:45,105,62290,Mists of Tirna Scithe,Mists of Tirna Scithe,10,Xal'atath's Bargain: Ascendant,12:40 AM
QxkbfzFD2WRPCgMY,,wipe,12:13,733,12660,"Ara-Kara, City of Echoes","Ara-Kara, City of Echoes",2,Xal'atath's Bargain: Voidbound,12:22 AM
DF1qbKdHXGBP8rWN,,wipe,46:10,2770,62286,The Necrotic Wake,The Necrotic Wake,7,Xal'atath's Bargain: Voidbound,2:17 PM
DF1qbKdHXGBP8rWN,2,wipe,0:59,59,12652,The Stonevault,The Stonevault,,,3:04 PM
DF1qbKdHXGBP8rWN,3,wipe,14:36,876,12652,The Stonevault,The Stonevault,,,3:06 PM
DF1qbKdHXGBP8rWN,6,wipe,34:11,2051,12652,The Stonevault,The Stonevault,,,5:34 PM
DF1qbKdHXGBP8rWN,2,wipe,0:59,59,12652,The Stonevault,The Stonevault,,,3:04 PM
DF1qbKdHXGBP8rWN,3,wipe,14:36,876,12652,The Stonevault,The Stonevault,,,3:06 PM
DF1qbKdHXGBP8rWN,6,wipe,34:11,2051,12652,The Stonevault,The Stonevault,,,5:34 PM
DF1qbKdHXGBP8rWN,,wipe,56:55,3415,12662,Hallowfall,Hallowfall,5,Xal'atath's Bargain: Voidbound,4:06 PM
DF1qbKdHXGBP8rWN,,wipe,30:41,1841,12669,City of Threads,City of Threads,5,Xal'atath's Bargain: Voidbound,5:03 PM
DF1qbKdHXGBP8rWN,,wipe,37:53,2273,12660,"Ara-Kara, City of Echoes","Ara-Kara, City of Echoes",5,Xal'atath's Bargain: Ascendant,6:08 PM
pArDBP8Zy4kw7Lmj,1,wipe,23:39,1419,12660,"Ara-Kara, City of Echoes","Ara-Kara, City of Echoes",,,3:34 PM
pArDBP8Zy4kw7Lmj,2,wipe,47:50,2870,12660,"Ara-Kara, City of Echoes","Ara-Kara, City of Echoes",,,4:01 PM
pArDBP8Zy4kw7Lmj,1,wipe,23:39,1419,12660,"Ara-Kara, City of Echoes","Ara-Kara, City of Echoes",,,3:34 PM
pArDBP8Zy4kw7Lmj,2,wipe,47:50,2870,12660,"Ara-Kara, City of Echoes","Ara-Kara, City of Echoes",,,4:01 PM
pArDBP8Zy4kw7Lmj,,kill,31:25,1885,62286,The Necrotic Wake,The Necrotic Wake,10,Xal'atath's Bargain: Ascendant,5:03 PM
pArDBP8Zy4kw7Lmj,,kill,46:34,2794,61822,Siege of Boralus,Siege of Boralus,10,Xal'atath's Bargain: Ascendant,5:42 PM
T8aYft2NXVgKLrnv,,kill,54:32,3272,12660,"Ara-Kara, City of Echoes","Ara-Kara, City of Echoes",10,Xal'atath's Bargain: Voidbound,3:14 PM
T8aYft2NXVgKLrnv,,kill,45:09,2709,12652,The Stonevault,The Stonevault,10,Xal'atath's Bargain: Voidbound,4:14 PM
KCXwtHkRmLVJr4qD,,wipe,18:28,1108,12669,City of Threads,City of Threads,10,Xal'atath's Bargain: Voidbound,11:47 AM
KCXwtHkRmLVJr4qD,3,kill,32:52,1972,62290,Mists of Tirna Scithe,Mists of Tirna Scithe,,,12:42 PM
KCXwtHkRmLVJr4qD,5,kill,51:21,3081,62290,Mists of Tirna Scithe,Mists of Tirna Scithe,,,2:54 PM
KCXwtHkRmLVJr4qD,2,wipe,2:52,172,62290,Mists of Tirna Scithe,Mists of Tirna Scithe,,,12:39 PM
KCXwtHkRmLVJr4qD,,wipe,2:09:26,7766,12660,"Ara-Kara, City of Echoes","Ara-Kara, City of Echoes",10,Xal'atath's Bargain: Voidbound,3:52 PM
QhTZAGpyHKnFVtRg,,kill,44:35,2675,12660,"Ara-Kara, City of Echoes","Ara-Kara, City of Echoes",10,Xal'atath's Bargain: Voidbound,11:43 AM
BbnLz8qKPM9ZWdTg,1,wipe,23:20,1400,62290,Mists of Tirna Scithe,Mists of Tirna Scithe,,,11:23 PM
BbnLz8qKPM9ZWdTg,2,wipe,15:16,916,62290,Mists of Tirna Scithe,Mists of Tirna Scithe,,,11:46 PM
BbnLz8qKPM9ZWdTg,1,wipe,23:20,1400,62290,Mists of Tirna Scithe,Mists of Tirna Scithe,,,11:23 PM
BbnLz8qKPM9ZWdTg,2,wipe,15:16,916,62290,Mists of Tirna Scithe,Mists of Tirna Scithe,,,11:46 PM
BbnLz8qKPM9ZWdTg,,wipe,20:55,1255,12660,"Ara-Kara, City of Echoes","Ara-Kara, City of Echoes",5,Xal'atath's Bargain: Voidbound,12:02 AM
BbnLz8qKPM9ZWdTg,,kill,34:20,2060,60670,Grim Batol,Grim Batol,5,Xal'atath's Bargain: Voidbound,12:23 AM
BbnLz8qKPM9ZWdTg,,kill,36:24,2184,61822,Siege of Boralus,Siege of Boralus,5,Xal'atath's Bargain: Voidbound,1:58 AM
pR8HwB7gaJZYcqPx,1,wipe,23:20,1400,62290,Mists of Tirna Scithe,Mists of Tirna Scithe,,,11:23 PM
pR8HwB7gaJZYcqPx,2,wipe,15:16,916,62290,Mists of Tirna Scithe,Mists of Tirna Scithe,,,11:46 PM
pR8HwB7gaJZYcqPx,1,wipe,23:20,1400,62290,Mists of Tirna Scithe,Mists of Tirna Scithe,,,11:23 PM
pR8HwB7gaJZYcqPx,2,wipe,15:16,916,62290,Mists of Tirna Scithe,Mists of Tirna Scithe,,,11:46 PM
pR8HwB7gaJZYcqPx,,wipe,20:55,1255,12660,"Ara-Kara, City of Echoes","Ara-Kara, City of Echoes",5,Xal'atath's Bargain: Voidbound,12:02 AM
pR8HwB7gaJZYcqPx,,kill,34:20,2060,60670,Grim Batol,Grim Batol,5,Xal'atath's Bargain: Voidbound,12:23 AM
ZpmcVYwdyzXDbr8n,1,wipe,23:20,1400,62290,Mists of Tirna Scithe,Mists of Tirna Scithe,,,11:23 PM
ZpmcVYwdyzXDbr8n,2,wipe,15:16,916,62290,Mists of Tirna Scithe,Mists of Tirna Scithe,,,11:46 PM
ZpmcVYwdyzXDbr8n,1,wipe,23:20,1400,62290,Mists of Tirna Scithe,Mists of Tirna Scithe,,,11:23 PM
ZpmcVYwdyzXDbr8n,2,wipe,15:16,916,62290,Mists of Tirna Scithe,Mists of Tirna Scithe,,,11:46 PM
ZpmcVYwdyzXDbr8n,,wipe,20:55,1255,12660,"Ara-Kara, City of Echoes","Ara-Kara, City of Echoes",5,Xal'atath's Bargain: Voidbound,12:02 AM
ZpmcVYwdyzXDbr8n,,kill,34:20,2060,60670,Grim Batol,Grim Batol,5,Xal'atath's Bargain: Voidbound,12:23 AM
BvaFjq6cfYZgphJw,,wipe,12:57,777,12660,"Ara-Kara, City of Echoes","Ara-Kara, City of Echoes",5,Xal'atath's Bargain: Voidbound,12:00 PM
BvaFjq6cfYZgphJw,,kill,36:27,2187,62286,The Necrotic Wake,The Necrotic Wake,10,Xal'atath's Bargain: Voidbound,12:13 PM
dgLKkRHANB32Yvpj,,kill,30:51,1851,61822,Siege of Boralus,Siege of Boralus,2,Fortified,11:29 PM
dgLKkRHANB32Yvpj,7,kill,19:41,1181,12660,"Ara-Kara, City of Echoes","Ara-Kara, City of Echoes",,,1:59 AM
dgLKkRHANB32Yvpj,5,wipe,35:17,2117,12660,"Ara-Kara, City of Echoes","Ara-Kara, City of Echoes",,,12:06 AM
dgLKkRHANB32Yvpj,6,wipe,1:17:37,4657,12660,"Ara-Kara, City of Echoes","Ara-Kara, City of Echoes",,,12:42 AM
dgLKkRHANB32Yvpj,5,wipe,35:17,2117,12660,"Ara-Kara, City of Echoes","Ara-Kara, City of Echoes",,,12:06 AM
dgLKkRHANB32Yvpj,6,wipe,1:17:37,4657,12660,"Ara-Kara, City of Echoes","Ara-Kara, City of Echoes",,,12:42 AM
dgLKkRHANB32Yvpj,,kill,24:13,1453,62286,The Necrotic Wake,The Necrotic Wake,4,Fortified,2:23 AM
Aq9ZwjR2thcPNYz1,,wipe,21:32,1292,12660,"Ara-Kara, City of Echoes","Ara-Kara, City of Echoes",10,Xal'atath's Bargain: Voidbound,2:31 AM
K9WNwhVX12AjgD4f,,kill,36:21,2181,12660,"Ara-Kara, City of Echoes","Ara-Kara, City of Echoes",10,Xal'atath's Bargain: Ascendant,3:33 PM
BTG2g8HW3wzRXPct,19,wipe,17:02,1022,12652,The Stonevault,The Stonevault,,,10:44 AM
BTG2g8HW3wzRXPct,20,wipe,38:16,2296,12652,The Stonevault,The Stonevault,,,11:01 AM
BTG2g8HW3wzRXPct,32,wipe,50:54,3054,12652,The Stonevault,The Stonevault,,,2:34 PM
BTG2g8HW3wzRXPct,19,wipe,17:02,1022,12652,The Stonevault,The Stonevault,,,10:44 AM
BTG2g8HW3wzRXPct,20,wipe,38:16,2296,12652,The Stonevault,The Stonevault,,,11:01 AM
BTG2g8HW3wzRXPct,32,wipe,50:54,3054,12652,The Stonevault,The Stonevault,,,2:34 PM
BTG2g8HW3wzRXPct,,wipe,48:26,2906,60670,Grim Batol,Grim Batol,10,Xal'atath's Bargain: Ascendant,11:41 AM
BTG2g8HW3wzRXPct,27,kill,40:13,2413,12669,City of Threads,City of Threads,,,1:46 PM
BTG2g8HW3wzRXPct,22,wipe,13:09,789,12669,City of Threads,City of Threads,,,12:29 PM
BTG2g8HW3wzRXPct,23,wipe,5:53,353,12669,City of Threads,City of Threads,,,12:42 PM
BTG2g8HW3wzRXPct,24,wipe,7:52,472,12669,City of Threads,City of Threads,,,12:48 PM
BTG2g8HW3wzRXPct,25,wipe,26:43,1603,12669,City of Threads,City of Threads,,,12:56 PM
BTG2g8HW3wzRXPct,26,wipe,23:11,1391,12669,City of Threads,City of Threads,,,1:23 PM
BTG2g8HW3wzRXPct,22,wipe,13:09,789,12669,City of Threads,City of Threads,,,12:29 PM
BTG2g8HW3wzRXPct,23,wipe,5:53,353,12669,City of Threads,City of Threads,,,12:42 PM
BTG2g8HW3wzRXPct,24,wipe,7:52,472,12669,City of Threads,City of Threads,,,12:48 PM
BTG2g8HW3wzRXPct,25,wipe,26:43,1603,12669,City of Threads,City of Threads,,,12:56 PM
BTG2g8HW3wzRXPct,26,wipe,23:11,1391,12669,City of Threads,City of Threads,,,1:23 PM
BTG2g8HW3wzRXPct,,kill,36:21,2181,12660,"Ara-Kara, City of Echoes","Ara-Kara, City of Echoes",10,Xal'atath's Bargain: Ascendant,3:25 PM
cQ3YFwNyLVAqbHMv,1,kill,52:27,3147,62290,Mists of Tirna Scithe,Mists of Tirna Scithe,,,4:59 AM
cQ3YFwNyLVAqbHMv,5,kill,30:01,1801,62290,Mists of Tirna Scithe,Mists of Tirna Scithe,,,4:44 AM
cQ3YFwNyLVAqbHMv,7,kill,24:29,1469,62290,Mists of Tirna Scithe,Mists of Tirna Scithe,,,11:32 PM
cQ3YFwNyLVAqbHMv,3,kill,43:23,2603,61822,Siege of Boralus,Siege of Boralus,,,6:04 AM
cQ3YFwNyLVAqbHMv,9,kill,23:38,1418,61822,Siege of Boralus,Siege of Boralus,,,1:46 AM
cQ3YFwNyLVAqbHMv,4,wipe,24:30,1470,12652,The Stonevault,The Stonevault,,,7:00 AM
cQ3YFwNyLVAqbHMv,8,wipe,33:48,2028,12652,The Stonevault,The Stonevault,,,1:12 AM
cQ3YFwNyLVAqbHMv,4,wipe,24:30,1470,12652,The Stonevault,The Stonevault,,,7:00 AM
cQ3YFwNyLVAqbHMv,8,wipe,33:48,2028,12652,The Stonevault,The Stonevault,,,1:12 AM
cQ3YFwNyLVAqbHMv,,kill,45:27,2727,62286,The Necrotic Wake,The Necrotic Wake,4,Xal'atath's Bargain: Voidbound,10:39 PM
cQ3YFwNyLVAqbHMv,10,wipe,20:32,1232,12660,"Ara-Kara, City of Echoes","Ara-Kara, City of Echoes",,,2:28 AM
cQ3YFwNyLVAqbHMv,11,wipe,50:18,3018,12660,"Ara-Kara, City of Echoes","Ara-Kara, City of Echoes",,,2:48 AM
cQ3YFwNyLVAqbHMv,12,wipe,25:39,1539,12660,"Ara-Kara, City of Echoes","Ara-Kara, City of Echoes",,,3:40 AM
cQ3YFwNyLVAqbHMv,10,wipe,20:32,1232,12660,"Ara-Kara, City of Echoes","Ara-Kara, City of Echoes",,,2:28 AM
cQ3YFwNyLVAqbHMv,11,wipe,50:18,3018,12660,"Ara-Kara, City of Echoes","Ara-Kara, City of Echoes",,,2:48 AM
cQ3YFwNyLVAqbHMv,12,wipe,25:39,1539,12660,"Ara-Kara, City of Echoes","Ara-Kara, City of Echoes",,,3:40 AM
ZJaQCRD8T4jMcV9F,,wipe,3:26,206,12660,"Ara-Kara, City of Echoes","Ara-Kara, City of Echoes",4,Xal'atath's Bargain: Frenzied,10:30 AM
cfdTQwZ43yqhJjkr,1,wipe,25:31,1531,12660,"Ara-Kara, City of Echoes","Ara-Kara, City of Echoes",,,10:34 AM
cfdTQwZ43yqhJjkr,6,wipe,41:25,2485,12660,"Ara-Kara, City of Echoes","Ara-Kara, City of Echoes",,,12:04 PM
cfdTQwZ43yqhJjkr,1,wipe,25:31,1531,12660,"Ara-Kara, City of Echoes","Ara-Kara, City of Echoes",,,10:34 AM
cfdTQwZ43yqhJjkr,6,wipe,41:25,2485,12660,"Ara-Kara, City of Echoes","Ara-Kara, City of Echoes",,,12:04 PM
cfdTQwZ43yqhJjkr,2,kill,54:01,3241,12669,City of Threads,City of Threads,,,11:00 AM
cfdTQwZ43yqhJjkr,4,wipe,0:00,0,12669,City of Threads,City of Threads,,,11:54 AM
cfdTQwZ43yqhJjkr,5,wipe,0:00,0,12669,City of Threads,City of Threads,,,11:59 AM
cfdTQwZ43yqhJjkr,4,wipe,0:00,0,12669,City of Threads,City of Threads,,,11:54 AM
cfdTQwZ43yqhJjkr,5,wipe,0:00,0,12669,City of Threads,City of Threads,,,11:59 AM
cfdTQwZ43yqhJjkr,,wipe,2:38,158,60670,Grim Batol,Grim Batol,3,Xal'atath's Bargain: Frenzied,12:46 PM
tyRBPLZY1cDhvdmF,1,wipe,11:52,712,12660,"Ara-Kara, City of Echoes","Ara-Kara, City of Echoes",,,9:31 AM
tyRBPLZY1cDhvdmF,6,wipe,17:56,1076,12660,"Ara-Kara, City of Echoes","Ara-Kara, City of Echoes",,,12:00 PM
tyRBPLZY1cDhvdmF,1,wipe,11:52,712,12660,"Ara-Kara, City of Echoes","Ara-Kara, City of Echoes",,,9:31 AM
tyRBPLZY1cDhvdmF,6,wipe,17:56,1076,12660,"Ara-Kara, City of Echoes","Ara-Kara, City of Echoes",,,12:00 PM
tyRBPLZY1cDhvdmF,,wipe,37:35,2255,61822,Siege of Boralus,Siege of Boralus,3,Xal'atath's Bargain: Voidbound,9:54 AM
tyRBPLZY1cDhvdmF,,wipe,40:22,2422,60670,Grim Batol,Grim Batol,5,Xal'atath's Bargain: Voidbound,10:43 AM
tyRBPLZY1cDhvdmF,4,wipe,3:56,236,12652,The Stonevault,The Stonevault,,,11:23 AM
tyRBPLZY1cDhvdmF,5,wipe,32:28,1948,12652,The Stonevault,The Stonevault,,,11:27 AM
tyRBPLZY1cDhvdmF,4,wipe,3:56,236,12652,The Stonevault,The Stonevault,,,11:23 AM
tyRBPLZY1cDhvdmF,5,wipe,32:28,1948,12652,The Stonevault,The Stonevault,,,11:27 AM
tyRBPLZY1cDhvdmF,8,kill,52:44,3164,12669,City of Threads,City of Threads,,,12:30 PM
tyRBPLZY1cDhvdmF,7,wipe,11:48,708,12669,City of Threads,City of Threads,,,12:18 PM
84qmzRbHtcL6PaBh,,kill,27:36,1656,12660,"Ara-Kara, City of Echoes","Ara-Kara, City of Echoes",7,Xal'atath's Bargain: Voidbound,1:30 AM
wzyJ7BFWmQRxdH3G,2,wipe,0:00,0,62290,Mists of Tirna Scithe,Mists of Tirna Scithe,,,8:16 PM
wzyJ7BFWmQRxdH3G,3,wipe,4:43,283,62290,Mists of Tirna Scithe,Mists of Tirna Scithe,,,8:17 PM
wzyJ7BFWmQRxdH3G,4,wipe,0:00,0,62290,Mists of Tirna Scithe,Mists of Tirna Scithe,,,8:22 PM
wzyJ7BFWmQRxdH3G,5,wipe,15:07,907,62290,Mists of Tirna Scithe,Mists of Tirna Scithe,,,8:22 PM
wzyJ7BFWmQRxdH3G,2,wipe,0:00,0,62290,Mists of Tirna Scithe,Mists of Tirna Scithe,,,8:16 PM
wzyJ7BFWmQRxdH3G,3,wipe,4:43,283,62290,Mists of Tirna Scithe,Mists of Tirna Scithe,,,8:17 PM
wzyJ7BFWmQRxdH3G,4,wipe,0:00,0,62290,Mists of Tirna Scithe,Mists of Tirna Scithe,,,8:22 PM
wzyJ7BFWmQRxdH3G,5,wipe,15:07,907,62290,Mists of Tirna Scithe,Mists of Tirna Scithe,,,8:22 PM
wzyJ7BFWmQRxdH3G,13,kill,33:43,2023,12652,The Stonevault,The Stonevault,,,10:25 PM
wzyJ7BFWmQRxdH3G,6,wipe,0:00,0,12652,The Stonevault,The Stonevault,,,8:37 PM
wzyJ7BFWmQRxdH3G,7,wipe,30:58,1858,12652,The Stonevault,The Stonevault,,,8:38 PM
wzyJ7BFWmQRxdH3G,10,wipe,0:00,0,12652,The Stonevault,The Stonevault,,,10:18 PM
wzyJ7BFWmQRxdH3G,11,wipe,6:43,403,12652,The Stonevault,The Stonevault,,,10:18 PM
wzyJ7BFWmQRxdH3G,12,wipe,0:00,0,12652,The Stonevault,The Stonevault,,,10:25 PM
wzyJ7BFWmQRxdH3G,6,wipe,0:00,0,12652,The Stonevault,The Stonevault,,,8:37 PM
wzyJ7BFWmQRxdH3G,7,wipe,30:58,1858,12652,The Stonevault,The Stonevault,,,8:38 PM
wzyJ7BFWmQRxdH3G,10,wipe,0:00,0,12652,The Stonevault,The Stonevault,,,10:18 PM
wzyJ7BFWmQRxdH3G,11,wipe,6:43,403,12652,The Stonevault,The Stonevault,,,10:18 PM
wzyJ7BFWmQRxdH3G,12,wipe,0:00,0,12652,The Stonevault,The Stonevault,,,10:25 PM
wzyJ7BFWmQRxdH3G,15,kill,39:06,2346,60670,Grim Batol,Grim Batol,,,11:07 PM
wzyJ7BFWmQRxdH3G,8,wipe,0:00,0,60670,Grim Batol,Grim Batol,,,9:09 PM
wzyJ7BFWmQRxdH3G,9,wipe,1:07:31,4051,60670,Grim Batol,Grim Batol,,,9:10 PM
wzyJ7BFWmQRxdH3G,14,wipe,0:49,49,60670,Grim Batol,Grim Batol,,,11:06 PM
wzyJ7BFWmQRxdH3G,8,wipe,0:00,0,60670,Grim Batol,Grim Batol,,,9:09 PM
wzyJ7BFWmQRxdH3G,9,wipe,1:07:31,4051,60670,Grim Batol,Grim Batol,,,9:10 PM
wzyJ7BFWmQRxdH3G,14,wipe,0:49,49,60670,Grim Batol,Grim Batol,,,11:06 PM
wzyJ7BFWmQRxdH3G,,wipe,57:27,3447,12660,"Ara-Kara, City of Echoes","Ara-Kara, City of Echoes",10,Xal'atath's Bargain: Ascendant,12:03 AM
wzyJ7BFWmQRxdH3G,,kill,37:11,2231,12669,City of Threads,City of Threads,10,Xal'atath's Bargain: Ascendant,1:00 AM
wzyJ7BFWmQRxdH3G,23,kill,53:39,3219,61822,Siege of Boralus,Siege of Boralus,,,1:53 AM
wzyJ7BFWmQRxdH3G,22,wipe,4:07,247,61822,Siege of Boralus,Siege of Boralus,,,1:49 AM
W2dvBxYa8y1CLXHg,,wipe,39:46,2386,12669,City of Threads,City of Threads,3,Xal'atath's Bargain: Ascendant,11:17 PM
W2dvBxYa8y1CLXHg,,wipe,4:56,296,60670,Grim Batol,Grim Batol,10,Xal'atath's Bargain: Ascendant,11:57 PM
W2dvBxYa8y1CLXHg,,kill,40:06,2406,12660,"Ara-Kara, City of Echoes","Ara-Kara, City of Echoes",3,Fortified,12:02 AM
cyr9XHKDgx8CmP6F,,kill,1:11:41,4301,12660,"Ara-Kara, City of Echoes","Ara-Kara, City of Echoes",10,Xal'atath's Bargain: Ascendant,2:17 PM
kwGTPm3HjZvBJA6Q,,kill,53:52,3232,12660,"Ara-Kara, City of Echoes","Ara-Kara, City of Echoes",10,Xal'atath's Bargain: Ascendant,4:23 PM
crJxhR6BzGn7ZvyX,,kill,49:56,2996,12669,City of Threads,City of Threads,6,Xal'atath's Bargain: Ascendant,4:06 AM
crJxhR6BzGn7ZvyX,,kill,45:11,2711,12660,"Ara-Kara, City of Echoes","Ara-Kara, City of Echoes",6,Xal'atath's Bargain: Ascendant,5:01 AM
X4knPWaNCx6HRZwz,,wipe,1:06:02,3962,12660,"Ara-Kara, City of Echoes","Ara-Kara, City of Echoes",10,Xal'atath's Bargain: Frenzied,2:26 AM
X4knPWaNCx6HRZwz,,kill,1:27:07,5227,12669,City of Threads,City of Threads,10,Xal'atath's Bargain: Frenzied,3:33 AM
X4knPWaNCx6HRZwz,3,kill,36:36,2196,60670,Grim Batol,Grim Batol,,,5:07 AM
X4knPWaNCx6HRZwz,4,wipe,0:50,50,60670,Grim Batol,Grim Batol,,,5:46 AM
X4knPWaNCx6HRZwz,,kill,38:04,2284,12652,The Stonevault,The Stonevault,10,Xal'atath's Bargain: Frenzied,5:57 AM
GTJwZmyKVpnqBthx,,kill,1:11:33,4293,12660,"Ara-Kara, City of Echoes","Ara-Kara, City of Echoes",10,Xal'atath's Bargain: Voidbound,9:22 PM
GTJwZmyKVpnqBthx,,wipe,3:27,207,12662,Hallowfall,Hallowfall,10,Xal'atath's Bargain: Voidbound,1:51 AM
1LGJ4jBVDRN8ta97,27,kill,34:02,2042,61822,Siege of Boralus,Siege of Boralus,,,12:07 AM
1LGJ4jBVDRN8ta97,1,wipe,14:52,892,61822,Siege of Boralus,Siege of Boralus,,,7:05 PM
1LGJ4jBVDRN8ta97,2,wipe,3:33,213,62290,Mists of Tirna Scithe,Mists of Tirna Scithe,,,7:20 PM
1LGJ4jBVDRN8ta97,3,wipe,9:49,589,62290,Mists of Tirna Scithe,Mists of Tirna Scithe,,,7:24 PM
1LGJ4jBVDRN8ta97,2,wipe,3:33,213,62290,Mists of Tirna Scithe,Mists of Tirna Scithe,,,7:20 PM
1LGJ4jBVDRN8ta97,3,wipe,9:49,589,62290,Mists of Tirna Scithe,Mists of Tirna Scithe,,,7:24 PM
1LGJ4jBVDRN8ta97,,kill,52:08,3128,12669,City of Threads,City of Threads,11,Xal'atath's Bargain: Voidbound,12:42 AM
1LGJ4jBVDRN8ta97,29,wipe,12:59,779,12660,"Ara-Kara, City of Echoes","Ara-Kara, City of Echoes",,,1:38 AM
1LGJ4jBVDRN8ta97,30,wipe,6:52,412,12660,"Ara-Kara, City of Echoes","Ara-Kara, City of Echoes",,,1:51 AM
1LGJ4jBVDRN8ta97,29,wipe,12:59,779,12660,"Ara-Kara, City of Echoes","Ara-Kara, City of Echoes",,,1:38 AM
1LGJ4jBVDRN8ta97,30,wipe,6:52,412,12660,"Ara-Kara, City of Echoes","Ara-Kara, City of Echoes",,,1:51 AM
HyJwf8t7NF3DkPQd,,wipe,50:30,3030,12660,"Ara-Kara, City of Echoes","Ara-Kara, City of Echoes",10,Xal'atath's Bargain: Frenzied,9:52 PM
HyJwf8t7NF3DkPQd,,wipe,28:40,1720,61822,Siege of Boralus,Siege of Boralus,10,Xal'atath's Bargain: Frenzied,10:42 PM
FqDazcMkBWJdZ98C,3,kill,46:56,2816,12669,City of Threads,City of Threads,,,11:59 AM
FqDazcMkBWJdZ98C,1,wipe,5:10,310,12669,City of Threads,City of Threads,,,11:31 AM
FqDazcMkBWJdZ98C,2,wipe,23:14,1394,12669,City of Threads,City of Threads,,,11:36 AM
FqDazcMkBWJdZ98C,1,wipe,5:10,310,12669,City of Threads,City of Threads,,,11:31 AM
FqDazcMkBWJdZ98C,2,wipe,23:14,1394,12669,City of Threads,City of Threads,,,11:36 AM
FqDazcMkBWJdZ98C,6,wipe,24:48,1488,12660,"Ara-Kara, City of Echoes","Ara-Kara, City of Echoes",,,2:36 PM
FqDazcMkBWJdZ98C,7,wipe,18:13,1093,12660,"Ara-Kara, City of Echoes","Ara-Kara, City of Echoes",,,3:01 PM
FqDazcMkBWJdZ98C,6,wipe,24:48,1488,12660,"Ara-Kara, City of Echoes","Ara-Kara, City of Echoes",,,2:36 PM
FqDazcMkBWJdZ98C,7,wipe,18:13,1093,12660,"Ara-Kara, City of Echoes","Ara-Kara, City of Echoes",,,3:01 PM
FqDazcMkBWJdZ98C,9,kill,29:24,1764,62290,Mists of Tirna Scithe,Mists of Tirna Scithe,,,4:52 PM
FqDazcMkBWJdZ98C,8,wipe,13:49,829,62290,Mists of Tirna Scithe,Mists of Tirna Scithe,,,3:19 PM
36C9M8YWKkzwJyBT,,wipe,0:00,0,12660,"Ara-Kara, City of Echoes","Ara-Kara, City of Echoes",3,Xal'atath's Bargain: Frenzied,5:03 PM
Kk1QTx96nzvZXGLV,16,kill,23:49,1429,12662,Hallowfall,Hallowfall,,,7:41 PM
Kk1QTx96nzvZXGLV,1,wipe,11:18,678,12662,Hallowfall,Hallowfall,,,8:33 AM
Kk1QTx96nzvZXGLV,2,wipe,23:44,1424,12662,Hallowfall,Hallowfall,,,8:45 AM
Kk1QTx96nzvZXGLV,1,wipe,11:18,678,12662,Hallowfall,Hallowfall,,,8:33 AM
Kk1QTx96nzvZXGLV,2,wipe,23:44,1424,12662,Hallowfall,Hallowfall,,,8:45 AM
Kk1QTx96nzvZXGLV,5,kill,30:06,1806,12669,City of Threads,City of Threads,,,9:33 AM
Kk1QTx96nzvZXGLV,14,kill,41:49,2509,12669,City of Threads,City of Threads,,,6:40 PM
Kk1QTx96nzvZXGLV,3,wipe,21:53,1313,12669,City of Threads,City of Threads,,,9:08 AM
Kk1QTx96nzvZXGLV,4,wipe,2:39,159,12669,City of Threads,City of Threads,,,9:30 AM
Kk1QTx96nzvZXGLV,3,wipe,21:53,1313,12669,City of Threads,City of Threads,,,9:08 AM
Kk1QTx96nzvZXGLV,4,wipe,2:39,159,12669,City of Threads,City of Threads,,,9:30 AM
Kk1QTx96nzvZXGLV,7,kill,28:49,1729,12660,"Ara-Kara, City of Echoes","Ara-Kara, City of Echoes",,,10:09 AM
Kk1QTx96nzvZXGLV,21,kill,30:35,1835,12660,"Ara-Kara, City of Echoes","Ara-Kara, City of Echoes",,,8:40 PM
Kk1QTx96nzvZXGLV,9,kill,23:38,1418,62290,Mists of Tirna Scithe,Mists of Tirna Scithe,,,10:44 AM
Kk1QTx96nzvZXGLV,8,wipe,6:42,402,62290,Mists of Tirna Scithe,Mists of Tirna Scithe,,,10:37 AM
Kk1QTx96nzvZXGLV,11,kill,28:26,1706,12652,The Stonevault,The Stonevault,,,11:52 AM
Kk1QTx96nzvZXGLV,19,kill,22:14,1334,12652,The Stonevault,The Stonevault,,,8:11 PM
Kk1QTx96nzvZXGLV,10,wipe,4:47,287,12652,The Stonevault,The Stonevault,,,11:47 AM
Kk1QTx96nzvZXGLV,,kill,36:07,2167,62286,The Necrotic Wake,The Necrotic Wake,15,Tyrannical,12:34 PM
CY2zRZFrNgpjq7at,1,kill,27:36,1656,12660,"Ara-Kara, City of Echoes","Ara-Kara, City of Echoes",,,4:29 PM
CY2zRZFrNgpjq7at,12,kill,44:11,2651,12660,"Ara-Kara, City of Echoes","Ara-Kara, City of Echoes",,,8:43 PM
CY2zRZFrNgpjq7at,13,kill,39:54,2394,62290,Mists of Tirna Scithe,Mists of Tirna Scithe,,,9:28 PM
CY2zRZFrNgpjq7at,4,wipe,18:42,1122,62290,Mists of Tirna Scithe,Mists of Tirna Scithe,,,5:57 PM
CY2zRZFrNgpjq7at,,kill,19:15,1155,61822,Siege of Boralus,Siege of Boralus,10,Xal'atath's Bargain: Frenzied,6:16 PM
CY2zRZFrNgpjq7at,6,kill,25:08,1508,60670,Grim Batol,Grim Batol,,,6:38 PM
CY2zRZFrNgpjq7at,15,kill,33:07,1987,60670,Grim Batol,Grim Batol,,,10:14 PM
CY2zRZFrNgpjq7at,14,wipe,2:56,176,60670,Grim Batol,Grim Batol,,,10:11 PM
CY2zRZFrNgpjq7at,16,wipe,0:36,36,60670,Grim Batol,Grim Batol,,,10:48 PM
CY2zRZFrNgpjq7at,14,wipe,2:56,176,60670,Grim Batol,Grim Batol,,,10:11 PM
CY2zRZFrNgpjq7at,16,wipe,0:36,36,60670,Grim Batol,Grim Batol,,,10:48 PM
CY2zRZFrNgpjq7at,8,kill,22:04,1324,12652,The Stonevault,The Stonevault,,,7:12 PM
CY2zRZFrNgpjq7at,11,wipe,23:13,1393,12652,The Stonevault,The Stonevault,,,8:20 PM
CY2zRZFrNgpjq7at,10,kill,27:59,1679,62286,The Necrotic Wake,The Necrotic Wake,,,7:48 PM
CY2zRZFrNgpjq7at,9,wipe,2:52,172,62286,The Necrotic Wake,The Necrotic Wake,,,7:45 PM
D3LWBjnCR6af7pgA,1,kill,23:29,1409,62286,The Necrotic Wake,The Necrotic Wake,,,3:22 PM
D3LWBjnCR6af7pgA,6,wipe,30:43,1843,62286,The Necrotic Wake,The Necrotic Wake,,,4:22 PM
D3LWBjnCR6af7pgA,,kill,24:03,1443,62290,Mists of Tirna Scithe,Mists of Tirna Scithe,11,Xal'atath's Bargain: Ascendant,3:54 PM
D3LWBjnCR6af7pgA,7,wipe,12:59,779,12660,"Ara-Kara, City of Echoes","Ara-Kara, City of Echoes",,,4:53 PM
D3LWBjnCR6af7pgA,8,wipe,13:15,795,12660,"Ara-Kara, City of Echoes","Ara-Kara, City of Echoes",,,5:06 PM
D3LWBjnCR6af7pgA,9,wipe,21:48,1308,12660,"Ara-Kara, City of Echoes","Ara-Kara, City of Echoes",,,5:19 PM
D3LWBjnCR6af7pgA,7,wipe,12:59,779,12660,"Ara-Kara, City of Echoes","Ara-Kara, City of Echoes",,,4:53 PM
D3LWBjnCR6af7pgA,8,wipe,13:15,795,12660,"Ara-Kara, City of Echoes","Ara-Kara, City of Echoes",,,5:06 PM
D3LWBjnCR6af7pgA,9,wipe,21:48,1308,12660,"Ara-Kara, City of Echoes","Ara-Kara, City of Echoes",,,5:19 PM
D3LWBjnCR6af7pgA,,wipe,30:47,1847,12662,Hallowfall,Hallowfall,12,Fortified,5:41 PM
D3LWBjnCR6af7pgA,,kill,24:28,1468,12652,The Stonevault,The Stonevault,12,Fortified,6:11 PM
CNzT4nQ23HwkK7Z6,,wipe,25:40,1540,12652,The Stonevault,The Stonevault,12,Tyrannical,4:39 PM
CNzT4nQ23HwkK7Z6,3,kill,21:44,1304,12660,"Ara-Kara, City of Echoes","Ara-Kara, City of Echoes",,,5:10 PM
CNzT4nQ23HwkK7Z6,2,wipe,5:46,346,12660,"Ara-Kara, City of Echoes","Ara-Kara, City of Echoes",,,5:04 PM
qfQTAwjGrHdNhn2K,,kill,25:33,1533,12660,"Ara-Kara, City of Echoes","Ara-Kara, City of Echoes",12,Tyrannical,3:39 PM
qfQTAwjGrHdNhn2K,,kill,29:36,1776,12652,The Stonevault,The Stonevault,12,Tyrannical,4:07 PM
JYfKt3Aph6QW8cGV,,kill,43:01,2581,12652,The Stonevault,The Stonevault,10,Xal'atath's Bargain: Ascendant,11:18 PM
JYfKt3Aph6QW8cGV,,kill,33:52,2032,60670,Grim Batol,Grim Batol,10,Xal'atath's Bargain: Ascendant,2:00 AM
JYfKt3Aph6QW8cGV,,kill,33:04,1984,12669,City of Threads,City of Threads,10,Xal'atath's Bargain: Ascendant,2:41 AM
JYfKt3Aph6QW8cGV,,kill,28:20,1700,12660,"Ara-Kara, City of Echoes","Ara-Kara, City of Echoes",10,Xal'atath's Bargain: Ascendant,3:19 AM
JYfKt3Aph6QW8cGV,,kill,47:22,2842,12662,Hallowfall,Hallowfall,10,Xal'atath's Bargain: Ascendant,3:47 AM
pNM81VhX7bY2t4yC,3,kill,23:54,1434,62290,Mists of Tirna Scithe,Mists of Tirna Scithe,,,7:12 PM
pNM81VhX7bY2t4yC,16,kill,38:16,2296,62290,Mists of Tirna Scithe,Mists of Tirna Scithe,,,11:04 PM
pNM81VhX7bY2t4yC,1,wipe,5:15,315,62290,Mists of Tirna Scithe,Mists of Tirna Scithe,,,7:03 PM
pNM81VhX7bY2t4yC,2,wipe,3:10,190,62290,Mists of Tirna Scithe,Mists of Tirna Scithe,,,7:09 PM
pNM81VhX7bY2t4yC,1,wipe,5:15,315,62290,Mists of Tirna Scithe,Mists of Tirna Scithe,,,7:03 PM
pNM81VhX7bY2t4yC,2,wipe,3:10,190,62290,Mists of Tirna Scithe,Mists of Tirna Scithe,,,7:09 PM
pNM81VhX7bY2t4yC,,kill,29:15,1755,12652,The Stonevault,The Stonevault,11,Xal'atath's Bargain: Ascendant,7:40 PM
pNM81VhX7bY2t4yC,8,kill,34:50,2090,62286,The Necrotic Wake,The Necrotic Wake,,,8:16 PM
pNM81VhX7bY2t4yC,7,wipe,2:23,143,62286,The Necrotic Wake,The Necrotic Wake,,,8:13 PM
pNM81VhX7bY2t4yC,9,kill,33:44,2024,60670,Grim Batol,Grim Batol,,,8:54 PM
pNM81VhX7bY2t4yC,21,kill,21:01,1261,60670,Grim Batol,Grim Batol,,,12:55 AM
pNM81VhX7bY2t4yC,11,wipe,0:13,13,60670,Grim Batol,Grim Batol,,,9:29 PM
pNM81VhX7bY2t4yC,20,wipe,7:08,428,60670,Grim Batol,Grim Batol,,,12:47 AM
pNM81VhX7bY2t4yC,22,wipe,0:17,17,60670,Grim Batol,Grim Batol,,,1:16 AM
pNM81VhX7bY2t4yC,11,wipe,0:13,13,60670,Grim Batol,Grim Batol,,,9:29 PM
pNM81VhX7bY2t4yC,20,wipe,7:08,428,60670,Grim Batol,Grim Batol,,,12:47 AM
pNM81VhX7bY2t4yC,22,wipe,0:17,17,60670,Grim Batol,Grim Batol,,,1:16 AM
pNM81VhX7bY2t4yC,14,kill,45:17,2717,12660,"Ara-Kara, City of Echoes","Ara-Kara, City of Echoes",,,9:39 PM
pNM81VhX7bY2t4yC,13,wipe,3:26,206,12660,"Ara-Kara, City of Echoes","Ara-Kara, City of Echoes",,,9:35 PM
pNM81VhX7bY2t4yC,,kill,38:30,2310,12669,City of Threads,City of Threads,11,Xal'atath's Bargain: Ascendant,10:23 PM
pNM81VhX7bY2t4yC,18,kill,26:55,1615,61822,Siege of Boralus,Siege of Boralus,,,11:53 PM
pNM81VhX7bY2t4yC,17,wipe,6:51,411,61822,Siege of Boralus,Siege of Boralus,,,11:47 PM
pNM81VhX7bY2t4yC,,wipe,23:06,1386,12662,Hallowfall,Hallowfall,12,Tyrannical,12:24 AM
naDhgQHCyp7FNz1q,,kill,24:14,1454,12652,The Stonevault,The Stonevault,10,Xal'atath's Bargain: Ascendant,7:43 PM
naDhgQHCyp7FNz1q,,kill,37:06,2226,12660,"Ara-Kara, City of Echoes","Ara-Kara, City of Echoes",10,Xal'atath's Bargain: Ascendant,8:19 PM
BtAC7Pr4m6jygQDf,,wipe,13:26,806,12660,"Ara-Kara, City of Echoes","Ara-Kara, City of Echoes",3,Xal'atath's Bargain: Frenzied,7:33 AM
BtAC7Pr4m6jygQDf,,kill,21:31,1291,62290,Mists of Tirna Scithe,Mists of Tirna Scithe,6,Xal'atath's Bargain: Frenzied,7:46 AM
HF4ZrjkCYxmw9pMh,,wipe,1:06:02,3962,12660,"Ara-Kara, City of Echoes","Ara-Kara, City of Echoes",10,Xal'atath's Bargain: Frenzied,2:26 AM
HF4ZrjkCYxmw9pMh,,kill,1:27:07,5227,12669,City of Threads,City of Threads,10,Xal'atath's Bargain: Frenzied,3:33 AM
HF4ZrjkCYxmw9pMh,3,kill,36:36,2196,60670,Grim Batol,Grim Batol,,,5:07 AM
HF4ZrjkCYxmw9pMh,4,wipe,0:50,50,60670,Grim Batol,Grim Batol,,,5:46 AM
HF4ZrjkCYxmw9pMh,,kill,38:04,2284,12652,The Stonevault,The Stonevault,10,Xal'atath's Bargain: Frenzied,5:57 AM
vwN3xG8DnpqCPhyV,26,kill,47:54,2874,12669,City of Threads,City of Threads,,,12:15 AM
vwN3xG8DnpqCPhyV,35,kill,1:27:07,5227,12669,City of Threads,City of Threads,,,3:33 AM
vwN3xG8DnpqCPhyV,,wipe,1:06:02,3962,12660,"Ara-Kara, City of Echoes","Ara-Kara, City of Echoes",10,Xal'atath's Bargain: Frenzied,2:26 AM
RNDq4czHjK13ambG,,wipe,1:05:44,3944,12660,"Ara-Kara, City of Echoes","Ara-Kara, City of Echoes",3,Xal'atath's Bargain: Frenzied,10:03 PM
87yrQgafTcNwRYkJ,2,wipe,2:44,164,62290,Mists of Tirna Scithe,Mists of Tirna Scithe,,,3:26 PM
87yrQgafTcNwRYkJ,3,wipe,17:08,1028,62290,Mists of Tirna Scithe,Mists of Tirna Scithe,,,3:29 PM
87yrQgafTcNwRYkJ,2,wipe,2:44,164,62290,Mists of Tirna Scithe,Mists of Tirna Scithe,,,3:26 PM
87yrQgafTcNwRYkJ,3,wipe,17:08,1028,62290,Mists of Tirna Scithe,Mists of Tirna Scithe,,,3:29 PM
87yrQgafTcNwRYkJ,,wipe,1:04:42,3882,12652,The Stonevault,The Stonevault,5,Tyrannical,3:46 PM
87yrQgafTcNwRYkJ,,wipe,19:42,1182,62286,The Necrotic Wake,The Necrotic Wake,8,Xal'atath's Bargain: Frenzied,4:51 PM
87yrQgafTcNwRYkJ,6,wipe,6:42,402,12660,"Ara-Kara, City of Echoes","Ara-Kara, City of Echoes",,,5:10 PM
87yrQgafTcNwRYkJ,7,wipe,2:37,157,12660,"Ara-Kara, City of Echoes","Ara-Kara, City of Echoes",,,5:20 PM
87yrQgafTcNwRYkJ,8,wipe,1:29:05,5345,12660,"Ara-Kara, City of Echoes","Ara-Kara, City of Echoes",,,5:23 PM
87yrQgafTcNwRYkJ,9,wipe,4:50,290,12660,"Ara-Kara, City of Echoes","Ara-Kara, City of Echoes",,,6:54 PM
87yrQgafTcNwRYkJ,6,wipe,6:42,402,12660,"Ara-Kara, City of Echoes","Ara-Kara, City of Echoes",,,5:10 PM
87yrQgafTcNwRYkJ,7,wipe,2:37,157,12660,"Ara-Kara, City of Echoes","Ara-Kara, City of Echoes",,,5:20 PM
87yrQgafTcNwRYkJ,8,wipe,1:29:05,5345,12660,"Ara-Kara, City of Echoes","Ara-Kara, City of Echoes",,,5:23 PM
87yrQgafTcNwRYkJ,9,wipe,4:50,290,12660,"Ara-Kara, City of Echoes","Ara-Kara, City of Echoes",,,6:54 PM
T6RAfFWDv47LHxCh,2,kill,25:31,1531,12660,"Ara-Kara, City of Echoes","Ara-Kara, City of Echoes",,,11:35 AM
T6RAfFWDv47LHxCh,1,wipe,4:08,248,12660,"Ara-Kara, City of Echoes","Ara-Kara, City of Echoes",,,11:30 AM
T6RAfFWDv47LHxCh,,kill,29:59,1799,12669,City of Threads,City of Threads,4,Xal'atath's Bargain: Frenzied,12:11 PM
jc4naf9xPLzpYtG1,,kill,29:08,1748,12660,"Ara-Kara, City of Echoes","Ara-Kara, City of Echoes",10,Xal'atath's Bargain: Frenzied,5:41 PM
9jYGbwXga1JDKcyr,,kill,26:02,1562,12660,"Ara-Kara, City of Echoes","Ara-Kara, City of Echoes",10,Xal'atath's Bargain: Frenzied,10:38 AM
9jYGbwXga1JDKcyr,5,kill,26:34,1594,61822,Siege of Boralus,Siege of Boralus,,,11:06 AM
9jYGbwXga1JDKcyr,4,wipe,0:00,0,61822,Siege of Boralus,Siege of Boralus,,,11:05 AM
9jYGbwXga1JDKcyr,7,wipe,0:00,0,61822,Siege of Boralus,Siege of Boralus,,,11:45 AM
9jYGbwXga1JDKcyr,8,wipe,1:03,63,61822,Siege of Boralus,Siege of Boralus,,,11:48 AM
9jYGbwXga1JDKcyr,9,wipe,12:04,724,61822,Siege of Boralus,Siege of Boralus,,,11:49 AM
9jYGbwXga1JDKcyr,4,wipe,0:00,0,61822,Siege of Boralus,Siege of Boralus,,,11:05 AM
9jYGbwXga1JDKcyr,7,wipe,0:00,0,61822,Siege of Boralus,Siege of Boralus,,,11:45 AM
9jYGbwXga1JDKcyr,8,wipe,1:03,63,61822,Siege of Boralus,Siege of Boralus,,,11:48 AM
9jYGbwXga1JDKcyr,9,wipe,12:04,724,61822,Siege of Boralus,Siege of Boralus,,,11:49 AM
9jYGbwXga1JDKcyr,11,kill,43:25,2605,12662,Hallowfall,Hallowfall,,,12:05 PM
9jYGbwXga1JDKcyr,10,wipe,2:35,155,12662,Hallowfall,Hallowfall,,,12:02 PM
9jYGbwXga1JDKcyr,13,wipe,0:44,44,12652,The Stonevault,The Stonevault,,,12:43 PM
9jYGbwXga1JDKcyr,14,wipe,20:42,1242,12652,The Stonevault,The Stonevault,,,12:44 PM
9jYGbwXga1JDKcyr,13,wipe,0:44,44,12652,The Stonevault,The Stonevault,,,12:43 PM
9jYGbwXga1JDKcyr,14,wipe,20:42,1242,12652,The Stonevault,The Stonevault,,,12:44 PM
9jYGbwXga1JDKcyr,17,kill,28:52,1732,60670,Grim Batol,Grim Batol,,,1:39 PM
9jYGbwXga1JDKcyr,15,wipe,0:00,0,60670,Grim Batol,Grim Batol,,,1:37 PM
9jYGbwXga1JDKcyr,16,wipe,0:00,0,60670,Grim Batol,Grim Batol,,,1:38 PM
9jYGbwXga1JDKcyr,19,wipe,0:59,59,60670,Grim Batol,Grim Batol,,,2:10 PM
9jYGbwXga1JDKcyr,15,wipe,0:00,0,60670,Grim Batol,Grim Batol,,,1:37 PM
9jYGbwXga1JDKcyr,16,wipe,0:00,0,60670,Grim Batol,Grim Batol,,,1:38 PM
9jYGbwXga1JDKcyr,19,wipe,0:59,59,60670,Grim Batol,Grim Batol,,,2:10 PM
Mv3jCLzwXbF27cKq,4,kill,54:52,3292,12669,City of Threads,City of Threads,,,6:48 AM
Mv3jCLzwXbF27cKq,1,wipe,16:14,974,12669,City of Threads,City of Threads,,,5:42 AM
Mv3jCLzwXbF27cKq,8,kill,39:36,2376,62290,Mists of Tirna Scithe,Mists of Tirna Scithe,,,8:15 AM
Mv3jCLzwXbF27cKq,2,wipe,23:00,1380,62290,Mists of Tirna Scithe,Mists of Tirna Scithe,,,5:58 AM
Mv3jCLzwXbF27cKq,,wipe,27:43,1663,12660,"Ara-Kara, City of Echoes","Ara-Kara, City of Echoes",7,Xal'atath's Bargain: Frenzied,6:21 AM
Mv3jCLzwXbF27cKq,6,wipe,6:04,364,62286,The Necrotic Wake,The Necrotic Wake,,,7:50 AM
Mv3jCLzwXbF27cKq,7,wipe,18:01,1081,62286,The Necrotic Wake,The Necrotic Wake,,,7:57 AM
Mv3jCLzwXbF27cKq,6,wipe,6:04,364,62286,The Necrotic Wake,The Necrotic Wake,,,7:50 AM
Mv3jCLzwXbF27cKq,7,wipe,18:01,1081,62286,The Necrotic Wake,The Necrotic Wake,,,7:57 AM
Mv3jCLzwXbF27cKq,,kill,25:00,1500,12652,The Stonevault,The Stonevault,7,Xal'atath's Bargain: Frenzied,8:58 AM
RmWJr23HzcP6vQLf,,wipe,40:37,2437,12660,"Ara-Kara, City of Echoes","Ara-Kara, City of Echoes",10,Xal'atath's Bargain: Ascendant,12:59 PM
RmWJr23HzcP6vQLf,,kill,24:07,1447,61822,Siege of Boralus,Siege of Boralus,10,Xal'atath's Bargain: Ascendant,1:40 PM
RmWJr23HzcP6vQLf,,kill,24:11,1451,62290,Mists of Tirna Scithe,Mists of Tirna Scithe,10,Xal'atath's Bargain: Ascendant,2:49 PM
mb2wGBRX93KtfyWx,1,wipe,14:17,857,12660,"Ara-Kara, City of Echoes","Ara-Kara, City of Echoes",,,3:44 PM
mb2wGBRX93KtfyWx,2,wipe,16:13,973,12660,"Ara-Kara, City of Echoes","Ara-Kara, City of Echoes",,,4:00 PM
mb2wGBRX93KtfyWx,1,wipe,14:17,857,12660,"Ara-Kara, City of Echoes","Ara-Kara, City of Echoes",,,3:44 PM
mb2wGBRX93KtfyWx,2,wipe,16:13,973,12660,"Ara-Kara, City of Echoes","Ara-Kara, City of Echoes",,,4:00 PM
HkQNhVpq4PmGxaBb,,kill,25:07,1507,12652,The Stonevault,The Stonevault,10,Xal'atath's Bargain: Ascendant,6:35 AM
HkQNhVpq4PmGxaBb,,kill,31:33,1893,12669,City of Threads,City of Threads,10,Xal'atath's Bargain: Ascendant,7:11 AM
HkQNhVpq4PmGxaBb,,kill,18:36,1116,12660,"Ara-Kara, City of Echoes","Ara-Kara, City of Echoes",10,Xal'atath's Bargain: Ascendant,8:42 AM
HkQNhVpq4PmGxaBb,,kill,26:29,1589,62286,The Necrotic Wake,The Necrotic Wake,12,Tyrannical,9:18 AM
8gnPNp4FHC3hd2wG,,kill,25:07,1507,12652,The Stonevault,The Stonevault,10,Xal'atath's Bargain: Ascendant,6:35 AM
8gnPNp4FHC3hd2wG,,kill,31:33,1893,12669,City of Threads,City of Threads,10,Xal'atath's Bargain: Ascendant,7:11 AM
8gnPNp4FHC3hd2wG,,kill,18:36,1116,12660,"Ara-Kara, City of Echoes","Ara-Kara, City of Echoes",10,Xal'atath's Bargain: Ascendant,8:42 AM
BCtVxaMhyLXmAjfW,,wipe,1:07:42,4062,12652,The Stonevault,The Stonevault,3,Xal'atath's Bargain: Ascendant,3:17 AM
BCtVxaMhyLXmAjfW,,kill,47:22,2842,12660,"Ara-Kara, City of Echoes","Ara-Kara, City of Echoes",3,Tyrannical,4:25 AM
LWfyK68GdJMYXBzb,2,kill,47:50,2870,12652,The Stonevault,The Stonevault,,,12:51 AM
LWfyK68GdJMYXBzb,1,wipe,19:47,1187,12652,The Stonevault,The Stonevault,,,3:39 AM
LWfyK68GdJMYXBzb,,wipe,34:48,2088,12660,"Ara-Kara, City of Echoes","Ara-Kara, City of Echoes",7,Xal'atath's Bargain: Ascendant,2:01 AM
YHAMw6VTJjqpm4zx,,wipe,45:54,2754,12660,"Ara-Kara, City of Echoes","Ara-Kara, City of Echoes",10,Xal'atath's Bargain: Ascendant,6:55 PM
YHAMw6VTJjqpm4zx,,kill,26:33,1593,62290,Mists of Tirna Scithe,Mists of Tirna Scithe,12,Tyrannical,7:41 PM
YHAMw6VTJjqpm4zx,,kill,28:18,1698,12652,The Stonevault,The Stonevault,10,Xal'atath's Bargain: Ascendant,8:20 PM
gTCMZDwX9783czjY,,kill,30:04,1804,62286,The Necrotic Wake,The Necrotic Wake,10,Xal'atath's Bargain: Ascendant,4:16 PM
gTCMZDwX9783czjY,,kill,27:09,1629,12660,"Ara-Kara, City of Echoes","Ara-Kara, City of Echoes",5,Xal'atath's Bargain: Ascendant,4:48 PM
gTCMZDwX9783czjY,,kill,23:46,1426,62290,Mists of Tirna Scithe,Mists of Tirna Scithe,10,Xal'atath's Bargain: Ascendant,5:38 PM
QgdTfCc7NVpPK8z9,,wipe,8:39,519,12660,"Ara-Kara, City of Echoes","Ara-Kara, City of Echoes",3,Xal'atath's Bargain: Ascendant,6:49 PM
4Ck7GyKZrf23WTzw,2,kill,34:53,2093,62286,The Necrotic Wake,The Necrotic Wake,,,12:37 PM
4Ck7GyKZrf23WTzw,33,wipe,38:41,2321,62286,The Necrotic Wake,The Necrotic Wake,,,3:34 PM
4Ck7GyKZrf23WTzw,3,kill,34:11,2051,61822,Siege of Boralus,Siege of Boralus,,,1:24 PM
4Ck7GyKZrf23WTzw,19,kill,39:43,2383,61822,Siege of Boralus,Siege of Boralus,,,11:17 AM
4Ck7GyKZrf23WTzw,37,kill,24:35,1475,61822,Siege of Boralus,Siege of Boralus,,,5:06 PM
4Ck7GyKZrf23WTzw,34,wipe,8:42,522,61822,Siege of Boralus,Siege of Boralus,,,4:13 PM
4Ck7GyKZrf23WTzw,35,wipe,15:21,921,61822,Siege of Boralus,Siege of Boralus,,,4:21 PM
4Ck7GyKZrf23WTzw,36,wipe,29:34,1774,61822,Siege of Boralus,Siege of Boralus,,,4:37 PM
4Ck7GyKZrf23WTzw,34,wipe,8:42,522,61822,Siege of Boralus,Siege of Boralus,,,4:13 PM
4Ck7GyKZrf23WTzw,35,wipe,15:21,921,61822,Siege of Boralus,Siege of Boralus,,,4:21 PM
4Ck7GyKZrf23WTzw,36,wipe,29:34,1774,61822,Siege of Boralus,Siege of Boralus,,,4:37 PM
4Ck7GyKZrf23WTzw,17,kill,36:30,2190,12652,The Stonevault,The Stonevault,,,8:16 PM
4Ck7GyKZrf23WTzw,7,wipe,4:42,282,12652,The Stonevault,The Stonevault,,,3:03 PM
4Ck7GyKZrf23WTzw,8,wipe,17:56,1076,12652,The Stonevault,The Stonevault,,,3:10 PM
4Ck7GyKZrf23WTzw,9,wipe,19:36,1176,12652,The Stonevault,The Stonevault,,,3:28 PM
4Ck7GyKZrf23WTzw,18,wipe,0:00,0,12652,The Stonevault,The Stonevault,,,9:25 PM
4Ck7GyKZrf23WTzw,7,wipe,4:42,282,12652,The Stonevault,The Stonevault,,,3:03 PM
4Ck7GyKZrf23WTzw,8,wipe,17:56,1076,12652,The Stonevault,The Stonevault,,,3:10 PM
4Ck7GyKZrf23WTzw,9,wipe,19:36,1176,12652,The Stonevault,The Stonevault,,,3:28 PM
4Ck7GyKZrf23WTzw,18,wipe,0:00,0,12652,The Stonevault,The Stonevault,,,9:25 PM
4Ck7GyKZrf23WTzw,10,kill,1:00:40,3640,12669,City of Threads,City of Threads,,,3:47 PM
4Ck7GyKZrf23WTzw,27,kill,40:16,2416,12669,City of Threads,City of Threads,,,1:35 PM
4Ck7GyKZrf23WTzw,11,wipe,0:00,0,12669,City of Threads,City of Threads,,,4:59 PM
4Ck7GyKZrf23WTzw,16,kill,32:14,1934,60670,Grim Batol,Grim Batol,,,7:32 PM
4Ck7GyKZrf23WTzw,12,wipe,57:37,3457,60670,Grim Batol,Grim Batol,,,5:48 PM
4Ck7GyKZrf23WTzw,,kill,43:46,2626,12662,Hallowfall,Hallowfall,10,Xal'atath's Bargain: Frenzied,6:47 PM
4Ck7GyKZrf23WTzw,21,kill,24:52,1492,62290,Mists of Tirna Scithe,Mists of Tirna Scithe,,,12:09 PM
4Ck7GyKZrf23WTzw,20,wipe,4:05,245,62290,Mists of Tirna Scithe,Mists of Tirna Scithe,,,12:03 PM
4Ck7GyKZrf23WTzw,,kill,48:25,2905,12660,"Ara-Kara, City of Echoes","Ara-Kara, City of Echoes",10,Xal'atath's Bargain: Frenzied,2:33 PM
VHZTQ1pwLj6fnPFt,,kill,28:02,1682,61822,Siege of Boralus,Siege of Boralus,10,Xal'atath's Bargain: Ascendant,2:55 PM
VHZTQ1pwLj6fnPFt,,kill,34:00,2040,12669,City of Threads,City of Threads,10,Xal'atath's Bargain: Ascendant,3:24 PM
VHZTQ1pwLj6fnPFt,,kill,22:25,1345,12652,The Stonevault,The Stonevault,10,Xal'atath's Bargain: Ascendant,3:57 PM
VHZTQ1pwLj6fnPFt,,kill,23:23,1403,12660,"Ara-Kara, City of Echoes","Ara-Kara, City of Echoes",10,Xal'atath's Bargain: Ascendant,4:27 PM
bCH92cVWDg1MJpmG,,kill,18:07,1087,12660,"Ara-Kara, City of Echoes","Ara-Kara, City of Echoes",7,Xal'atath's Bargain: Frenzied,11:59 AM
NqH1JWXpvg4yhmAz,,wipe,1:23:20,5000,12660,"Ara-Kara, City of Echoes","Ara-Kara, City of Echoes",10,Xal'atath's Bargain: Ascendant,9:36 PM
NqH1JWXpvg4yhmAz,,kill,54:48,3288,61822,Siege of Boralus,Siege of Boralus,10,Xal'atath's Bargain: Ascendant,11:00 PM
NqH1JWXpvg4yhmAz,3,kill,27:41,1661,62290,Mists of Tirna Scithe,Mists of Tirna Scithe,,,11:53 PM
NqH1JWXpvg4yhmAz,6,kill,33:49,2029,62290,Mists of Tirna Scithe,Mists of Tirna Scithe,,,4:17 AM
NqH1JWXpvg4yhmAz,8,kill,23:53,1433,62290,Mists of Tirna Scithe,Mists of Tirna Scithe,,,4:55 AM
NqH1JWXpvg4yhmAz,4,wipe,16:16,976,62290,Mists of Tirna Scithe,Mists of Tirna Scithe,,,3:18 AM
NqH1JWXpvg4yhmAz,5,wipe,0:32,32,62290,Mists of Tirna Scithe,Mists of Tirna Scithe,,,4:15 AM
NqH1JWXpvg4yhmAz,4,wipe,16:16,976,62290,Mists of Tirna Scithe,Mists of Tirna Scithe,,,3:18 AM
NqH1JWXpvg4yhmAz,5,wipe,0:32,32,62290,Mists of Tirna Scithe,Mists of Tirna Scithe,,,4:15 AM
NqH1JWXpvg4yhmAz,,wipe,45:44,2744,12652,The Stonevault,The Stonevault,7,Xal'atath's Bargain: Ascendant,4:59 AM
dQ7htfzN3xRy6Vgk,,wipe,56:34,3394,12660,"Ara-Kara, City of Echoes","Ara-Kara, City of Echoes",7,Xal'atath's Bargain: Ascendant,5:13 PM
dQ7htfzN3xRy6Vgk,,kill,28:39,1719,12662,Hallowfall,Hallowfall,8,Xal'atath's Bargain: Frenzied,6:10 PM
dQ7htfzN3xRy6Vgk,5,kill,50:38,3038,12669,City of Threads,City of Threads,,,7:05 PM
dQ7htfzN3xRy6Vgk,4,wipe,19:01,1141,12669,City of Threads,City of Threads,,,6:46 PM
dQ7htfzN3xRy6Vgk,,kill,26:55,1615,12652,The Stonevault,The Stonevault,6,Xal'atath's Bargain: Frenzied,8:00 PM
dQ7htfzN3xRy6Vgk,,kill,24:44,1484,62290,Mists of Tirna Scithe,Mists of Tirna Scithe,10,Xal'atath's Bargain: Frenzied,8:48 PM
hMtXzd6mf7RGkZWB,,kill,29:16,1756,12662,Hallowfall,Hallowfall,7,Xal'atath's Bargain: Ascendant,12:39 PM
hMtXzd6mf7RGkZWB,3,kill,22:09,1329,12660,"Ara-Kara, City of Echoes","Ara-Kara, City of Echoes",,,1:39 PM
hMtXzd6mf7RGkZWB,2,wipe,25:32,1532,12660,"Ara-Kara, City of Echoes","Ara-Kara, City of Echoes",,,1:13 PM
hMtXzd6mf7RGkZWB,,kill,25:28,1528,61822,Siege of Boralus,Siege of Boralus,7,Xal'atath's Bargain: Ascendant,2:09 PM
Fv3Lh7HqcmNXG4KM,,kill,54:23,3263,12662,Hallowfall,Hallowfall,10,Xal'atath's Bargain: Ascendant,5:01 PM
Fv3Lh7HqcmNXG4KM,,kill,1:29:40,5380,12660,"Ara-Kara, City of Echoes","Ara-Kara, City of Echoes",10,Xal'atath's Bargain: Ascendant,5:51 PM
Ay2qfwnWaRY4gMQb,,kill,1:27:36,5256,12660,"Ara-Kara, City of Echoes","Ara-Kara, City of Echoes",10,Xal'atath's Bargain: Ascendant,9:26 AM
1Z8FzDCp4hHtcPbM,3,kill,42:29,2549,62290,Mists of Tirna Scithe,Mists of Tirna Scithe,,,3:28 PM
1Z8FzDCp4hHtcPbM,7,kill,39:14,2354,62290,Mists of Tirna Scithe,Mists of Tirna Scithe,,,12:44 AM
1Z8FzDCp4hHtcPbM,1,wipe,40:47,2447,62290,Mists of Tirna Scithe,Mists of Tirna Scithe,,,2:44 PM
1Z8FzDCp4hHtcPbM,2,wipe,0:58,58,62290,Mists of Tirna Scithe,Mists of Tirna Scithe,,,3:25 PM
1Z8FzDCp4hHtcPbM,4,wipe,9:25,565,62290,Mists of Tirna Scithe,Mists of Tirna Scithe,,,8:44 PM
1Z8FzDCp4hHtcPbM,5,wipe,43:10,2590,62290,Mists of Tirna Scithe,Mists of Tirna Scithe,,,8:54 PM
1Z8FzDCp4hHtcPbM,1,wipe,40:47,2447,62290,Mists of Tirna Scithe,Mists of Tirna Scithe,,,2:44 PM
1Z8FzDCp4hHtcPbM,2,wipe,0:58,58,62290,Mists of Tirna Scithe,Mists of Tirna Scithe,,,3:25 PM
1Z8FzDCp4hHtcPbM,4,wipe,9:25,565,62290,Mists of Tirna Scithe,Mists of Tirna Scithe,,,8:44 PM
1Z8FzDCp4hHtcPbM,5,wipe,43:10,2590,62290,Mists of Tirna Scithe,Mists of Tirna Scithe,,,8:54 PM
1Z8FzDCp4hHtcPbM,,wipe,23:42,1422,12660,"Ara-Kara, City of Echoes","Ara-Kara, City of Echoes",10,Xal'atath's Bargain: Ascendant,10:07 PM
Mm8V6ZQpRtjBdcyH,,kill,30:51,1851,61822,Siege of Boralus,Siege of Boralus,2,Fortified,11:29 PM
Mm8V6ZQpRtjBdcyH,7,kill,19:41,1181,12660,"Ara-Kara, City of Echoes","Ara-Kara, City of Echoes",,,1:59 AM
Mm8V6ZQpRtjBdcyH,5,wipe,35:17,2117,12660,"Ara-Kara, City of Echoes","Ara-Kara, City of Echoes",,,12:06 AM
Mm8V6ZQpRtjBdcyH,6,wipe,1:17:37,4657,12660,"Ara-Kara, City of Echoes","Ara-Kara, City of Echoes",,,12:42 AM
Mm8V6ZQpRtjBdcyH,5,wipe,35:17,2117,12660,"Ara-Kara, City of Echoes","Ara-Kara, City of Echoes",,,12:06 AM
Mm8V6ZQpRtjBdcyH,6,wipe,1:17:37,4657,12660,"Ara-Kara, City of Echoes","Ara-Kara, City of Echoes",,,12:42 AM
Mm8V6ZQpRtjBdcyH,,kill,24:13,1453,62286,The Necrotic Wake,The Necrotic Wake,4,Fortified,2:23 AM
g8QK7Nk2vGx1B9jb,,kill,25:11,1511,62286,The Necrotic Wake,The Necrotic Wake,3,Fortified,11:30 PM
g8QK7Nk2vGx1B9jb,,kill,45:01,2701,12660,"Ara-Kara, City of Echoes","Ara-Kara, City of Echoes",2,Fortified,12:17 AM
J6QcdFMDKLGA4bwN,,wipe,44:06,2646,12660,"Ara-Kara, City of Echoes","Ara-Kara, City of Echoes",2,Fortified,12:43 AM
ktpLPAYRCgNfaGxT,,kill,1:27:02,5222,12660,"Ara-Kara, City of Echoes","Ara-Kara, City of Echoes",7,Xal'atath's Bargain: Ascendant,4:36 PM
ktpLPAYRCgNfaGxT,4,kill,1:39:40,5980,12662,Hallowfall,Hallowfall,,,6:23 PM
ktpLPAYRCgNfaGxT,3,wipe,10:36,636,12662,Hallowfall,Hallowfall,,,6:13 PM
nRkZty49pjYvm7qQ,,kill,1:29:04,5344,12660,"Ara-Kara, City of Echoes","Ara-Kara, City of Echoes",7,Xal'atath's Bargain: Ascendant,2:28 PM
nRkZty49pjYvm7qQ,,kill,31:54,1914,61822,Siege of Boralus,Siege of Boralus,7,Fortified,3:55 PM
nRkZty49pjYvm7qQ,5,kill,52:32,3152,12652,The Stonevault,The Stonevault,,,5:38 PM
nRkZty49pjYvm7qQ,3,wipe,5:13,313,12652,The Stonevault,The Stonevault,,,5:03 PM
nRkZty49pjYvm7qQ,4,wipe,29:43,1783,12652,The Stonevault,The Stonevault,,,5:09 PM
nRkZty49pjYvm7qQ,6,wipe,16:13,973,12652,The Stonevault,The Stonevault,,,6:38 PM
nRkZty49pjYvm7qQ,7,wipe,10:32,632,12652,The Stonevault,The Stonevault,,,6:54 PM
nRkZty49pjYvm7qQ,8,wipe,3:46,226,12652,The Stonevault,The Stonevault,,,7:05 PM
nRkZty49pjYvm7qQ,3,wipe,5:13,313,12652,The Stonevault,The Stonevault,,,5:03 PM
nRkZty49pjYvm7qQ,4,wipe,29:43,1783,12652,The Stonevault,The Stonevault,,,5:09 PM
nRkZty49pjYvm7qQ,6,wipe,16:13,973,12652,The Stonevault,The Stonevault,,,6:38 PM
nRkZty49pjYvm7qQ,7,wipe,10:32,632,12652,The Stonevault,The Stonevault,,,6:54 PM
nRkZty49pjYvm7qQ,8,wipe,3:46,226,12652,The Stonevault,The Stonevault,,,7:05 PM
gpP4XxH6KrtBjDvR,,wipe,42:17,2537,12669,City of Threads,City of Threads,4,Xal'atath's Bargain: Ascendant,11:01 AM
gpP4XxH6KrtBjDvR,,kill,28:40,1720,12662,Hallowfall,Hallowfall,4,Xal'atath's Bargain: Ascendant,11:43 AM
gpP4XxH6KrtBjDvR,,wipe,20:45,1245,12660,"Ara-Kara, City of Echoes","Ara-Kara, City of Echoes",4,Xal'atath's Bargain: Ascendant,12:18 PM
gpP4XxH6KrtBjDvR,5,kill,44:55,2695,60670,Grim Batol,Grim Batol,,,1:16 PM
gpP4XxH6KrtBjDvR,4,wipe,34:27,2067,60670,Grim Batol,Grim Batol,,,12:38 PM
gpP4XxH6KrtBjDvR,8,wipe,0:29,29,60670,Grim Batol,Grim Batol,,,2:04 PM
gpP4XxH6KrtBjDvR,4,wipe,34:27,2067,60670,Grim Batol,Grim Batol,,,12:38 PM
gpP4XxH6KrtBjDvR,8,wipe,0:29,29,60670,Grim Batol,Grim Batol,,,2:04 PM
Yv7d1xrQpnN4GzmM,,kill,28:03,1683,12660,"Ara-Kara, City of Echoes","Ara-Kara, City of Echoes",5,Xal'atath's Bargain: Ascendant,6:01 AM
FPtqwKAbfYWrZ4Gp,,wipe,37:41,2261,12660,"Ara-Kara, City of Echoes","Ara-Kara, City of Echoes",7,Xal'atath's Bargain: Ascendant,10:37 PM
FPtqwKAbfYWrZ4Gp,,kill,25:23,1523,12652,The Stonevault,The Stonevault,7,Xal'atath's Bargain: Ascendant,2:54 AM
FPtqwKAbfYWrZ4Gp,,wipe,32:24,1944,61822,Siege of Boralus,Siege of Boralus,10,Xal'atath's Bargain: Ascendant,3:23 AM
FPtqwKAbfYWrZ4Gp,,wipe,41:14,2474,12669,City of Threads,City of Threads,10,Xal'atath's Bargain: Ascendant,3:55 AM
FPtqwKAbfYWrZ4Gp,,kill,22:31,1351,62290,Mists of Tirna Scithe,Mists of Tirna Scithe,10,Xal'atath's Bargain: Ascendant,4:37 AM
FPtqwKAbfYWrZ4Gp,,kill,23:16,1396,62286,The Necrotic Wake,The Necrotic Wake,10,Xal'atath's Bargain: Ascendant,5:01 AM
LRt1qhFbzgWDjCnc,,wipe,1:03:50,3830,12660,"Ara-Kara, City of Echoes","Ara-Kara, City of Echoes",3,Xal'atath's Bargain: Ascendant,8:18 PM
LRt1qhFbzgWDjCnc,,wipe,31:52,1912,62286,The Necrotic Wake,The Necrotic Wake,3,Xal'atath's Bargain: Ascendant,9:22 PM
Gdpx1LjgqWJnav73,2,wipe,13:49,829,12660,"Ara-Kara, City of Echoes","Ara-Kara, City of Echoes",,,3:57 PM
Gdpx1LjgqWJnav73,3,wipe,47:09,2829,12660,"Ara-Kara, City of Echoes","Ara-Kara, City of Echoes",,,4:11 PM
Gdpx1LjgqWJnav73,2,wipe,13:49,829,12660,"Ara-Kara, City of Echoes","Ara-Kara, City of Echoes",,,3:57 PM
Gdpx1LjgqWJnav73,3,wipe,47:09,2829,12660,"Ara-Kara, City of Echoes","Ara-Kara, City of Echoes",,,4:11 PM
Gdpx1LjgqWJnav73,,kill,21:32,1292,12652,The Stonevault,The Stonevault,4,Xal'atath's Bargain: Frenzied,4:58 PM
Gdpx1LjgqWJnav73,,wipe,4:41,281,12662,Hallowfall,Hallowfall,6,Xal'atath's Bargain: Ascendant,5:25 PM
bCkdF72crKzxnGwj,3,kill,54:33,3273,12660,"Ara-Kara, City of Echoes","Ara-Kara, City of Echoes",,,3:42 PM
bCkdF72crKzxnGwj,1,wipe,0:00,0,12660,"Ara-Kara, City of Echoes","Ara-Kara, City of Echoes",,,12:02 PM
bCkdF72crKzxnGwj,,kill,1:09:35,4175,12662,Hallowfall,Hallowfall,10,Xal'atath's Bargain: Ascendant,5:03 PM
AJGBYQXgMqL6NTam,,wipe,44:59,2699,62290,Mists of Tirna Scithe,Mists of Tirna Scithe,3,Xal'atath's Bargain: Frenzied,3:33 PM
AJGBYQXgMqL6NTam,,wipe,53:52,3232,12660,"Ara-Kara, City of Echoes","Ara-Kara, City of Echoes",3,Xal'atath's Bargain: Frenzied,4:18 PM
AJGBYQXgMqL6NTam,,wipe,0:31,31,12669,City of Threads,City of Threads,3,Xal'atath's Bargain: Frenzied,5:12 PM
acrQ3hLwdk71DXW9,,kill,32:23,1943,12662,Hallowfall,Hallowfall,7,Xal'atath's Bargain: Frenzied,11:42 AM
acrQ3hLwdk71DXW9,,kill,34:41,2081,62290,Mists of Tirna Scithe,Mists of Tirna Scithe,10,Xal'atath's Bargain: Frenzied,12:20 PM
acrQ3hLwdk71DXW9,4,kill,43:15,2595,12660,"Ara-Kara, City of Echoes","Ara-Kara, City of Echoes",,,1:09 PM
acrQ3hLwdk71DXW9,3,wipe,10:34,634,12660,"Ara-Kara, City of Echoes","Ara-Kara, City of Echoes",,,12:58 PM
acrQ3hLwdk71DXW9,,kill,26:29,1589,12652,The Stonevault,The Stonevault,7,Xal'atath's Bargain: Frenzied,1:53 PM
acrQ3hLwdk71DXW9,,kill,33:22,2002,12669,City of Threads,City of Threads,7,Xal'atath's Bargain: Frenzied,2:28 PM
7zRpn4hjAxm8TZ2c,2,kill,40:18,2418,60670,Grim Batol,Grim Batol,,,7:22 AM
7zRpn4hjAxm8TZ2c,1,wipe,2:32,152,60670,Grim Batol,Grim Batol,,,7:19 AM
7zRpn4hjAxm8TZ2c,5,wipe,0:00,0,62290,Mists of Tirna Scithe,Mists of Tirna Scithe,,,8:09 AM
7zRpn4hjAxm8TZ2c,6,wipe,8:30,510,62290,Mists of Tirna Scithe,Mists of Tirna Scithe,,,8:10 AM
7zRpn4hjAxm8TZ2c,7,wipe,15:08,908,62290,Mists of Tirna Scithe,Mists of Tirna Scithe,,,8:18 AM
7zRpn4hjAxm8TZ2c,5,wipe,0:00,0,62290,Mists of Tirna Scithe,Mists of Tirna Scithe,,,8:09 AM
7zRpn4hjAxm8TZ2c,6,wipe,8:30,510,62290,Mists of Tirna Scithe,Mists of Tirna Scithe,,,8:10 AM
7zRpn4hjAxm8TZ2c,7,wipe,15:08,908,62290,Mists of Tirna Scithe,Mists of Tirna Scithe,,,8:18 AM
7zRpn4hjAxm8TZ2c,,wipe,38:09,2289,12660,"Ara-Kara, City of Echoes","Ara-Kara, City of Echoes",3,Xal'atath's Bargain: Frenzied,8:37 AM
7zRpn4hjAxm8TZ2c,,wipe,30:04,1804,12652,The Stonevault,The Stonevault,2,Xal'atath's Bargain: Frenzied,9:16 AM
7zRpn4hjAxm8TZ2c,,kill,25:10,1510,61822,Siege of Boralus,Siege of Boralus,4,Xal'atath's Bargain: Frenzied,9:46 AM
C9jdGATJhQ4Rgq13,,wipe,9:01,541,12660,"Ara-Kara, City of Echoes","Ara-Kara, City of Echoes",7,Xal'atath's Bargain: Frenzied,3:28 AM
C9jdGATJhQ4Rgq13,,wipe,3:14,194,62290,Mists of Tirna Scithe,Mists of Tirna Scithe,7,Xal'atath's Bargain: Frenzied,4:52 AM
XTawmrPDCW6nk47f,1,kill,32:27,1947,12669,City of Threads,City of Threads,,,4:29 PM
XTawmrPDCW6nk47f,10,wipe,24:17,1457,12669,City of Threads,City of Threads,,,2:38 AM
XTawmrPDCW6nk47f,11,wipe,25:37,1537,12669,City of Threads,City of Threads,,,3:02 AM
XTawmrPDCW6nk47f,10,wipe,24:17,1457,12669,City of Threads,City of Threads,,,2:38 AM
XTawmrPDCW6nk47f,11,wipe,25:37,1537,12669,City of Threads,City of Threads,,,3:02 AM
XTawmrPDCW6nk47f,4,kill,35:29,2129,62286,The Necrotic Wake,The Necrotic Wake,,,6:04 PM
XTawmrPDCW6nk47f,3,wipe,28:07,1687,62286,The Necrotic Wake,The Necrotic Wake,,,5:36 PM
XTawmrPDCW6nk47f,6,wipe,11:28,688,61822,Siege of Boralus,Siege of Boralus,,,9:54 PM
XTawmrPDCW6nk47f,7,wipe,41:23,2483,61822,Siege of Boralus,Siege of Boralus,,,10:06 PM
XTawmrPDCW6nk47f,8,wipe,22:49,1369,61822,Siege of Boralus,Siege of Boralus,,,10:47 PM
XTawmrPDCW6nk47f,6,wipe,11:28,688,61822,Siege of Boralus,Siege of Boralus,,,9:54 PM
XTawmrPDCW6nk47f,7,wipe,41:23,2483,61822,Siege of Boralus,Siege of Boralus,,,10:06 PM
XTawmrPDCW6nk47f,8,wipe,22:49,1369,61822,Siege of Boralus,Siege of Boralus,,,10:47 PM
XTawmrPDCW6nk47f,,wipe,1:02:25,3745,12662,Hallowfall,Hallowfall,10,Xal'atath's Bargain: Ascendant,11:10 PM
XTawmrPDCW6nk47f,14,kill,31:30,1890,12660,"Ara-Kara, City of Echoes","Ara-Kara, City of Echoes",,,4:06 AM
XTawmrPDCW6nk47f,12,wipe,34:50,2090,12660,"Ara-Kara, City of Echoes","Ara-Kara, City of Echoes",,,3:28 AM
XTawmrPDCW6nk47f,13,wipe,1:36,96,12660,"Ara-Kara, City of Echoes","Ara-Kara, City of Echoes",,,4:03 AM
XTawmrPDCW6nk47f,12,wipe,34:50,2090,12660,"Ara-Kara, City of Echoes","Ara-Kara, City of Echoes",,,3:28 AM
XTawmrPDCW6nk47f,13,wipe,1:36,96,12660,"Ara-Kara, City of Echoes","Ara-Kara, City of Echoes",,,4:03 AM
bBWt8X7vRaMZLm6D,,wipe,36:10,2170,12660,"Ara-Kara, City of Echoes","Ara-Kara, City of Echoes",3,Xal'atath's Bargain: Frenzied,3:19 AM
bBWt8X7vRaMZLm6D,,wipe,18:49,1129,12662,Hallowfall,Hallowfall,3,Xal'atath's Bargain: Frenzied,3:55 AM
d9faP4hWXwCBtZNL,,wipe,36:10,2170,12660,"Ara-Kara, City of Echoes","Ara-Kara, City of Echoes",3,Xal'atath's Bargain: Frenzied,3:19 AM
Ywt2V4hNxcKfTbP9,,wipe,44:32,2672,12660,"Ara-Kara, City of Echoes","Ara-Kara, City of Echoes",5,Xal'atath's Bargain: Frenzied,1:46 AM
Ywt2V4hNxcKfTbP9,,wipe,24:13,1453,62286,The Necrotic Wake,The Necrotic Wake,3,Xal'atath's Bargain: Frenzied,2:31 AM
Ywt2V4hNxcKfTbP9,,wipe,41:55,2515,12669,City of Threads,City of Threads,3,Xal'atath's Bargain: Frenzied,2:55 AM
Ywt2V4hNxcKfTbP9,,wipe,4:52,292,62290,Mists of Tirna Scithe,Mists of Tirna Scithe,10,Xal'atath's Bargain: Frenzied,3:37 AM
KgtPmCbYaMHhrRxJ,,wipe,36:52,2212,12660,"Ara-Kara, City of Echoes","Ara-Kara, City of Echoes",4,Fortified,2:37 AM
KgtPmCbYaMHhrRxJ,,kill,25:35,1535,61822,Siege of Boralus,Siege of Boralus,4,Xal'atath's Bargain: Frenzied,3:13 AM
bfzKxdWnyGYRgMmZ,,wipe,15:13,913,12652,The Stonevault,The Stonevault,4,Xal'atath's Bargain: Ascendant,9:09 PM
bfzKxdWnyGYRgMmZ,3,wipe,5:28,328,62286,The Necrotic Wake,The Necrotic Wake,,,9:24 PM
bfzKxdWnyGYRgMmZ,4,wipe,23:30,1410,62286,The Necrotic Wake,The Necrotic Wake,,,9:30 PM
bfzKxdWnyGYRgMmZ,3,wipe,5:28,328,62286,The Necrotic Wake,The Necrotic Wake,,,9:24 PM
bfzKxdWnyGYRgMmZ,4,wipe,23:30,1410,62286,The Necrotic Wake,The Necrotic Wake,,,9:30 PM
bfzKxdWnyGYRgMmZ,,kill,56:42,3402,12660,"Ara-Kara, City of Echoes","Ara-Kara, City of Echoes",7,Xal'atath's Bargain: Ascendant,9:54 PM
ndPRyjbq91M2zZJN,1,wipe,33:10,1990,12669,City of Threads,City of Threads,,,4:18 PM
ndPRyjbq91M2zZJN,4,wipe,1:01:55,3715,12669,City of Threads,City of Threads,,,9:06 PM
ndPRyjbq91M2zZJN,1,wipe,33:10,1990,12669,City of Threads,City of Threads,,,4:18 PM
ndPRyjbq91M2zZJN,4,wipe,1:01:55,3715,12669,City of Threads,City of Threads,,,9:06 PM
ndPRyjbq91M2zZJN,,wipe,46:44,2804,62286,The Necrotic Wake,The Necrotic Wake,10,Xal'atath's Bargain: Ascendant,4:52 PM
ndPRyjbq91M2zZJN,,kill,30:41,1841,62290,Mists of Tirna Scithe,Mists of Tirna Scithe,10,Xal'atath's Bargain: Ascendant,5:38 PM
ndPRyjbq91M2zZJN,,wipe,17:16,1036,12652,The Stonevault,The Stonevault,10,Xal'atath's Bargain: Ascendant,10:08 PM
ndPRyjbq91M2zZJN,6,wipe,14:46,886,12660,"Ara-Kara, City of Echoes","Ara-Kara, City of Echoes",,,10:25 PM
ndPRyjbq91M2zZJN,7,wipe,14:53,893,12660,"Ara-Kara, City of Echoes","Ara-Kara, City of Echoes",,,10:40 PM
ndPRyjbq91M2zZJN,6,wipe,14:46,886,12660,"Ara-Kara, City of Echoes","Ara-Kara, City of Echoes",,,10:25 PM
ndPRyjbq91M2zZJN,7,wipe,14:53,893,12660,"Ara-Kara, City of Echoes","Ara-Kara, City of Echoes",,,10:40 PM
Gvd14wCQkZMB2PF8,,kill,1:02:12,3732,60670,Grim Batol,Grim Batol,6,Xal'atath's Bargain: Ascendant,4:55 PM
Gvd14wCQkZMB2PF8,,wipe,34:27,2067,12660,"Ara-Kara, City of Echoes","Ara-Kara, City of Echoes",6,Xal'atath's Bargain: Ascendant,6:05 PM
T7Bg8yf29t3wFKVW,,wipe,9:06,546,12660,"Ara-Kara, City of Echoes","Ara-Kara, City of Echoes",5,Fortified,8:48 PM
fByaXLktzTCrhVQg,,wipe,14:53,893,12660,"Ara-Kara, City of Echoes","Ara-Kara, City of Echoes",7,Xal'atath's Bargain: Ascendant,5:51 PM
a2tZfj6wvFCzh3VY,,wipe,19:35,1175,12660,"Ara-Kara, City of Echoes","Ara-Kara, City of Echoes",3,Xal'atath's Bargain: Ascendant,10:32 AM
GA6fCFgpc1zJTWt2,,wipe,19:59,1199,12660,"Ara-Kara, City of Echoes","Ara-Kara, City of Echoes",4,Xal'atath's Bargain: Ascendant,8:59 AM
j2wRdJfXQqGnWMaZ,1,wipe,38:29,2309,12660,"Ara-Kara, City of Echoes","Ara-Kara, City of Echoes",,,7:32 AM
j2wRdJfXQqGnWMaZ,2,wipe,9:04,544,12660,"Ara-Kara, City of Echoes","Ara-Kara, City of Echoes",,,8:12 AM
j2wRdJfXQqGnWMaZ,1,wipe,38:29,2309,12660,"Ara-Kara, City of Echoes","Ara-Kara, City of Echoes",,,7:32 AM
j2wRdJfXQqGnWMaZ,2,wipe,9:04,544,12660,"Ara-Kara, City of Echoes","Ara-Kara, City of Echoes",,,8:12 AM
NzAPYaG98cXMkZB1,,wipe,41:38,2498,62286,The Necrotic Wake,The Necrotic Wake,3,Xal'atath's Bargain: Ascendant,3:41 AM
NzAPYaG98cXMkZB1,,wipe,27:55,1675,12660,"Ara-Kara, City of Echoes","Ara-Kara, City of Echoes",2,Xal'atath's Bargain: Ascendant,4:23 AM
NzAPYaG98cXMkZB1,14,kill,29:49,1789,62290,Mists of Tirna Scithe,Mists of Tirna Scithe,,,5:37 AM
NzAPYaG98cXMkZB1,12,wipe,38:19,2299,62290,Mists of Tirna Scithe,Mists of Tirna Scithe,,,4:51 AM
NzAPYaG98cXMkZB1,,wipe,7:14,434,60670,Grim Batol,Grim Batol,4,Xal'atath's Bargain: Ascendant,5:29 AM
MaWg6dnBXm8CxbRJ,,wipe,36:54,2214,12660,"Ara-Kara, City of Echoes","Ara-Kara, City of Echoes",2,Xal'atath's Bargain: Ascendant,3:59 AM
MaWg6dnBXm8CxbRJ,,kill,22:55,1375,60670,Grim Batol,Grim Batol,2,Xal'atath's Bargain: Ascendant,4:36 AM
JcKaW6Q2A7fPkrqM,,wipe,13:08,788,12660,"Ara-Kara, City of Echoes","Ara-Kara, City of Echoes",10,Xal'atath's Bargain: Ascendant,3:23 AM
r7Y6LazbhWjJQBfF,1,wipe,36:37,2197,12660,"Ara-Kara, City of Echoes","Ara-Kara, City of Echoes",,,2:48 AM
r7Y6LazbhWjJQBfF,2,wipe,4:25,265,12660,"Ara-Kara, City of Echoes","Ara-Kara, City of Echoes",,,3:26 AM
r7Y6LazbhWjJQBfF,1,wipe,36:37,2197,12660,"Ara-Kara, City of Echoes","Ara-Kara, City of Echoes",,,2:48 AM
r7Y6LazbhWjJQBfF,2,wipe,4:25,265,12660,"Ara-Kara, City of Echoes","Ara-Kara, City of Echoes",,,3:26 AM
gFKmHYCQ3bRNJ9wk,,wipe,31:18,1878,12660,"Ara-Kara, City of Echoes","Ara-Kara, City of Echoes",3,Xal'atath's Bargain: Ascendant,12:50 AM
cq6frzRMgt24TwJD,,wipe,1:27,87,12660,"Ara-Kara, City of Echoes","Ara-Kara, City of Echoes",4,Tyrannical,8:35 PM
QtZpVyAMNr3XL6jD,,kill,26:23,1583,12660,"Ara-Kara, City of Echoes","Ara-Kara, City of Echoes",6,Fortified,6:40 PM
QtZpVyAMNr3XL6jD,,wipe,17:37,1057,12652,The Stonevault,The Stonevault,6,Fortified,7:13 PM
7aGvKDbAzq1WPVCr,1,kill,22:49,1369,12660,"Ara-Kara, City of Echoes","Ara-Kara, City of Echoes",,,5:06 PM
7aGvKDbAzq1WPVCr,2,wipe,18:32,1112,12660,"Ara-Kara, City of Echoes","Ara-Kara, City of Echoes",,,5:37 PM
cBHDyTFZpNYCzvjK,1,kill,30:10,1810,12660,"Ara-Kara, City of Echoes","Ara-Kara, City of Echoes",,,12:22 PM
cBHDyTFZpNYCzvjK,18,kill,19:10,1150,12660,"Ara-Kara, City of Echoes","Ara-Kara, City of Echoes",,,1:57 PM
cBHDyTFZpNYCzvjK,17,wipe,16:11,971,12660,"Ara-Kara, City of Echoes","Ara-Kara, City of Echoes",,,1:41 PM
cBHDyTFZpNYCzvjK,,kill,30:54,1854,12662,Hallowfall,Hallowfall,4,Fortified,2:30 PM
cBHDyTFZpNYCzvjK,54,kill,20:09,1209,62290,Mists of Tirna Scithe,Mists of Tirna Scithe,,,4:20 PM
cBHDyTFZpNYCzvjK,53,wipe,4:09,249,62290,Mists of Tirna Scithe,Mists of Tirna Scithe,,,4:15 PM
dFRAcYK2gmHyL7Jv,,kill,20:22,1222,12660,"Ara-Kara, City of Echoes","Ara-Kara, City of Echoes",6,Fortified,3:10 PM
9hAnfaMNC3xrtWmG,2,kill,19:10,1150,12660,"Ara-Kara, City of Echoes","Ara-Kara, City of Echoes",,,1:57 PM
9hAnfaMNC3xrtWmG,1,wipe,16:11,971,12660,"Ara-Kara, City of Echoes","Ara-Kara, City of Echoes",,,1:41 PM
1dJAxRZmj7yW8CnD,,kill,30:10,1810,12660,"Ara-Kara, City of Echoes","Ara-Kara, City of Echoes",3,Fortified,12:22 PM
nhqVMNyfKYCTdLz4,,wipe,20:33,1233,12660,"Ara-Kara, City of Echoes","Ara-Kara, City of Echoes",3,Fortified,2:47 AM
RZkB9hFTx6tVdpYC,,kill,22:28,1348,12660,"Ara-Kara, City of Echoes","Ara-Kara, City of Echoes",7,Fortified,9:17 PM
TKPryQCjfJ2tRpH9,,kill,27:53,1673,62290,Mists of Tirna Scithe,Mists of Tirna Scithe,9,Fortified,5:03 PM
TKPryQCjfJ2tRpH9,4,kill,51:13,3073,12652,The Stonevault,The Stonevault,,,5:41 PM
TKPryQCjfJ2tRpH9,12,kill,23:44,1424,12652,The Stonevault,The Stonevault,,,12:48 AM
TKPryQCjfJ2tRpH9,3,wipe,6:55,415,12652,The Stonevault,The Stonevault,,,5:34 PM
TKPryQCjfJ2tRpH9,,wipe,13:15,795,61822,Siege of Boralus,Siege of Boralus,10,Fortified,6:42 PM
TKPryQCjfJ2tRpH9,,kill,32:17,1937,12660,"Ara-Kara, City of Echoes","Ara-Kara, City of Echoes",9,Fortified,6:55 PM
TKPryQCjfJ2tRpH9,,kill,35:36,2136,60670,Grim Batol,Grim Batol,9,Fortified,7:34 PM
TKPryQCjfJ2tRpH9,,wipe,45:12,2712,12669,City of Threads,City of Threads,9,Fortified,8:14 PM
nL9wYcvGFh4Kt3ZN,,kill,42:34,2554,12660,"Ara-Kara, City of Echoes","Ara-Kara, City of Echoes",2,Tyrannical,11:09 PM
1yf49LPkxgqpZG2b,,kill,33:22,2002,12660,"Ara-Kara, City of Echoes","Ara-Kara, City of Echoes",4,Fortified,9:29 PM
GxqjDtnBCZzhH6cJ,,kill,25:11,1511,12660,"Ara-Kara, City of Echoes","Ara-Kara, City of Echoes",3,Tyrannical,4:41 AM
GxqjDtnBCZzhH6cJ,,kill,32:33,1953,12662,Hallowfall,Hallowfall,4,Tyrannical,5:17 AM
GxqjDtnBCZzhH6cJ,,wipe,35:21,2121,12669,City of Threads,City of Threads,3,Tyrannical,5:58 AM
GxqjDtnBCZzhH6cJ,,wipe,6:38,398,12652,The Stonevault,The Stonevault,3,Tyrannical,6:33 AM
tryBGzA4bPDVdwQ9,2,kill,27:01,1621,12660,"Ara-Kara, City of Echoes","Ara-Kara, City of Echoes",,,7:44 AM
tryBGzA4bPDVdwQ9,3,kill,19:10,1150,12660,"Ara-Kara, City of Echoes","Ara-Kara, City of Echoes",,,8:16 AM
tryBGzA4bPDVdwQ9,5,kill,22:28,1348,12660,"Ara-Kara, City of Echoes","Ara-Kara, City of Echoes",,,9:09 AM
tryBGzA4bPDVdwQ9,1,wipe,17:05,1025,12660,"Ara-Kara, City of Echoes","Ara-Kara, City of Echoes",,,7:27 AM
tryBGzA4bPDVdwQ9,,wipe,22:49,1369,12652,The Stonevault,The Stonevault,3,Tyrannical,8:46 AM
qP8LHG7ypNtkm3Dn,,kill,36:51,2211,12660,"Ara-Kara, City of Echoes","Ara-Kara, City of Echoes",3,Fortified,12:43 AM
qP8LHG7ypNtkm3Dn,4,wipe,21:38,1298,12669,City of Threads,City of Threads,,,2:28 AM
qP8LHG7ypNtkm3Dn,5,wipe,25:13,1513,12669,City of Threads,City of Threads,,,5:40 AM
qP8LHG7ypNtkm3Dn,4,wipe,21:38,1298,12669,City of Threads,City of Threads,,,2:28 AM
qP8LHG7ypNtkm3Dn,5,wipe,25:13,1513,12669,City of Threads,City of Threads,,,5:40 AM
qP8LHG7ypNtkm3Dn,,kill,35:10,2110,12652,The Stonevault,The Stonevault,2,Fortified,6:06 AM
jwNt3aM9vBbWGQpd,,kill,25:11,1511,12660,"Ara-Kara, City of Echoes","Ara-Kara, City of Echoes",3,Tyrannical,4:41 AM
jwNt3aM9vBbWGQpd,,kill,32:33,1953,12662,Hallowfall,Hallowfall,4,Tyrannical,5:17 AM
jwNt3aM9vBbWGQpd,,wipe,32:23,1943,12669,City of Threads,City of Threads,3,Tyrannical,5:58 AM
T8ZFXVv4jcAGaPqm,,wipe,42:24,2544,12660,"Ara-Kara, City of Echoes","Ara-Kara, City of Echoes",3,Fortified,10:11 PM
T8ZFXVv4jcAGaPqm,,kill,23:40,1420,62290,Mists of Tirna Scithe,Mists of Tirna Scithe,3,Fortified,10:54 PM
6kNLv8aHdYFjPbWw,2,kill,29:03,1743,12660,"Ara-Kara, City of Echoes","Ara-Kara, City of Echoes",,,10:21 PM
6kNLv8aHdYFjPbWw,1,wipe,27:10,1630,12660,"Ara-Kara, City of Echoes","Ara-Kara, City of Echoes",,,9:53 PM
6kNLv8aHdYFjPbWw,,kill,26:51,1611,61822,Siege of Boralus,Siege of Boralus,5,Tyrannical,10:58 PM
Njk8nxFfb3pvqwC7,5,wipe,12:40,760,61822,Siege of Boralus,Siege of Boralus,,,10:30 PM
Njk8nxFfb3pvqwC7,7,wipe,2:48,168,61822,Siege of Boralus,Siege of Boralus,,,11:02 PM
Njk8nxFfb3pvqwC7,8,wipe,21:40,1300,61822,Siege of Boralus,Siege of Boralus,,,11:05 PM
Njk8nxFfb3pvqwC7,5,wipe,12:40,760,61822,Siege of Boralus,Siege of Boralus,,,10:30 PM
Njk8nxFfb3pvqwC7,7,wipe,2:48,168,61822,Siege of Boralus,Siege of Boralus,,,11:02 PM
Njk8nxFfb3pvqwC7,8,wipe,21:40,1300,61822,Siege of Boralus,Siege of Boralus,,,11:05 PM
Njk8nxFfb3pvqwC7,,wipe,17:52,1072,12660,"Ara-Kara, City of Echoes","Ara-Kara, City of Echoes",8,Tyrannical,10:42 PM
pHxPD8rVZ79Xzcwy,,kill,24:21,1461,12660,"Ara-Kara, City of Echoes","Ara-Kara, City of Echoes",3,Fortified,8:03 PM
pHxPD8rVZ79Xzcwy,,wipe,31:37,1897,12652,The Stonevault,The Stonevault,4,Fortified,8:30 PM
pHxPD8rVZ79Xzcwy,,kill,20:46,1246,62290,Mists of Tirna Scithe,Mists of Tirna Scithe,3,Fortified,9:02 PM
QBtZPL86NH7X1Vw2,2,kill,25:13,1513,12660,"Ara-Kara, City of Echoes","Ara-Kara, City of Echoes",,,8:12 PM
QBtZPL86NH7X1Vw2,1,wipe,4:12,252,12660,"Ara-Kara, City of Echoes","Ara-Kara, City of Echoes",,,8:08 PM
HPZFrL4q3tkhJ6cb,,kill,23:29,1409,12660,"Ara-Kara, City of Echoes","Ara-Kara, City of Echoes",4,Tyrannical,7:58 PM
HPZFrL4q3tkhJ6cb,,wipe,8:59,539,12669,City of Threads,City of Threads,4,Tyrannical,8:23 PM
axzpX9trZMTmD73P,,wipe,15:17,917,12652,The Stonevault,The Stonevault,4,Fortified,7:16 PM
axzpX9trZMTmD73P,3,wipe,18:38,1118,12660,"Ara-Kara, City of Echoes","Ara-Kara, City of Echoes",,,7:31 PM
axzpX9trZMTmD73P,4,wipe,0:00,0,12660,"Ara-Kara, City of Echoes","Ara-Kara, City of Echoes",,,7:51 PM
axzpX9trZMTmD73P,3,wipe,18:38,1118,12660,"Ara-Kara, City of Echoes","Ara-Kara, City of Echoes",,,7:31 PM
axzpX9trZMTmD73P,4,wipe,0:00,0,12660,"Ara-Kara, City of Echoes","Ara-Kara, City of Echoes",,,7:51 PM
CNt8yjzmHdZr6WKD,2,kill,37:33,2253,61822,Siege of Boralus,Siege of Boralus,,,12:57 PM
CNt8yjzmHdZr6WKD,27,kill,33:47,2027,61822,Siege of Boralus,Siege of Boralus,,,3:51 PM
CNt8yjzmHdZr6WKD,26,wipe,15:20,920,61822,Siege of Boralus,Siege of Boralus,,,3:36 PM
CNt8yjzmHdZr6WKD,,kill,25:14,1514,12660,"Ara-Kara, City of Echoes","Ara-Kara, City of Echoes",5,Fortified,2:13 PM
CNt8yjzmHdZr6WKD,,kill,30:29,1829,12662,Hallowfall,Hallowfall,7,Fortified,2:56 PM
wamqnLFrNdvVg4Q6,,kill,34:00,2040,12660,"Ara-Kara, City of Echoes","Ara-Kara, City of Echoes",2,Fortified,3:25 PM
yCp1YgkLdTGZhwtV,,kill,41:40,2500,12652,The Stonevault,The Stonevault,5,Fortified,1:45 PM
yCp1YgkLdTGZhwtV,3,wipe,28:39,1719,62290,Mists of Tirna Scithe,Mists of Tirna Scithe,,,2:40 PM
yCp1YgkLdTGZhwtV,4,wipe,10:30,630,62290,Mists of Tirna Scithe,Mists of Tirna Scithe,,,3:09 PM
yCp1YgkLdTGZhwtV,3,wipe,28:39,1719,62290,Mists of Tirna Scithe,Mists of Tirna Scithe,,,2:40 PM
yCp1YgkLdTGZhwtV,4,wipe,10:30,630,62290,Mists of Tirna Scithe,Mists of Tirna Scithe,,,3:09 PM
yCp1YgkLdTGZhwtV,5,wipe,0:00,0,12660,"Ara-Kara, City of Echoes","Ara-Kara, City of Echoes",,,3:20 PM
yCp1YgkLdTGZhwtV,6,wipe,2:11,131,12660,"Ara-Kara, City of Echoes","Ara-Kara, City of Echoes",,,3:20 PM
yCp1YgkLdTGZhwtV,7,wipe,0:01,1,12660,"Ara-Kara, City of Echoes","Ara-Kara, City of Echoes",,,3:25 PM
yCp1YgkLdTGZhwtV,5,wipe,0:00,0,12660,"Ara-Kara, City of Echoes","Ara-Kara, City of Echoes",,,3:20 PM
yCp1YgkLdTGZhwtV,6,wipe,2:11,131,12660,"Ara-Kara, City of Echoes","Ara-Kara, City of Echoes",,,3:20 PM
yCp1YgkLdTGZhwtV,7,wipe,0:01,1,12660,"Ara-Kara, City of Echoes","Ara-Kara, City of Echoes",,,3:25 PM
NwaM8zDhnfpdHjvX,,kill,39:50,2390,12660,"Ara-Kara, City of Echoes","Ara-Kara, City of Echoes",3,Fortified,3:25 PM
xJaHm2D4At7hFTbM,,kill,24:08,1448,12660,"Ara-Kara, City of Echoes","Ara-Kara, City of Echoes",3,Fortified,2:34 PM
xmB7cRjJ96nZ2Kgq,,wipe,11:22,682,12660,"Ara-Kara, City of Echoes","Ara-Kara, City of Echoes",3,Fortified,2:55 PM
7Kd1jYzFtrQ3yxVR,,kill,44:32,2672,12660,"Ara-Kara, City of Echoes","Ara-Kara, City of Echoes",5,Fortified,8:55 AM
7Kd1jYzFtrQ3yxVR,,kill,40:39,2439,61822,Siege of Boralus,Siege of Boralus,7,Fortified,11:25 AM
fHzGTrV76A2PjwBk,,kill,31:03,1863,12660,"Ara-Kara, City of Echoes","Ara-Kara, City of Echoes",2,Fortified,4:11 AM
CGvfXBw9jzJmZW4a,,wipe,27:19,1639,12660,"Ara-Kara, City of Echoes","Ara-Kara, City of Echoes",5,Fortified,5:35 PM
Czp7KcRkQr9LXTqy,6,wipe,36:44,2204,62286,The Necrotic Wake,The Necrotic Wake,,,6:54 AM
Czp7KcRkQr9LXTqy,8,wipe,1:32:31,5551,62286,The Necrotic Wake,The Necrotic Wake,,,7:51 AM
Czp7KcRkQr9LXTqy,6,wipe,36:44,2204,62286,The Necrotic Wake,The Necrotic Wake,,,6:54 AM
Czp7KcRkQr9LXTqy,8,wipe,1:32:31,5551,62286,The Necrotic Wake,The Necrotic Wake,,,7:51 AM
Czp7KcRkQr9LXTqy,,wipe,20:00,1200,12660,"Ara-Kara, City of Echoes","Ara-Kara, City of Echoes",3,Fortified,7:31 AM
Czp7KcRkQr9LXTqy,,kill,43:08,2588,61822,Siege of Boralus,Siege of Boralus,4,Fortified,9:24 AM
Qdpt6xHK4DYBb8gz,2,kill,31:41,1901,12652,The Stonevault,The Stonevault,,,7:50 AM
Qdpt6xHK4DYBb8gz,1,wipe,42:30,2550,12652,The Stonevault,The Stonevault,,,4:39 AM
Qdpt6xHK4DYBb8gz,,kill,23:19,1399,62286,The Necrotic Wake,The Necrotic Wake,6,Fortified,8:43 AM
Qdpt6xHK4DYBb8gz,,kill,31:16,1876,12660,"Ara-Kara, City of Echoes","Ara-Kara, City of Echoes",8,Fortified,9:22 AM
fdJP9pWvcZ7Dhzwt,,kill,39:04,2344,12652,The Stonevault,The Stonevault,3,Fortified,5:20 AM
fdJP9pWvcZ7Dhzwt,,kill,27:32,1652,62290,Mists of Tirna Scithe,Mists of Tirna Scithe,4,Fortified,6:24 AM
fdJP9pWvcZ7Dhzwt,,kill,26:04,1564,60670,Grim Batol,Grim Batol,3,Fortified,7:03 AM
fdJP9pWvcZ7Dhzwt,,kill,26:38,1598,12660,"Ara-Kara, City of Echoes","Ara-Kara, City of Echoes",4,Fortified,7:37 AM
pqW4NyFPnAGr7J2x,,wipe,5:33,333,12660,"Ara-Kara, City of Echoes","Ara-Kara, City of Echoes",3,Fortified,8:09 AM
k4KPb28vhdampNGH,2,kill,23:45,1425,12660,"Ara-Kara, City of Echoes","Ara-Kara, City of Echoes",,,4:39 AM
k4KPb28vhdampNGH,7,kill,31:48,1908,12660,"Ara-Kara, City of Echoes","Ara-Kara, City of Echoes",,,6:25 AM
k4KPb28vhdampNGH,3,wipe,0:00,0,12660,"Ara-Kara, City of Echoes","Ara-Kara, City of Echoes",,,5:05 AM
k4KPb28vhdampNGH,4,wipe,36:48,2208,12660,"Ara-Kara, City of Echoes","Ara-Kara, City of Echoes",,,5:14 AM
k4KPb28vhdampNGH,5,wipe,29:37,1777,12660,"Ara-Kara, City of Echoes","Ara-Kara, City of Echoes",,,5:51 AM
k4KPb28vhdampNGH,6,wipe,5:03,303,12660,"Ara-Kara, City of Echoes","Ara-Kara, City of Echoes",,,6:20 AM
k4KPb28vhdampNGH,3,wipe,0:00,0,12660,"Ara-Kara, City of Echoes","Ara-Kara, City of Echoes",,,5:05 AM
k4KPb28vhdampNGH,4,wipe,36:48,2208,12660,"Ara-Kara, City of Echoes","Ara-Kara, City of Echoes",,,5:14 AM
k4KPb28vhdampNGH,5,wipe,29:37,1777,12660,"Ara-Kara, City of Echoes","Ara-Kara, City of Echoes",,,5:51 AM
k4KPb28vhdampNGH,6,wipe,5:03,303,12660,"Ara-Kara, City of Echoes","Ara-Kara, City of Echoes",,,6:20 AM
TzDnqxjLVgdw79By,,wipe,28:16,1696,12669,City of Threads,City of Threads,5,Fortified,5:38 AM
TzDnqxjLVgdw79By,,kill,18:00,1080,12660,"Ara-Kara, City of Echoes","Ara-Kara, City of Echoes",5,Fortified,6:06 AM
gQGr9jJT1YAZpzv3,,kill,21:40,1300,62290,Mists of Tirna Scithe,Mists of Tirna Scithe,4,Fortified,2:48 AM
gQGr9jJT1YAZpzv3,,wipe,32:53,1973,62286,The Necrotic Wake,The Necrotic Wake,4,Fortified,4:02 AM
gQGr9jJT1YAZpzv3,,kill,35:42,2142,12660,"Ara-Kara, City of Echoes","Ara-Kara, City of Echoes",5,Fortified,4:35 AM
72QGRBP8bVknFmNy,3,kill,29:21,1761,12660,"Ara-Kara, City of Echoes","Ara-Kara, City of Echoes",,,2:43 PM
72QGRBP8bVknFmNy,17,wipe,20:55,1255,12660,"Ara-Kara, City of Echoes","Ara-Kara, City of Echoes",,,8:39 PM
72QGRBP8bVknFmNy,,kill,37:48,2268,12662,Hallowfall,Hallowfall,3,Tyrannical,3:16 PM
72QGRBP8bVknFmNy,,kill,24:32,1472,62286,The Necrotic Wake,The Necrotic Wake,3,Tyrannical,4:24 PM
72QGRBP8bVknFmNy,16,kill,30:24,1824,60670,Grim Batol,Grim Batol,,,5:07 PM
72QGRBP8bVknFmNy,18,kill,29:02,1742,60670,Grim Batol,Grim Batol,,,9:00 PM
72QGRBP8bVknFmNy,15,wipe,10:17,617,60670,Grim Batol,Grim Batol,,,4:57 PM
YxQ1Rvkr7nPAH2NB,,wipe,10:53,653,60670,Grim Batol,Grim Batol,3,Fortified,3:09 AM
YxQ1Rvkr7nPAH2NB,,kill,28:45,1725,12660,"Ara-Kara, City of Echoes","Ara-Kara, City of Echoes",3,Fortified,3:51 AM
1Rm7JwtaWNLHb36p,,kill,22:17,1337,12660,"Ara-Kara, City of Echoes","Ara-Kara, City of Echoes",4,Fortified,3:04 AM
DzcHy1x2gdmJXnKB,,kill,32:33,1953,12660,"Ara-Kara, City of Echoes","Ara-Kara, City of Echoes",4,Fortified,2:16 AM
YDcpjzGmrZ4tq3KA,,kill,43:22,2602,12652,The Stonevault,The Stonevault,3,Fortified,9:21 PM
YDcpjzGmrZ4tq3KA,,kill,24:16,1456,62290,Mists of Tirna Scithe,Mists of Tirna Scithe,5,Fortified,11:05 PM
YDcpjzGmrZ4tq3KA,,kill,23:12,1392,60670,Grim Batol,Grim Batol,4,Fortified,11:37 PM
YDcpjzGmrZ4tq3KA,,kill,23:45,1425,12660,"Ara-Kara, City of Echoes","Ara-Kara, City of Echoes",3,Fortified,12:29 AM
YDcpjzGmrZ4tq3KA,,kill,22:05,1325,62286,The Necrotic Wake,The Necrotic Wake,5,Fortified,1:06 AM
rGCQ3wcmTA2xkzK4,,kill,21:45,1305,62290,Mists of Tirna Scithe,Mists of Tirna Scithe,4,Fortified,9:32 PM
rGCQ3wcmTA2xkzK4,,kill,18:56,1136,12660,"Ara-Kara, City of Echoes","Ara-Kara, City of Echoes",4,Fortified,10:07 PM
K9d6qcY8NfXR4JW7,,kill,29:39,1779,12660,"Ara-Kara, City of Echoes","Ara-Kara, City of Echoes",5,Fortified,10:56 PM
pCKV1rGqBWYPLXj3,,wipe,32:17,1937,12660,"Ara-Kara, City of Echoes","Ara-Kara, City of Echoes",4,Fortified,8:58 PM
ma2wJ1xCnNWR7dXz,,kill,32:38,1958,12660,"Ara-Kara, City of Echoes","Ara-Kara, City of Echoes",3,Fortified,8:37 PM
ngWrG3AQK2RTcFjq,,kill,32:38,1958,12660,"Ara-Kara, City of Echoes","Ara-Kara, City of Echoes",3,Fortified,8:37 PM
G4N2mb9RMvfY8XVz,,wipe,1:53:47,6827,12660,"Ara-Kara, City of Echoes","Ara-Kara, City of Echoes",4,Fortified,4:01 PM
2xXcbKTqV7w6MmyH,2,kill,42:29,2549,12660,"Ara-Kara, City of Echoes","Ara-Kara, City of Echoes",,,5:22 PM
2xXcbKTqV7w6MmyH,9,kill,24:02,1442,12660,"Ara-Kara, City of Echoes","Ara-Kara, City of Echoes",,,6:20 PM
2xXcbKTqV7w6MmyH,1,wipe,16:06,966,12660,"Ara-Kara, City of Echoes","Ara-Kara, City of Echoes",,,5:06 PM
2xXcbKTqV7w6MmyH,13,kill,41:53,2513,60670,Grim Batol,Grim Batol,,,6:56 PM
2xXcbKTqV7w6MmyH,8,wipe,21:52,1312,60670,Grim Batol,Grim Batol,,,5:58 PM
a9ZrFktJ67Wg4PAn,,wipe,27:19,1639,12660,"Ara-Kara, City of Echoes","Ara-Kara, City of Echoes",5,Fortified,5:35 PM
a9ZrFktJ67Wg4PAn,,kill,41:57,2517,12662,Hallowfall,Hallowfall,5,Fortified,6:02 PM
Vbf4q3x2vQpXjDPw,1,wipe,16:55,1015,12652,The Stonevault,The Stonevault,,,4:11 PM
Vbf4q3x2vQpXjDPw,2,wipe,45:47,2747,12652,The Stonevault,The Stonevault,,,4:28 PM
Vbf4q3x2vQpXjDPw,1,wipe,16:55,1015,12652,The Stonevault,The Stonevault,,,4:11 PM
Vbf4q3x2vQpXjDPw,2,wipe,45:47,2747,12652,The Stonevault,The Stonevault,,,4:28 PM
Vbf4q3x2vQpXjDPw,,kill,30:33,1833,12660,"Ara-Kara, City of Echoes","Ara-Kara, City of Echoes",4,Fortified,5:14 PM
LYAb1h4tkmQGc7KJ,4,wipe,2:52,172,12652,The Stonevault,The Stonevault,,,2:53 PM
LYAb1h4tkmQGc7KJ,5,wipe,47:23,2843,12652,The Stonevault,The Stonevault,,,2:56 PM
LYAb1h4tkmQGc7KJ,4,wipe,2:52,172,12652,The Stonevault,The Stonevault,,,2:53 PM
LYAb1h4tkmQGc7KJ,5,wipe,47:23,2843,12652,The Stonevault,The Stonevault,,,2:56 PM
LYAb1h4tkmQGc7KJ,,wipe,51:12,3072,12662,Hallowfall,Hallowfall,3,Tyrannical,3:43 PM
LYAb1h4tkmQGc7KJ,,kill,40:48,2448,12660,"Ara-Kara, City of Echoes","Ara-Kara, City of Echoes",2,Tyrannical,4:34 PM
p43ZAchyK7xHqtnj,,wipe,11:26,686,12669,City of Threads,City of Threads,6,Tyrannical,2:57 AM
p43ZAchyK7xHqtnj,,kill,31:26,1886,12660,"Ara-Kara, City of Echoes","Ara-Kara, City of Echoes",6,Fortified,3:09 AM
p43ZAchyK7xHqtnj,4,kill,21:16,1276,12662,Hallowfall,Hallowfall,,,4:35 AM
p43ZAchyK7xHqtnj,3,wipe,42:36,2556,12662,Hallowfall,Hallowfall,,,3:52 AM
Pt6qrQygGCKvzRXN,,kill,47:20,2840,12660,"Ara-Kara, City of Echoes","Ara-Kara, City of Echoes",3,Fortified,9:26 AM
Pt6qrQygGCKvzRXN,7,kill,16:14,974,62286,The Necrotic Wake,The Necrotic Wake,,,10:52 AM
Pt6qrQygGCKvzRXN,5,wipe,12:05,725,62286,The Necrotic Wake,The Necrotic Wake,,,10:23 AM
Pt6qrQygGCKvzRXN,6,wipe,7:46,466,62286,The Necrotic Wake,The Necrotic Wake,,,10:44 AM
Pt6qrQygGCKvzRXN,5,wipe,12:05,725,62286,The Necrotic Wake,The Necrotic Wake,,,10:23 AM
Pt6qrQygGCKvzRXN,6,wipe,7:46,466,62286,The Necrotic Wake,The Necrotic Wake,,,10:44 AM
Pt6qrQygGCKvzRXN,,kill,28:48,1728,62290,Mists of Tirna Scithe,Mists of Tirna Scithe,3,Fortified,11:12 AM
XJAnbp1VtgMwjmLT,2,kill,52:40,3160,12660,"Ara-Kara, City of Echoes","Ara-Kara, City of Echoes",,,7:53 AM
XJAnbp1VtgMwjmLT,1,wipe,25:21,1521,12660,"Ara-Kara, City of Echoes","Ara-Kara, City of Echoes",,,7:27 AM
XJAnbp1VtgMwjmLT,,kill,1:12:42,4362,12652,The Stonevault,The Stonevault,3,Fortified,8:57 AM
yCz6dc28FfQXPp4J,2,kill,32:03,1923,12660,"Ara-Kara, City of Echoes","Ara-Kara, City of Echoes",,,7:08 AM
yCz6dc28FfQXPp4J,1,wipe,33:11,1991,12660,"Ara-Kara, City of Echoes","Ara-Kara, City of Echoes",,,6:35 AM
xJTNMvGCn6QRAF8c,1,kill,32:21,1941,62290,Mists of Tirna Scithe,Mists of Tirna Scithe,,,3:44 AM
xJTNMvGCn6QRAF8c,10,kill,16:32,992,62290,Mists of Tirna Scithe,Mists of Tirna Scithe,,,6:50 AM
xJTNMvGCn6QRAF8c,,wipe,28:13,1693,12660,"Ara-Kara, City of Echoes","Ara-Kara, City of Echoes",4,Tyrannical,4:44 AM
xJTNMvGCn6QRAF8c,,kill,39:27,2367,60670,Grim Batol,Grim Batol,4,Tyrannical,5:12 AM
xJTNMvGCn6QRAF8c,,kill,36:43,2203,62286,The Necrotic Wake,The Necrotic Wake,4,Tyrannical,6:08 AM
vaDc6HhdBgx7wbAR,,kill,19:22,1162,62290,Mists of Tirna Scithe,Mists of Tirna Scithe,4,Tyrannical,5:17 AM
vaDc6HhdBgx7wbAR,7,kill,30:54,1854,12660,"Ara-Kara, City of Echoes","Ara-Kara, City of Echoes",,,6:07 AM
vaDc6HhdBgx7wbAR,5,wipe,11:33,693,12660,"Ara-Kara, City of Echoes","Ara-Kara, City of Echoes",,,5:51 AM
vaDc6HhdBgx7wbAR,6,wipe,2:15,135,12660,"Ara-Kara, City of Echoes","Ara-Kara, City of Echoes",,,6:05 AM
vaDc6HhdBgx7wbAR,5,wipe,11:33,693,12660,"Ara-Kara, City of Echoes","Ara-Kara, City of Echoes",,,5:51 AM
vaDc6HhdBgx7wbAR,6,wipe,2:15,135,12660,"Ara-Kara, City of Echoes","Ara-Kara, City of Echoes",,,6:05 AM
AR6FBpNwkdhanyWH,21,kill,27:54,1674,60670,Grim Batol,Grim Batol,,,5:03 AM
AR6FBpNwkdhanyWH,22,wipe,0:19,19,60670,Grim Batol,Grim Batol,,,5:32 AM
AR6FBpNwkdhanyWH,,wipe,11:33,693,12660,"Ara-Kara, City of Echoes","Ara-Kara, City of Echoes",3,Tyrannical,5:51 AM
qBvacWP34YyZ6p9N,,kill,31:26,1886,12660,"Ara-Kara, City of Echoes","Ara-Kara, City of Echoes",6,Fortified,3:06 AM
PR9G6FpQhnCHjmDw,13,kill,31:28,1888,12669,City of Threads,City of Threads,,,12:21 AM
PR9G6FpQhnCHjmDw,11,wipe,33:23,2003,12669,City of Threads,City of Threads,,,11:41 PM
PR9G6FpQhnCHjmDw,12,wipe,7:18,438,12669,City of Threads,City of Threads,,,12:14 AM
PR9G6FpQhnCHjmDw,11,wipe,33:23,2003,12669,City of Threads,City of Threads,,,11:41 PM
PR9G6FpQhnCHjmDw,12,wipe,7:18,438,12669,City of Threads,City of Threads,,,12:14 AM
PR9G6FpQhnCHjmDw,,kill,27:29,1649,61822,Siege of Boralus,Siege of Boralus,3,Fortified,12:59 AM
PR9G6FpQhnCHjmDw,,kill,27:46,1666,62286,The Necrotic Wake,The Necrotic Wake,4,Tyrannical,1:35 AM
PR9G6FpQhnCHjmDw,,kill,38:18,2298,12652,The Stonevault,The Stonevault,2,Tyrannical,2:17 AM
PR9G6FpQhnCHjmDw,,kill,28:34,1714,12660,"Ara-Kara, City of Echoes","Ara-Kara, City of Echoes",4,Tyrannical,3:06 AM
QnmDcx8216K4ZvTz,1,wipe,22:55,1375,12660,"Ara-Kara, City of Echoes","Ara-Kara, City of Echoes",,,8:57 PM
QnmDcx8216K4ZvTz,3,wipe,13:18,798,12660,"Ara-Kara, City of Echoes","Ara-Kara, City of Echoes",,,9:55 PM
QnmDcx8216K4ZvTz,1,wipe,22:55,1375,12660,"Ara-Kara, City of Echoes","Ara-Kara, City of Echoes",,,8:57 PM
QnmDcx8216K4ZvTz,3,wipe,13:18,798,12660,"Ara-Kara, City of Echoes","Ara-Kara, City of Echoes",,,9:55 PM
QnmDcx8216K4ZvTz,,wipe,21:14,1274,60670,Grim Batol,Grim Batol,4,Tyrannical,9:20 PM
QnmDcx8216K4ZvTz,,wipe,34:05,2045,12652,The Stonevault,The Stonevault,4,Tyrannical,12:57 AM
ABX87yWNQTJHYhjq,,kill,28:51,1731,12660,"Ara-Kara, City of Echoes","Ara-Kara, City of Echoes",4,Fortified,10:19 PM
ABX87yWNQTJHYhjq,,kill,18:46,1126,62286,The Necrotic Wake,The Necrotic Wake,2,Fortified,11:00 PM
LX9Mb1J8KcZjGpRn,,wipe,1:53:47,6827,12660,"Ara-Kara, City of Echoes","Ara-Kara, City of Echoes",4,Fortified,4:01 PM
AtWCgGdZcyNLVfKD,,wipe,0:00,0,12660,"Ara-Kara, City of Echoes","Ara-Kara, City of Echoes",4,Fortified,6:17 AM
3b4yhHcTaMf7vRCA,,wipe,12:43,763,61822,Siege of Boralus,Siege of Boralus,6,Fortified,11:42 AM
3b4yhHcTaMf7vRCA,6,kill,25:32,1532,62290,Mists of Tirna Scithe,Mists of Tirna Scithe,,,12:33 PM
3b4yhHcTaMf7vRCA,2,wipe,6:08,368,62290,Mists of Tirna Scithe,Mists of Tirna Scithe,,,11:55 AM
3b4yhHcTaMf7vRCA,3,wipe,3:06,186,62290,Mists of Tirna Scithe,Mists of Tirna Scithe,,,12:01 PM
3b4yhHcTaMf7vRCA,4,wipe,17:06,1026,62290,Mists of Tirna Scithe,Mists of Tirna Scithe,,,12:04 PM
3b4yhHcTaMf7vRCA,2,wipe,6:08,368,62290,Mists of Tirna Scithe,Mists of Tirna Scithe,,,11:55 AM
3b4yhHcTaMf7vRCA,3,wipe,3:06,186,62290,Mists of Tirna Scithe,Mists of Tirna Scithe,,,12:01 PM
3b4yhHcTaMf7vRCA,4,wipe,17:06,1026,62290,Mists of Tirna Scithe,Mists of Tirna Scithe,,,12:04 PM
3b4yhHcTaMf7vRCA,7,kill,45:44,2744,12662,Hallowfall,Hallowfall,,,1:04 PM
3b4yhHcTaMf7vRCA,5,wipe,12:05,725,12662,Hallowfall,Hallowfall,,,12:21 PM
3b4yhHcTaMf7vRCA,,wipe,42:43,2563,12652,The Stonevault,The Stonevault,5,Fortified,2:23 PM
3b4yhHcTaMf7vRCA,,kill,37:32,2252,12660,"Ara-Kara, City of Echoes","Ara-Kara, City of Echoes",5,Fortified,3:06 PM
kFnqVpTBCPG6fA8m,,wipe,12:01,721,12660,"Ara-Kara, City of Echoes","Ara-Kara, City of Echoes",3,Fortified,3:51 PM
kFnqVpTBCPG6fA8m,,kill,23:29,1409,60670,Grim Batol,Grim Batol,3,Fortified,4:05 PM
NCq7JntR9mvpHyGA,3,kill,31:48,1908,12660,"Ara-Kara, City of Echoes","Ara-Kara, City of Echoes",,,11:09 AM
NCq7JntR9mvpHyGA,1,wipe,24:37,1477,12660,"Ara-Kara, City of Echoes","Ara-Kara, City of Echoes",,,10:21 AM
NCq7JntR9mvpHyGA,2,wipe,23:56,1436,12660,"Ara-Kara, City of Echoes","Ara-Kara, City of Echoes",,,10:45 AM
NCq7JntR9mvpHyGA,1,wipe,24:37,1477,12660,"Ara-Kara, City of Echoes","Ara-Kara, City of Echoes",,,10:21 AM
NCq7JntR9mvpHyGA,2,wipe,23:56,1436,12660,"Ara-Kara, City of Echoes","Ara-Kara, City of Echoes",,,10:45 AM
tCLjm7QD8yVXTfvq,,kill,31:16,1876,12660,"Ara-Kara, City of Echoes","Ara-Kara, City of Echoes",4,Fortified,9:14 AM
KJmkXVRW3TLH4Cv2,,kill,42:38,2558,12662,Hallowfall,Hallowfall,4,Fortified,2:53 AM
KJmkXVRW3TLH4Cv2,,wipe,1:00:26,3626,12669,City of Threads,City of Threads,4,Fortified,3:45 AM
KJmkXVRW3TLH4Cv2,,kill,32:15,1935,12660,"Ara-Kara, City of Echoes","Ara-Kara, City of Echoes",4,Fortified,4:45 AM
KJmkXVRW3TLH4Cv2,,kill,23:04,1384,12652,The Stonevault,The Stonevault,4,Fortified,5:23 AM
KJmkXVRW3TLH4Cv2,10,kill,25:54,1554,60670,Grim Batol,Grim Batol,,,5:53 AM
KJmkXVRW3TLH4Cv2,11,wipe,0:00,0,60670,Grim Batol,Grim Batol,,,6:19 AM
KJmkXVRW3TLH4Cv2,,kill,17:15,1035,62290,Mists of Tirna Scithe,Mists of Tirna Scithe,4,Fortified,6:27 AM
H7KAtFdWVTxw2D6h,,kill,32:16,1936,12660,"Ara-Kara, City of Echoes","Ara-Kara, City of Echoes",3,Fortified,7:17 AM
G1rHAYWfJZ7dR4hB,,kill,34:50,2090,12660,"Ara-Kara, City of Echoes","Ara-Kara, City of Echoes",3,Fortified,4:51 AM
G1rHAYWfJZ7dR4hB,3,kill,35:35,2135,60670,Grim Batol,Grim Batol,,,5:59 AM
G1rHAYWfJZ7dR4hB,2,wipe,5:01,301,60670,Grim Batol,Grim Batol,,,5:54 AM
zxLc9Rg81JBPyCfr,,kill,21:17,1277,12660,"Ara-Kara, City of Echoes","Ara-Kara, City of Echoes",2,Fortified,6:04 AM
MDQB1fa7hbwvzcxR,,kill,34:50,2090,12660,"Ara-Kara, City of Echoes","Ara-Kara, City of Echoes",3,Fortified,4:51 AM
gpt6mrcDqYC7dQMK,,wipe,1:00:26,3626,12669,City of Threads,City of Threads,4,Fortified,3:45 AM
gpt6mrcDqYC7dQMK,,kill,32:15,1935,12660,"Ara-Kara, City of Echoes","Ara-Kara, City of Echoes",4,Fortified,4:45 AM
rjbtXR73dzLVCcP6,,kill,35:14,2114,61822,Siege of Boralus,Siege of Boralus,3,Fortified,2:58 AM
rjbtXR73dzLVCcP6,,wipe,27:08,1628,62286,The Necrotic Wake,The Necrotic Wake,3,Fortified,3:36 AM
rjbtXR73dzLVCcP6,,wipe,14:14,854,12669,City of Threads,City of Threads,3,Fortified,4:03 AM
rjbtXR73dzLVCcP6,,kill,35:06,2106,12660,"Ara-Kara, City of Echoes","Ara-Kara, City of Echoes",3,Fortified,4:17 AM
rjbtXR73dzLVCcP6,,wipe,8:04,484,12652,The Stonevault,The Stonevault,2,Fortified,4:53 AM
VRkH97W1xmtFgcNp,,wipe,47:54,2874,12652,The Stonevault,The Stonevault,3,Fortified,3:32 AM
VRkH97W1xmtFgcNp,,wipe,11:31,691,12660,"Ara-Kara, City of Echoes","Ara-Kara, City of Echoes",2,Fortified,4:20 AM
c6Cw1BHZJDWFRktm,,wipe,5:07,307,12660,"Ara-Kara, City of Echoes","Ara-Kara, City of Echoes",5,Fortified,3:22 AM
rqBtd3Qv68fh9png,,kill,30:56,1856,12660,"Ara-Kara, City of Echoes","Ara-Kara, City of Echoes",4,Fortified,1:38 AM
zkTPft3qYQC94yHm,,wipe,18:32,1112,12660,"Ara-Kara, City of Echoes","Ara-Kara, City of Echoes",5,Fortified,2:47 AM
yTjNZDMH6FQKP47k,1,wipe,4:19,259,62290,Mists of Tirna Scithe,Mists of Tirna Scithe,,,7:34 PM
yTjNZDMH6FQKP47k,2,wipe,31:14,1874,62290,Mists of Tirna Scithe,Mists of Tirna Scithe,,,7:38 PM
yTjNZDMH6FQKP47k,1,wipe,4:19,259,62290,Mists of Tirna Scithe,Mists of Tirna Scithe,,,7:34 PM
yTjNZDMH6FQKP47k,2,wipe,31:14,1874,62290,Mists of Tirna Scithe,Mists of Tirna Scithe,,,7:38 PM
yTjNZDMH6FQKP47k,,wipe,40:42,2442,12669,City of Threads,City of Threads,4,Fortified,12:45 AM
yTjNZDMH6FQKP47k,,kill,37:18,2238,12652,The Stonevault,The Stonevault,4,Fortified,1:26 AM
yTjNZDMH6FQKP47k,,kill,27:36,1656,12662,Hallowfall,Hallowfall,4,Fortified,2:09 AM
yTjNZDMH6FQKP47k,,kill,18:00,1080,12660,"Ara-Kara, City of Echoes","Ara-Kara, City of Echoes",4,Fortified,2:38 AM
Jmhz8j2DKqXn1ZT9,,kill,23:39,1419,12660,"Ara-Kara, City of Echoes","Ara-Kara, City of Echoes",3,Fortified,1:45 AM
XqtTy3GWFnzApaJc,,kill,21:45,1305,12660,"Ara-Kara, City of Echoes","Ara-Kara, City of Echoes",5,Fortified,11:32 PM
XqtTy3GWFnzApaJc,,kill,36:42,2202,12652,The Stonevault,The Stonevault,5,Fortified,11:59 PM
XqtTy3GWFnzApaJc,,kill,32:03,1923,12662,Hallowfall,Hallowfall,4,Fortified,12:41 AM
XqtTy3GWFnzApaJc,,kill,24:56,1496,60670,Grim Batol,Grim Batol,4,Fortified,1:16 AM
dNMfbKnzJBVwrcqh,,kill,20:46,1246,12660,"Ara-Kara, City of Echoes","Ara-Kara, City of Echoes",2,Fortified,12:49 AM
PgXn176BpwkZayWm,,wipe,50:06,3006,12660,"Ara-Kara, City of Echoes","Ara-Kara, City of Echoes",5,Fortified,10:36 PM
hA3zJr19qwgFaQDN,,kill,37:44,2264,12660,"Ara-Kara, City of Echoes","Ara-Kara, City of Echoes",5,Fortified,11:45 PM
fCPRtLWaDnxqMQ2d,,kill,35:07,2107,12660,"Ara-Kara, City of Echoes","Ara-Kara, City of Echoes",4,Fortified,8:45 PM
xXnbk7MJYjZ6BKCq,,wipe,24:18,1458,12669,City of Threads,City of Threads,10,Xal'atath's Bargain: Voidbound,4:44 AM
xXnbk7MJYjZ6BKCq,,wipe,27:57,1677,12652,The Stonevault,The Stonevault,10,Xal'atath's Bargain: Voidbound,5:08 AM
xXnbk7MJYjZ6BKCq,,kill,48:16,2896,12662,Hallowfall,Hallowfall,11,Xal'atath's Bargain: Voidbound,6:49 AM
xXnbk7MJYjZ6BKCq,7,kill,48:21,2901,61822,Siege of Boralus,Siege of Boralus,,,8:01 AM
xXnbk7MJYjZ6BKCq,6,wipe,17:50,1070,61822,Siege of Boralus,Siege of Boralus,,,7:43 AM
QPfWDyc6arzY8twL,,kill,29:58,1798,12669,City of Threads,City of Threads,5,Xal'atath's Bargain: Voidbound,12:17 AM
QPfWDyc6arzY8twL,,kill,38:51,2331,61822,Siege of Boralus,Siege of Boralus,6,Xal'atath's Bargain: Voidbound,1:22 AM
QPfWDyc6arzY8twL,,wipe,37:18,2238,12662,Hallowfall,Hallowfall,4,Xal'atath's Bargain: Voidbound,2:23 AM
Yk1Q28xLAr6Fp3mC,,kill,46:51,2811,12669,City of Threads,City of Threads,10,Xal'atath's Bargain: Oblivion,4:05 PM
fqxvHLh4P3R9WmGC,,kill,29:58,1798,12669,City of Threads,City of Threads,5,Xal'atath's Bargain: Voidbound,12:17 AM
K4ZWf3a7yBc2wQFY,,wipe,9:25,565,12669,City of Threads,City of Threads,4,Xal'atath's Bargain: Oblivion,4:13 PM
Y2mkbrD3fdq1a7J8,,wipe,4:33,273,12669,City of Threads,City of Threads,10,Xal'atath's Bargain: Oblivion,1:55 PM
GgbFdjwLaYrqcKDM,,wipe,4:33,273,12669,City of Threads,City of Threads,10,Xal'atath's Bargain: Oblivion,1:55 PM
z3FTxkftwKB8r6MC,,wipe,4:31,271,12669,City of Threads,City of Threads,2,Xal'atath's Bargain: Oblivion,10:38 PM
z3FTxkftwKB8r6MC,,wipe,30:51,1851,62290,Mists of Tirna Scithe,Mists of Tirna Scithe,4,Xal'atath's Bargain: Oblivion,10:42 PM
QC9JhBtarvKNG2kx,,kill,52:03,3123,12669,City of Threads,City of Threads,7,Xal'atath's Bargain: Oblivion,2:37 PM
zFQRBq8V62apMjyc,,kill,36:39,2199,60670,Grim Batol,Grim Batol,10,Xal'atath's Bargain: Oblivion,10:26 AM
zFQRBq8V62apMjyc,,kill,39:26,2366,12669,City of Threads,City of Threads,10,Xal'atath's Bargain: Oblivion,11:11 AM
1zFG9htYvyCkrbW4,,wipe,15:48,948,12669,City of Threads,City of Threads,5,Xal'atath's Bargain: Ascendant,4:29 AM
1zFG9htYvyCkrbW4,,kill,49:48,2988,12662,Hallowfall,Hallowfall,5,Xal'atath's Bargain: Ascendant,4:44 AM
1zFG9htYvyCkrbW4,,kill,31:51,1911,62290,Mists of Tirna Scithe,Mists of Tirna Scithe,7,Xal'atath's Bargain: Oblivion,5:39 AM
3FATRGhfP6x8XWMd,,kill,46:06,2766,12652,The Stonevault,The Stonevault,10,Xal'atath's Bargain: Voidbound,4:01 AM
3FATRGhfP6x8XWMd,,wipe,59:07,3547,12669,City of Threads,City of Threads,10,Xal'atath's Bargain: Voidbound,4:56 AM
jKnYpkLm4FVc291r,,kill,46:06,2766,12652,The Stonevault,The Stonevault,10,Xal'atath's Bargain: Voidbound,4:01 AM
jKnYpkLm4FVc291r,,wipe,59:07,3547,12669,City of Threads,City of Threads,10,Xal'atath's Bargain: Voidbound,4:56 AM
btpQdx4A2VFqyWHj,,kill,46:06,2766,12652,The Stonevault,The Stonevault,10,Xal'atath's Bargain: Voidbound,4:01 AM
btpQdx4A2VFqyWHj,,wipe,23:59,1439,12669,Vx,,10,Xal'atath's Bargain: Voidbound,5:05 AM
btpQdx4A2VFqyWHj,,kill,28:06,1686,62290,Mists of Tirna Scithe,Mists of Tirna Scithe,10,Xal'atath's Bargain: Voidbound,5:29 AM
mc6D3AZ8XbKJwajF,,wipe,35:53,2153,12652,The Stonevault,The Stonevault,10,Xal'atath's Bargain: Ascendant,2:06 AM
mc6D3AZ8XbKJwajF,,kill,1:17:19,4639,12669,City of Threads,City of Threads,10,Xal'atath's Bargain: Ascendant,2:41 AM
xGVv3W1T6LwZfcCt,10,kill,26:30,1590,62286,The Necrotic Wake,The Necrotic Wake,,,11:03 AM
xGVv3W1T6LwZfcCt,19,kill,27:20,1640,62286,The Necrotic Wake,The Necrotic Wake,,,2:13 PM
xGVv3W1T6LwZfcCt,27,kill,31:41,1901,62286,The Necrotic Wake,The Necrotic Wake,,,5:31 PM
xGVv3W1T6LwZfcCt,18,wipe,19:25,1165,62286,The Necrotic Wake,The Necrotic Wake,,,1:54 PM
xGVv3W1T6LwZfcCt,11,wipe,29:08,1748,12652,The Stonevault,The Stonevault,,,11:37 AM
xGVv3W1T6LwZfcCt,13,wipe,8:26,506,12652,The Stonevault,The Stonevault,,,12:59 PM
xGVv3W1T6LwZfcCt,14,wipe,8:05,485,12652,The Stonevault,The Stonevault,,,1:07 PM
xGVv3W1T6LwZfcCt,15,wipe,2:22,142,12652,The Stonevault,The Stonevault,,,1:15 PM
xGVv3W1T6LwZfcCt,16,wipe,29:58,1798,12652,The Stonevault,The Stonevault,,,1:18 PM
xGVv3W1T6LwZfcCt,11,wipe,29:08,1748,12652,The Stonevault,The Stonevault,,,11:37 AM
xGVv3W1T6LwZfcCt,13,wipe,8:26,506,12652,The Stonevault,The Stonevault,,,12:59 PM
xGVv3W1T6LwZfcCt,14,wipe,8:05,485,12652,The Stonevault,The Stonevault,,,1:07 PM
xGVv3W1T6LwZfcCt,15,wipe,2:22,142,12652,The Stonevault,The Stonevault,,,1:15 PM
xGVv3W1T6LwZfcCt,16,wipe,29:58,1798,12652,The Stonevault,The Stonevault,,,1:18 PM
xGVv3W1T6LwZfcCt,,kill,46:05,2765,61822,Siege of Boralus,Siege of Boralus,10,Xal'atath's Bargain: Voidbound,12:06 PM
xGVv3W1T6LwZfcCt,21,kill,34:54,2094,60670,Grim Batol,Grim Batol,,,2:51 PM
xGVv3W1T6LwZfcCt,23,wipe,0:45,45,60670,Grim Batol,Grim Batol,,,3:27 PM
xGVv3W1T6LwZfcCt,,wipe,1:27:07,5227,12669,City of Threads,City of Threads,10,Xal'atath's Bargain: Voidbound,3:41 PM
DWTmAfXdQgJw64Hy,,kill,37:41,2261,12669,City of Threads,City of Threads,10,Xal'atath's Bargain: Voidbound,8:24 AM
xtc2TKpHYMyBD8CZ,,kill,44:10,2650,12669,City of Threads,City of Threads,5,Xal'atath's Bargain: Voidbound,7:44 PM
LMQ8YxnWXZtvAFf7,,kill,44:31,2671,12669,City of Threads,City of Threads,8,Xal'atath's Bargain: Ascendant,2:54 PM
LMQ8YxnWXZtvAFf7,,wipe,30:57,1857,62286,The Necrotic Wake,The Necrotic Wake,10,Xal'atath's Bargain: Ascendant,3:41 PM
LMQ8YxnWXZtvAFf7,9,kill,42:49,2569,61822,Siege of Boralus,Siege of Boralus,,,4:15 PM
LMQ8YxnWXZtvAFf7,8,wipe,3:00,180,61822,Siege of Boralus,Siege of Boralus,,,4:12 PM
zLXPjyCVG7r6cDkT,5,kill,41:19,2479,62286,The Necrotic Wake,The Necrotic Wake,,,2:26 PM
zLXPjyCVG7r6cDkT,1,wipe,14:21,861,62286,The Necrotic Wake,The Necrotic Wake,,,11:14 AM
zLXPjyCVG7r6cDkT,4,wipe,12:45,765,62286,The Necrotic Wake,The Necrotic Wake,,,2:13 PM
zLXPjyCVG7r6cDkT,1,wipe,14:21,861,62286,The Necrotic Wake,The Necrotic Wake,,,11:14 AM
zLXPjyCVG7r6cDkT,4,wipe,12:45,765,62286,The Necrotic Wake,The Necrotic Wake,,,2:13 PM
zLXPjyCVG7r6cDkT,,wipe,1:11:08,4268,12669,City of Threads,City of Threads,7,Xal'atath's Bargain: Ascendant,12:13 PM
zLXPjyCVG7r6cDkT,,kill,42:54,2574,61822,Siege of Boralus,Siege of Boralus,10,Xal'atath's Bargain: Ascendant,1:25 PM
3VgT1Xz4PpFKRhCZ,,wipe,0:00,0,12669,City of Threads,City of Threads,10,Xal'atath's Bargain: Ascendant,6:29 PM
xd8Crb234JVjycwB,,wipe,47:12,2832,12669,City of Threads,City of Threads,2,Xal'atath's Bargain: Ascendant,3:15 AM
Y1qzphFKAc4fb6NG,2,kill,34:54,2094,60670,Grim Batol,Grim Batol,,,8:02 PM
Y1qzphFKAc4fb6NG,1,wipe,1:01,61,60670,Grim Batol,Grim Batol,,,8:00 PM
Y1qzphFKAc4fb6NG,,kill,32:06,1926,61822,Siege of Boralus,Siege of Boralus,10,Xal'atath's Bargain: Ascendant,8:45 PM
Y1qzphFKAc4fb6NG,5,wipe,39:22,2362,12652,The Stonevault,The Stonevault,,,9:22 PM
Y1qzphFKAc4fb6NG,8,wipe,35:53,2153,12652,The Stonevault,The Stonevault,,,2:06 AM
Y1qzphFKAc4fb6NG,5,wipe,39:22,2362,12652,The Stonevault,The Stonevault,,,9:22 PM
Y1qzphFKAc4fb6NG,8,wipe,35:53,2153,12652,The Stonevault,The Stonevault,,,2:06 AM
Y1qzphFKAc4fb6NG,,kill,30:56,1856,62286,The Necrotic Wake,The Necrotic Wake,10,Xal'atath's Bargain: Ascendant,10:01 PM
Y1qzphFKAc4fb6NG,,kill,1:17:19,4639,12669,City of Threads,City of Threads,10,Xal'atath's Bargain: Ascendant,2:41 AM
brpTnMz8YtRCgGv2,1,wipe,8:59,539,12669,City of Threads,City of Threads,,,10:28 PM
brpTnMz8YtRCgGv2,2,wipe,3:14,194,12669,City of Threads,City of Threads,,,10:39 PM
brpTnMz8YtRCgGv2,1,wipe,8:59,539,12669,City of Threads,City of Threads,,,10:28 PM
brpTnMz8YtRCgGv2,2,wipe,3:14,194,12669,City of Threads,City of Threads,,,10:39 PM
brpTnMz8YtRCgGv2,,kill,1:10:48,4248,62290,Mists of Tirna Scithe,Mists of Tirna Scithe,4,Xal'atath's Bargain: Ascendant,10:42 PM
brpTnMz8YtRCgGv2,6,wipe,28:26,1706,62286,The Necrotic Wake,The Necrotic Wake,,,11:58 PM
brpTnMz8YtRCgGv2,7,wipe,29:38,1778,62286,The Necrotic Wake,The Necrotic Wake,,,12:29 AM
brpTnMz8YtRCgGv2,8,wipe,29:58,1798,62286,The Necrotic Wake,The Necrotic Wake,,,1:03 AM
brpTnMz8YtRCgGv2,6,wipe,28:26,1706,62286,The Necrotic Wake,The Necrotic Wake,,,11:58 PM
brpTnMz8YtRCgGv2,7,wipe,29:38,1778,62286,The Necrotic Wake,The Necrotic Wake,,,12:29 AM
brpTnMz8YtRCgGv2,8,wipe,29:58,1798,62286,The Necrotic Wake,The Necrotic Wake,,,1:03 AM
rZVdMLmzBKjHktbF,,kill,36:48,2208,12669,City of Threads,City of Threads,7,Xal'atath's Bargain: Ascendant,11:53 AM
x4n9PmzQJhFcr72Z,,wipe,13:45,825,12669,City of Threads,City of Threads,4,Xal'atath's Bargain: Ascendant,8:50 AM
THtwkACJ9jZmVnKD,,kill,47:13,2833,12669,City of Threads,City of Threads,10,Xal'atath's Bargain: Ascendant,4:24 AM
Vyw7mZ1M9kAb4hjq,,kill,47:13,2833,12669,City of Threads,City of Threads,10,Xal'atath's Bargain: Ascendant,4:24 AM
pgCDYdv7M1VB2bTm,,kill,29:30,1770,12669,City of Threads,City of Threads,7,Xal'atath's Bargain: Ascendant,3:38 AM
zAG7WxmyLPkrtcp3,,kill,46:53,2813,60670,Grim Batol,Grim Batol,5,Xal'atath's Bargain: Ascendant,11:21 PM
zAG7WxmyLPkrtcp3,,kill,33:23,2003,12669,City of Threads,City of Threads,5,Xal'atath's Bargain: Ascendant,12:25 AM
FJanthY63BRxrXjT,,kill,51:38,3098,12669,City of Threads,City of Threads,10,Xal'atath's Bargain: Ascendant,6:44 PM
FJanthY63BRxrXjT,,kill,25:44,1544,62286,The Necrotic Wake,The Necrotic Wake,10,Xal'atath's Bargain: Ascendant,7:43 PM
YyNXTpZJB7v8wqVn,1,kill,29:11,1751,62290,Mists of Tirna Scithe,Mists of Tirna Scithe,,,12:21 PM
YyNXTpZJB7v8wqVn,16,kill,26:38,1598,62290,Mists of Tirna Scithe,Mists of Tirna Scithe,,,4:23 PM
YyNXTpZJB7v8wqVn,25,kill,31:20,1880,62290,Mists of Tirna Scithe,Mists of Tirna Scithe,,,6:06 PM
YyNXTpZJB7v8wqVn,,kill,47:39,2859,60670,Grim Batol,Grim Batol,10,Xal'atath's Bargain: Voidbound,1:59 PM
YyNXTpZJB7v8wqVn,,wipe,48:03,2883,12669,City of Threads,City of Threads,10,Xal'atath's Bargain: Voidbound,2:53 PM
YyNXTpZJB7v8wqVn,14,wipe,15:25,925,62286,The Necrotic Wake,The Necrotic Wake,,,3:41 PM
YyNXTpZJB7v8wqVn,23,wipe,10:09,609,62286,The Necrotic Wake,The Necrotic Wake,,,5:11 PM
YyNXTpZJB7v8wqVn,24,wipe,45:01,2701,62286,The Necrotic Wake,The Necrotic Wake,,,5:21 PM
YyNXTpZJB7v8wqVn,14,wipe,15:25,925,62286,The Necrotic Wake,The Necrotic Wake,,,3:41 PM
YyNXTpZJB7v8wqVn,23,wipe,10:09,609,62286,The Necrotic Wake,The Necrotic Wake,,,5:11 PM
YyNXTpZJB7v8wqVn,24,wipe,45:01,2701,62286,The Necrotic Wake,The Necrotic Wake,,,5:21 PM
YyNXTpZJB7v8wqVn,,wipe,25:51,1551,12652,The Stonevault,The Stonevault,10,Xal'atath's Bargain: Voidbound,3:57 PM
9Qt8fgd2VyXGnFPq,4,kill,43:58,2638,62286,The Necrotic Wake,The Necrotic Wake,,,5:33 PM
9Qt8fgd2VyXGnFPq,1,wipe,7:08,428,62286,The Necrotic Wake,The Necrotic Wake,,,5:13 PM
9Qt8fgd2VyXGnFPq,2,wipe,6:07,367,62286,The Necrotic Wake,The Necrotic Wake,,,5:20 PM
9Qt8fgd2VyXGnFPq,3,wipe,6:37,397,62286,The Necrotic Wake,The Necrotic Wake,,,5:27 PM
9Qt8fgd2VyXGnFPq,1,wipe,7:08,428,62286,The Necrotic Wake,The Necrotic Wake,,,5:13 PM
9Qt8fgd2VyXGnFPq,2,wipe,6:07,367,62286,The Necrotic Wake,The Necrotic Wake,,,5:20 PM
9Qt8fgd2VyXGnFPq,3,wipe,6:37,397,62286,The Necrotic Wake,The Necrotic Wake,,,5:27 PM
9Qt8fgd2VyXGnFPq,7,kill,51:09,3069,12669,City of Threads,City of Threads,,,6:35 PM
9Qt8fgd2VyXGnFPq,6,wipe,5:07,307,12669,City of Threads,City of Threads,,,6:30 PM
p7ch39yJH2CRfLtN,,wipe,0:00,0,62286,The Necrotic Wake,The Necrotic Wake,10,Xal'atath's Bargain: Voidbound,1:52 PM
p7ch39yJH2CRfLtN,2,wipe,32:05,1925,12652,The Stonevault,The Stonevault,,,2:11 PM
p7ch39yJH2CRfLtN,3,wipe,0:30,30,12652,The Stonevault,The Stonevault,,,2:57 PM
p7ch39yJH2CRfLtN,2,wipe,32:05,1925,12652,The Stonevault,The Stonevault,,,2:11 PM
p7ch39yJH2CRfLtN,3,wipe,0:30,30,12652,The Stonevault,The Stonevault,,,2:57 PM
p7ch39yJH2CRfLtN,,wipe,2:55,175,12669,City of Threads,City of Threads,10,Xal'atath's Bargain: Voidbound,3:19 PM
Ny8ZMpL42frVYGtv,,wipe,17:49,1069,12669,City of Threads,City of Threads,10,Xal'atath's Bargain: Voidbound,6:39 PM
6rQMCpL3G2JNqva7,,wipe,18:46,1126,60670,Grim Batol,Grim Batol,10,Xal'atath's Bargain: Voidbound,6:54 AM
6rQMCpL3G2JNqva7,3,kill,37:54,2274,62286,The Necrotic Wake,The Necrotic Wake,,,7:17 AM
6rQMCpL3G2JNqva7,16,kill,29:51,1791,62286,The Necrotic Wake,The Necrotic Wake,,,1:29 PM
6rQMCpL3G2JNqva7,24,kill,30:42,1842,62286,The Necrotic Wake,The Necrotic Wake,,,4:57 PM
6rQMCpL3G2JNqva7,2,wipe,2:30,150,62286,The Necrotic Wake,The Necrotic Wake,,,7:15 AM
6rQMCpL3G2JNqva7,12,wipe,36:53,2213,62286,The Necrotic Wake,The Necrotic Wake,,,9:53 AM
6rQMCpL3G2JNqva7,2,wipe,2:30,150,62286,The Necrotic Wake,The Necrotic Wake,,,7:15 AM
6rQMCpL3G2JNqva7,12,wipe,36:53,2213,62286,The Necrotic Wake,The Necrotic Wake,,,9:53 AM
6rQMCpL3G2JNqva7,9,wipe,4:06,246,61822,Siege of Boralus,Siege of Boralus,,,7:58 AM
6rQMCpL3G2JNqva7,10,wipe,16:33,993,61822,Siege of Boralus,Siege of Boralus,,,8:02 AM
6rQMCpL3G2JNqva7,11,wipe,0:00,0,61822,Siege of Boralus,Siege of Boralus,,,8:28 AM
6rQMCpL3G2JNqva7,18,wipe,1:14:03,4443,61822,Siege of Boralus,Siege of Boralus,,,2:06 PM
6rQMCpL3G2JNqva7,19,wipe,20:57,1257,61822,Siege of Boralus,Siege of Boralus,,,3:21 PM
6rQMCpL3G2JNqva7,9,wipe,4:06,246,61822,Siege of Boralus,Siege of Boralus,,,7:58 AM
6rQMCpL3G2JNqva7,10,wipe,16:33,993,61822,Siege of Boralus,Siege of Boralus,,,8:02 AM
6rQMCpL3G2JNqva7,11,wipe,0:00,0,61822,Siege of Boralus,Siege of Boralus,,,8:28 AM
6rQMCpL3G2JNqva7,18,wipe,1:14:03,4443,61822,Siege of Boralus,Siege of Boralus,,,2:06 PM
6rQMCpL3G2JNqva7,19,wipe,20:57,1257,61822,Siege of Boralus,Siege of Boralus,,,3:21 PM
6rQMCpL3G2JNqva7,13,wipe,12:12,732,62290,Mists of Tirna Scithe,Mists of Tirna Scithe,,,11:56 AM
6rQMCpL3G2JNqva7,14,wipe,52:05,3125,62290,Mists of Tirna Scithe,Mists of Tirna Scithe,,,12:08 PM
6rQMCpL3G2JNqva7,15,wipe,28:32,1712,62290,Mists of Tirna Scithe,Mists of Tirna Scithe,,,1:00 PM
6rQMCpL3G2JNqva7,13,wipe,12:12,732,62290,Mists of Tirna Scithe,Mists of Tirna Scithe,,,11:56 AM
6rQMCpL3G2JNqva7,14,wipe,52:05,3125,62290,Mists of Tirna Scithe,Mists of Tirna Scithe,,,12:08 PM
6rQMCpL3G2JNqva7,15,wipe,28:32,1712,62290,Mists of Tirna Scithe,Mists of Tirna Scithe,,,1:00 PM
6rQMCpL3G2JNqva7,20,wipe,0:00,0,12669,City of Threads,City of Threads,,,3:41 PM
6rQMCpL3G2JNqva7,21,wipe,9:33,573,12669,City of Threads,City of Threads,,,3:45 PM
6rQMCpL3G2JNqva7,20,wipe,0:00,0,12669,City of Threads,City of Threads,,,3:41 PM
6rQMCpL3G2JNqva7,21,wipe,9:33,573,12669,City of Threads,City of Threads,,,3:45 PM
6rQMCpL3G2JNqva7,,kill,52:36,3156,12652,The Stonevault,The Stonevault,10,Xal'atath's Bargain: Voidbound,3:54 PM
rXhbHcV8TD4AkPZW,,kill,24:49,1489,62290,Mists of Tirna Scithe,Mists of Tirna Scithe,10,Xal'atath's Bargain: Voidbound,9:09 AM
rXhbHcV8TD4AkPZW,,kill,35:38,2138,12669,City of Threads,City of Threads,10,Xal'atath's Bargain: Voidbound,11:16 AM
Whjkt6qbmrL1TYg8,,kill,1:01:49,3709,12669,City of Threads,City of Threads,5,Xal'atath's Bargain: Voidbound,2:45 AM
8gkAahwJ4KDPWN6F,,wipe,7:11,431,12669,City of Threads,City of Threads,5,Xal'atath's Bargain: Frenzied,3:20 AM
fAHhctpj3VPxZWCM,3,kill,34:38,2078,12669,City of Threads,City of Threads,,,4:20 PM
fAHhctpj3VPxZWCM,1,wipe,9:16,556,12669,City of Threads,City of Threads,,,4:08 PM
fAHhctpj3VPxZWCM,2,wipe,3:04,184,12669,City of Threads,City of Threads,,,4:17 PM
fAHhctpj3VPxZWCM,1,wipe,9:16,556,12669,City of Threads,City of Threads,,,4:08 PM
fAHhctpj3VPxZWCM,2,wipe,3:04,184,12669,City of Threads,City of Threads,,,4:17 PM
ANWnJV67DmZFKk2j,,kill,38:25,2305,12669,City of Threads,City of Threads,5,Fortified,2:21 PM
ANWnJV67DmZFKk2j,,kill,34:53,2093,62290,Mists of Tirna Scithe,Mists of Tirna Scithe,7,Fortified,3:04 PM
YdP4jmqJctvFA3wL,,wipe,0:00,0,12669,City of Threads,City of Threads,5,Xal'atath's Bargain: Voidbound,7:59 PM
fdy4kZW72TLRwbhg,,kill,48:05,2885,12669,City of Threads,City of Threads,10,Xal'atath's Bargain: Ascendant,4:25 PM
zXQtgRCP8daqcYbk,,wipe,50:26,3026,12669,City of Threads,City of Threads,4,Xal'atath's Bargain: Voidbound,2:46 PM
zXQtgRCP8daqcYbk,,wipe,3:55,235,12662,Hallowfall,Hallowfall,4,Xal'atath's Bargain: Voidbound,3:36 PM
KCQ74M1Hy83YjhLX,,kill,45:58,2758,12669,City of Threads,City of Threads,4,Xal'atath's Bargain: Voidbound,5:10 AM
KCQ74M1Hy83YjhLX,,kill,37:47,2267,62290,Mists of Tirna Scithe,Mists of Tirna Scithe,5,Xal'atath's Bargain: Voidbound,6:18 AM
KCQ74M1Hy83YjhLX,,kill,1:11:43,4303,12652,The Stonevault,The Stonevault,5,Xal'atath's Bargain: Voidbound,7:07 AM
aFQdXgntPGf1zR9m,1,wipe,4:27,267,12662,Hallowfall,Hallowfall,,,9:00 PM
aFQdXgntPGf1zR9m,2,wipe,3:30,210,12662,Hallowfall,Hallowfall,,,9:04 PM
aFQdXgntPGf1zR9m,3,wipe,34:19,2059,12662,Hallowfall,Hallowfall,,,9:08 PM
aFQdXgntPGf1zR9m,4,wipe,53:06,3186,12662,Hallowfall,Hallowfall,,,9:42 PM
aFQdXgntPGf1zR9m,1,wipe,4:27,267,12662,Hallowfall,Hallowfall,,,9:00 PM
aFQdXgntPGf1zR9m,2,wipe,3:30,210,12662,Hallowfall,Hallowfall,,,9:04 PM
aFQdXgntPGf1zR9m,3,wipe,34:19,2059,12662,Hallowfall,Hallowfall,,,9:08 PM
aFQdXgntPGf1zR9m,4,wipe,53:06,3186,12662,Hallowfall,Hallowfall,,,9:42 PM
aFQdXgntPGf1zR9m,,kill,51:19,3079,12669,City of Threads,City of Threads,11,Xal'atath's Bargain: Voidbound,10:35 PM
W6vdcKzGjVXCnwkm,,wipe,6:40,400,12669,City of Threads,City of Threads,10,Xal'atath's Bargain: Voidbound,5:39 PM
n3dLrpfjtFvWB9Jx,2,kill,42:04,2524,12669,City of Threads,City of Threads,,,6:42 PM
n3dLrpfjtFvWB9Jx,1,wipe,17:18,1038,12669,City of Threads,City of Threads,,,6:25 PM
wdqT9JYhZgMvPnR6,,kill,31:36,1896,12669,City of Threads,City of Threads,7,Xal'atath's Bargain: Ascendant,12:00 PM
wdqT9JYhZgMvPnR6,,kill,27:16,1636,62290,Mists of Tirna Scithe,Mists of Tirna Scithe,7,Xal'atath's Bargain: Ascendant,12:46 PM
HVBfvLjxaTcXzF1G,2,kill,37:25,2245,62290,Mists of Tirna Scithe,Mists of Tirna Scithe,,,2:59 PM
HVBfvLjxaTcXzF1G,1,wipe,25:27,1527,62290,Mists of Tirna Scithe,Mists of Tirna Scithe,,,2:33 PM
HVBfvLjxaTcXzF1G,,kill,32:39,1959,61822,Siege of Boralus,Siege of Boralus,10,Xal'atath's Bargain: Ascendant,3:48 PM
HVBfvLjxaTcXzF1G,,kill,48:05,2885,12669,City of Threads,City of Threads,10,Xal'atath's Bargain: Ascendant,4:25 PM
2ZkrtAWFzvcQJ7yP,,kill,34:32,2072,12669,City of Threads,City of Threads,10,Xal'atath's Bargain: Ascendant,4:24 PM
QnfTYybA4mhF3CP9,,kill,34:32,2072,12669,City of Threads,City of Threads,10,Xal'atath's Bargain: Ascendant,4:24 PM
zwMrCgpFyNVXTZaJ,,wipe,5:29,329,12669,City of Threads,City of Threads,10,Xal'atath's Bargain: Ascendant,4:24 PM
gKvafNJwmH1D3LGZ,,kill,44:48,2688,12652,The Stonevault,The Stonevault,5,Xal'atath's Bargain: Ascendant,6:43 AM
gKvafNJwmH1D3LGZ,,kill,40:51,2451,12669,City of Threads,City of Threads,5,Xal'atath's Bargain: Ascendant,7:38 AM
gKvafNJwmH1D3LGZ,,kill,44:22,2662,12662,Hallowfall,Hallowfall,5,Xal'atath's Bargain: Ascendant,8:27 AM
jz6HZ8XM2Rp9nwrD,,kill,47:07,2827,12669,City of Threads,City of Threads,10,Xal'atath's Bargain: Ascendant,6:41 PM
CcvFkL1njXMGmPVQ,3,kill,49:07,2947,12669,City of Threads,City of Threads,,,3:33 PM
CcvFkL1njXMGmPVQ,1,wipe,36:41,2201,12669,City of Threads,City of Threads,,,1:44 PM
CcvFkL1njXMGmPVQ,,kill,32:18,1938,62290,Mists of Tirna Scithe,Mists of Tirna Scithe,10,Xal'atath's Bargain: Voidbound,2:54 PM
AM9Gp81JPZavnwhj,,kill,50:33,3033,12669,City of Threads,City of Threads,10,Xal'atath's Bargain: Voidbound,3:31 PM
749zwNkxBXct1MRT,3,kill,51:46,3106,12669,City of Threads,City of Threads,,,3:44 AM
749zwNkxBXct1MRT,1,wipe,15:20,920,12669,City of Threads,City of Threads,,,3:07 AM
749zwNkxBXct1MRT,2,wipe,22:12,1332,12669,City of Threads,City of Threads,,,3:22 AM
749zwNkxBXct1MRT,1,wipe,15:20,920,12669,City of Threads,City of Threads,,,3:07 AM
749zwNkxBXct1MRT,2,wipe,22:12,1332,12669,City of Threads,City of Threads,,,3:22 AM
tDLxzGMCbNk4pFBZ,,wipe,23:42,1422,12669,City of Threads,City of Threads,6,Fortified,2:20 AM
tDLxzGMCbNk4pFBZ,,wipe,15:26,926,62286,The Necrotic Wake,The Necrotic Wake,10,Xal'atath's Bargain: Voidbound,2:44 AM
yjV3YbG2mXK6gQkh,3,kill,46:56,2816,12669,City of Threads,City of Threads,,,11:59 AM
yjV3YbG2mXK6gQkh,1,wipe,5:10,310,12669,City of Threads,City of Threads,,,11:31 AM
yjV3YbG2mXK6gQkh,2,wipe,23:14,1394,12669,City of Threads,City of Threads,,,11:36 AM
yjV3YbG2mXK6gQkh,1,wipe,5:10,310,12669,City of Threads,City of Threads,,,11:31 AM
yjV3YbG2mXK6gQkh,2,wipe,23:14,1394,12669,City of Threads,City of Threads,,,11:36 AM
h2kVDT7x6K3P9v4A,,kill,50:58,3058,12669,City of Threads,City of Threads,10,Xal'atath's Bargain: Frenzied,11:32 AM
PjZTkFhCHXnqp1dD,,wipe,1:07:54,4074,62290,Mists of Tirna Scithe,Mists of Tirna Scithe,10,Xal'atath's Bargain: Voidbound,4:35 AM
PjZTkFhCHXnqp1dD,,wipe,22:44,1364,12669,City of Threads,City of Threads,3,Xal'atath's Bargain: Voidbound,5:43 AM
PjZTkFhCHXnqp1dD,,kill,34:25,2065,62286,The Necrotic Wake,The Necrotic Wake,5,Fortified,8:00 AM
vAFHTWNJLCbV7dYn,1,wipe,45:31,2731,12652,The Stonevault,The Stonevault,,,1:27 PM
vAFHTWNJLCbV7dYn,3,wipe,35:28,2128,12652,The Stonevault,The Stonevault,,,2:42 PM
vAFHTWNJLCbV7dYn,1,wipe,45:31,2731,12652,The Stonevault,The Stonevault,,,1:27 PM
vAFHTWNJLCbV7dYn,3,wipe,35:28,2128,12652,The Stonevault,The Stonevault,,,2:42 PM
vAFHTWNJLCbV7dYn,,wipe,30:01,1801,12669,City of Threads,City of Threads,3,Tyrannical,2:12 PM
Af8pGPm6wzZ1N7vL,,wipe,2:00,120,62286,The Necrotic Wake,The Necrotic Wake,12,Fortified,7:22 PM
Af8pGPm6wzZ1N7vL,,kill,35:36,2136,12669,City of Threads,City of Threads,12,Xal'atath's Bargain: Frenzied,2:32 PM
Af8pGPm6wzZ1N7vL,,kill,33:52,2032,12652,The Stonevault,The Stonevault,12,Fortified,3:24 PM
Lah4xnzkVKJRCNHZ,1,wipe,2:30,150,62286,The Necrotic Wake,The Necrotic Wake,,,10:14 PM
Lah4xnzkVKJRCNHZ,2,wipe,3:59,239,62286,The Necrotic Wake,The Necrotic Wake,,,10:17 PM
Lah4xnzkVKJRCNHZ,1,wipe,2:30,150,62286,The Necrotic Wake,The Necrotic Wake,,,10:14 PM
Lah4xnzkVKJRCNHZ,2,wipe,3:59,239,62286,The Necrotic Wake,The Necrotic Wake,,,10:17 PM
Lah4xnzkVKJRCNHZ,,kill,21:20,1280,62290,Mists of Tirna Scithe,Mists of Tirna Scithe,10,Xal'atath's Bargain: Frenzied,10:21 PM
Lah4xnzkVKJRCNHZ,7,kill,40:05,2405,12669,City of Threads,City of Threads,,,12:33 AM
Lah4xnzkVKJRCNHZ,4,wipe,4:01,241,12669,City of Threads,City of Threads,,,10:47 PM
Lah4xnzkVKJRCNHZ,5,wipe,13:50,830,61822,Siege of Boralus,Siege of Boralus,,,11:48 PM
Lah4xnzkVKJRCNHZ,6,wipe,31:26,1886,61822,Siege of Boralus,Siege of Boralus,,,12:01 AM
Lah4xnzkVKJRCNHZ,5,wipe,13:50,830,61822,Siege of Boralus,Siege of Boralus,,,11:48 PM
Lah4xnzkVKJRCNHZ,6,wipe,31:26,1886,61822,Siege of Boralus,Siege of Boralus,,,12:01 AM
PV4w72fygq3pDj6K,,kill,34:43,2083,61822,Siege of Boralus,Siege of Boralus,13,Tyrannical,6:23 PM
PV4w72fygq3pDj6K,,wipe,23:28,1408,12669,City of Threads,City of Threads,13,Tyrannical,7:08 PM
PV4w72fygq3pDj6K,8,kill,28:41,1721,62290,Mists of Tirna Scithe,Mists of Tirna Scithe,,,8:21 PM
PV4w72fygq3pDj6K,4,wipe,3:42,222,62290,Mists of Tirna Scithe,Mists of Tirna Scithe,,,7:31 PM
PV4w72fygq3pDj6K,5,wipe,31:43,1903,62290,Mists of Tirna Scithe,Mists of Tirna Scithe,,,7:35 PM
PV4w72fygq3pDj6K,6,wipe,6:25,385,62290,Mists of Tirna Scithe,Mists of Tirna Scithe,,,8:07 PM
PV4w72fygq3pDj6K,7,wipe,7:43,463,62290,Mists of Tirna Scithe,Mists of Tirna Scithe,,,8:13 PM
PV4w72fygq3pDj6K,4,wipe,3:42,222,62290,Mists of Tirna Scithe,Mists of Tirna Scithe,,,7:31 PM
PV4w72fygq3pDj6K,5,wipe,31:43,1903,62290,Mists of Tirna Scithe,Mists of Tirna Scithe,,,7:35 PM
PV4w72fygq3pDj6K,6,wipe,6:25,385,62290,Mists of Tirna Scithe,Mists of Tirna Scithe,,,8:07 PM
PV4w72fygq3pDj6K,7,wipe,7:43,463,62290,Mists of Tirna Scithe,Mists of Tirna Scithe,,,8:13 PM
4rNGTBDLgZqKQwak,,kill,1:05:20,3920,12669,City of Threads,City of Threads,10,Xal'atath's Bargain: Frenzied,6:03 PM
dNMPkV6K9hrXbTmp,,wipe,11:14,674,12669,City of Threads,City of Threads,10,Xal'atath's Bargain: Frenzied,1:54 PM
dNMPkV6K9hrXbTmp,2,wipe,7:25,445,12652,The Stonevault,The Stonevault,,,2:05 PM
dNMPkV6K9hrXbTmp,3,wipe,29:51,1791,12652,The Stonevault,The Stonevault,,,2:12 PM
dNMPkV6K9hrXbTmp,2,wipe,7:25,445,12652,The Stonevault,The Stonevault,,,2:05 PM
dNMPkV6K9hrXbTmp,3,wipe,29:51,1791,12652,The Stonevault,The Stonevault,,,2:12 PM
dNMPkV6K9hrXbTmp,,kill,18:46,1126,62290,Mists of Tirna Scithe,Mists of Tirna Scithe,12,Tyrannical,5:49 PM
dNMPkV6K9hrXbTmp,,kill,26:53,1613,62286,The Necrotic Wake,The Necrotic Wake,13,Tyrannical,6:18 PM
n18A2mjGkrtPVRM4,,wipe,11:14,674,12669,City of Threads,City of Threads,10,Xal'atath's Bargain: Frenzied,1:54 PM
n18A2mjGkrtPVRM4,2,wipe,7:25,445,12652,The Stonevault,The Stonevault,,,2:05 PM
n18A2mjGkrtPVRM4,3,wipe,29:51,1791,12652,The Stonevault,The Stonevault,,,2:12 PM
n18A2mjGkrtPVRM4,2,wipe,7:25,445,12652,The Stonevault,The Stonevault,,,2:05 PM
n18A2mjGkrtPVRM4,3,wipe,29:51,1791,12652,The Stonevault,The Stonevault,,,2:12 PM
n18A2mjGkrtPVRM4,,kill,18:46,1126,62290,Mists of Tirna Scithe,Mists of Tirna Scithe,12,Tyrannical,5:49 PM
bg13Baqh8jATGtnL,1,wipe,28:25,1705,12652,The Stonevault,The Stonevault,,,2:28 PM
bg13Baqh8jATGtnL,2,wipe,40:42,2442,12652,The Stonevault,The Stonevault,,,2:56 PM
bg13Baqh8jATGtnL,1,wipe,28:25,1705,12652,The Stonevault,The Stonevault,,,2:28 PM
bg13Baqh8jATGtnL,2,wipe,40:42,2442,12652,The Stonevault,The Stonevault,,,2:56 PM
bg13Baqh8jATGtnL,,wipe,7:08,428,12669,City of Threads,City of Threads,10,Xal'atath's Bargain: Frenzied,3:37 PM
bkRmxGJXC3hTZDnt,,kill,51:09,3069,12669,City of Threads,City of Threads,10,Xal'atath's Bargain: Frenzied,3:48 PM
xqdQ9mG4zy3PH7BD,,kill,23:52,1432,12669,City of Threads,City of Threads,3,Tyrannical,11:41 PM
j3CwHXWb1KgBy2F9,,kill,25:07,1507,12652,The Stonevault,The Stonevault,10,Xal'atath's Bargain: Ascendant,6:35 AM
j3CwHXWb1KgBy2F9,,kill,31:33,1893,12669,City of Threads,City of Threads,10,Xal'atath's Bargain: Ascendant,7:11 AM
HFjC3mdKvrnkA2qc,,kill,25:07,1507,12652,The Stonevault,The Stonevault,10,Xal'atath's Bargain: Ascendant,6:35 AM
HFjC3mdKvrnkA2qc,,kill,31:33,1893,12669,City of Threads,City of Threads,10,Xal'atath's Bargain: Ascendant,7:11 AM
1G9pPYK6hTQgzyV3,1,wipe,13:11,791,12669,City of Threads,City of Threads,,,6:42 AM
1G9pPYK6hTQgzyV3,2,wipe,11:57,717,12669,City of Threads,City of Threads,,,6:55 AM
1G9pPYK6hTQgzyV3,1,wipe,13:11,791,12669,City of Threads,City of Threads,,,6:42 AM
1G9pPYK6hTQgzyV3,2,wipe,11:57,717,12669,City of Threads,City of Threads,,,6:55 AM
GxgBbm4XL1hYtypa,,kill,27:10,1630,12669,City of Threads,City of Threads,5,Xal'atath's Bargain: Ascendant,2:47 AM
GxgBbm4XL1hYtypa,,wipe,58:08,3488,60670,Grim Batol,Grim Batol,5,Xal'atath's Bargain: Ascendant,3:34 AM
GxgBbm4XL1hYtypa,,wipe,46:14,2774,12652,The Stonevault,The Stonevault,3,Xal'atath's Bargain: Ascendant,4:33 AM
GxgBbm4XL1hYtypa,,kill,36:07,2167,12662,Hallowfall,Hallowfall,4,Xal'atath's Bargain: Ascendant,5:19 AM
FGKkT16YcgCDtM24,,wipe,2:44,164,12669,City of Threads,City of Threads,6,Xal'atath's Bargain: Ascendant,4:02 AM
v7hyxJbQCTpwjW63,,wipe,20:48,1248,12669,City of Threads,City of Threads,10,Xal'atath's Bargain: Ascendant,8:40 PM
2FJM6X4GKZQLybd3,,wipe,36:32,2192,12669,City of Threads,City of Threads,7,Xal'atath's Bargain: Frenzied,5:48 PM
XNGqTJzAwbVvf2jm,,kill,27:17,1637,12669,City of Threads,City of Threads,7,Xal'atath's Bargain: Frenzied,10:16 AM
Dw7VjC9FmpxJy3Xv,,kill,34:53,2093,62286,The Necrotic Wake,The Necrotic Wake,10,Xal'atath's Bargain: Ascendant,12:37 PM
Dw7VjC9FmpxJy3Xv,,kill,34:11,2051,61822,Siege of Boralus,Siege of Boralus,10,Xal'atath's Bargain: Ascendant,1:24 PM
Dw7VjC9FmpxJy3Xv,17,kill,36:30,2190,12652,The Stonevault,The Stonevault,,,8:16 PM
Dw7VjC9FmpxJy3Xv,7,wipe,4:42,282,12652,The Stonevault,The Stonevault,,,3:03 PM
Dw7VjC9FmpxJy3Xv,8,wipe,17:56,1076,12652,The Stonevault,The Stonevault,,,3:10 PM
Dw7VjC9FmpxJy3Xv,9,wipe,19:36,1176,12652,The Stonevault,The Stonevault,,,3:28 PM
Dw7VjC9FmpxJy3Xv,18,wipe,0:00,0,12652,The Stonevault,The Stonevault,,,9:25 PM
Dw7VjC9FmpxJy3Xv,7,wipe,4:42,282,12652,The Stonevault,The Stonevault,,,3:03 PM
Dw7VjC9FmpxJy3Xv,8,wipe,17:56,1076,12652,The Stonevault,The Stonevault,,,3:10 PM
Dw7VjC9FmpxJy3Xv,9,wipe,19:36,1176,12652,The Stonevault,The Stonevault,,,3:28 PM
Dw7VjC9FmpxJy3Xv,18,wipe,0:00,0,12652,The Stonevault,The Stonevault,,,9:25 PM
Dw7VjC9FmpxJy3Xv,10,kill,1:00:40,3640,12669,City of Threads,City of Threads,,,3:47 PM
Dw7VjC9FmpxJy3Xv,11,wipe,0:00,0,12669,City of Threads,City of Threads,,,4:59 PM
Dw7VjC9FmpxJy3Xv,16,kill,32:14,1934,60670,Grim Batol,Grim Batol,,,7:32 PM
Dw7VjC9FmpxJy3Xv,12,wipe,57:37,3457,60670,Grim Batol,Grim Batol,,,5:48 PM
Dw7VjC9FmpxJy3Xv,,kill,43:46,2626,12662,Hallowfall,Hallowfall,10,Xal'atath's Bargain: Frenzied,6:47 PM
fyGhJCgH3ZjTL42v,3,wipe,33:40,2020,12669,City of Threads,City of Threads,,,2:50 AM
fyGhJCgH3ZjTL42v,4,wipe,31:48,1908,12669,City of Threads,City of Threads,,,3:24 AM
fyGhJCgH3ZjTL42v,3,wipe,33:40,2020,12669,City of Threads,City of Threads,,,2:50 AM
fyGhJCgH3ZjTL42v,4,wipe,31:48,1908,12669,City of Threads,City of Threads,,,3:24 AM
fyGhJCgH3ZjTL42v,,wipe,14:51,891,12662,Hallowfall,Hallowfall,3,Xal'atath's Bargain: Ascendant,3:55 AM
6DQjWANHbt3LZBYq,3,kill,1:35:51,5751,12669,City of Threads,City of Threads,,,4:11 PM
6DQjWANHbt3LZBYq,1,wipe,22:46,1366,12669,City of Threads,City of Threads,,,3:34 PM
6DQjWANHbt3LZBYq,2,wipe,14:09,849,12669,City of Threads,City of Threads,,,3:57 PM
6DQjWANHbt3LZBYq,1,wipe,22:46,1366,12669,City of Threads,City of Threads,,,3:34 PM
6DQjWANHbt3LZBYq,2,wipe,14:09,849,12669,City of Threads,City of Threads,,,3:57 PM
6DQjWANHbt3LZBYq,5,kill,57:46,3466,12652,The Stonevault,The Stonevault,,,6:01 PM
6DQjWANHbt3LZBYq,4,wipe,17:33,1053,12652,The Stonevault,The Stonevault,,,5:44 PM
F1rR7cP9JdBT4QzY,1,wipe,18:38,1118,62286,The Necrotic Wake,The Necrotic Wake,,,2:33 PM
F1rR7cP9JdBT4QzY,2,wipe,27:26,1646,62286,The Necrotic Wake,The Necrotic Wake,,,2:51 PM
F1rR7cP9JdBT4QzY,1,wipe,18:38,1118,62286,The Necrotic Wake,The Necrotic Wake,,,2:33 PM
F1rR7cP9JdBT4QzY,2,wipe,27:26,1646,62286,The Necrotic Wake,The Necrotic Wake,,,2:51 PM
F1rR7cP9JdBT4QzY,4,kill,1:20:13,4813,60670,Grim Batol,Grim Batol,,,4:10 PM
F1rR7cP9JdBT4QzY,6,kill,1:20:43,4843,60670,Grim Batol,Grim Batol,,,5:52 PM
F1rR7cP9JdBT4QzY,3,wipe,11:17,677,60670,Grim Batol,Grim Batol,,,3:58 PM
F1rR7cP9JdBT4QzY,5,wipe,0:53,53,60670,Grim Batol,Grim Batol,,,5:31 PM
F1rR7cP9JdBT4QzY,3,wipe,11:17,677,60670,Grim Batol,Grim Batol,,,3:58 PM
F1rR7cP9JdBT4QzY,5,wipe,0:53,53,60670,Grim Batol,Grim Batol,,,5:31 PM
F1rR7cP9JdBT4QzY,,kill,1:38:04,5884,12669,City of Threads,City of Threads,10,Xal'atath's Bargain: Ascendant,7:35 PM
jMCHXPh9byD1GmzT,,kill,30:04,1804,12669,City of Threads,City of Threads,6,Xal'atath's Bargain: Ascendant,2:29 PM
jMCHXPh9byD1GmzT,4,kill,49:02,2942,12652,The Stonevault,The Stonevault,,,3:15 PM
jMCHXPh9byD1GmzT,5,kill,31:53,1913,12652,The Stonevault,The Stonevault,,,4:13 PM
jMCHXPh9byD1GmzT,3,wipe,10:30,630,12652,The Stonevault,The Stonevault,,,3:04 PM
jMCHXPh9byD1GmzT,6,wipe,5:09,309,62290,Mists of Tirna Scithe,Mists of Tirna Scithe,,,4:51 PM
jMCHXPh9byD1GmzT,7,wipe,2:15,135,62290,Mists of Tirna Scithe,Mists of Tirna Scithe,,,4:56 PM
jMCHXPh9byD1GmzT,6,wipe,5:09,309,62290,Mists of Tirna Scithe,Mists of Tirna Scithe,,,4:51 PM
jMCHXPh9byD1GmzT,7,wipe,2:15,135,62290,Mists of Tirna Scithe,Mists of Tirna Scithe,,,4:56 PM
6NbrvX83R1H9qtha,,kill,34:10,2050,12669,City of Threads,City of Threads,5,Xal'atath's Bargain: Ascendant,2:45 PM
X8Tmv3q7fznj9QdD,,wipe,27:15,1635,12669,City of Threads,City of Threads,4,Xal'atath's Bargain: Ascendant,11:16 AM
X8Tmv3q7fznj9QdD,,wipe,47:33,2853,60670,Grim Batol,Grim Batol,3,Xal'atath's Bargain: Ascendant,11:43 AM
X8Tmv3q7fznj9QdD,,kill,38:29,2309,12652,The Stonevault,The Stonevault,5,Xal'atath's Bargain: Ascendant,12:31 PM
pYjFrDZntGV8H6wc,,kill,45:21,2721,12669,City of Threads,City of Threads,7,Xal'atath's Bargain: Ascendant,5:50 AM
pYjFrDZntGV8H6wc,,kill,40:12,2412,12662,Hallowfall,Hallowfall,7,Xal'atath's Bargain: Ascendant,6:45 AM
pYjFrDZntGV8H6wc,,kill,46:27,2787,12652,The Stonevault,The Stonevault,7,Xal'atath's Bargain: Ascendant,7:25 AM
12fxMtPrGFvnJy4j,,wipe,1:06:13,3973,12669,City of Threads,City of Threads,3,Xal'atath's Bargain: Ascendant,10:01 PM
12fxMtPrGFvnJy4j,,wipe,26:46,1606,62290,Mists of Tirna Scithe,Mists of Tirna Scithe,3,Xal'atath's Bargain: Ascendant,11:07 PM
12fxMtPrGFvnJy4j,,wipe,47:04,2824,61822,Siege of Boralus,Siege of Boralus,3,Xal'atath's Bargain: Ascendant,11:34 PM
12fxMtPrGFvnJy4j,,kill,39:04,2344,12652,The Stonevault,The Stonevault,4,Xal'atath's Bargain: Ascendant,12:21 AM
hZLfAwjMg4Pa6H3n,,kill,29:09,1749,62286,The Necrotic Wake,The Necrotic Wake,10,Xal'atath's Bargain: Frenzied,7:31 AM
hZLfAwjMg4Pa6H3n,,kill,45:08,2708,60670,Grim Batol,Grim Batol,10,Xal'atath's Bargain: Frenzied,8:02 AM
hZLfAwjMg4Pa6H3n,4,kill,1:12:15,4335,12652,The Stonevault,The Stonevault,,,8:57 AM
hZLfAwjMg4Pa6H3n,3,wipe,3:50,230,12652,The Stonevault,The Stonevault,,,8:54 AM
hZLfAwjMg4Pa6H3n,,kill,44:18,2658,12662,Hallowfall,Hallowfall,10,Fortified,10:18 AM
hZLfAwjMg4Pa6H3n,,kill,49:07,2947,12669,City of Threads,City of Threads,10,Xal'atath's Bargain: Frenzied,11:06 AM
BCPXz1H4DFkcdKZ8,2,kill,37:21,2241,12669,City of Threads,City of Threads,,,12:03 PM
BCPXz1H4DFkcdKZ8,1,wipe,23:41,1421,12669,City of Threads,City of Threads,,,11:39 AM
Afj6qy9NVcanKRWZ,,wipe,24:20,1460,12669,City of Threads,City of Threads,4,Xal'atath's Bargain: Frenzied,12:11 PM
m67fKYAGDyNXLr83,,kill,58:31,3511,12669,City of Threads,City of Threads,7,Xal'atath's Bargain: Frenzied,7:31 AM
cf1yQaD7kWzAFY6q,,wipe,24:22,1462,62286,The Necrotic Wake,The Necrotic Wake,10,Xal'atath's Bargain: Frenzied,7:39 AM
cf1yQaD7kWzAFY6q,,kill,35:13,2113,62290,Mists of Tirna Scithe,Mists of Tirna Scithe,10,Xal'atath's Bargain: Frenzied,8:03 AM
cf1yQaD7kWzAFY6q,,wipe,44:31,2671,12669,City of Threads,City of Threads,6,Fortified,8:44 AM
CAV6jdzh8vBZGDKQ,,kill,31:24,1884,62290,Mists of Tirna Scithe,Mists of Tirna Scithe,10,Xal'atath's Bargain: Frenzied,1:47 PM
CAV6jdzh8vBZGDKQ,,kill,36:46,2206,61822,Siege of Boralus,Siege of Boralus,10,Xal'atath's Bargain: Frenzied,2:25 PM
CAV6jdzh8vBZGDKQ,,wipe,51:20,3080,12669,City of Threads,City of Threads,7,Xal'atath's Bargain: Frenzied,3:09 PM
CAV6jdzh8vBZGDKQ,5,wipe,35:18,2118,12662,Hallowfall,Hallowfall,,,4:00 PM
CAV6jdzh8vBZGDKQ,6,wipe,0:00,0,12662,Hallowfall,Hallowfall,,,4:38 PM
CAV6jdzh8vBZGDKQ,7,wipe,9:20,560,12662,Hallowfall,Hallowfall,,,4:43 PM
CAV6jdzh8vBZGDKQ,9,wipe,0:00,0,12662,Hallowfall,Hallowfall,,,5:20 PM
CAV6jdzh8vBZGDKQ,5,wipe,35:18,2118,12662,Hallowfall,Hallowfall,,,4:00 PM
CAV6jdzh8vBZGDKQ,6,wipe,0:00,0,12662,Hallowfall,Hallowfall,,,4:38 PM
CAV6jdzh8vBZGDKQ,7,wipe,9:20,560,12662,Hallowfall,Hallowfall,,,4:43 PM
CAV6jdzh8vBZGDKQ,9,wipe,0:00,0,12662,Hallowfall,Hallowfall,,,5:20 PM
CAV6jdzh8vBZGDKQ,,kill,28:14,1694,62286,The Necrotic Wake,The Necrotic Wake,5,Xal'atath's Bargain: Frenzied,4:52 PM
fRp19ka4crYtnmzd,,kill,37:39,2259,12669,City of Threads,City of Threads,8,Xal'atath's Bargain: Frenzied,4:55 PM
fRp19ka4crYtnmzd,,kill,1:39:55,5995,12662,Hallowfall,Hallowfall,10,Xal'atath's Bargain: Frenzied,5:44 PM
ZJRGM8Qh9cVTByCb,,wipe,57:28,3448,12669,City of Threads,City of Threads,10,Xal'atath's Bargain: Frenzied,10:30 PM
Dw81VPYgrKvAMRc9,,kill,34:33,2073,12652,The Stonevault,The Stonevault,10,Xal'atath's Bargain: Frenzied,1:52 PM
Dw81VPYgrKvAMRc9,,kill,47:14,2834,60670,Grim Batol,Grim Batol,10,Xal'atath's Bargain: Ascendant,3:10 PM
Dw81VPYgrKvAMRc9,,kill,33:47,2027,12669,City of Threads,City of Threads,10,Xal'atath's Bargain: Frenzied,4:03 PM
Gqjbgtr9nMvc748J,,kill,33:47,2027,12669,City of Threads,City of Threads,10,Xal'atath's Bargain: Frenzied,4:03 PM
rfvqbRtWhPXaJcV4,,kill,20:44,1244,62290,Mists of Tirna Scithe,Mists of Tirna Scithe,7,Xal'atath's Bargain: Ascendant,2:18 PM
rfvqbRtWhPXaJcV4,2,wipe,3:51,231,62286,The Necrotic Wake,The Necrotic Wake,,,2:50 PM
rfvqbRtWhPXaJcV4,3,wipe,36:28,2188,62286,The Necrotic Wake,The Necrotic Wake,,,2:54 PM
rfvqbRtWhPXaJcV4,2,wipe,3:51,231,62286,The Necrotic Wake,The Necrotic Wake,,,2:50 PM
rfvqbRtWhPXaJcV4,3,wipe,36:28,2188,62286,The Necrotic Wake,The Necrotic Wake,,,2:54 PM
rfvqbRtWhPXaJcV4,,kill,38:20,2300,12662,Hallowfall,Hallowfall,8,Xal'atath's Bargain: Ascendant,3:30 PM
rfvqbRtWhPXaJcV4,,kill,46:13,2773,12669,City of Threads,City of Threads,7,Xal'atath's Bargain: Ascendant,4:15 PM
rfvqbRtWhPXaJcV4,,wipe,14:57,897,12652,The Stonevault,The Stonevault,5,Xal'atath's Bargain: Ascendant,5:07 PM
xwNCzLjRJgfAdV7a,,wipe,21:15,1275,12669,City of Threads,City of Threads,4,Xal'atath's Bargain: Frenzied,8:26 AM
xwNCzLjRJgfAdV7a,,wipe,22:05,1325,61822,Siege of Boralus,Siege of Boralus,3,Xal'atath's Bargain: Frenzied,8:47 AM
AvaDczngCN8fwpTm,,kill,38:26,2306,12669,City of Threads,City of Threads,5,Xal'atath's Bargain: Frenzied,2:39 AM
AvaDczngCN8fwpTm,,kill,36:54,2214,60670,Grim Batol,Grim Batol,5,Xal'atath's Bargain: Frenzied,3:25 AM
JNg2KqAfxk61m9QW,,wipe,54:42,3282,12669,City of Threads,City of Threads,3,Fortified,1:00 AM
9AkMHC7Ph4mwdvFr,,kill,58:05,3485,12669,City of Threads,City of Threads,9,Xal'atath's Bargain: Frenzied,10:36 PM
X7HhwD1WKkTC8V2J,,kill,58:05,3485,12669,City of Threads,City of Threads,9,Xal'atath's Bargain: Frenzied,10:36 PM
VnWQGNDYwqy6ma7z,,kill,58:05,3485,12669,City of Threads,City of Threads,9,Xal'atath's Bargain: Frenzied,10:36 PM
MQc9XYBjw83kdhKF,,wipe,8:52,532,12669,City of Threads,City of Threads,7,Xal'atath's Bargain: Ascendant,4:07 PM
B1VmpTPqwkRA4K2n,,wipe,55:48,3348,12669,City of Threads,City of Threads,3,Xal'atath's Bargain: Ascendant,12:29 PM
p2QZXVF4a8AR6yvn,1,wipe,40:37,2437,12669,City of Threads,City of Threads,,,5:08 AM
p2QZXVF4a8AR6yvn,2,wipe,3:56,236,12669,City of Threads,City of Threads,,,5:49 AM
p2QZXVF4a8AR6yvn,1,wipe,40:37,2437,12669,City of Threads,City of Threads,,,5:08 AM
p2QZXVF4a8AR6yvn,2,wipe,3:56,236,12669,City of Threads,City of Threads,,,5:49 AM
wHt23DNbr4xfChaz,1,wipe,40:37,2437,12669,City of Threads,City of Threads,,,5:08 AM
wHt23DNbr4xfChaz,2,wipe,3:56,236,12669,City of Threads,City of Threads,,,5:49 AM
wHt23DNbr4xfChaz,1,wipe,40:37,2437,12669,City of Threads,City of Threads,,,5:08 AM
wHt23DNbr4xfChaz,2,wipe,3:56,236,12669,City of Threads,City of Threads,,,5:49 AM
afJ79qFWjdhtPLZV,,kill,46:13,2773,12669,City of Threads,City of Threads,7,Xal'atath's Bargain: Ascendant,4:15 PM
afJ79qFWjdhtPLZV,,wipe,14:57,897,12652,The Stonevault,The Stonevault,5,Xal'atath's Bargain: Ascendant,5:07 PM
pnMfdCNywVk7R1Qz,,kill,46:13,2773,12669,City of Threads,City of Threads,7,Xal'atath's Bargain: Ascendant,4:15 PM
pnMfdCNywVk7R1Qz,,wipe,14:57,897,12652,The Stonevault,The Stonevault,5,Xal'atath's Bargain: Ascendant,5:07 PM
HwfBK743qcgPRLx6,,kill,20:44,1244,62290,Mists of Tirna Scithe,Mists of Tirna Scithe,7,Xal'atath's Bargain: Ascendant,2:18 PM
HwfBK743qcgPRLx6,2,wipe,3:51,231,62286,The Necrotic Wake,The Necrotic Wake,,,2:50 PM
HwfBK743qcgPRLx6,3,wipe,36:28,2188,62286,The Necrotic Wake,The Necrotic Wake,,,2:54 PM
HwfBK743qcgPRLx6,2,wipe,3:51,231,62286,The Necrotic Wake,The Necrotic Wake,,,2:50 PM
HwfBK743qcgPRLx6,3,wipe,36:28,2188,62286,The Necrotic Wake,The Necrotic Wake,,,2:54 PM
HwfBK743qcgPRLx6,,kill,38:20,2300,12662,Hallowfall,Hallowfall,8,Xal'atath's Bargain: Ascendant,3:30 PM
HwfBK743qcgPRLx6,,kill,46:13,2773,12669,City of Threads,City of Threads,7,Xal'atath's Bargain: Ascendant,4:15 PM
Lm7JzjGk4v8Anr1N,,kill,46:13,2773,12669,City of Threads,City of Threads,7,Xal'atath's Bargain: Ascendant,4:15 PM
DkR1mgfCx37PwXj9,1,wipe,0:33,33,12669,City of Threads,City of Threads,,,2:32 PM
DkR1mgfCx37PwXj9,2,wipe,14:59,899,12669,City of Threads,City of Threads,,,3:32 PM
DkR1mgfCx37PwXj9,1,wipe,0:33,33,12669,City of Threads,City of Threads,,,2:32 PM
DkR1mgfCx37PwXj9,2,wipe,14:59,899,12669,City of Threads,City of Threads,,,3:32 PM
DkR1mgfCx37PwXj9,,wipe,3:54,234,62290,Mists of Tirna Scithe,Mists of Tirna Scithe,10,Xal'atath's Bargain: Ascendant,3:47 PM
2j4g7J3zrcnkAfMQ,,kill,32:56,1976,12669,City of Threads,City of Threads,4,Xal'atath's Bargain: Ascendant,11:28 AM
yr7CqaBR9DJPvmnQ,,wipe,14:58,898,12669,City of Threads,City of Threads,3,Fortified,5:18 AM
N3dxfDzkGpAFjaKr,,wipe,28:40,1720,62286,The Necrotic Wake,The Necrotic Wake,5,Tyrannical,5:58 PM
N3dxfDzkGpAFjaKr,,wipe,13:46,826,12669,City of Threads,City of Threads,5,Tyrannical,6:26 PM
gx8jhR1fvpFDCWZr,,wipe,20:26,1226,12652,The Stonevault,The Stonevault,7,Fortified,3:47 AM
gx8jhR1fvpFDCWZr,,kill,39:44,2384,12669,City of Threads,City of Threads,7,Fortified,5:32 AM
PTcyDwRN2ha1z8fr,,kill,39:23,2363,12662,Hallowfall,Hallowfall,7,Fortified,4:47 AM
PTcyDwRN2ha1z8fr,,kill,39:44,2384,12669,City of Threads,City of Threads,7,Fortified,5:32 AM
vzkCd6AaH1YKycBF,,kill,33:57,2037,12662,Hallowfall,Hallowfall,5,Fortified,3:32 PM
vzkCd6AaH1YKycBF,,wipe,1:33:38,5618,12652,The Stonevault,The Stonevault,4,Fortified,4:11 PM
vzkCd6AaH1YKycBF,,kill,25:25,1525,12669,City of Threads,City of Threads,5,Tyrannical,5:52 PM
gLBF2fhwC18VbqPW,1,wipe,7:20,440,12652,The Stonevault,The Stonevault,,,1:22 PM
gLBF2fhwC18VbqPW,2,wipe,16:15,975,12652,The Stonevault,The Stonevault,,,1:30 PM
gLBF2fhwC18VbqPW,3,wipe,29:07,1747,12652,The Stonevault,The Stonevault,,,1:46 PM
gLBF2fhwC18VbqPW,1,wipe,7:20,440,12652,The Stonevault,The Stonevault,,,1:22 PM
gLBF2fhwC18VbqPW,2,wipe,16:15,975,12652,The Stonevault,The Stonevault,,,1:30 PM
gLBF2fhwC18VbqPW,3,wipe,29:07,1747,12652,The Stonevault,The Stonevault,,,1:46 PM
gLBF2fhwC18VbqPW,,kill,36:41,2201,60670,Grim Batol,Grim Batol,2,Tyrannical,2:15 PM
gLBF2fhwC18VbqPW,,kill,43:15,2595,12669,City of Threads,City of Threads,3,Fortified,4:32 PM
qFx6yCa3AtvMbkDK,,kill,30:26,1826,12652,The Stonevault,The Stonevault,3,Fortified,3:16 AM
qFx6yCa3AtvMbkDK,2,wipe,14:29,869,12669,City of Threads,City of Threads,,,4:10 AM
qFx6yCa3AtvMbkDK,3,wipe,17:44,1064,12669,City of Threads,City of Threads,,,4:28 AM
qFx6yCa3AtvMbkDK,2,wipe,14:29,869,12669,City of Threads,City of Threads,,,4:10 AM
qFx6yCa3AtvMbkDK,3,wipe,17:44,1064,12669,City of Threads,City of Threads,,,4:28 AM
cVwdRhjaNAkYQxMX,,kill,34:48,2088,12669,City of Threads,City of Threads,2,Fortified,2:02 AM
W1y7Cr3KmgpQzPTJ,,kill,1:00:13,3613,12662,Hallowfall,Hallowfall,2,Fortified,10:52 PM
W1y7Cr3KmgpQzPTJ,,wipe,43:59,2639,12669,City of Threads,City of Threads,3,Tyrannical,11:57 PM
tj8gY2rvyCahcRHJ,,wipe,48:15,2895,12669,City of Threads,City of Threads,5,Tyrannical,5:44 AM
tj8gY2rvyCahcRHJ,,kill,33:29,2009,60670,Grim Batol,Grim Batol,4,Tyrannical,6:32 AM
HbnK23amhNALZzxg,,wipe,32:31,1951,12662,Hallowfall,Hallowfall,5,Fortified,4:04 AM
HbnK23amhNALZzxg,,kill,22:52,1372,62290,Mists of Tirna Scithe,Mists of Tirna Scithe,6,Tyrannical,4:36 AM
HbnK23amhNALZzxg,,wipe,27:14,1634,12669,City of Threads,City of Threads,5,Tyrannical,5:27 AM
HJM8Rb2h1npg6fN9,,wipe,5:49,349,12669,City of Threads,City of Threads,2,Fortified,9:29 PM
mGdC4BK9vh3tcRPJ,,wipe,14:58,898,12669,City of Threads,City of Threads,3,Fortified,5:18 AM
kFXJNbrdmZgGQ8L2,2,kill,23:08,1388,62286,The Necrotic Wake,The Necrotic Wake,,,5:22 PM
kFXJNbrdmZgGQ8L2,1,wipe,21:17,1277,62286,The Necrotic Wake,The Necrotic Wake,,,5:00 PM
kFXJNbrdmZgGQ8L2,6,wipe,9:11,551,12669,City of Threads,City of Threads,,,6:02 PM
kFXJNbrdmZgGQ8L2,7,wipe,13:03,783,12669,City of Threads,City of Threads,,,6:11 PM
kFXJNbrdmZgGQ8L2,6,wipe,9:11,551,12669,City of Threads,City of Threads,,,6:02 PM
kFXJNbrdmZgGQ8L2,7,wipe,13:03,783,12669,City of Threads,City of Threads,,,6:11 PM
DTW6bcZyR1rqQhFv,,wipe,45:01,2701,12652,The Stonevault,The Stonevault,4,Fortified,4:03 PM
DTW6bcZyR1rqQhFv,,wipe,27:10,1630,12662,Hallowfall,Hallowfall,5,Fortified,4:48 PM
DTW6bcZyR1rqQhFv,,kill,27:27,1647,12669,City of Threads,City of Threads,2,Fortified,5:15 PM
f6qJdw1gNktv4ZFL,,wipe,7:43,463,12669,City of Threads,City of Threads,5,Fortified,11:56 AM
gZT2WJ3C8nvfwc7q,,wipe,2:02,122,12669,City of Threads,City of Threads,4,Fortified,4:57 AM
XFxmqwPQhybNWkRL,,wipe,53:25,3205,12669,City of Threads,City of Threads,3,Fortified,8:19 AM
XFxmqwPQhybNWkRL,,kill,30:17,1817,61822,Siege of Boralus,Siege of Boralus,3,Fortified,9:13 AM
3Vht61pzQHFCNw4G,,wipe,45:50,2750,12669,City of Threads,City of Threads,5,Fortified,5:41 AM
3Vht61pzQHFCNw4G,,kill,25:47,1547,12652,The Stonevault,The Stonevault,5,Fortified,6:36 AM
vAKbRTnHVgY6qFBZ,11,kill,19:48,1188,62286,The Necrotic Wake,The Necrotic Wake,,,9:03 PM
vAKbRTnHVgY6qFBZ,26,wipe,12:00,720,62286,The Necrotic Wake,The Necrotic Wake,,,5:07 AM
vAKbRTnHVgY6qFBZ,13,wipe,30:22,1822,12669,City of Threads,City of Threads,,,2:24 AM
vAKbRTnHVgY6qFBZ,14,wipe,7:49,469,12669,City of Threads,City of Threads,,,2:55 AM
vAKbRTnHVgY6qFBZ,13,wipe,30:22,1822,12669,City of Threads,City of Threads,,,2:24 AM
vAKbRTnHVgY6qFBZ,14,wipe,7:49,469,12669,City of Threads,City of Threads,,,2:55 AM
vAKbRTnHVgY6qFBZ,,kill,47:21,2841,12652,The Stonevault,The Stonevault,5,Fortified,3:02 AM
vAKbRTnHVgY6qFBZ,,kill,21:13,1273,62290,Mists of Tirna Scithe,Mists of Tirna Scithe,6,Fortified,4:02 AM
vAKbRTnHVgY6qFBZ,,kill,17:38,1058,60670,Grim Batol,Grim Batol,5,Fortified,4:31 AM
Bn1YtbjLxTVXcyWh,,wipe,18:48,1128,12669,City of Threads,City of Threads,2,Fortified,3:02 AM
Bn1YtbjLxTVXcyWh,,kill,21:02,1262,62290,Mists of Tirna Scithe,Mists of Tirna Scithe,3,Fortified,3:21 AM
nDMc7w2XKy6drFk1,4,kill,23:55,1435,12652,The Stonevault,The Stonevault,,,10:36 PM
nDMc7w2XKy6drFk1,3,wipe,1:04:14,3854,12652,The Stonevault,The Stonevault,,,9:32 PM
nDMc7w2XKy6drFk1,,wipe,9:57,597,12669,City of Threads,City of Threads,3,Fortified,11:10 PM
w1b9a3CZgD2NxPA7,4,kill,23:55,1435,12652,The Stonevault,The Stonevault,,,10:36 PM
w1b9a3CZgD2NxPA7,3,wipe,1:04:14,3854,12652,The Stonevault,The Stonevault,,,9:32 PM
w1b9a3CZgD2NxPA7,,wipe,9:57,597,12669,City of Threads,City of Threads,3,Fortified,11:10 PM
G4Da3vd6qf9n2cVx,,wipe,33:05,1985,12669,City of Threads,City of Threads,2,Tyrannical,10:16 PM
DNmAcgh4x3aQZYbK,,kill,27:27,1647,60670,Grim Batol,Grim Batol,5,Fortified,6:20 PM
DNmAcgh4x3aQZYbK,,wipe,12:21,741,12652,The Stonevault,The Stonevault,6,Fortified,7:51 PM
DNmAcgh4x3aQZYbK,,kill,40:57,2457,12669,City of Threads,City of Threads,6,Fortified,8:48 PM
ZYF1hjPzpyqrWCcB,,wipe,29:12,1752,12669,City of Threads,City of Threads,3,Fortified,3:38 PM
8zGghcqmadnNJvAy,,wipe,20:18,1218,12669,City of Threads,City of Threads,3,Fortified,1:49 PM
vwqdxh9mLVCGp6tD,12,wipe,12:23,743,12652,The Stonevault,The Stonevault,,,2:55 PM
vwqdxh9mLVCGp6tD,13,wipe,14:47,887,12652,The Stonevault,The Stonevault,,,3:08 PM
vwqdxh9mLVCGp6tD,12,wipe,12:23,743,12652,The Stonevault,The Stonevault,,,2:55 PM
vwqdxh9mLVCGp6tD,13,wipe,14:47,887,12652,The Stonevault,The Stonevault,,,3:08 PM
vwqdxh9mLVCGp6tD,,wipe,7:00,420,12669,City of Threads,City of Threads,2,Tyrannical,3:23 PM
qCLT1n4AKWdhM9Yf,13,kill,31:28,1888,12669,City of Threads,City of Threads,,,12:21 AM
qCLT1n4AKWdhM9Yf,11,wipe,33:23,2003,12669,City of Threads,City of Threads,,,11:41 PM
qCLT1n4AKWdhM9Yf,12,wipe,7:18,438,12669,City of Threads,City of Threads,,,12:14 AM
qCLT1n4AKWdhM9Yf,11,wipe,33:23,2003,12669,City of Threads,City of Threads,,,11:41 PM
qCLT1n4AKWdhM9Yf,12,wipe,7:18,438,12669,City of Threads,City of Threads,,,12:14 AM
qCLT1n4AKWdhM9Yf,,kill,27:29,1649,61822,Siege of Boralus,Siege of Boralus,3,Fortified,12:59 AM
qCLT1n4AKWdhM9Yf,,kill,27:46,1666,62286,The Necrotic Wake,The Necrotic Wake,4,Tyrannical,1:35 AM
tGRFHhyzn1YmJrv7,,wipe,3:51,231,12669,City of Threads,City of Threads,4,Tyrannical,12:14 AM
tGRFHhyzn1YmJrv7,,kill,16:52,1012,62286,The Necrotic Wake,The Necrotic Wake,4,Tyrannical,1:17 AM
tGRFHhyzn1YmJrv7,,kill,24:18,1458,62290,Mists of Tirna Scithe,Mists of Tirna Scithe,6,Tyrannical,1:37 AM
pwqVYNvz49yX7Zt6,,kill,24:07,1447,61822,Siege of Boralus,Siege of Boralus,4,Tyrannical,11:50 PM
pwqVYNvz49yX7Zt6,,kill,20:06,1206,62286,The Necrotic Wake,The Necrotic Wake,4,Tyrannical,12:16 AM
pwqVYNvz49yX7Zt6,,wipe,27:46,1666,12669,City of Threads,City of Threads,4,Tyrannical,12:41 AM
Fjf7mcby4B3QwhCT,3,kill,45:17,2717,60670,Grim Batol,Grim Batol,,,10:19 PM
Fjf7mcby4B3QwhCT,2,wipe,28:23,1703,60670,Grim Batol,Grim Batol,,,9:50 PM
Fjf7mcby4B3QwhCT,5,wipe,36:13,2173,60670,Grim Batol,Grim Batol,,,11:12 PM
Fjf7mcby4B3QwhCT,2,wipe,28:23,1703,60670,Grim Batol,Grim Batol,,,9:50 PM
Fjf7mcby4B3QwhCT,5,wipe,36:13,2173,60670,Grim Batol,Grim Batol,,,11:12 PM
Fjf7mcby4B3QwhCT,,wipe,11:32,692,12669,City of Threads,City of Threads,3,Tyrannical,11:49 PM
n4Khra7AfbTMc6QR,4,kill,1:14:05,4445,60670,Grim Batol,Grim Batol,,,9:50 PM
n4Khra7AfbTMc6QR,3,wipe,14:15,855,60670,Grim Batol,Grim Batol,,,9:33 PM
n4Khra7AfbTMc6QR,5,wipe,36:13,2173,60670,Grim Batol,Grim Batol,,,11:12 PM
n4Khra7AfbTMc6QR,3,wipe,14:15,855,60670,Grim Batol,Grim Batol,,,9:33 PM
n4Khra7AfbTMc6QR,5,wipe,36:13,2173,60670,Grim Batol,Grim Batol,,,11:12 PM
n4Khra7AfbTMc6QR,,wipe,11:32,692,12669,City of Threads,City of Threads,3,Tyrannical,11:49 PM
Jhtw6dA87yRPGgM1,4,kill,1:14:05,4445,60670,Grim Batol,Grim Batol,,,9:50 PM
Jhtw6dA87yRPGgM1,3,wipe,14:15,855,60670,Grim Batol,Grim Batol,,,9:33 PM
Jhtw6dA87yRPGgM1,5,wipe,36:13,2173,60670,Grim Batol,Grim Batol,,,11:12 PM
Jhtw6dA87yRPGgM1,3,wipe,14:15,855,60670,Grim Batol,Grim Batol,,,9:33 PM
Jhtw6dA87yRPGgM1,5,wipe,36:13,2173,60670,Grim Batol,Grim Batol,,,11:12 PM
Jhtw6dA87yRPGgM1,,wipe,11:32,692,12669,City of Threads,City of Threads,3,Tyrannical,11:49 PM
8dtaMypf6A3c2zLH,,kill,32:13,1933,62286,The Necrotic Wake,The Necrotic Wake,3,Fortified,2:49 PM
8dtaMypf6A3c2zLH,,wipe,36:24,2184,12652,The Stonevault,The Stonevault,3,Fortified,3:29 PM
8dtaMypf6A3c2zLH,,kill,23:29,1409,60670,Grim Batol,Grim Batol,3,Fortified,4:05 PM
8dtaMypf6A3c2zLH,5,wipe,13:12,792,12669,City of Threads,City of Threads,,,6:49 PM
8dtaMypf6A3c2zLH,6,wipe,15:10,910,12669,City of Threads,City of Threads,,,7:02 PM
8dtaMypf6A3c2zLH,7,wipe,39:06,2346,12669,City of Threads,City of Threads,,,7:22 PM
8dtaMypf6A3c2zLH,5,wipe,13:12,792,12669,City of Threads,City of Threads,,,6:49 PM
8dtaMypf6A3c2zLH,6,wipe,15:10,910,12669,City of Threads,City of Threads,,,7:02 PM
8dtaMypf6A3c2zLH,7,wipe,39:06,2346,12669,City of Threads,City of Threads,,,7:22 PM
hLcxTK2FMp3kC8Ab,,wipe,7:46,466,12669,City of Threads,City of Threads,5,Fortified,3:08 PM
ZBvnbLcFQqHzY1XK,,wipe,22:03,1323,12669,City of Threads,City of Threads,5,Fortified,3:37 PM
ZBvnbLcFQqHzY1XK,,wipe,54:43,3283,62286,The Necrotic Wake,The Necrotic Wake,5,Fortified,4:07 PM
ZBvnbLcFQqHzY1XK,,kill,34:05,2045,61822,Siege of Boralus,Siege of Boralus,5,Fortified,5:02 PM
AYZ3Vf8QpNCbc1Xa,2,kill,45:00,2700,12669,City of Threads,City of Threads,,,3:45 PM
AYZ3Vf8QpNCbc1Xa,1,wipe,18:17,1097,12669,City of Threads,City of Threads,,,3:27 PM
AYZ3Vf8QpNCbc1Xa,4,wipe,7:40,460,12669,City of Threads,City of Threads,,,4:33 PM
AYZ3Vf8QpNCbc1Xa,1,wipe,18:17,1097,12669,City of Threads,City of Threads,,,3:27 PM
AYZ3Vf8QpNCbc1Xa,4,wipe,7:40,460,12669,City of Threads,City of Threads,,,4:33 PM
1bKR96nJwcFx3TgN,,wipe,12:24,744,12669,City of Threads,City of Threads,3,Fortified,11:39 AM
1bKR96nJwcFx3TgN,,wipe,14:40,880,12652,The Stonevault,The Stonevault,3,Fortified,11:51 AM
1bKR96nJwcFx3TgN,,kill,27:14,1634,62286,The Necrotic Wake,The Necrotic Wake,3,Fortified,12:06 PM
Vht1Wdf8rXGaAqFk,,wipe,22:39,1359,12669,City of Threads,City of Threads,3,Fortified,10:14 AM
2xYVQFq4rGZWBfdN,,wipe,23:15,1395,12669,City of Threads,City of Threads,2,Fortified,9:19 AM
XJBmr9PKwfLYNkpd,1,wipe,11:07,667,12669,City of Threads,City of Threads,,,10:17 PM
XJBmr9PKwfLYNkpd,2,wipe,24:43,1483,12669,City of Threads,City of Threads,,,10:30 PM
XJBmr9PKwfLYNkpd,1,wipe,11:07,667,12669,City of Threads,City of Threads,,,10:17 PM
XJBmr9PKwfLYNkpd,2,wipe,24:43,1483,12669,City of Threads,City of Threads,,,10:30 PM
2hkWzLf1KaV7FqwP,,kill,28:34,1714,12652,The Stonevault,The Stonevault,10,Xal'atath's Bargain: Voidbound,7:45 AM
2hkWzLf1KaV7FqwP,,wipe,31:57,1917,60670,Grim Batol,Grim Batol,10,Xal'atath's Bargain: Voidbound,8:33 AM
FH8ymwTCh69PXbZL,,kill,35:42,2142,60670,Grim Batol,Grim Batol,5,Xal'atath's Bargain: Voidbound,5:41 AM
FH8ymwTCh69PXbZL,13,kill,33:29,2009,62290,Mists of Tirna Scithe,Mists of Tirna Scithe,,,6:34 AM
FH8ymwTCh69PXbZL,12,wipe,14:02,842,62290,Mists of Tirna Scithe,Mists of Tirna Scithe,,,6:20 AM
8yqTjxJzRHMYLZh2,,wipe,7:44,464,60670,Grim Batol,Grim Batol,10,Xal'atath's Bargain: Voidbound,3:35 AM
rCB4Qz9pn1DvhMVf,,kill,39:30,2370,60670,Grim Batol,Grim Batol,10,Xal'atath's Bargain: Oblivion,4:50 PM
rCB4Qz9pn1DvhMVf,,kill,46:49,2809,12662,Hallowfall,Hallowfall,10,Xal'atath's Bargain: Voidbound,6:02 PM
jCgMRPpfqAnmwZTt,,kill,40:27,2427,60670,Grim Batol,Grim Batol,10,Xal'atath's Bargain: Oblivion,2:27 AM
B49JjWfpmhdYyLt8,1,wipe,5:51,351,12662,Hallowfall,Hallowfall,,,5:50 PM
B49JjWfpmhdYyLt8,2,wipe,29:13,1753,12662,Hallowfall,Hallowfall,,,5:56 PM
B49JjWfpmhdYyLt8,1,wipe,5:51,351,12662,Hallowfall,Hallowfall,,,5:50 PM
B49JjWfpmhdYyLt8,2,wipe,29:13,1753,12662,Hallowfall,Hallowfall,,,5:56 PM
B49JjWfpmhdYyLt8,,wipe,32:14,1934,60670,Grim Batol,Grim Batol,7,Xal'atath's Bargain: Oblivion,6:25 PM
LwQFkN8ByAp2x6Rc,,kill,53:47,3227,60670,Grim Batol,Grim Batol,4,Xal'atath's Bargain: Oblivion,3:40 PM
6CPGXBgzmNx71ZQY,,kill,40:37,2437,60670,Grim Batol,Grim Batol,10,Xal'atath's Bargain: Oblivion,7:46 AM
tvaB2xnRHVGdWD3j,,kill,24:04,1444,62286,The Necrotic Wake,The Necrotic Wake,10,Xal'atath's Bargain: Voidbound,1:51 PM
tvaB2xnRHVGdWD3j,2,kill,32:38,1958,60670,Grim Batol,Grim Batol,,,3:31 PM
tvaB2xnRHVGdWD3j,3,wipe,0:18,18,60670,Grim Batol,Grim Batol,,,4:04 PM
6gNxnBhHKYvy43kW,,wipe,11:37,697,60670,Grim Batol,Grim Batol,4,Xal'atath's Bargain: Voidbound,5:57 PM
NbAC2vdzLyPZcqYV,,kill,33:41,2021,60670,Grim Batol,Grim Batol,10,Xal'atath's Bargain: Voidbound,6:47 PM
Y2bZXWFQ6V34vRay,,wipe,0:22,22,60670,Grim Batol,Grim Batol,12,Fortified,12:16 AM
7FHf1VQBZhGdrAY9,,kill,47:44,2864,60670,Grim Batol,Grim Batol,4,Xal'atath's Bargain: Voidbound,10:39 PM
Dqc31nRKWQBNMmg7,,kill,34:53,2093,60670,Grim Batol,Grim Batol,7,Xal'atath's Bargain: Voidbound,7:03 PM
ZjmQqb2HvKdALMWw,1,kill,44:55,2695,60670,Grim Batol,Grim Batol,,,6:04 PM
ZjmQqb2HvKdALMWw,2,wipe,0:29,29,60670,Grim Batol,Grim Batol,,,6:51 PM
6WvNK7cp2TZ3RDz4,1,wipe,24:28,1468,60670,Grim Batol,Grim Batol,,,4:10 AM
6WvNK7cp2TZ3RDz4,2,wipe,16:48,1008,60670,Grim Batol,Grim Batol,,,4:34 AM
6WvNK7cp2TZ3RDz4,1,wipe,24:28,1468,60670,Grim Batol,Grim Batol,,,4:10 AM
6WvNK7cp2TZ3RDz4,2,wipe,16:48,1008,60670,Grim Batol,Grim Batol,,,4:34 AM
WTcm8VtP6j3rR7wK,,wipe,16:17,977,62290,Mists of Tirna Scithe,Mists of Tirna Scithe,8,Xal'atath's Bargain: Ascendant,4:50 PM
WTcm8VtP6j3rR7wK,2,kill,29:46,1786,60670,Grim Batol,Grim Batol,,,5:43 PM
WTcm8VtP6j3rR7wK,6,kill,58:29,3509,60670,Grim Batol,Grim Batol,,,6:53 PM
WTcm8VtP6j3rR7wK,3,wipe,0:14,14,60670,Grim Batol,Grim Batol,,,6:14 PM
WTcm8VtP6j3rR7wK,8,wipe,0:13,13,60670,Grim Batol,Grim Batol,,,7:53 PM
WTcm8VtP6j3rR7wK,3,wipe,0:14,14,60670,Grim Batol,Grim Batol,,,6:14 PM
WTcm8VtP6j3rR7wK,8,wipe,0:13,13,60670,Grim Batol,Grim Batol,,,7:53 PM
hM6gZD3kPHxBrVpn,,wipe,25:23,1523,12652,The Stonevault,The Stonevault,3,Xal'atath's Bargain: Ascendant,10:02 AM
hM6gZD3kPHxBrVpn,,wipe,1:00:18,3618,60670,Grim Batol,Grim Batol,10,Xal'atath's Bargain: Ascendant,11:26 AM
hM6gZD3kPHxBrVpn,,wipe,14:26,866,62290,Mists of Tirna Scithe,Mists of Tirna Scithe,4,Xal'atath's Bargain: Ascendant,12:26 PM
hM6gZD3kPHxBrVpn,4,wipe,32:51,1971,62286,The Necrotic Wake,The Necrotic Wake,,,12:41 PM
hM6gZD3kPHxBrVpn,6,wipe,13:38,818,62286,The Necrotic Wake,The Necrotic Wake,,,2:14 PM
hM6gZD3kPHxBrVpn,4,wipe,32:51,1971,62286,The Necrotic Wake,The Necrotic Wake,,,12:41 PM
hM6gZD3kPHxBrVpn,6,wipe,13:38,818,62286,The Necrotic Wake,The Necrotic Wake,,,2:14 PM
hM6gZD3kPHxBrVpn,,wipe,26:51,1611,61822,Siege of Boralus,Siege of Boralus,8,Xal'atath's Bargain: Ascendant,1:47 PM
L2Qfrdq7AHbjK3np,1,wipe,2:25,145,60670,Grim Batol,Grim Batol,,,2:29 AM
L2Qfrdq7AHbjK3np,2,wipe,1:52,112,60670,Grim Batol,Grim Batol,,,2:31 AM
L2Qfrdq7AHbjK3np,3,wipe,1:46,106,60670,Grim Batol,Grim Batol,,,2:33 AM
L2Qfrdq7AHbjK3np,4,wipe,14:28,868,60670,Grim Batol,Grim Batol,,,2:35 AM
L2Qfrdq7AHbjK3np,1,wipe,2:25,145,60670,Grim Batol,Grim Batol,,,2:29 AM
L2Qfrdq7AHbjK3np,2,wipe,1:52,112,60670,Grim Batol,Grim Batol,,,2:31 AM
L2Qfrdq7AHbjK3np,3,wipe,1:46,106,60670,Grim Batol,Grim Batol,,,2:33 AM
L2Qfrdq7AHbjK3np,4,wipe,14:28,868,60670,Grim Batol,Grim Batol,,,2:35 AM
L2Qfrdq7AHbjK3np,19,kill,25:03,1503,62286,The Necrotic Wake,The Necrotic Wake,,,4:13 AM
L2Qfrdq7AHbjK3np,5,wipe,0:00,0,62286,The Necrotic Wake,The Necrotic Wake,,,2:50 AM
L2Qfrdq7AHbjK3np,,kill,40:30,2430,61822,Siege of Boralus,Siege of Boralus,10,Xal'atath's Bargain: Ascendant,4:43 AM
mhGMrj4YqRngJkyW,,kill,38:43,2323,60670,Grim Batol,Grim Batol,10,Xal'atath's Bargain: Ascendant,11:37 AM
ZRWDfLvJwKz8cy2A,,kill,45:24,2724,12662,Hallowfall,Hallowfall,4,Xal'atath's Bargain: Ascendant,10:12 PM
ZRWDfLvJwKz8cy2A,,wipe,31:17,1877,61822,Siege of Boralus,Siege of Boralus,4,Xal'atath's Bargain: Ascendant,11:05 PM
ZRWDfLvJwKz8cy2A,,kill,28:42,1722,60670,Grim Batol,Grim Batol,2,Xal'atath's Bargain: Ascendant,1:05 AM
46ZwKp2FMbk81Rmn,2,kill,51:06,3066,60670,Grim Batol,Grim Batol,,,7:30 PM
46ZwKp2FMbk81Rmn,3,wipe,0:00,0,60670,Grim Batol,Grim Batol,,,8:21 PM
hPyr24WTFab8tK6J,,wipe,13:40,820,60670,Grim Batol,Grim Batol,10,Xal'atath's Bargain: Ascendant,7:58 PM
CVdraXBhRpTFNxbn,2,wipe,1:05,65,60670,Grim Batol,Grim Batol,,,3:53 AM
CVdraXBhRpTFNxbn,3,wipe,18:19,1099,60670,Grim Batol,Grim Batol,,,3:54 AM
CVdraXBhRpTFNxbn,4,wipe,16:13,973,60670,Grim Batol,Grim Batol,,,4:12 AM
CVdraXBhRpTFNxbn,5,wipe,8:39,519,60670,Grim Batol,Grim Batol,,,4:28 AM
CVdraXBhRpTFNxbn,2,wipe,1:05,65,60670,Grim Batol,Grim Batol,,,3:53 AM
CVdraXBhRpTFNxbn,3,wipe,18:19,1099,60670,Grim Batol,Grim Batol,,,3:54 AM
CVdraXBhRpTFNxbn,4,wipe,16:13,973,60670,Grim Batol,Grim Batol,,,4:12 AM
CVdraXBhRpTFNxbn,5,wipe,8:39,519,60670,Grim Batol,Grim Batol,,,4:28 AM
NVCGAcqHFpxLrQZ4,2,wipe,1:05,65,60670,Grim Batol,Grim Batol,,,3:53 AM
NVCGAcqHFpxLrQZ4,3,wipe,18:19,1099,60670,Grim Batol,Grim Batol,,,3:54 AM
NVCGAcqHFpxLrQZ4,4,wipe,16:13,973,60670,Grim Batol,Grim Batol,,,4:12 AM
NVCGAcqHFpxLrQZ4,2,wipe,1:05,65,60670,Grim Batol,Grim Batol,,,3:53 AM
NVCGAcqHFpxLrQZ4,3,wipe,18:19,1099,60670,Grim Batol,Grim Batol,,,3:54 AM
NVCGAcqHFpxLrQZ4,4,wipe,16:13,973,60670,Grim Batol,Grim Batol,,,4:12 AM
4hN9pPFwyjLtXfb2,,wipe,0:00,0,60670,Grim Batol,Grim Batol,5,Xal'atath's Bargain: Ascendant,2:36 AM
ZLVGAJnfNjhCHcY1,,wipe,9:39,579,60670,Grim Batol,Grim Batol,15,Fortified,2:45 AM
1xBYA4Pq9gTrtvjK,,kill,46:53,2813,60670,Grim Batol,Grim Batol,5,Xal'atath's Bargain: Ascendant,11:21 PM
aJVNdBQ2cCkHKtyj,1,kill,39:04,2344,60670,Grim Batol,Grim Batol,,,7:15 PM
aJVNdBQ2cCkHKtyj,2,wipe,0:00,0,60670,Grim Batol,Grim Batol,,,7:54 PM
TZ1pBknNytj96aPd,,kill,47:29,2849,60670,Grim Batol,Grim Batol,5,Xal'atath's Bargain: Voidbound,7:38 PM
QhT4Wr6N1nMjaVYZ,,kill,33:49,2029,60670,Grim Batol,Grim Batol,3,Xal'atath's Bargain: Voidbound,12:15 PM
dmXR3rvLpN1cAV4C,1,wipe,17:17,1037,60670,Grim Batol,Grim Batol,,,7:49 AM
dmXR3rvLpN1cAV4C,2,wipe,30:12,1812,60670,Grim Batol,Grim Batol,,,8:06 AM
dmXR3rvLpN1cAV4C,3,wipe,18:54,1134,60670,Grim Batol,Grim Batol,,,8:36 AM
dmXR3rvLpN1cAV4C,4,wipe,5:56,356,60670,Grim Batol,Grim Batol,,,8:55 AM
dmXR3rvLpN1cAV4C,1,wipe,17:17,1037,60670,Grim Batol,Grim Batol,,,7:49 AM
dmXR3rvLpN1cAV4C,2,wipe,30:12,1812,60670,Grim Batol,Grim Batol,,,8:06 AM
dmXR3rvLpN1cAV4C,3,wipe,18:54,1134,60670,Grim Batol,Grim Batol,,,8:36 AM
dmXR3rvLpN1cAV4C,4,wipe,5:56,356,60670,Grim Batol,Grim Batol,,,8:55 AM
3AQbvYaqDh2PJNc4,2,kill,44:02,2642,60670,Grim Batol,Grim Batol,,,6:12 AM
3AQbvYaqDh2PJNc4,1,wipe,0:09,9,60670,Grim Batol,Grim Batol,,,6:11 AM
JKH8gC3GR6pzZMr4,,wipe,27:18,1638,60670,Grim Batol,Grim Batol,3,Xal'atath's Bargain: Frenzied,4:09 AM
JKH8gC3GR6pzZMr4,,wipe,8:57,537,12662,Hallowfall,Hallowfall,2,Tyrannical,5:09 AM
ywJLNtXmQ4fxMdqz,,kill,40:18,2418,60670,Grim Batol,Grim Batol,5,Xal'atath's Bargain: Ascendant,5:14 AM
htjcBgrRznGa4KmN,,wipe,37:30,2250,60670,Grim Batol,Grim Batol,4,Fortified,10:21 PM
dvmgApFth1q4LXVk,2,wipe,7:12,432,60670,Grim Batol,Grim Batol,,,1:07 PM
dvmgApFth1q4LXVk,3,wipe,4:17,257,60670,Grim Batol,Grim Batol,,,1:14 PM
dvmgApFth1q4LXVk,4,wipe,2:42,162,60670,Grim Batol,Grim Batol,,,1:19 PM
dvmgApFth1q4LXVk,2,wipe,7:12,432,60670,Grim Batol,Grim Batol,,,1:07 PM
dvmgApFth1q4LXVk,3,wipe,4:17,257,60670,Grim Batol,Grim Batol,,,1:14 PM
dvmgApFth1q4LXVk,4,wipe,2:42,162,60670,Grim Batol,Grim Batol,,,1:19 PM
tvTGRcAX3mBbfMZY,2,wipe,10:02,602,60670,Grim Batol,Grim Batol,,,4:36 AM
tvTGRcAX3mBbfMZY,3,wipe,10:12,612,60670,Grim Batol,Grim Batol,,,4:46 AM
tvTGRcAX3mBbfMZY,4,wipe,21:40,1300,60670,Grim Batol,Grim Batol,,,4:57 AM
tvTGRcAX3mBbfMZY,2,wipe,10:02,602,60670,Grim Batol,Grim Batol,,,4:36 AM
tvTGRcAX3mBbfMZY,3,wipe,10:12,612,60670,Grim Batol,Grim Batol,,,4:46 AM
tvTGRcAX3mBbfMZY,4,wipe,21:40,1300,60670,Grim Batol,Grim Batol,,,4:57 AM
QN6zZCB2qbkTHhL9,2,wipe,10:02,602,60670,Grim Batol,Grim Batol,,,4:36 AM
QN6zZCB2qbkTHhL9,3,wipe,5:55,355,60670,Grim Batol,Grim Batol,,,4:46 AM
QN6zZCB2qbkTHhL9,2,wipe,10:02,602,60670,Grim Batol,Grim Batol,,,4:36 AM
QN6zZCB2qbkTHhL9,3,wipe,5:55,355,60670,Grim Batol,Grim Batol,,,4:46 AM
MvBXDq6TNpH8fYVh,,kill,32:34,1954,60670,Grim Batol,Grim Batol,3,Xal'atath's Bargain: Voidbound,8:55 PM
3kgBpbWj7dAma6cw,,kill,35:42,2142,60670,Grim Batol,Grim Batol,3,Xal'atath's Bargain: Voidbound,8:11 PM
pMTJcQv9LYGVj3Ck,,wipe,20:14,1214,62290,Mists of Tirna Scithe,Mists of Tirna Scithe,3,Xal'atath's Bargain: Ascendant,9:13 AM
pMTJcQv9LYGVj3Ck,,wipe,32:28,1948,61822,Siege of Boralus,Siege of Boralus,3,Xal'atath's Bargain: Ascendant,10:26 AM
pMTJcQv9LYGVj3Ck,,kill,40:47,2447,60670,Grim Batol,Grim Batol,3,Xal'atath's Bargain: Ascendant,11:32 AM
8hvQ1ZkTwdK43rAV,,wipe,8:34,514,60670,Grim Batol,Grim Batol,2,Xal'atath's Bargain: Ascendant,1:48 PM
K3LnGqbCH2A71xmc,,kill,31:01,1861,60670,Grim Batol,Grim Batol,10,Xal'atath's Bargain: Ascendant,10:10 AM
TJ6Q1czyLBfhXmCZ,5,wipe,19:30,1170,60670,Grim Batol,Grim Batol,,,4:43 AM
TJ6Q1czyLBfhXmCZ,6,wipe,8:01,481,60670,Grim Batol,Grim Batol,,,5:04 AM
TJ6Q1czyLBfhXmCZ,7,wipe,6:41,401,60670,Grim Batol,Grim Batol,,,5:12 AM
TJ6Q1czyLBfhXmCZ,5,wipe,19:30,1170,60670,Grim Batol,Grim Batol,,,4:43 AM
TJ6Q1czyLBfhXmCZ,6,wipe,8:01,481,60670,Grim Batol,Grim Batol,,,5:04 AM
TJ6Q1czyLBfhXmCZ,7,wipe,6:41,401,60670,Grim Batol,Grim Batol,,,5:12 AM
jvBnD9RtGapwYkdc,,kill,42:28,2548,60670,Grim Batol,Grim Batol,10,Xal'atath's Bargain: Ascendant,5:23 PM
HwTAxBYFkNWbphCK,,kill,37:13,2233,60670,Grim Batol,Grim Batol,10,Xal'atath's Bargain: Ascendant,3:16 PM
rzjh68pxHY3VKLGw,,wipe,4:22,262,60670,Grim Batol,Grim Batol,10,Xal'atath's Bargain: Ascendant,3:47 PM
6byw2kKj1vVRxgfL,,kill,36:26,2186,60670,Grim Batol,Grim Batol,10,Xal'atath's Bargain: Ascendant,5:43 PM
4qphPt2KgrT3acNA,,kill,28:59,1739,60670,Grim Batol,Grim Batol,3,Xal'atath's Bargain: Voidbound,10:12 PM
ybKk4PaAwVz91jgd,3,wipe,3:20,200,60670,Grim Batol,Grim Batol,,,8:31 PM
ybKk4PaAwVz91jgd,4,wipe,2:47,167,60670,Grim Batol,Grim Batol,,,8:34 PM
ybKk4PaAwVz91jgd,3,wipe,3:20,200,60670,Grim Batol,Grim Batol,,,8:31 PM
ybKk4PaAwVz91jgd,4,wipe,2:47,167,60670,Grim Batol,Grim Batol,,,8:34 PM
x3gAVnN2q9vpBCzJ,,wipe,30:47,1847,61822,Siege of Boralus,Siege of Boralus,3,Xal'atath's Bargain: Frenzied,5:30 PM
x3gAVnN2q9vpBCzJ,,kill,15:59,959,60670,Grim Batol,Grim Batol,2,Xal'atath's Bargain: Frenzied,6:01 PM
yVFPcYMWmx8CtdQb,,kill,27:30,1650,60670,Grim Batol,Grim Batol,12,Tyrannical,3:26 PM
yVFPcYMWmx8CtdQb,,kill,27:16,1636,61822,Siege of Boralus,Siege of Boralus,13,Tyrannical,4:01 PM
yVFPcYMWmx8CtdQb,,kill,25:52,1552,62290,Mists of Tirna Scithe,Mists of Tirna Scithe,15,Fortified,5:14 PM
YH2qJ6zBX3WRNZhc,1,wipe,2:55,175,60670,Grim Batol,Grim Batol,,,11:27 PM
YH2qJ6zBX3WRNZhc,2,wipe,2:35,155,60670,Grim Batol,Grim Batol,,,11:30 PM
YH2qJ6zBX3WRNZhc,3,wipe,2:52,172,60670,Grim Batol,Grim Batol,,,11:32 PM
YH2qJ6zBX3WRNZhc,4,wipe,1:45,105,60670,Grim Batol,Grim Batol,,,11:35 PM
YH2qJ6zBX3WRNZhc,1,wipe,2:55,175,60670,Grim Batol,Grim Batol,,,11:27 PM
YH2qJ6zBX3WRNZhc,2,wipe,2:35,155,60670,Grim Batol,Grim Batol,,,11:30 PM
YH2qJ6zBX3WRNZhc,3,wipe,2:52,172,60670,Grim Batol,Grim Batol,,,11:32 PM
YH2qJ6zBX3WRNZhc,4,wipe,1:45,105,60670,Grim Batol,Grim Batol,,,11:35 PM
PrNFWyz8k9JRTchK,1,wipe,2:48,168,60670,Grim Batol,Grim Batol,,,11:19 PM
PrNFWyz8k9JRTchK,2,wipe,1:52,112,60670,Grim Batol,Grim Batol,,,11:22 PM
PrNFWyz8k9JRTchK,1,wipe,2:48,168,60670,Grim Batol,Grim Batol,,,11:19 PM
PrNFWyz8k9JRTchK,2,wipe,1:52,112,60670,Grim Batol,Grim Batol,,,11:22 PM
QxNVk8tB2zvnPC4J,2,wipe,1:55,115,60670,Grim Batol,Grim Batol,,,10:53 PM
QxNVk8tB2zvnPC4J,3,wipe,3:06,186,60670,Grim Batol,Grim Batol,,,10:55 PM
QxNVk8tB2zvnPC4J,4,wipe,4:12,252,60670,Grim Batol,Grim Batol,,,10:58 PM
QxNVk8tB2zvnPC4J,2,wipe,1:55,115,60670,Grim Batol,Grim Batol,,,10:53 PM
QxNVk8tB2zvnPC4J,3,wipe,3:06,186,60670,Grim Batol,Grim Batol,,,10:55 PM
QxNVk8tB2zvnPC4J,4,wipe,4:12,252,60670,Grim Batol,Grim Batol,,,10:58 PM
rtkVv3FwHhTMyCL6,,kill,32:17,1937,60670,Grim Batol,Grim Batol,7,Xal'atath's Bargain: Ascendant,3:09 AM
rtkVv3FwHhTMyCL6,,wipe,17:50,1070,62290,Mists of Tirna Scithe,Mists of Tirna Scithe,12,Fortified,3:52 AM
tjQfnkz4CZv6rFVH,,wipe,29:06,1746,60670,Grim Batol,Grim Batol,7,Xal'atath's Bargain: Ascendant,1:59 AM
kpc6BZJPDadt9M2X,1,kill,27:00,1620,60670,Grim Batol,Grim Batol,,,2:18 PM
kpc6BZJPDadt9M2X,2,wipe,0:15,15,60670,Grim Batol,Grim Batol,,,2:45 PM
wrPCDTcK9AXGyHhp,,kill,26:32,1592,60670,Grim Batol,Grim Batol,10,Xal'atath's Bargain: Frenzied,8:54 AM
wrPCDTcK9AXGyHhp,,wipe,0:00,0,12652,The Stonevault,The Stonevault,10,Xal'atath's Bargain: Frenzied,9:37 AM
KLT7JBjZp1dytDC6,2,kill,42:35,2555,61822,Siege of Boralus,Siege of Boralus,,,11:48 PM
KLT7JBjZp1dytDC6,1,wipe,0:00,0,61822,Siege of Boralus,Siege of Boralus,,,11:47 PM
KLT7JBjZp1dytDC6,5,kill,1:16:11,4571,60670,Grim Batol,Grim Batol,,,12:35 AM
KLT7JBjZp1dytDC6,4,wipe,0:00,0,60670,Grim Batol,Grim Batol,,,12:34 AM
KLT7JBjZp1dytDC6,6,wipe,1:26,86,60670,Grim Batol,Grim Batol,,,1:53 AM
KLT7JBjZp1dytDC6,4,wipe,0:00,0,60670,Grim Batol,Grim Batol,,,12:34 AM
KLT7JBjZp1dytDC6,6,wipe,1:26,86,60670,Grim Batol,Grim Batol,,,1:53 AM
RJGgjQ6VktazY2b3,1,wipe,2:19,139,60670,Grim Batol,Grim Batol,,,10:07 AM
RJGgjQ6VktazY2b3,2,wipe,4:51,291,60670,Grim Batol,Grim Batol,,,10:09 AM
RJGgjQ6VktazY2b3,3,wipe,1:58,118,60670,Grim Batol,Grim Batol,,,10:14 AM
RJGgjQ6VktazY2b3,1,wipe,2:19,139,60670,Grim Batol,Grim Batol,,,10:07 AM
RJGgjQ6VktazY2b3,2,wipe,4:51,291,60670,Grim Batol,Grim Batol,,,10:09 AM
RJGgjQ6VktazY2b3,3,wipe,1:58,118,60670,Grim Batol,Grim Batol,,,10:14 AM
qvZJXg26xkAmCDzF,,wipe,2:02,122,60670,Grim Batol,Grim Batol,7,Xal'atath's Bargain: Frenzied,9:58 AM
4GC3kDJFNaX2Tydq,1,wipe,3:19,199,60670,Grim Batol,Grim Batol,,,9:38 AM
4GC3kDJFNaX2Tydq,2,wipe,3:06,186,60670,Grim Batol,Grim Batol,,,9:41 AM
4GC3kDJFNaX2Tydq,3,wipe,2:30,150,60670,Grim Batol,Grim Batol,,,9:44 AM
4GC3kDJFNaX2Tydq,4,wipe,2:24,144,60670,Grim Batol,Grim Batol,,,9:46 AM
4GC3kDJFNaX2Tydq,5,wipe,1:56,116,60670,Grim Batol,Grim Batol,,,9:49 AM
4GC3kDJFNaX2Tydq,1,wipe,3:19,199,60670,Grim Batol,Grim Batol,,,9:38 AM
4GC3kDJFNaX2Tydq,2,wipe,3:06,186,60670,Grim Batol,Grim Batol,,,9:41 AM
4GC3kDJFNaX2Tydq,3,wipe,2:30,150,60670,Grim Batol,Grim Batol,,,9:44 AM
4GC3kDJFNaX2Tydq,4,wipe,2:24,144,60670,Grim Batol,Grim Batol,,,9:46 AM
4GC3kDJFNaX2Tydq,5,wipe,1:56,116,60670,Grim Batol,Grim Batol,,,9:49 AM
HGf4ynxj1tWXQCDJ,,kill,30:14,1814,60670,Grim Batol,Grim Batol,3,Xal'atath's Bargain: Frenzied,5:02 AM
zyxj64DmMFhGZfkn,,wipe,3:01,181,60670,Grim Batol,Grim Batol,3,Xal'atath's Bargain: Frenzied,4:39 AM
3NjTCDXtkKwcRzMB,,wipe,25:57,1557,62286,The Necrotic Wake,The Necrotic Wake,3,Xal'atath's Bargain: Ascendant,3:39 AM
3NjTCDXtkKwcRzMB,,kill,25:12,1512,60670,Grim Batol,Grim Batol,3,Xal'atath's Bargain: Ascendant,4:05 AM
NhB1fFzqjLt6m9rJ,,wipe,28:17,1697,60670,Grim Batol,Grim Batol,2,Xal'atath's Bargain: Ascendant,4:29 AM
MBXpZ6DRb2jwWTFG,,wipe,14:45,885,60670,Grim Batol,Grim Batol,3,Xal'atath's Bargain: Ascendant,12:20 AM
KmBfhZ4DL1qwPb3d,,kill,15:34,934,60670,Grim Batol,Grim Batol,10,Xal'atath's Bargain: Frenzied,3:31 PM
aH8nh92LGrjRxyNM,,kill,37:13,2233,60670,Grim Batol,Grim Batol,10,Xal'atath's Bargain: Frenzied,2:44 PM
q2bvB3hMzgnmYCyR,1,kill,35:30,2130,60670,Grim Batol,Grim Batol,,,6:57 PM
q2bvB3hMzgnmYCyR,2,wipe,0:45,45,60670,Grim Batol,Grim Batol,,,7:40 PM
7qVhAdQJxybmg16H,,kill,31:20,1880,62290,Mists of Tirna Scithe,Mists of Tirna Scithe,6,Xal'atath's Bargain: Frenzied,4:11 PM
7qVhAdQJxybmg16H,,wipe,4:59,299,12652,The Stonevault,The Stonevault,10,Xal'atath's Bargain: Frenzied,4:48 PM
7qVhAdQJxybmg16H,12,kill,35:30,2130,60670,Grim Batol,Grim Batol,,,6:57 PM
7qVhAdQJxybmg16H,13,wipe,3:10,190,60670,Grim Batol,Grim Batol,,,7:40 PM
7qVhAdQJxybmg16H,14,wipe,5:57,357,60670,Grim Batol,Grim Batol,,,7:43 PM
7qVhAdQJxybmg16H,15,wipe,4:30,270,60670,Grim Batol,Grim Batol,,,7:49 PM
7qVhAdQJxybmg16H,13,wipe,3:10,190,60670,Grim Batol,Grim Batol,,,7:40 PM
7qVhAdQJxybmg16H,14,wipe,5:57,357,60670,Grim Batol,Grim Batol,,,7:43 PM
7qVhAdQJxybmg16H,15,wipe,4:30,270,60670,Grim Batol,Grim Batol,,,7:49 PM
QkHLY3bPRFfmWgnV,1,kill,32:48,1968,60670,Grim Batol,Grim Batol,,,3:20 PM
QkHLY3bPRFfmWgnV,2,wipe,0:15,15,60670,Grim Batol,Grim Batol,,,3:55 PM
x6gZXMDNVLz4Rd3y,,wipe,1:14:47,4487,60670,Grim Batol,Grim Batol,10,Xal'atath's Bargain: Frenzied,2:09 PM
xpPH3ty71F6n8WJf,,kill,37:28,2248,60670,Grim Batol,Grim Batol,4,Fortified,5:35 PM
xpPH3ty71F6n8WJf,,kill,30:39,1839,62290,Mists of Tirna Scithe,Mists of Tirna Scithe,10,Xal'atath's Bargain: Ascendant,6:30 PM
Kb9rVBAFz3T2dxNW,,wipe,21:30,1290,12662,Hallowfall,Hallowfall,3,Xal'atath's Bargain: Ascendant,2:26 PM
Kb9rVBAFz3T2dxNW,6,kill,39:38,2378,60670,Grim Batol,Grim Batol,,,2:47 PM
Kb9rVBAFz3T2dxNW,7,wipe,0:53,53,60670,Grim Batol,Grim Batol,,,3:28 PM
JTkK6Lry84txMV79,4,kill,31:58,1918,62290,Mists of Tirna Scithe,Mists of Tirna Scithe,,,1:15 PM
JTkK6Lry84txMV79,1,wipe,24:37,1477,62290,Mists of Tirna Scithe,Mists of Tirna Scithe,,,12:26 PM
JTkK6Lry84txMV79,2,wipe,14:55,895,62290,Mists of Tirna Scithe,Mists of Tirna Scithe,,,12:50 PM
JTkK6Lry84txMV79,3,wipe,9:24,564,62290,Mists of Tirna Scithe,Mists of Tirna Scithe,,,1:05 PM
JTkK6Lry84txMV79,1,wipe,24:37,1477,62290,Mists of Tirna Scithe,Mists of Tirna Scithe,,,12:26 PM
JTkK6Lry84txMV79,2,wipe,14:55,895,62290,Mists of Tirna Scithe,Mists of Tirna Scithe,,,12:50 PM
JTkK6Lry84txMV79,3,wipe,9:24,564,62290,Mists of Tirna Scithe,Mists of Tirna Scithe,,,1:05 PM
JTkK6Lry84txMV79,5,wipe,4:25,265,62286,The Necrotic Wake,The Necrotic Wake,,,2:01 PM
JTkK6Lry84txMV79,6,wipe,25:22,1522,62286,The Necrotic Wake,The Necrotic Wake,,,2:05 PM
JTkK6Lry84txMV79,7,wipe,18:38,1118,62286,The Necrotic Wake,The Necrotic Wake,,,2:33 PM
JTkK6Lry84txMV79,8,wipe,27:26,1646,62286,The Necrotic Wake,The Necrotic Wake,,,2:51 PM
JTkK6Lry84txMV79,5,wipe,4:25,265,62286,The Necrotic Wake,The Necrotic Wake,,,2:01 PM
JTkK6Lry84txMV79,6,wipe,25:22,1522,62286,The Necrotic Wake,The Necrotic Wake,,,2:05 PM
JTkK6Lry84txMV79,7,wipe,18:38,1118,62286,The Necrotic Wake,The Necrotic Wake,,,2:33 PM
JTkK6Lry84txMV79,8,wipe,27:26,1646,62286,The Necrotic Wake,The Necrotic Wake,,,2:51 PM
JTkK6Lry84txMV79,10,kill,1:20:13,4813,60670,Grim Batol,Grim Batol,,,4:10 PM
JTkK6Lry84txMV79,12,kill,1:20:43,4843,60670,Grim Batol,Grim Batol,,,5:52 PM
JTkK6Lry84txMV79,9,wipe,11:17,677,60670,Grim Batol,Grim Batol,,,3:58 PM
JTkK6Lry84txMV79,11,wipe,0:53,53,60670,Grim Batol,Grim Batol,,,5:31 PM
JTkK6Lry84txMV79,9,wipe,11:17,677,60670,Grim Batol,Grim Batol,,,3:58 PM
JTkK6Lry84txMV79,11,wipe,0:53,53,60670,Grim Batol,Grim Batol,,,5:31 PM
N7dT6GwAxckWjBKZ,,wipe,20:14,1214,62290,Mists of Tirna Scithe,Mists of Tirna Scithe,3,Xal'atath's Bargain: Ascendant,9:13 AM
N7dT6GwAxckWjBKZ,,wipe,32:28,1948,61822,Siege of Boralus,Siege of Boralus,3,Xal'atath's Bargain: Ascendant,10:26 AM
N7dT6GwAxckWjBKZ,,kill,40:47,2447,60670,Grim Batol,Grim Batol,3,Xal'atath's Bargain: Ascendant,11:32 AM
KaHtZXg8zpmr9dkb,,kill,39:30,2370,60670,Grim Batol,Grim Batol,5,Xal'atath's Bargain: Ascendant,8:10 AM
Ca2MQh9HyPX1nqdB,,wipe,15:53,953,60670,Grim Batol,Grim Batol,3,Xal'atath's Bargain: Ascendant,7:24 AM
NH8j2fZYJWPnByLT,17,kill,1:06:07,3967,60670,Grim Batol,Grim Batol,,,11:40 PM
NH8j2fZYJWPnByLT,21,wipe,0:26,26,60670,Grim Batol,Grim Batol,,,12:51 AM
NH8j2fZYJWPnByLT,,kill,42:53,2573,62290,Mists of Tirna Scithe,Mists of Tirna Scithe,10,Xal'atath's Bargain: Ascendant,1:32 AM
mgWMGDh9NxaV8Q4d,1,kill,34:31,2071,60670,Grim Batol,Grim Batol,,,11:11 PM
mgWMGDh9NxaV8Q4d,3,wipe,0:33,33,60670,Grim Batol,Grim Batol,,,11:47 PM
z8px1tdCFgKfAwyD,8,kill,28:01,1681,62290,Mists of Tirna Scithe,Mists of Tirna Scithe,,,8:35 PM
z8px1tdCFgKfAwyD,1,wipe,2:42,162,62290,Mists of Tirna Scithe,Mists of Tirna Scithe,,,6:24 PM
z8px1tdCFgKfAwyD,2,wipe,17:10,1030,62290,Mists of Tirna Scithe,Mists of Tirna Scithe,,,6:27 PM
z8px1tdCFgKfAwyD,1,wipe,2:42,162,62290,Mists of Tirna Scithe,Mists of Tirna Scithe,,,6:24 PM
z8px1tdCFgKfAwyD,2,wipe,17:10,1030,62290,Mists of Tirna Scithe,Mists of Tirna Scithe,,,6:27 PM
z8px1tdCFgKfAwyD,,wipe,23:06,1386,12652,The Stonevault,The Stonevault,9,Fortified,6:44 PM
z8px1tdCFgKfAwyD,4,kill,1:01:13,3673,60670,Grim Batol,Grim Batol,,,7:07 PM
z8px1tdCFgKfAwyD,6,wipe,1:40,100,60670,Grim Batol,Grim Batol,,,8:09 PM
z8px1tdCFgKfAwyD,,wipe,17:45,1065,62286,The Necrotic Wake,The Necrotic Wake,11,Xal'atath's Bargain: Ascendant,8:17 PM
kA91jm4g67fPGMtz,1,wipe,20:22,1222,62286,The Necrotic Wake,The Necrotic Wake,,,5:50 AM
kA91jm4g67fPGMtz,2,wipe,47:24,2844,62286,The Necrotic Wake,The Necrotic Wake,,,6:10 AM
kA91jm4g67fPGMtz,1,wipe,20:22,1222,62286,The Necrotic Wake,The Necrotic Wake,,,5:50 AM
kA91jm4g67fPGMtz,2,wipe,47:24,2844,62286,The Necrotic Wake,The Necrotic Wake,,,6:10 AM
kA91jm4g67fPGMtz,,wipe,54:10,3250,62290,Mists of Tirna Scithe,Mists of Tirna Scithe,3,Xal'atath's Bargain: Frenzied,6:58 AM
kA91jm4g67fPGMtz,,kill,44:49,2689,60670,Grim Batol,Grim Batol,3,Xal'atath's Bargain: Frenzied,7:52 AM
TRa2PftQCYNwHKAy,1,kill,25:59,1559,60670,Grim Batol,Grim Batol,,,9:59 PM
TRa2PftQCYNwHKAy,3,wipe,0:20,20,60670,Grim Batol,Grim Batol,,,10:27 PM
TRa2PftQCYNwHKAy,,kill,28:41,1721,61822,Siege of Boralus,Siege of Boralus,5,Fortified,10:49 PM
aTHmfFGYZ8AwVp4j,1,kill,29:17,1757,60670,Grim Batol,Grim Batol,,,12:42 AM
aTHmfFGYZ8AwVp4j,4,wipe,0:18,18,60670,Grim Batol,Grim Batol,,,1:14 AM
aTHmfFGYZ8AwVp4j,,kill,25:14,1514,62290,Mists of Tirna Scithe,Mists of Tirna Scithe,5,Fortified,1:24 AM
Hzx3tfBJvWPNgqRC,,wipe,13:45,825,60670,Grim Batol,Grim Batol,4,Xal'atath's Bargain: Frenzied,2:15 AM
LFmNw7gJ398bta1c,,kill,31:26,1886,60670,Grim Batol,Grim Batol,4,Xal'atath's Bargain: Frenzied,12:06 AM
6Y1dCKqmNwzp93nX,,wipe,28:21,1701,60670,Grim Batol,Grim Batol,10,Xal'atath's Bargain: Frenzied,10:25 PM
gVTYCBWnGJHK3hwX,,kill,47:50,2870,61822,Siege of Boralus,Siege of Boralus,7,Xal'atath's Bargain: Frenzied,11:57 PM
gVTYCBWnGJHK3hwX,2,kill,59:27,3567,60670,Grim Batol,Grim Batol,,,12:50 AM
gVTYCBWnGJHK3hwX,4,wipe,1:25,85,60670,Grim Batol,Grim Batol,,,1:51 AM
QcN9n2mVG4B1hZxH,1,kill,33:48,2028,60670,Grim Batol,Grim Batol,,,5:07 AM
QcN9n2mVG4B1hZxH,2,wipe,0:30,30,60670,Grim Batol,Grim Batol,,,5:43 AM
QcN9n2mVG4B1hZxH,,kill,32:16,1936,12662,Hallowfall,Hallowfall,2,Fortified,5:50 AM
RrdFhzP8GBCfkMmv,1,kill,32:50,1970,60670,Grim Batol,Grim Batol,,,12:58 AM
RrdFhzP8GBCfkMmv,4,wipe,0:22,22,60670,Grim Batol,Grim Batol,,,1:33 AM
p6PDVtqTmr1M4AvX,,wipe,13:59,839,12652,The Stonevault,The Stonevault,3,Fortified,4:23 AM
p6PDVtqTmr1M4AvX,,wipe,18:33,1113,60670,Grim Batol,Grim Batol,4,Fortified,4:37 AM
p6PDVtqTmr1M4AvX,,wipe,18:12,1092,62286,The Necrotic Wake,The Necrotic Wake,2,Fortified,5:48 AM
p6PDVtqTmr1M4AvX,,kill,16:25,985,62290,Mists of Tirna Scithe,Mists of Tirna Scithe,4,Fortified,6:06 AM
HpPhdmFKAavW6wGj,,kill,33:36,2016,12652,The Stonevault,The Stonevault,4,Xal'atath's Bargain: Frenzied,10:09 PM
HpPhdmFKAavW6wGj,,kill,43:12,2592,60670,Grim Batol,Grim Batol,2,Xal'atath's Bargain: Frenzied,10:55 PM
W9BmwHh78xrMNdnP,,wipe,18:15,1095,62286,The Necrotic Wake,The Necrotic Wake,4,Xal'atath's Bargain: Ascendant,8:28 AM
W9BmwHh78xrMNdnP,2,kill,36:12,2172,60670,Grim Batol,Grim Batol,,,8:46 AM
W9BmwHh78xrMNdnP,3,wipe,0:19,19,60670,Grim Batol,Grim Batol,,,9:24 AM
kPCKaF9GdLwHMJtT,,kill,26:08,1568,60670,Grim Batol,Grim Batol,3,Xal'atath's Bargain: Ascendant,5:46 AM
VDtmYR4pkCGXbyaQ,,wipe,18:48,1128,12652,The Stonevault,The Stonevault,10,Xal'atath's Bargain: Ascendant,10:08 PM
VDtmYR4pkCGXbyaQ,,wipe,52:52,3172,60670,Grim Batol,Grim Batol,10,Xal'atath's Bargain: Ascendant,10:27 PM
VDtmYR4pkCGXbyaQ,,kill,29:47,1787,62290,Mists of Tirna Scithe,Mists of Tirna Scithe,7,Xal'atath's Bargain: Ascendant,5:14 AM
1MGxgQcN9fyKvwTJ,,wipe,21:54,1314,12652,The Stonevault,The Stonevault,7,Xal'atath's Bargain: Ascendant,5:47 PM
1MGxgQcN9fyKvwTJ,,kill,44:22,2662,60670,Grim Batol,Grim Batol,3,Xal'atath's Bargain: Ascendant,6:09 PM
1MGxgQcN9fyKvwTJ,,kill,21:38,1298,62286,The Necrotic Wake,The Necrotic Wake,7,Xal'atath's Bargain: Ascendant,8:18 PM
3j8cvhLwpKHWJQ62,,wipe,21:54,1314,12652,The Stonevault,The Stonevault,7,Xal'atath's Bargain: Ascendant,5:47 PM
3j8cvhLwpKHWJQ62,,kill,44:22,2662,60670,Grim Batol,Grim Batol,3,Xal'atath's Bargain: Ascendant,6:09 PM
bV1L3TrGgvFQzmPy,,kill,49:22,2962,60670,Grim Batol,Grim Batol,3,Xal'atath's Bargain: Ascendant,2:05 PM
AMF1DqYCkcvBn3Kj,,wipe,13:42,822,60670,Grim Batol,Grim Batol,3,Xal'atath's Bargain: Ascendant,6:33 AM
1YRjwCybrWTcKqJ9,,kill,22:43,1363,60670,Grim Batol,Grim Batol,3,Xal'atath's Bargain: Ascendant,3:44 AM
1YRjwCybrWTcKqJ9,,wipe,24:20,1460,62286,The Necrotic Wake,The Necrotic Wake,4,Xal'atath's Bargain: Ascendant,4:16 AM
1YRjwCybrWTcKqJ9,,kill,19:10,1150,62290,Mists of Tirna Scithe,Mists of Tirna Scithe,6,Xal'atath's Bargain: Ascendant,4:41 AM
yxVX6jc9zmQB27ZW,1,kill,29:17,1757,60670,Grim Batol,Grim Batol,,,12:42 AM
yxVX6jc9zmQB27ZW,4,wipe,0:18,18,60670,Grim Batol,Grim Batol,,,1:14 AM
yxVX6jc9zmQB27ZW,,kill,25:14,1514,62290,Mists of Tirna Scithe,Mists of Tirna Scithe,5,Fortified,1:24 AM
Vk8rzZKp1MbR2HCx,1,kill,29:17,1757,60670,Grim Batol,Grim Batol,,,12:42 AM
Vk8rzZKp1MbR2HCx,4,wipe,0:18,18,60670,Grim Batol,Grim Batol,,,1:14 AM
KYDF6WxB94TabVGL,,kill,35:09,2109,60670,Grim Batol,Grim Batol,4,Tyrannical,7:21 PM
gkbmwGTaxNzjr6vK,,kill,27:14,1634,60670,Grim Batol,Grim Batol,3,Fortified,5:03 AM
9W2kNARtZhxTmjHn,,kill,28:24,1704,60670,Grim Batol,Grim Batol,7,Fortified,3:19 AM
LXJAmHtjWT1nx2M9,,wipe,3:40,220,60670,Grim Batol,Grim Batol,10,Fortified,6:08 PM
GBnd69rJFcygkRNL,,kill,37:26,2246,60670,Grim Batol,Grim Batol,10,Tyrannical,1:39 PM
GBnd69rJFcygkRNL,,kill,1:17:11,4631,12662,Hallowfall,Hallowfall,10,Tyrannical,2:27 PM
R31dmNqxAhMKF8yQ,2,kill,37:25,2245,60670,Grim Batol,Grim Batol,,,1:39 PM
R31dmNqxAhMKF8yQ,1,wipe,9:37,577,60670,Grim Batol,Grim Batol,,,12:50 PM
R31dmNqxAhMKF8yQ,,kill,1:17:11,4631,12662,Hallowfall,Hallowfall,10,Tyrannical,2:27 PM
JvH9h8NwnQjPK7CA,,kill,27:12,1632,60670,Grim Batol,Grim Batol,3,Fortified,3:24 AM
NVLyXAtGYwb7DqhK,,kill,25:41,1541,60670,Grim Batol,Grim Batol,4,Fortified,1:49 AM
BYZdTPhA7mL9wgja,,kill,23:06,1386,61822,Siege of Boralus,Siege of Boralus,8,Tyrannical,9:47 PM
BYZdTPhA7mL9wgja,,kill,23:47,1427,60670,Grim Batol,Grim Batol,8,Fortified,10:16 PM
jpGYMJ43TwKagcnX,,kill,21:54,1314,60670,Grim Batol,Grim Batol,6,Tyrannical,6:44 PM
jpGYMJ43TwKagcnX,,wipe,15:53,953,12662,Hallowfall,Hallowfall,6,Tyrannical,7:28 PM
4GwXL6xPfFWZRYQB,10,kill,23:43,1423,60670,Grim Batol,Grim Batol,,,8:14 PM
4GwXL6xPfFWZRYQB,9,wipe,26:59,1619,60670,Grim Batol,Grim Batol,,,7:47 PM
gN8GMkQ2bBdx6VHf,,kill,29:54,1794,60670,Grim Batol,Grim Batol,5,Fortified,4:00 PM
f6bC1qcQavXZprGA,1,wipe,5:34,334,60670,Grim Batol,Grim Batol,,,12:55 PM
f6bC1qcQavXZprGA,2,wipe,22:42,1362,60670,Grim Batol,Grim Batol,,,1:01 PM
f6bC1qcQavXZprGA,1,wipe,5:34,334,60670,Grim Batol,Grim Batol,,,12:55 PM
f6bC1qcQavXZprGA,2,wipe,22:42,1362,60670,Grim Batol,Grim Batol,,,1:01 PM
f6bC1qcQavXZprGA,,kill,33:48,2028,62290,Mists of Tirna Scithe,Mists of Tirna Scithe,7,Fortified,1:38 PM
qBJcPDGFynCrWYz6,1,wipe,6:45,405,60670,Grim Batol,Grim Batol,,,2:22 PM
qBJcPDGFynCrWYz6,2,wipe,6:00,360,60670,Grim Batol,Grim Batol,,,2:29 PM
qBJcPDGFynCrWYz6,3,wipe,7:30,450,60670,Grim Batol,Grim Batol,,,2:35 PM
qBJcPDGFynCrWYz6,4,wipe,2:52,172,60670,Grim Batol,Grim Batol,,,2:42 PM
qBJcPDGFynCrWYz6,1,wipe,6:45,405,60670,Grim Batol,Grim Batol,,,2:22 PM
qBJcPDGFynCrWYz6,2,wipe,6:00,360,60670,Grim Batol,Grim Batol,,,2:29 PM
qBJcPDGFynCrWYz6,3,wipe,7:30,450,60670,Grim Batol,Grim Batol,,,2:35 PM
qBJcPDGFynCrWYz6,4,wipe,2:52,172,60670,Grim Batol,Grim Batol,,,2:42 PM
DwBQYLbdm1GArygz,,kill,46:32,2792,60670,Grim Batol,Grim Batol,4,Fortified,12:27 PM
av6JV7mpLjMHrbdF,11,kill,24:04,1444,60670,Grim Batol,Grim Batol,,,12:51 AM
av6JV7mpLjMHrbdF,12,wipe,0:17,17,60670,Grim Batol,Grim Batol,,,1:16 AM
av6JV7mpLjMHrbdF,14,wipe,26:40,1600,12652,The Stonevault,The Stonevault,,,1:23 AM
av6JV7mpLjMHrbdF,15,wipe,38:47,2327,12652,The Stonevault,The Stonevault,,,1:49 AM
av6JV7mpLjMHrbdF,14,wipe,26:40,1600,12652,The Stonevault,The Stonevault,,,1:23 AM
av6JV7mpLjMHrbdF,15,wipe,38:47,2327,12652,The Stonevault,The Stonevault,,,1:49 AM
YAKTgvZGqdHmRJkB,,kill,27:17,1637,60670,Grim Batol,Grim Batol,4,Fortified,8:10 AM
4xkR1pqnAwKYg8PG,,kill,31:44,1904,60670,Grim Batol,Grim Batol,6,Fortified,6:19 AM
4xkR1pqnAwKYg8PG,3,kill,27:54,1674,12662,Hallowfall,Hallowfall,,,7:05 AM
4xkR1pqnAwKYg8PG,2,wipe,6:15,375,12662,Hallowfall,Hallowfall,,,6:58 AM
YVLwJbFzK4tTPNgj,2,kill,26:12,1572,60670,Grim Batol,Grim Batol,,,6:01 AM
YVLwJbFzK4tTPNgj,1,wipe,7:27,447,60670,Grim Batol,Grim Batol,,,5:54 AM
QMjtwV7np6m1x98J,,kill,30:54,1854,61822,Siege of Boralus,Siege of Boralus,2,Fortified,5:07 AM
QMjtwV7np6m1x98J,,wipe,0:59,59,60670,Grim Batol,Grim Batol,3,Fortified,5:48 AM
fZPA6VJ3GydKDvkQ,,kill,18:23,1103,62290,Mists of Tirna Scithe,Mists of Tirna Scithe,3,Fortified,3:27 AM
fZPA6VJ3GydKDvkQ,,kill,28:30,1710,60670,Grim Batol,Grim Batol,3,Fortified,4:06 AM
NZpA6x4Q8r7VDXWF,,wipe,1:56:57,7017,12652,The Stonevault,The Stonevault,5,Fortified,5:47 PM
NZpA6x4Q8r7VDXWF,,kill,25:58,1558,62290,Mists of Tirna Scithe,Mists of Tirna Scithe,6,Fortified,7:44 PM
NZpA6x4Q8r7VDXWF,,kill,27:21,1641,60670,Grim Batol,Grim Batol,5,Fortified,8:24 PM
NZpA6x4Q8r7VDXWF,,kill,19:48,1188,62286,The Necrotic Wake,The Necrotic Wake,5,Fortified,9:03 PM
hCwLkBvMqRdcPAJY,,kill,34:36,2076,60670,Grim Batol,Grim Batol,3,Fortified,9:53 PM
hCwLkBvMqRdcPAJY,,kill,36:55,2215,61822,Siege of Boralus,Siege of Boralus,2,Fortified,11:03 PM
M69tx2gfHPWLCjmy,1,kill,43:40,2620,60670,Grim Batol,Grim Batol,,,8:52 PM
M69tx2gfHPWLCjmy,2,wipe,0:33,33,60670,Grim Batol,Grim Batol,,,9:37 PM
bK7tJAMdH3NzrTWk,,wipe,1:56:57,7017,12652,The Stonevault,The Stonevault,5,Fortified,5:47 PM
bK7tJAMdH3NzrTWk,,kill,25:58,1558,62290,Mists of Tirna Scithe,Mists of Tirna Scithe,6,Fortified,7:44 PM
bK7tJAMdH3NzrTWk,,wipe,4:47,287,60670,Grim Batol,Grim Batol,5,Fortified,8:24 PM
8xrqcFK31W6YA9By,,kill,19:44,1184,60670,Grim Batol,Grim Batol,3,Tyrannical,3:40 PM
WMjYGCBv4KA3DxTF,,wipe,22:34,1354,62286,The Necrotic Wake,The Necrotic Wake,5,Tyrannical,1:05 PM
WMjYGCBv4KA3DxTF,3,kill,18:37,1117,62290,Mists of Tirna Scithe,Mists of Tirna Scithe,,,1:28 PM
WMjYGCBv4KA3DxTF,6,kill,16:56,1016,62290,Mists of Tirna Scithe,Mists of Tirna Scithe,,,2:22 PM
WMjYGCBv4KA3DxTF,,kill,20:16,1216,60670,Grim Batol,Grim Batol,4,Tyrannical,1:56 PM
84t7RCwY2xpFGhkf,3,wipe,0:58,58,60670,Grim Batol,Grim Batol,,,8:51 AM
84t7RCwY2xpFGhkf,4,wipe,2:16,136,60670,Grim Batol,Grim Batol,,,8:52 AM
84t7RCwY2xpFGhkf,3,wipe,0:58,58,60670,Grim Batol,Grim Batol,,,8:51 AM
84t7RCwY2xpFGhkf,4,wipe,2:16,136,60670,Grim Batol,Grim Batol,,,8:52 AM
qWnk4MQJyVDRj27Z,,kill,30:16,1816,60670,Grim Batol,Grim Batol,4,Tyrannical,5:59 AM
KPdr3MfLaQqnZDxt,,kill,39:38,2378,60670,Grim Batol,Grim Batol,6,Tyrannical,2:18 AM
Gct3JCrgbY1pDX72,,wipe,17:45,1065,12662,Hallowfall,Hallowfall,3,Tyrannical,3:06 AM
Gct3JCrgbY1pDX72,,wipe,35:07,2107,60670,Grim Batol,Grim Batol,3,Tyrannical,3:24 AM
Mptj64wTvKGFPXma,,kill,48:30,2910,12662,Hallowfall,Hallowfall,2,Tyrannical,11:16 PM
Mptj64wTvKGFPXma,,kill,31:08,1868,60670,Grim Batol,Grim Batol,2,Fortified,12:34 AM
fL6pRwQK1qJjg4NT,3,kill,33:53,2033,12652,The Stonevault,The Stonevault,,,6:31 PM
fL6pRwQK1qJjg4NT,2,wipe,9:31,571,12652,The Stonevault,The Stonevault,,,6:22 PM
fL6pRwQK1qJjg4NT,,kill,22:49,1369,62286,The Necrotic Wake,The Necrotic Wake,6,Tyrannical,7:13 PM
fL6pRwQK1qJjg4NT,,kill,27:08,1628,60670,Grim Batol,Grim Batol,6,Tyrannical,11:06 PM
2XbDyAVTPQ1C6ptj,4,kill,1:14:05,4445,60670,Grim Batol,Grim Batol,,,9:50 PM
2XbDyAVTPQ1C6ptj,3,wipe,14:15,855,60670,Grim Batol,Grim Batol,,,9:33 PM
YkDZXNfJcLwbyxBn,,wipe,11:56,716,60670,Grim Batol,Grim Batol,3,Fortified,9:33 PM
pcg4TkKx2anNJjM9,,kill,40:04,2404,12662,Hallowfall,Hallowfall,6,Fortified,12:20 AM
pcg4TkKx2anNJjM9,4,kill,24:15,1455,62286,The Necrotic Wake,The Necrotic Wake,,,1:13 AM
pcg4TkKx2anNJjM9,3,wipe,11:35,695,62286,The Necrotic Wake,The Necrotic Wake,,,1:02 AM
pcg4TkKx2anNJjM9,6,wipe,0:00,0,61822,Siege of Boralus,Siege of Boralus,,,1:41 AM
pcg4TkKx2anNJjM9,7,wipe,0:00,0,61822,Siege of Boralus,Siege of Boralus,,,1:41 AM
pcg4TkKx2anNJjM9,8,wipe,2:35,155,61822,Siege of Boralus,Siege of Boralus,,,1:42 AM
pcg4TkKx2anNJjM9,9,wipe,0:08,8,61822,Siege of Boralus,Siege of Boralus,,,1:45 AM
pcg4TkKx2anNJjM9,10,wipe,10:15,615,61822,Siege of Boralus,Siege of Boralus,,,1:45 AM
pcg4TkKx2anNJjM9,6,wipe,0:00,0,61822,Siege of Boralus,Siege of Boralus,,,1:41 AM
pcg4TkKx2anNJjM9,7,wipe,0:00,0,61822,Siege of Boralus,Siege of Boralus,,,1:41 AM
pcg4TkKx2anNJjM9,8,wipe,2:35,155,61822,Siege of Boralus,Siege of Boralus,,,1:42 AM
pcg4TkKx2anNJjM9,9,wipe,0:08,8,61822,Siege of Boralus,Siege of Boralus,,,1:45 AM
pcg4TkKx2anNJjM9,10,wipe,10:15,615,61822,Siege of Boralus,Siege of Boralus,,,1:45 AM
pcg4TkKx2anNJjM9,,wipe,0:00,0,60670,Grim Batol,Grim Batol,6,Fortified,1:55 AM
f9XTWB4LJtMGA2pF,,kill,20:26,1226,62290,Mists of Tirna Scithe,Mists of Tirna Scithe,4,Tyrannical,5:19 PM
f9XTWB4LJtMGA2pF,,wipe,0:00,0,60670,Grim Batol,Grim Batol,4,Tyrannical,5:49 PM
fqHJj6xLTA41Xn3z,,wipe,59:36,3576,61822,Siege of Boralus,Siege of Boralus,3,Fortified,3:48 PM
fqHJj6xLTA41Xn3z,,wipe,17:23,1043,12652,The Stonevault,The Stonevault,4,Tyrannical,5:02 PM
fqHJj6xLTA41Xn3z,,kill,20:26,1226,62290,Mists of Tirna Scithe,Mists of Tirna Scithe,4,Tyrannical,5:19 PM
fqHJj6xLTA41Xn3z,,kill,40:13,2413,60670,Grim Batol,Grim Batol,4,Tyrannical,5:49 PM
XPjrMQHtCxvTNAqb,,kill,32:13,1933,62286,The Necrotic Wake,The Necrotic Wake,3,Fortified,2:49 PM
XPjrMQHtCxvTNAqb,,wipe,36:24,2184,12652,The Stonevault,The Stonevault,3,Fortified,3:29 PM
XPjrMQHtCxvTNAqb,,kill,23:29,1409,60670,Grim Batol,Grim Batol,3,Fortified,4:05 PM
jbzvV49cygR7dNxC,3,kill,25:46,1546,60670,Grim Batol,Grim Batol,,,3:22 PM
jbzvV49cygR7dNxC,6,wipe,10:27,627,60670,Grim Batol,Grim Batol,,,4:05 PM
jbzvV49cygR7dNxC,,wipe,8:45,525,62290,Mists of Tirna Scithe,Mists of Tirna Scithe,3,Fortified,4:15 PM
4hty9HJp3KmXAYGT,1,wipe,3:37,217,62286,The Necrotic Wake,The Necrotic Wake,,,3:21 PM
4hty9HJp3KmXAYGT,2,wipe,7:29,449,62286,The Necrotic Wake,The Necrotic Wake,,,3:26 PM
4hty9HJp3KmXAYGT,1,wipe,3:37,217,62286,The Necrotic Wake,The Necrotic Wake,,,3:21 PM
4hty9HJp3KmXAYGT,2,wipe,7:29,449,62286,The Necrotic Wake,The Necrotic Wake,,,3:26 PM
4hty9HJp3KmXAYGT,,kill,33:22,2002,60670,Grim Batol,Grim Batol,3,Fortified,3:34 PM
47K9C1HDBzNtLGYp,5,wipe,7:11,431,60670,Grim Batol,Grim Batol,,,2:04 PM
47K9C1HDBzNtLGYp,6,wipe,3:24,204,60670,Grim Batol,Grim Batol,,,2:12 PM
47K9C1HDBzNtLGYp,7,wipe,10:23,623,60670,Grim Batol,Grim Batol,,,2:15 PM
47K9C1HDBzNtLGYp,8,wipe,15:22,922,60670,Grim Batol,Grim Batol,,,2:27 PM
47K9C1HDBzNtLGYp,12,wipe,4:14,254,60670,Grim Batol,Grim Batol,,,3:26 PM
47K9C1HDBzNtLGYp,13,wipe,4:20,260,60670,Grim Batol,Grim Batol,,,3:31 PM
47K9C1HDBzNtLGYp,5,wipe,7:11,431,60670,Grim Batol,Grim Batol,,,2:04 PM
47K9C1HDBzNtLGYp,6,wipe,3:24,204,60670,Grim Batol,Grim Batol,,,2:12 PM
47K9C1HDBzNtLGYp,7,wipe,10:23,623,60670,Grim Batol,Grim Batol,,,2:15 PM
47K9C1HDBzNtLGYp,8,wipe,15:22,922,60670,Grim Batol,Grim Batol,,,2:27 PM
47K9C1HDBzNtLGYp,12,wipe,4:14,254,60670,Grim Batol,Grim Batol,,,3:26 PM
47K9C1HDBzNtLGYp,13,wipe,4:20,260,60670,Grim Batol,Grim Batol,,,3:31 PM
XG4yztRAgK3NM8Tq,,wipe,29:41,1781,60670,Grim Batol,Grim Batol,3,Fortified,1:28 PM
XG4yztRAgK3NM8Tq,,kill,34:11,2051,12662,Hallowfall,Hallowfall,3,Fortified,1:58 PM
k28ZfnFgxzhJMHq4,4,kill,30:23,1823,60670,Grim Batol,Grim Batol,,,7:30 PM
k28ZfnFgxzhJMHq4,1,wipe,2:02,122,60670,Grim Batol,Grim Batol,,,7:20 PM
k28ZfnFgxzhJMHq4,2,wipe,1:37,97,60670,Grim Batol,Grim Batol,,,7:23 PM
k28ZfnFgxzhJMHq4,3,wipe,5:48,348,60670,Grim Batol,Grim Batol,,,7:24 PM
k28ZfnFgxzhJMHq4,1,wipe,2:02,122,60670,Grim Batol,Grim Batol,,,7:20 PM
k28ZfnFgxzhJMHq4,2,wipe,1:37,97,60670,Grim Batol,Grim Batol,,,7:23 PM
k28ZfnFgxzhJMHq4,3,wipe,5:48,348,60670,Grim Batol,Grim Batol,,,7:24 PM
k28ZfnFgxzhJMHq4,,wipe,47:11,2831,61822,Siege of Boralus,Siege of Boralus,6,Fortified,8:05 PM
k28ZfnFgxzhJMHq4,,wipe,1:09:39,4179,12662,Hallowfall,Hallowfall,6,Fortified,8:52 PM
k28ZfnFgxzhJMHq4,8,kill,28:37,1717,62290,Mists of Tirna Scithe,Mists of Tirna Scithe,,,10:05 PM
k28ZfnFgxzhJMHq4,7,wipe,2:47,167,62290,Mists of Tirna Scithe,Mists of Tirna Scithe,,,10:02 PM
6YXN2gpTAdt37fvW,1,wipe,1:48,108,60670,Grim Batol,Grim Batol,,,12:20 PM
6YXN2gpTAdt37fvW,2,wipe,0:00,0,60670,Grim Batol,Grim Batol,,,12:23 PM
6YXN2gpTAdt37fvW,3,wipe,5:43,343,60670,Grim Batol,Grim Batol,,,12:23 PM
6YXN2gpTAdt37fvW,4,wipe,4:32,272,60670,Grim Batol,Grim Batol,,,12:29 PM
6YXN2gpTAdt37fvW,5,wipe,3:24,204,60670,Grim Batol,Grim Batol,,,12:33 PM
6YXN2gpTAdt37fvW,6,wipe,1:35,95,60670,Grim Batol,Grim Batol,,,12:37 PM
6YXN2gpTAdt37fvW,7,wipe,6:09,369,60670,Grim Batol,Grim Batol,,,12:38 PM
6YXN2gpTAdt37fvW,8,wipe,5:34,334,60670,Grim Batol,Grim Batol,,,12:45 PM
6YXN2gpTAdt37fvW,9,wipe,2:21,141,60670,Grim Batol,Grim Batol,,,12:50 PM
6YXN2gpTAdt37fvW,10,wipe,5:09,309,60670,Grim Batol,Grim Batol,,,12:53 PM
6YXN2gpTAdt37fvW,1,wipe,1:48,108,60670,Grim Batol,Grim Batol,,,12:20 PM
6YXN2gpTAdt37fvW,2,wipe,0:00,0,60670,Grim Batol,Grim Batol,,,12:23 PM
6YXN2gpTAdt37fvW,3,wipe,5:43,343,60670,Grim Batol,Grim Batol,,,12:23 PM
6YXN2gpTAdt37fvW,4,wipe,4:32,272,60670,Grim Batol,Grim Batol,,,12:29 PM
6YXN2gpTAdt37fvW,5,wipe,3:24,204,60670,Grim Batol,Grim Batol,,,12:33 PM
6YXN2gpTAdt37fvW,6,wipe,1:35,95,60670,Grim Batol,Grim Batol,,,12:37 PM
6YXN2gpTAdt37fvW,7,wipe,6:09,369,60670,Grim Batol,Grim Batol,,,12:38 PM
6YXN2gpTAdt37fvW,8,wipe,5:34,334,60670,Grim Batol,Grim Batol,,,12:45 PM
6YXN2gpTAdt37fvW,9,wipe,2:21,141,60670,Grim Batol,Grim Batol,,,12:50 PM
6YXN2gpTAdt37fvW,10,wipe,5:09,309,60670,Grim Batol,Grim Batol,,,12:53 PM
QZRVbwg1FKMhrB3N,1,wipe,7:54,474,60670,Grim Batol,Grim Batol,,,11:49 AM
QZRVbwg1FKMhrB3N,2,wipe,6:22,382,60670,Grim Batol,Grim Batol,,,11:57 AM
QZRVbwg1FKMhrB3N,3,wipe,3:55,235,60670,Grim Batol,Grim Batol,,,12:04 PM
QZRVbwg1FKMhrB3N,1,wipe,7:54,474,60670,Grim Batol,Grim Batol,,,11:49 AM
QZRVbwg1FKMhrB3N,2,wipe,6:22,382,60670,Grim Batol,Grim Batol,,,11:57 AM
QZRVbwg1FKMhrB3N,3,wipe,3:55,235,60670,Grim Batol,Grim Batol,,,12:04 PM
y4CjQzMRZpYtqbTP,3,wipe,5:21,321,60670,Grim Batol,Grim Batol,,,11:18 AM
y4CjQzMRZpYtqbTP,4,wipe,10:06,606,60670,Grim Batol,Grim Batol,,,11:24 AM
y4CjQzMRZpYtqbTP,5,wipe,2:22,142,60670,Grim Batol,Grim Batol,,,11:34 AM
y4CjQzMRZpYtqbTP,3,wipe,5:21,321,60670,Grim Batol,Grim Batol,,,11:18 AM
y4CjQzMRZpYtqbTP,4,wipe,10:06,606,60670,Grim Batol,Grim Batol,,,11:24 AM
y4CjQzMRZpYtqbTP,5,wipe,2:22,142,60670,Grim Batol,Grim Batol,,,11:34 AM
vmjPY4KHhf3JMdV7,1,kill,26:54,1614,60670,Grim Batol,Grim Batol,,,5:19 AM
vmjPY4KHhf3JMdV7,2,wipe,0:00,0,60670,Grim Batol,Grim Batol,,,5:46 AM
LJRVaBQ7xrMh2mn6,,wipe,1:01:06,3666,62290,Mists of Tirna Scithe,Mists of Tirna Scithe,5,Fortified,12:49 AM
LJRVaBQ7xrMh2mn6,,kill,31:00,1860,60670,Grim Batol,Grim Batol,3,Fortified,1:50 AM
CYqrMXfFZRWjdct3,,kill,27:12,1632,62286,The Necrotic Wake,The Necrotic Wake,4,Fortified,3:38 AM
CYqrMXfFZRWjdct3,3,kill,24:16,1456,60670,Grim Batol,Grim Batol,,,4:13 AM
CYqrMXfFZRWjdct3,4,wipe,0:00,0,60670,Grim Batol,Grim Batol,,,4:38 AM
ynMH8qCvRf64DBYG,,kill,23:01,1381,60670,Grim Batol,Grim Batol,3,Fortified,3:23 AM
nX1M2fJ9FaTh3tZw,,kill,36:34,2194,60670,Grim Batol,Grim Batol,3,Fortified,2:17 AM
vz8yHmXYRP7FxVW4,1,kill,31:26,1886,60670,Grim Batol,Grim Batol,,,1:10 AM
vz8yHmXYRP7FxVW4,2,wipe,0:00,0,60670,Grim Batol,Grim Batol,,,1:41 AM
vz8yHmXYRP7FxVW4,,kill,58:51,3531,12662,Hallowfall,Hallowfall,5,Fortified,1:53 AM
4XxWtLD9cG3yRd2T,,kill,30:08,1808,60670,Grim Batol,Grim Batol,3,Fortified,2:09 AM
6zZQ47qc1dLJFgfD,1,kill,25:59,1559,60670,Grim Batol,Grim Batol,,,9:59 PM
6zZQ47qc1dLJFgfD,3,wipe,0:20,20,60670,Grim Batol,Grim Batol,,,10:27 PM
6zZQ47qc1dLJFgfD,,kill,28:41,1721,61822,Siege of Boralus,Siege of Boralus,5,Fortified,10:49 PM
Abjnf4NwGm7Lh2R8,2,kill,31:26,1886,60670,,,,,1:10 AM
Abjnf4NwGm7Lh2R8,1,wipe,0:00,0,60670,,,,,1:05 AM
Abjnf4NwGm7Lh2R8,3,wipe,0:00,0,60670,,,,,1:41 AM
Abjnf4NwGm7Lh2R8,1,wipe,0:00,0,60670,,,,,1:05 AM
Abjnf4NwGm7Lh2R8,3,wipe,0:00,0,60670,,,,,1:41 AM
HQnrXFcKj8TBzCwJ,,wipe,31:33,1893,12662,Hallowfall,Hallowfall,7,Fortified,11:55 PM
HQnrXFcKj8TBzCwJ,2,kill,40:29,2429,60670,Grim Batol,Grim Batol,,,12:27 AM
HQnrXFcKj8TBzCwJ,3,wipe,0:00,0,60670,Grim Batol,Grim Batol,,,1:07 AM
aQr498gKPhkmcVCA,,kill,31:15,1875,60670,Grim Batol,Grim Batol,3,Fortified,12:51 AM
YTt8DAhc6damF3w9,,kill,30:19,1819,62286,The Necrotic Wake,The Necrotic Wake,4,Fortified,10:39 PM
YTt8DAhc6damF3w9,,kill,33:44,2024,60670,Grim Batol,Grim Batol,4,Fortified,11:37 PM
YTt8DAhc6damF3w9,,kill,38:53,2333,61822,Siege of Boralus,Siege of Boralus,4,Fortified,12:29 AM
vwGK7DA3nzkC4mBM,,wipe,19:11,1151,60670,Grim Batol,Grim Batol,4,Fortified,11:32 PM
yj69GTRagwbx7rHJ,,wipe,33:06,1986,62290,Mists of Tirna Scithe,Mists of Tirna Scithe,3,Fortified,10:51 PM
yj69GTRagwbx7rHJ,2,kill,34:19,2059,60670,Grim Batol,Grim Batol,,,11:24 PM
yj69GTRagwbx7rHJ,3,wipe,0:00,0,60670,Grim Batol,Grim Batol,,,11:59 PM
k2rHwqMyxdf8CY91,,kill,38:19,2299,60670,Grim Batol,Grim Batol,5,Fortified,10:57 PM
tnC1FacZkB6xh4jK,1,kill,35:49,2149,60670,Grim Batol,Grim Batol,,,10:51 PM
tnC1FacZkB6xh4jK,2,wipe,0:00,0,60670,Grim Batol,Grim Batol,,,11:27 PM
WGfRxD1hYLmd8jt6,,kill,24:48,1488,60670,Grim Batol,Grim Batol,3,Fortified,9:16 PM
8aXDr3Jng2Kv1zwx,,kill,31:43,1903,60670,Grim Batol,Grim Batol,3,,7:26 PM
yJfTKv4QXR3Fa9rp,,wipe,14:01,841,62290,Mists of Tirna Scithe,Mists of Tirna Scithe,7,Xal'atath's Bargain: Voidbound,12:36 PM
GPwFT2DLQyNBcxbV,,wipe,14:01,841,62290,Mists of Tirna Scithe,Mists of Tirna Scithe,7,Xal'atath's Bargain: Voidbound,12:36 PM
qb2jPTA4xdZ876Qk,,wipe,47:23,2843,62290,Mists of Tirna Scithe,Mists of Tirna Scithe,3,Xal'atath's Bargain: Voidbound,2:15 AM
7qVv9kafcYphWRjC,,wipe,32:53,1973,62290,Mists of Tirna Scithe,Mists of Tirna Scithe,3,Xal'atath's Bargain: Voidbound,2:15 AM
hMq8y2TmFBYNbJ3z,,wipe,10:11,611,12652,The Stonevault,The Stonevault,5,Xal'atath's Bargain: Oblivion,3:22 PM
hMq8y2TmFBYNbJ3z,3,kill,28:05,1685,62286,The Necrotic Wake,The Necrotic Wake,,,3:35 PM
hMq8y2TmFBYNbJ3z,2,wipe,2:15,135,62286,The Necrotic Wake,The Necrotic Wake,,,3:32 PM
hMq8y2TmFBYNbJ3z,4,wipe,1:49,109,62290,Mists of Tirna Scithe,Mists of Tirna Scithe,,,4:07 PM
hMq8y2TmFBYNbJ3z,5,wipe,1:07:00,4020,62290,Mists of Tirna Scithe,Mists of Tirna Scithe,,,4:09 PM
hMq8y2TmFBYNbJ3z,4,wipe,1:49,109,62290,Mists of Tirna Scithe,Mists of Tirna Scithe,,,4:07 PM
hMq8y2TmFBYNbJ3z,5,wipe,1:07:00,4020,62290,Mists of Tirna Scithe,Mists of Tirna Scithe,,,4:09 PM
4r8YhtNWcLaJb6ym,,kill,27:56,1676,62290,Mists of Tirna Scithe,Mists of Tirna Scithe,8,Xal'atath's Bargain: Voidbound,6:34 PM
4r8YhtNWcLaJb6ym,,kill,59:14,3554,12652,The Stonevault,The Stonevault,8,Xal'atath's Bargain: Voidbound,7:08 PM
FbKQT4rP6qzjRV3h,,wipe,32:39,1959,62290,Mists of Tirna Scithe,Mists of Tirna Scithe,12,Tyrannical,5:58 PM
FbKQT4rP6qzjRV3h,,wipe,48:01,2881,12652,The Stonevault,The Stonevault,10,Xal'atath's Bargain: Voidbound,6:30 PM
FbKQT4rP6qzjRV3h,,kill,47:10,2830,61822,Siege of Boralus,Siege of Boralus,11,Xal'atath's Bargain: Oblivion,7:19 PM
dFqwfNyBAhgc6kXM,,kill,27:56,1676,62290,Mists of Tirna Scithe,Mists of Tirna Scithe,8,Xal'atath's Bargain: Voidbound,6:34 PM
26T7c1JMQGBX4bvk,2,kill,44:21,2661,62290,Mists of Tirna Scithe,Mists of Tirna Scithe,,,2:52 PM
26T7c1JMQGBX4bvk,1,wipe,20:57,1257,62290,Mists of Tirna Scithe,Mists of Tirna Scithe,,,2:31 PM
xY89Km6ypAT2QPnF,,kill,40:26,2426,62290,Mists of Tirna Scithe,Mists of Tirna Scithe,10,Xal'atath's Bargain: Oblivion,2:12 AM
dnrtkB4KRw1gCNFW,1,kill,29:05,1745,62290,Mists of Tirna Scithe,Mists of Tirna Scithe,,,5:36 PM
dnrtkB4KRw1gCNFW,6,wipe,11:08,668,62290,Mists of Tirna Scithe,Mists of Tirna Scithe,,,6:29 PM
dnrtkB4KRw1gCNFW,3,wipe,3:30,210,62286,The Necrotic Wake,The Necrotic Wake,,,6:14 PM
dnrtkB4KRw1gCNFW,4,wipe,6:49,409,62286,The Necrotic Wake,The Necrotic Wake,,,6:17 PM
dnrtkB4KRw1gCNFW,5,wipe,4:58,298,62286,The Necrotic Wake,The Necrotic Wake,,,6:24 PM
dnrtkB4KRw1gCNFW,3,wipe,3:30,210,62286,The Necrotic Wake,The Necrotic Wake,,,6:14 PM
dnrtkB4KRw1gCNFW,4,wipe,6:49,409,62286,The Necrotic Wake,The Necrotic Wake,,,6:17 PM
dnrtkB4KRw1gCNFW,5,wipe,4:58,298,62286,The Necrotic Wake,The Necrotic Wake,,,6:24 PM
Bbzk7VNXfWH6ZKQh,,kill,26:29,1589,62290,Mists of Tirna Scithe,Mists of Tirna Scithe,10,Xal'atath's Bargain: Oblivion,1:15 PM
Bbzk7VNXfWH6ZKQh,,kill,43:47,2627,61822,Siege of Boralus,Siege of Boralus,10,Xal'atath's Bargain: Oblivion,1:45 PM
Bbzk7VNXfWH6ZKQh,,wipe,8:58,538,62286,The Necrotic Wake,The Necrotic Wake,10,Xal'atath's Bargain: Oblivion,2:30 PM
YCKPXT9W8BQ6cyjV,,wipe,10:07,607,62286,The Necrotic Wake,The Necrotic Wake,6,Xal'atath's Bargain: Ascendant,4:49 AM
YCKPXT9W8BQ6cyjV,,wipe,35:53,2153,12652,The Stonevault,The Stonevault,10,Xal'atath's Bargain: Oblivion,4:59 AM
YCKPXT9W8BQ6cyjV,,kill,33:16,1996,62290,Mists of Tirna Scithe,Mists of Tirna Scithe,7,Xal'atath's Bargain: Oblivion,5:35 AM
APXr2W61CmFRwDpV,,wipe,3:10,190,62290,Mists of Tirna Scithe,Mists of Tirna Scithe,5,Xal'atath's Bargain: Ascendant,3:08 AM
rRKtJqHMDazcwmxk,,kill,28:20,1700,62290,Mists of Tirna Scithe,Mists of Tirna Scithe,6,Xal'atath's Bargain: Ascendant,1:37 AM
rRKtJqHMDazcwmxk,,wipe,1:10:31,4231,12662,Hallowfall,Hallowfall,6,Xal'atath's Bargain: Voidbound,2:18 AM
rRKtJqHMDazcwmxk,,kill,22:34,1354,62286,The Necrotic Wake,The Necrotic Wake,6,Xal'atath's Bargain: Voidbound,3:29 AM
mAJF7vfcBaCD9qPW,,kill,30:44,1844,62290,Mists of Tirna Scithe,Mists of Tirna Scithe,8,Xal'atath's Bargain: Voidbound,12:57 PM
GRX6NCbWHLrQBhtw,,wipe,11:06,666,62290,Mists of Tirna Scithe,Mists of Tirna Scithe,10,Xal'atath's Bargain: Voidbound,5:41 AM
GRX6NCbWHLrQBhtw,5,kill,32:54,1974,62286,The Necrotic Wake,The Necrotic Wake,,,6:56 AM
GRX6NCbWHLrQBhtw,2,wipe,3:25,205,62286,The Necrotic Wake,The Necrotic Wake,,,5:52 AM
GRX6NCbWHLrQBhtw,3,wipe,20:11,1211,62286,The Necrotic Wake,The Necrotic Wake,,,5:56 AM
GRX6NCbWHLrQBhtw,4,wipe,39:47,2387,62286,The Necrotic Wake,The Necrotic Wake,,,6:16 AM
GRX6NCbWHLrQBhtw,2,wipe,3:25,205,62286,The Necrotic Wake,The Necrotic Wake,,,5:52 AM
GRX6NCbWHLrQBhtw,3,wipe,20:11,1211,62286,The Necrotic Wake,The Necrotic Wake,,,5:56 AM
GRX6NCbWHLrQBhtw,4,wipe,39:47,2387,62286,The Necrotic Wake,The Necrotic Wake,,,6:16 AM
zaZFRwgLBMrDK6HV,,wipe,7:26,446,61822,Siege of Boralus,Siege of Boralus,10,Xal'atath's Bargain: Voidbound,4:24 AM
zaZFRwgLBMrDK6HV,4,kill,32:30,1950,62286,The Necrotic Wake,The Necrotic Wake,,,4:34 AM
zaZFRwgLBMrDK6HV,3,wipe,2:57,177,62286,The Necrotic Wake,The Necrotic Wake,,,4:31 AM
zaZFRwgLBMrDK6HV,,kill,43:17,2597,62290,Mists of Tirna Scithe,Mists of Tirna Scithe,10,Xal'atath's Bargain: Voidbound,5:12 AM
FZ12vXbBCnLDHmJa,,kill,39:50,2390,62290,Mists of Tirna Scithe,Mists of Tirna Scithe,13,Tyrannical,8:54 PM
v2w8PCRqdKMWAy16,2,wipe,2:20,140,62290,Mists of Tirna Scithe,Mists of Tirna Scithe,,,8:02 PM
v2w8PCRqdKMWAy16,3,wipe,15:31,931,62290,Mists of Tirna Scithe,Mists of Tirna Scithe,,,8:04 PM
v2w8PCRqdKMWAy16,2,wipe,2:20,140,62290,Mists of Tirna Scithe,Mists of Tirna Scithe,,,8:02 PM
v2w8PCRqdKMWAy16,3,wipe,15:31,931,62290,Mists of Tirna Scithe,Mists of Tirna Scithe,,,8:04 PM
v2w8PCRqdKMWAy16,,kill,37:08,2228,62286,The Necrotic Wake,The Necrotic Wake,10,Xal'atath's Bargain: Voidbound,8:19 PM
apFTzrJhfY9KMgNB,2,wipe,3:13,193,62290,Mists of Tirna Scithe,Mists of Tirna Scithe,,,8:41 PM
apFTzrJhfY9KMgNB,3,wipe,1:56,116,62290,Mists of Tirna Scithe,Mists of Tirna Scithe,,,8:44 PM
apFTzrJhfY9KMgNB,2,wipe,3:13,193,62290,Mists of Tirna Scithe,Mists of Tirna Scithe,,,8:41 PM
apFTzrJhfY9KMgNB,3,wipe,1:56,116,62290,Mists of Tirna Scithe,Mists of Tirna Scithe,,,8:44 PM
1AvLP4NXMtVGgn82,,wipe,41:09,2469,62286,The Necrotic Wake,The Necrotic Wake,10,Xal'atath's Bargain: Voidbound,1:17 PM
1AvLP4NXMtVGgn82,,wipe,48:53,2933,62290,Mists of Tirna Scithe,Mists of Tirna Scithe,10,Xal'atath's Bargain: Voidbound,1:58 PM
7G2zVy9tQWqhvpTZ,,kill,29:43,1783,62290,Mists of Tirna Scithe,Mists of Tirna Scithe,10,Xal'atath's Bargain: Voidbound,2:07 PM
7G2zVy9tQWqhvpTZ,4,kill,47:32,2852,62286,The Necrotic Wake,The Necrotic Wake,,,3:12 PM
7G2zVy9tQWqhvpTZ,10,kill,33:25,2005,62286,The Necrotic Wake,The Necrotic Wake,,,5:26 PM
7G2zVy9tQWqhvpTZ,2,wipe,4:45,285,62286,The Necrotic Wake,The Necrotic Wake,,,2:58 PM
7G2zVy9tQWqhvpTZ,3,wipe,9:07,547,62286,The Necrotic Wake,The Necrotic Wake,,,3:03 PM
7G2zVy9tQWqhvpTZ,9,wipe,3:06,186,62286,The Necrotic Wake,The Necrotic Wake,,,5:23 PM
7G2zVy9tQWqhvpTZ,2,wipe,4:45,285,62286,The Necrotic Wake,The Necrotic Wake,,,2:58 PM
7G2zVy9tQWqhvpTZ,3,wipe,9:07,547,62286,The Necrotic Wake,The Necrotic Wake,,,3:03 PM
7G2zVy9tQWqhvpTZ,9,wipe,3:06,186,62286,The Necrotic Wake,The Necrotic Wake,,,5:23 PM
7G2zVy9tQWqhvpTZ,6,wipe,9:15,555,61822,Siege of Boralus,Siege of Boralus,,,4:07 PM
7G2zVy9tQWqhvpTZ,7,wipe,3:07,187,61822,Siege of Boralus,Siege of Boralus,,,4:17 PM
7G2zVy9tQWqhvpTZ,8,wipe,1:00:44,3644,61822,Siege of Boralus,Siege of Boralus,,,4:22 PM
7G2zVy9tQWqhvpTZ,12,wipe,3:06,186,61822,Siege of Boralus,Siege of Boralus,,,6:02 PM
7G2zVy9tQWqhvpTZ,6,wipe,9:15,555,61822,Siege of Boralus,Siege of Boralus,,,4:07 PM
7G2zVy9tQWqhvpTZ,7,wipe,3:07,187,61822,Siege of Boralus,Siege of Boralus,,,4:17 PM
7G2zVy9tQWqhvpTZ,8,wipe,1:00:44,3644,61822,Siege of Boralus,Siege of Boralus,,,4:22 PM
7G2zVy9tQWqhvpTZ,12,wipe,3:06,186,61822,Siege of Boralus,Siege of Boralus,,,6:02 PM
VJyZqTfwW4g16GPM,,wipe,18:28,1108,62290,Mists of Tirna Scithe,Mists of Tirna Scithe,4,Xal'atath's Bargain: Voidbound,4:23 PM
d1BWKhTxy3A4Z6Lt,,kill,29:56,1796,62290,Mists of Tirna Scithe,Mists of Tirna Scithe,10,Xal'atath's Bargain: Voidbound,2:43 PM
TVZ2za6C1WKQtrHx,1,wipe,27:30,1650,62286,The Necrotic Wake,The Necrotic Wake,,,11:34 AM
TVZ2za6C1WKQtrHx,3,wipe,0:00,0,62286,The Necrotic Wake,The Necrotic Wake,,,12:23 PM
TVZ2za6C1WKQtrHx,4,wipe,43:42,2622,62286,The Necrotic Wake,The Necrotic Wake,,,12:25 PM
TVZ2za6C1WKQtrHx,1,wipe,27:30,1650,62286,The Necrotic Wake,The Necrotic Wake,,,11:34 AM
TVZ2za6C1WKQtrHx,3,wipe,0:00,0,62286,The Necrotic Wake,The Necrotic Wake,,,12:23 PM
TVZ2za6C1WKQtrHx,4,wipe,43:42,2622,62286,The Necrotic Wake,The Necrotic Wake,,,12:25 PM
TVZ2za6C1WKQtrHx,,wipe,21:42,1302,62290,Mists of Tirna Scithe,Mists of Tirna Scithe,10,Xal'atath's Bargain: Voidbound,12:02 PM
tfhWkdKRvQ9N41bA,,wipe,8:53,533,62290,Mists of Tirna Scithe,Mists of Tirna Scithe,10,Xal'atath's Bargain: Voidbound,6:30 AM
tfhWkdKRvQ9N41bA,2,wipe,5:50,350,62286,The Necrotic Wake,The Necrotic Wake,,,7:25 AM
tfhWkdKRvQ9N41bA,3,wipe,9:42,582,62286,The Necrotic Wake,The Necrotic Wake,,,7:31 AM
tfhWkdKRvQ9N41bA,4,wipe,8:08,488,62286,The Necrotic Wake,The Necrotic Wake,,,7:40 AM
tfhWkdKRvQ9N41bA,5,wipe,5:53,353,62286,The Necrotic Wake,The Necrotic Wake,,,7:49 AM
tfhWkdKRvQ9N41bA,6,wipe,6:27,387,62286,The Necrotic Wake,The Necrotic Wake,,,7:55 AM
tfhWkdKRvQ9N41bA,2,wipe,5:50,350,62286,The Necrotic Wake,The Necrotic Wake,,,7:25 AM
tfhWkdKRvQ9N41bA,3,wipe,9:42,582,62286,The Necrotic Wake,The Necrotic Wake,,,7:31 AM
tfhWkdKRvQ9N41bA,4,wipe,8:08,488,62286,The Necrotic Wake,The Necrotic Wake,,,7:40 AM
tfhWkdKRvQ9N41bA,5,wipe,5:53,353,62286,The Necrotic Wake,The Necrotic Wake,,,7:49 AM
tfhWkdKRvQ9N41bA,6,wipe,6:27,387,62286,The Necrotic Wake,The Necrotic Wake,,,7:55 AM
hLwKbaRjW7VNgD1t,,kill,31:44,1904,62290,Mists of Tirna Scithe,Mists of Tirna Scithe,5,Xal'atath's Bargain: Voidbound,7:25 AM
cg4BqmxDJYn197NL,,kill,28:20,1700,62290,Mists of Tirna Scithe,Mists of Tirna Scithe,6,Xal'atath's Bargain: Ascendant,1:37 AM
cg4BqmxDJYn197NL,,wipe,1:10:31,4231,12662,Hallowfall,Hallowfall,6,Xal'atath's Bargain: Voidbound,2:18 AM
cg4BqmxDJYn197NL,,kill,22:34,1354,62286,The Necrotic Wake,The Necrotic Wake,6,Xal'atath's Bargain: Voidbound,3:29 AM
pkGA3wT6gavVWB7X,,wipe,4:47,287,62290,Mists of Tirna Scithe,Mists of Tirna Scithe,4,Xal'atath's Bargain: Voidbound,3:01 AM
WL8CkAHZ7RPFYmvV,,kill,25:13,1513,62290,Mists of Tirna Scithe,Mists of Tirna Scithe,10,Xal'atath's Bargain: Voidbound,2:14 AM
AjmRhHGaMD469Xny,,wipe,33:25,2005,62290,Mists of Tirna Scithe,Mists of Tirna Scithe,12,Fortified,3:43 PM
FABd3K6mJwTh8jHN,,wipe,2:56,176,62290,Mists of Tirna Scithe,Mists of Tirna Scithe,8,Xal'atath's Bargain: Ascendant,4:45 PM
pFg86fZKhC1kqmBr,,kill,51:17,3077,62290,Mists of Tirna Scithe,Mists of Tirna Scithe,7,Xal'atath's Bargain: Voidbound,1:20 PM
pFg86fZKhC1kqmBr,11,wipe,9:28,568,62286,The Necrotic Wake,The Necrotic Wake,,,2:44 PM
pFg86fZKhC1kqmBr,12,wipe,16:36,996,62286,The Necrotic Wake,The Necrotic Wake,,,2:53 PM
pFg86fZKhC1kqmBr,13,wipe,2:50,170,62286,The Necrotic Wake,The Necrotic Wake,,,3:11 PM
pFg86fZKhC1kqmBr,14,wipe,41:59,2519,62286,The Necrotic Wake,The Necrotic Wake,,,3:13 PM
pFg86fZKhC1kqmBr,15,wipe,21:08,1268,62286,The Necrotic Wake,The Necrotic Wake,,,3:55 PM
pFg86fZKhC1kqmBr,11,wipe,9:28,568,62286,The Necrotic Wake,The Necrotic Wake,,,2:44 PM
pFg86fZKhC1kqmBr,12,wipe,16:36,996,62286,The Necrotic Wake,The Necrotic Wake,,,2:53 PM
pFg86fZKhC1kqmBr,13,wipe,2:50,170,62286,The Necrotic Wake,The Necrotic Wake,,,3:11 PM
pFg86fZKhC1kqmBr,14,wipe,41:59,2519,62286,The Necrotic Wake,The Necrotic Wake,,,3:13 PM
pFg86fZKhC1kqmBr,15,wipe,21:08,1268,62286,The Necrotic Wake,The Necrotic Wake,,,3:55 PM
vY4cA3ZWCBQVmgar,4,kill,32:28,1948,62286,The Necrotic Wake,The Necrotic Wake,,,3:46 PM
vY4cA3ZWCBQVmgar,1,wipe,12:18,738,62286,The Necrotic Wake,The Necrotic Wake,,,3:04 PM
vY4cA3ZWCBQVmgar,,kill,24:24,1464,62290,Mists of Tirna Scithe,Mists of Tirna Scithe,7,Xal'atath's Bargain: Frenzied,3:16 PM
Nxjy83WPFQqDXzAd,,wipe,1:50,110,62290,Mists of Tirna Scithe,Mists of Tirna Scithe,10,Xal'atath's Bargain: Frenzied,8:47 AM
79YrjthcRVmw1LyA,,wipe,12:50,770,62290,Mists of Tirna Scithe,Mists of Tirna Scithe,10,Xal'atath's Bargain: Ascendant,7:05 PM
QzXha8AZ3H2PTcFB,,wipe,50:08,3008,12652,The Stonevault,The Stonevault,10,Xal'atath's Bargain: Ascendant,9:16 AM
QzXha8AZ3H2PTcFB,,kill,44:08,2648,62290,Mists of Tirna Scithe,Mists of Tirna Scithe,7,Xal'atath's Bargain: Ascendant,10:06 AM
6N1mKzcCBkj4AGrT,,wipe,21:29,1289,62290,Mists of Tirna Scithe,Mists of Tirna Scithe,5,Xal'atath's Bargain: Ascendant,10:14 PM
gj7KW9Zh3TDHyxvP,,wipe,6:35,395,62290,Mists of Tirna Scithe,Mists of Tirna Scithe,3,Xal'atath's Bargain: Ascendant,10:17 PM
ALp3CxkbNX69jRW7,2,kill,38:10,2290,62290,Mists of Tirna Scithe,Mists of Tirna Scithe,,,1:25 PM
ALp3CxkbNX69jRW7,8,kill,37:44,2264,62290,Mists of Tirna Scithe,Mists of Tirna Scithe,,,5:59 PM
ALp3CxkbNX69jRW7,1,wipe,17:14,1034,62290,Mists of Tirna Scithe,Mists of Tirna Scithe,,,1:08 PM
ALp3CxkbNX69jRW7,9,kill,32:58,1978,62286,The Necrotic Wake,The Necrotic Wake,,,6:46 PM
ALp3CxkbNX69jRW7,4,wipe,29:37,1777,62286,The Necrotic Wake,The Necrotic Wake,,,2:15 PM
ALp3CxkbNX69jRW7,5,wipe,10:53,653,12652,The Stonevault,The Stonevault,,,3:46 PM
ALp3CxkbNX69jRW7,6,wipe,26:55,1615,12652,The Stonevault,The Stonevault,,,3:57 PM
ALp3CxkbNX69jRW7,5,wipe,10:53,653,12652,The Stonevault,The Stonevault,,,3:46 PM
ALp3CxkbNX69jRW7,6,wipe,26:55,1615,12652,The Stonevault,The Stonevault,,,3:57 PM
ALp3CxkbNX69jRW7,,wipe,9:28,568,12662,Hallowfall,Hallowfall,10,Xal'atath's Bargain: Ascendant,4:24 PM
NTR6xvdVa4LzAfJM,,kill,33:09,1989,62290,Mists of Tirna Scithe,Mists of Tirna Scithe,10,Xal'atath's Bargain: Ascendant,3:31 PM
NTR6xvdVa4LzAfJM,,kill,26:05,1565,62286,The Necrotic Wake,The Necrotic Wake,10,Xal'atath's Bargain: Ascendant,4:08 PM
kGvnm94KbLzxtaFJ,,wipe,9:47,587,62290,Mists of Tirna Scithe,Mists of Tirna Scithe,8,Xal'atath's Bargain: Ascendant,1:09 PM
gcWPqGB31rzbnN7f,,kill,31:45,1905,62290,Mists of Tirna Scithe,Mists of Tirna Scithe,10,Xal'atath's Bargain: Ascendant,7:37 AM
gcWPqGB31rzbnN7f,,kill,54:50,3290,62286,The Necrotic Wake,The Necrotic Wake,10,Xal'atath's Bargain: Ascendant,8:23 AM
nhYZK2QCgqDjFcMV,,kill,26:52,1612,62290,Mists of Tirna Scithe,Mists of Tirna Scithe,4,Xal'atath's Bargain: Voidbound,7:54 AM
aFxvGqBzgyX1D2W7,,kill,31:45,1905,62290,Mists of Tirna Scithe,Mists of Tirna Scithe,10,Xal'atath's Bargain: Ascendant,7:37 AM
Q7AyXtTnN8mP2L49,,wipe,4:08,248,62290,Mists of Tirna Scithe,Mists of Tirna Scithe,7,Xal'atath's Bargain: Ascendant,11:20 PM
CxvtDjgYVhpb8dfw,,kill,29:22,1762,62290,Mists of Tirna Scithe,Mists of Tirna Scithe,10,Xal'atath's Bargain: Ascendant,10:24 PM
wcm9Hnr7d8x1J3RX,,wipe,17:28,1048,62290,Mists of Tirna Scithe,Mists of Tirna Scithe,5,Xal'atath's Bargain: Ascendant,8:07 PM
KAj2BXYp16kmn7t3,1,kill,54:52,3292,62290,Mists of Tirna Scithe,Mists of Tirna Scithe,,,12:11 PM
KAj2BXYp16kmn7t3,3,kill,41:03,2463,62290,Mists of Tirna Scithe,Mists of Tirna Scithe,,,3:04 PM
KAj2BXYp16kmn7t3,,wipe,1:00:42,3642,12652,The Stonevault,The Stonevault,10,Xal'atath's Bargain: Voidbound,2:03 PM
4Ga9w1JNKbQcZTn6,,wipe,47:14,2834,12652,The Stonevault,The Stonevault,10,Xal'atath's Bargain: Voidbound,10:28 AM
4Ga9w1JNKbQcZTn6,,kill,25:45,1545,62290,Mists of Tirna Scithe,Mists of Tirna Scithe,5,Xal'atath's Bargain: Voidbound,11:58 AM
fMd93znPAVhb47Kq,,wipe,12:40,760,62290,Mists of Tirna Scithe,Mists of Tirna Scithe,6,Xal'atath's Bargain: Voidbound,6:06 AM
fMd93znPAVhb47Kq,3,kill,27:59,1679,62286,The Necrotic Wake,The Necrotic Wake,,,6:27 AM
fMd93znPAVhb47Kq,2,wipe,8:13,493,62286,The Necrotic Wake,The Necrotic Wake,,,6:18 AM
X9JL724ZcTrgqDM1,,kill,33:28,2008,62290,Mists of Tirna Scithe,Mists of Tirna Scithe,10,Xal'atath's Bargain: Voidbound,3:46 AM
X9JL724ZcTrgqDM1,4,kill,49:24,2964,62286,The Necrotic Wake,The Necrotic Wake,,,4:24 AM
X9JL724ZcTrgqDM1,3,wipe,2:45,165,62286,The Necrotic Wake,The Necrotic Wake,,,4:21 AM
zTcHDqpnvtbwBVZf,3,wipe,15:06,906,62290,Mists of Tirna Scithe,Mists of Tirna Scithe,,,11:19 PM
zTcHDqpnvtbwBVZf,4,wipe,18:53,1133,62290,Mists of Tirna Scithe,Mists of Tirna Scithe,,,11:34 PM
zTcHDqpnvtbwBVZf,3,wipe,15:06,906,62290,Mists of Tirna Scithe,Mists of Tirna Scithe,,,11:19 PM
zTcHDqpnvtbwBVZf,4,wipe,18:53,1133,62290,Mists of Tirna Scithe,Mists of Tirna Scithe,,,11:34 PM
zTcHDqpnvtbwBVZf,,wipe,7:26,446,62286,The Necrotic Wake,The Necrotic Wake,10,Xal'atath's Bargain: Voidbound,11:53 PM
dgCwNjThb3A9Dcnv,3,wipe,15:06,906,62290,Mists of Tirna Scithe,Mists of Tirna Scithe,,,11:19 PM
dgCwNjThb3A9Dcnv,4,wipe,11:12,672,62290,Mists of Tirna Scithe,Mists of Tirna Scithe,,,11:34 PM
dgCwNjThb3A9Dcnv,3,wipe,15:06,906,62290,Mists of Tirna Scithe,Mists of Tirna Scithe,,,11:19 PM
dgCwNjThb3A9Dcnv,4,wipe,11:12,672,62290,Mists of Tirna Scithe,Mists of Tirna Scithe,,,11:34 PM
FYPZyVDtNbB8HwW4,,kill,26:48,1608,62290,Mists of Tirna Scithe,Mists of Tirna Scithe,5,Xal'atath's Bargain: Voidbound,11:11 PM
tw9RKBGFqnjJbdV1,,wipe,7:52,472,62290,Mists of Tirna Scithe,Mists of Tirna Scithe,10,Xal'atath's Bargain: Voidbound,11:19 PM
X9KDW3FMz1ytCTnr,,kill,35:03,2103,62290,Mists of Tirna Scithe,Mists of Tirna Scithe,10,Xal'atath's Bargain: Voidbound,11:24 PM
pkRg3f4aqtPK6XLb,,kill,47:18,2838,62290,Mists of Tirna Scithe,Mists of Tirna Scithe,4,Xal'atath's Bargain: Voidbound,6:32 PM
t4xyRKfdZnbNF9mJ,,kill,33:18,1998,62290,Mists of Tirna Scithe,Mists of Tirna Scithe,7,Xal'atath's Bargain: Voidbound,3:56 PM
4jZPgG3fa1rKkD6V,,wipe,4:51,291,62286,The Necrotic Wake,The Necrotic Wake,5,Xal'atath's Bargain: Voidbound,12:03 PM
4jZPgG3fa1rKkD6V,,wipe,30:56,1856,62290,Mists of Tirna Scithe,Mists of Tirna Scithe,3,Xal'atath's Bargain: Voidbound,12:08 PM
tGrFpM4DLZBk2dmH,,kill,38:10,2290,62290,Mists of Tirna Scithe,Mists of Tirna Scithe,12,Fortified,8:08 AM
Y9Xkd1by3KANj46f,,wipe,36:36,2196,62290,Mists of Tirna Scithe,Mists of Tirna Scithe,3,Xal'atath's Bargain: Voidbound,4:53 AM
nZQKmrcDak1FGqLy,,wipe,0:33,33,62290,Mists of Tirna Scithe,Mists of Tirna Scithe,10,Xal'atath's Bargain: Voidbound,5:30 AM
DkvNLAnPC9yY2mfb,,wipe,2:22,142,62290,Mists of Tirna Scithe,Mists of Tirna Scithe,10,Xal'atath's Bargain: Voidbound,5:31 AM
aFDVMdtB2Tj7zA9b,,wipe,27:37,1657,62290,Mists of Tirna Scithe,Mists of Tirna Scithe,10,Xal'atath's Bargain: Voidbound,5:34 AM
aFDVMdtB2Tj7zA9b,,wipe,0:00,0,62286,The Necrotic Wake,The Necrotic Wake,3,Xal'atath's Bargain: Voidbound,6:02 AM
nk8R6LKTVCGYgJBr,,kill,22:19,1339,62290,Mists of Tirna Scithe,Mists of Tirna Scithe,4,Xal'atath's Bargain: Voidbound,5:10 AM
XVLZbdPfmnxCTJ8z,2,kill,37:47,2267,62290,Mists of Tirna Scithe,Mists of Tirna Scithe,,,4:29 AM
XVLZbdPfmnxCTJ8z,1,wipe,14:06,846,62290,Mists of Tirna Scithe,Mists of Tirna Scithe,,,4:14 AM
p28cqWvYb7LxK69Z,,wipe,18:23,1103,62286,The Necrotic Wake,The Necrotic Wake,10,Xal'atath's Bargain: Voidbound,3:18 AM
p28cqWvYb7LxK69Z,,kill,29:44,1784,62290,Mists of Tirna Scithe,Mists of Tirna Scithe,5,Xal'atath's Bargain: Voidbound,3:36 AM
8NwrxVXghA12YP7J,,wipe,9:15,555,62290,Mists of Tirna Scithe,Mists of Tirna Scithe,10,Xal'atath's Bargain: Voidbound,9:41 PM
9ypmGJnTFxQ4akHh,,wipe,26:28,1588,62290,Mists of Tirna Scithe,Mists of Tirna Scithe,8,Xal'atath's Bargain: Voidbound,12:13 AM
9ypmGJnTFxQ4akHh,3,wipe,19:22,1162,62286,The Necrotic Wake,The Necrotic Wake,,,12:39 AM
9ypmGJnTFxQ4akHh,4,wipe,7:01,421,62286,The Necrotic Wake,The Necrotic Wake,,,1:49 AM
9ypmGJnTFxQ4akHh,3,wipe,19:22,1162,62286,The Necrotic Wake,The Necrotic Wake,,,12:39 AM
9ypmGJnTFxQ4akHh,4,wipe,7:01,421,62286,The Necrotic Wake,The Necrotic Wake,,,1:49 AM
3Ckyb2j1AThpFXx9,2,kill,31:54,1914,62290,Mists of Tirna Scithe,Mists of Tirna Scithe,,,12:25 AM
3Ckyb2j1AThpFXx9,1,wipe,2:33,153,62290,Mists of Tirna Scithe,Mists of Tirna Scithe,,,12:22 AM
pNQhRzd6VgDAPx8G,,kill,26:35,1595,62290,Mists of Tirna Scithe,Mists of Tirna Scithe,10,Xal'atath's Bargain: Ascendant,7:58 AM
fwBhaY7QCvqDc1dF,,kill,43:56,2636,62290,Mists of Tirna Scithe,Mists of Tirna Scithe,10,Xal'atath's Bargain: Ascendant,1:53 AM
tMDw1FyBQRT2jLrC,,wipe,1:02:39,3759,12662,Hallowfall,Hallowfall,5,Fortified,9:19 PM
tMDw1FyBQRT2jLrC,,kill,36:04,2164,62290,Mists of Tirna Scithe,Mists of Tirna Scithe,3,Fortified,10:21 PM
tMDw1FyBQRT2jLrC,,wipe,30:53,1853,12652,The Stonevault,The Stonevault,10,Xal'atath's Bargain: Ascendant,11:58 PM
tMDw1FyBQRT2jLrC,,wipe,13:08,788,62286,The Necrotic Wake,The Necrotic Wake,3,Xal'atath's Bargain: Ascendant,2:07 AM
C8RDtWvwrA1BMmnT,,kill,1:07:47,4067,12652,The Stonevault,The Stonevault,5,Xal'atath's Bargain: Ascendant,11:32 PM
C8RDtWvwrA1BMmnT,7,kill,51:28,3088,62290,Mists of Tirna Scithe,Mists of Tirna Scithe,,,1:10 AM
C8RDtWvwrA1BMmnT,6,wipe,17:00,1020,62290,Mists of Tirna Scithe,Mists of Tirna Scithe,,,12:53 AM
jqnXbpJ92Ywy6x4P,,wipe,37:59,2279,62290,Mists of Tirna Scithe,Mists of Tirna Scithe,6,Xal'atath's Bargain: Ascendant,12:23 AM
jqnXbpJ92Ywy6x4P,,wipe,5:34,334,62286,The Necrotic Wake,The Necrotic Wake,8,Xal'atath's Bargain: Ascendant,1:01 AM
8DgdnPbW4twx9JK6,,wipe,37:59,2279,62290,Mists of Tirna Scithe,Mists of Tirna Scithe,6,Xal'atath's Bargain: Ascendant,12:23 AM
8DgdnPbW4twx9JK6,,wipe,5:34,334,62286,The Necrotic Wake,The Necrotic Wake,8,Xal'atath's Bargain: Ascendant,1:01 AM
av2x8JAyRkNVnpWK,,wipe,16:26,986,62290,Mists of Tirna Scithe,Mists of Tirna Scithe,6,Xal'atath's Bargain: Ascendant,12:23 AM
c4t6wgmxDTPWGMvX,,kill,1:06:46,4006,12652,The Stonevault,The Stonevault,7,Xal'atath's Bargain: Voidbound,9:26 PM
c4t6wgmxDTPWGMvX,,kill,26:19,1579,62290,Mists of Tirna Scithe,Mists of Tirna Scithe,6,Xal'atath's Bargain: Ascendant,10:42 PM
mKNfAYhxTLXrqnvb,3,kill,26:17,1577,62290,Mists of Tirna Scithe,Mists of Tirna Scithe,,,9:35 PM
mKNfAYhxTLXrqnvb,1,wipe,7:09,429,62290,Mists of Tirna Scithe,Mists of Tirna Scithe,,,9:16 PM
mKNfAYhxTLXrqnvb,2,wipe,11:50,710,62290,Mists of Tirna Scithe,Mists of Tirna Scithe,,,9:24 PM
mKNfAYhxTLXrqnvb,1,wipe,7:09,429,62290,Mists of Tirna Scithe,Mists of Tirna Scithe,,,9:16 PM
mKNfAYhxTLXrqnvb,2,wipe,11:50,710,62290,Mists of Tirna Scithe,Mists of Tirna Scithe,,,9:24 PM
mKNfAYhxTLXrqnvb,4,wipe,0:00,0,62286,The Necrotic Wake,The Necrotic Wake,,,10:07 PM
mKNfAYhxTLXrqnvb,5,wipe,1:11,71,62286,The Necrotic Wake,The Necrotic Wake,,,10:09 PM
mKNfAYhxTLXrqnvb,4,wipe,0:00,0,62286,The Necrotic Wake,The Necrotic Wake,,,10:07 PM
mKNfAYhxTLXrqnvb,5,wipe,1:11,71,62286,The Necrotic Wake,The Necrotic Wake,,,10:09 PM
xy8Qg6Hmjp3NzP2F,3,kill,26:17,1577,62290,Mists of Tirna Scithe,Mists of Tirna Scithe,,,9:35 PM
xy8Qg6Hmjp3NzP2F,1,wipe,7:09,429,62290,Mists of Tirna Scithe,Mists of Tirna Scithe,,,9:16 PM
xy8Qg6Hmjp3NzP2F,2,wipe,11:50,710,62290,Mists of Tirna Scithe,Mists of Tirna Scithe,,,9:24 PM
xy8Qg6Hmjp3NzP2F,1,wipe,7:09,429,62290,Mists of Tirna Scithe,Mists of Tirna Scithe,,,9:16 PM
xy8Qg6Hmjp3NzP2F,2,wipe,11:50,710,62290,Mists of Tirna Scithe,Mists of Tirna Scithe,,,9:24 PM
7x42DM3HNWBgybRV,1,wipe,0:00,0,62286,The Necrotic Wake,The Necrotic Wake,,,3:25 PM
7x42DM3HNWBgybRV,2,wipe,11:40,700,62286,The Necrotic Wake,The Necrotic Wake,,,3:25 PM
7x42DM3HNWBgybRV,7,wipe,0:00,0,62286,The Necrotic Wake,The Necrotic Wake,,,5:23 PM
7x42DM3HNWBgybRV,8,wipe,17:32,1052,62286,The Necrotic Wake,The Necrotic Wake,,,5:24 PM
7x42DM3HNWBgybRV,1,wipe,0:00,0,62286,The Necrotic Wake,The Necrotic Wake,,,3:25 PM
7x42DM3HNWBgybRV,2,wipe,11:40,700,62286,The Necrotic Wake,The Necrotic Wake,,,3:25 PM
7x42DM3HNWBgybRV,7,wipe,0:00,0,62286,The Necrotic Wake,The Necrotic Wake,,,5:23 PM
7x42DM3HNWBgybRV,8,wipe,17:32,1052,62286,The Necrotic Wake,The Necrotic Wake,,,5:24 PM
7x42DM3HNWBgybRV,4,kill,34:04,2044,62290,Mists of Tirna Scithe,Mists of Tirna Scithe,,,3:37 PM
7x42DM3HNWBgybRV,3,wipe,0:00,0,62290,Mists of Tirna Scithe,Mists of Tirna Scithe,,,3:37 PM
7x42DM3HNWBgybRV,5,wipe,0:00,0,61822,Siege of Boralus,Siege of Boralus,,,4:23 PM
7x42DM3HNWBgybRV,6,wipe,7:37,457,61822,Siege of Boralus,Siege of Boralus,,,4:24 PM
7x42DM3HNWBgybRV,5,wipe,0:00,0,61822,Siege of Boralus,Siege of Boralus,,,4:23 PM
7x42DM3HNWBgybRV,6,wipe,7:37,457,61822,Siege of Boralus,Siege of Boralus,,,4:24 PM
7tRHVP3DNpWaFfmL,,wipe,6:33,393,12662,Hallowfall,Hallowfall,2,Xal'atath's Bargain: Voidbound,7:04 PM
7tRHVP3DNpWaFfmL,3,wipe,13:29,809,62290,Mists of Tirna Scithe,Mists of Tirna Scithe,,,7:49 PM
7tRHVP3DNpWaFfmL,4,wipe,0:00,0,62290,Mists of Tirna Scithe,Mists of Tirna Scithe,,,8:03 PM
7tRHVP3DNpWaFfmL,3,wipe,13:29,809,62290,Mists of Tirna Scithe,Mists of Tirna Scithe,,,7:49 PM
7tRHVP3DNpWaFfmL,4,wipe,0:00,0,62290,Mists of Tirna Scithe,Mists of Tirna Scithe,,,8:03 PM
hnX4afvcpzK6V8wJ,2,wipe,11:41,701,62286,The Necrotic Wake,The Necrotic Wake,,,7:12 PM
hnX4afvcpzK6V8wJ,3,wipe,11:14,674,62286,The Necrotic Wake,The Necrotic Wake,,,7:23 PM
hnX4afvcpzK6V8wJ,2,wipe,11:41,701,62286,The Necrotic Wake,The Necrotic Wake,,,7:12 PM
hnX4afvcpzK6V8wJ,3,wipe,11:14,674,62286,The Necrotic Wake,The Necrotic Wake,,,7:23 PM
hnX4afvcpzK6V8wJ,4,wipe,9:27,567,61822,Siege of Boralus,Siege of Boralus,,,7:35 PM
hnX4afvcpzK6V8wJ,5,wipe,6:04,364,61822,Siege of Boralus,Siege of Boralus,,,7:44 PM
hnX4afvcpzK6V8wJ,4,wipe,9:27,567,61822,Siege of Boralus,Siege of Boralus,,,7:35 PM
hnX4afvcpzK6V8wJ,5,wipe,6:04,364,61822,Siege of Boralus,Siege of Boralus,,,7:44 PM
hnX4afvcpzK6V8wJ,,wipe,10:54,654,62290,Mists of Tirna Scithe,Mists of Tirna Scithe,10,Xal'atath's Bargain: Voidbound,7:50 PM
K3z8BjCpMnXhgfyt,,wipe,1:01:01,3661,12662,Hallowfall,Hallowfall,4,Xal'atath's Bargain: Voidbound,3:41 PM
K3z8BjCpMnXhgfyt,,kill,35:37,2137,62290,Mists of Tirna Scithe,Mists of Tirna Scithe,4,Xal'atath's Bargain: Voidbound,4:42 PM
r2RFq9MkNxy7Q461,,kill,39:38,2378,62286,The Necrotic Wake,The Necrotic Wake,10,Xal'atath's Bargain: Ascendant,11:50 AM
r2RFq9MkNxy7Q461,19,kill,31:12,1872,62290,Mists of Tirna Scithe,Mists of Tirna Scithe,,,3:44 PM
r2RFq9MkNxy7Q461,13,wipe,13:50,830,62290,Mists of Tirna Scithe,Mists of Tirna Scithe,,,12:35 PM
r2RFq9MkNxy7Q461,14,wipe,14:15,855,62290,Mists of Tirna Scithe,Mists of Tirna Scithe,,,12:49 PM
r2RFq9MkNxy7Q461,15,wipe,23:01,1381,62290,Mists of Tirna Scithe,Mists of Tirna Scithe,,,1:03 PM
r2RFq9MkNxy7Q461,16,wipe,16:14,974,62290,Mists of Tirna Scithe,Mists of Tirna Scithe,,,1:26 PM
r2RFq9MkNxy7Q461,13,wipe,13:50,830,62290,Mists of Tirna Scithe,Mists of Tirna Scithe,,,12:35 PM
r2RFq9MkNxy7Q461,14,wipe,14:15,855,62290,Mists of Tirna Scithe,Mists of Tirna Scithe,,,12:49 PM
r2RFq9MkNxy7Q461,15,wipe,23:01,1381,62290,Mists of Tirna Scithe,Mists of Tirna Scithe,,,1:03 PM
r2RFq9MkNxy7Q461,16,wipe,16:14,974,62290,Mists of Tirna Scithe,Mists of Tirna Scithe,,,1:26 PM
r2RFq9MkNxy7Q461,,kill,1:52:50,6770,12652,The Stonevault,The Stonevault,8,Xal'atath's Bargain: Ascendant,1:42 PM
cGtnv9zwB3XrNTAJ,,wipe,28:26,1706,12652,The Stonevault,The Stonevault,5,Xal'atath's Bargain: Voidbound,5:35 PM
cGtnv9zwB3XrNTAJ,4,kill,24:13,1453,62290,Mists of Tirna Scithe,Mists of Tirna Scithe,,,6:07 PM
cGtnv9zwB3XrNTAJ,3,wipe,3:01,181,62290,Mists of Tirna Scithe,Mists of Tirna Scithe,,,6:04 PM
cGtnv9zwB3XrNTAJ,5,wipe,14:38,878,62290,Mists of Tirna Scithe,Mists of Tirna Scithe,,,6:40 PM
cGtnv9zwB3XrNTAJ,3,wipe,3:01,181,62290,Mists of Tirna Scithe,Mists of Tirna Scithe,,,6:04 PM
cGtnv9zwB3XrNTAJ,5,wipe,14:38,878,62290,Mists of Tirna Scithe,Mists of Tirna Scithe,,,6:40 PM
fkjbLFZJMynY3XmN,,wipe,0:00,0,62290,Mists of Tirna Scithe,Mists of Tirna Scithe,10,Xal'atath's Bargain: Voidbound,4:25 PM
kBXnFfp8WDtrJdaT,,wipe,14:58,898,62290,Mists of Tirna Scithe,Mists of Tirna Scithe,10,Xal'atath's Bargain: Frenzied,7:42 PM
PxzfvnWrYDCJpXB9,2,kill,42:12,2532,62286,The Necrotic Wake,The Necrotic Wake,,,8:42 PM
PxzfvnWrYDCJpXB9,1,wipe,0:00,0,62286,The Necrotic Wake,The Necrotic Wake,,,8:42 PM
PxzfvnWrYDCJpXB9,3,wipe,0:00,0,62290,Mists of Tirna Scithe,Mists of Tirna Scithe,,,11:50 PM
PxzfvnWrYDCJpXB9,4,wipe,4:25,265,62290,Mists of Tirna Scithe,Mists of Tirna Scithe,,,11:50 PM
PxzfvnWrYDCJpXB9,5,wipe,1:26,86,62290,Mists of Tirna Scithe,Mists of Tirna Scithe,,,11:56 PM
PxzfvnWrYDCJpXB9,6,wipe,0:00,0,62290,Mists of Tirna Scithe,Mists of Tirna Scithe,,,11:57 PM
PxzfvnWrYDCJpXB9,3,wipe,0:00,0,62290,Mists of Tirna Scithe,Mists of Tirna Scithe,,,11:50 PM
PxzfvnWrYDCJpXB9,4,wipe,4:25,265,62290,Mists of Tirna Scithe,Mists of Tirna Scithe,,,11:50 PM
PxzfvnWrYDCJpXB9,5,wipe,1:26,86,62290,Mists of Tirna Scithe,Mists of Tirna Scithe,,,11:56 PM
PxzfvnWrYDCJpXB9,6,wipe,0:00,0,62290,Mists of Tirna Scithe,Mists of Tirna Scithe,,,11:57 PM
ZT2CmwXR6bHhDvyF,,wipe,11:05,665,62290,Mists of Tirna Scithe,Mists of Tirna Scithe,3,Xal'atath's Bargain: Ascendant,11:01 PM
yRY6qh3489vKBcdn,,kill,28:07,1687,62290,Mists of Tirna Scithe,Mists of Tirna Scithe,10,Xal'atath's Bargain: Ascendant,6:58 PM
fbCVNZ1zD7BaFQ9K,,wipe,17:33,1053,12652,The Stonevault,The Stonevault,7,Xal'atath's Bargain: Ascendant,4:38 PM
fbCVNZ1zD7BaFQ9K,,wipe,19:26,1166,12662,Hallowfall,Hallowfall,6,Xal'atath's Bargain: Ascendant,4:55 PM
fbCVNZ1zD7BaFQ9K,,wipe,20:14,1214,62290,Mists of Tirna Scithe,Mists of Tirna Scithe,3,Xal'atath's Bargain: Ascendant,5:15 PM
7DdVpWRKxZkXgj4w,,wipe,53:47,3227,62290,Mists of Tirna Scithe,Mists of Tirna Scithe,3,Xal'atath's Bargain: Ascendant,10:14 AM
7DdVpWRKxZkXgj4w,,wipe,11:53,713,62286,The Necrotic Wake,The Necrotic Wake,3,Xal'atath's Bargain: Ascendant,11:07 AM
cPa8AWbhHNyrgqmL,,kill,42:44,2564,62286,The Necrotic Wake,The Necrotic Wake,10,Xal'atath's Bargain: Ascendant,7:30 AM
cPa8AWbhHNyrgqmL,,kill,35:30,2130,62290,Mists of Tirna Scithe,Mists of Tirna Scithe,10,Xal'atath's Bargain: Ascendant,8:22 AM
pRqn32VD9dAJQx7M,1,kill,39:43,2383,62290,Mists of Tirna Scithe,Mists of Tirna Scithe,,,2:45 AM
pRqn32VD9dAJQx7M,3,kill,23:53,1433,62290,Mists of Tirna Scithe,Mists of Tirna Scithe,,,3:42 AM
pRqn32VD9dAJQx7M,,kill,32:30,1950,62286,The Necrotic Wake,The Necrotic Wake,11,Xal'atath's Bargain: Voidbound,4:20 AM
qxtnC2ZbkyPzvd6A,,wipe,37:07,2227,12652,The Stonevault,The Stonevault,4,Xal'atath's Bargain: Voidbound,3:35 AM
qxtnC2ZbkyPzvd6A,,wipe,8:52,532,62290,Mists of Tirna Scithe,Mists of Tirna Scithe,4,Xal'atath's Bargain: Voidbound,4:12 AM
cvFnApxTrjKQRJ7C,1,wipe,2:43,163,62290,Mists of Tirna Scithe,Mists of Tirna Scithe,,,9:10 PM
cvFnApxTrjKQRJ7C,2,wipe,29:20,1760,62290,Mists of Tirna Scithe,Mists of Tirna Scithe,,,9:13 PM
cvFnApxTrjKQRJ7C,1,wipe,2:43,163,62290,Mists of Tirna Scithe,Mists of Tirna Scithe,,,9:10 PM
cvFnApxTrjKQRJ7C,2,wipe,29:20,1760,62290,Mists of Tirna Scithe,Mists of Tirna Scithe,,,9:13 PM
WA7nRJY9dk1ya3GQ,,kill,37:31,2251,62290,Mists of Tirna Scithe,Mists of Tirna Scithe,10,Xal'atath's Bargain: Ascendant,6:42 PM
1brBZLv3xfjHqgtA,,kill,39:09,2349,62290,Mists of Tirna Scithe,Mists of Tirna Scithe,5,Xal'atath's Bargain: Voidbound,2:27 AM
Qya8JmfzxdV6T3nq,,kill,43:26,2606,62290,Mists of Tirna Scithe,Mists of Tirna Scithe,10,Xal'atath's Bargain: Voidbound,10:03 AM
BPyqKgZmR9awWj7F,,kill,27:47,1667,62290,Mists of Tirna Scithe,Mists of Tirna Scithe,7,Xal'atath's Bargain: Voidbound,8:12 AM
L7pBXvcK1dM2aQwy,,kill,23:34,1414,62290,Mists of Tirna Scithe,Mists of Tirna Scithe,5,Xal'atath's Bargain: Voidbound,6:59 AM
PwpF2YgAX3xZyn7h,,kill,25:52,1552,62290,Mists of Tirna Scithe,Mists of Tirna Scithe,10,Xal'atath's Bargain: Voidbound,4:39 AM
GMN4r3pzjFLnQTg2,,wipe,26:58,1618,62286,The Necrotic Wake,The Necrotic Wake,4,Xal'atath's Bargain: Voidbound,3:03 AM
GMN4r3pzjFLnQTg2,3,kill,48:19,2899,62290,Mists of Tirna Scithe,Mists of Tirna Scithe,,,4:01 AM
GMN4r3pzjFLnQTg2,2,wipe,31:02,1862,62290,Mists of Tirna Scithe,Mists of Tirna Scithe,,,3:30 AM
kNgnpy71m4MhPvcA,,wipe,29:25,1765,62290,Mists of Tirna Scithe,Mists of Tirna Scithe,10,Xal'atath's Bargain: Voidbound,10:40 PM
kNgnpy71m4MhPvcA,,wipe,10:06,606,62286,The Necrotic Wake,The Necrotic Wake,10,Xal'atath's Bargain: Voidbound,3:32 AM
gc2VaRHGLAFk1qQD,,wipe,13:43,823,62290,Mists of Tirna Scithe,Mists of Tirna Scithe,5,Xal'atath's Bargain: Voidbound,7:23 PM
bvpjK4HhLfDkMWta,,wipe,12:07,727,62290,Mists of Tirna Scithe,Mists of Tirna Scithe,4,Xal'atath's Bargain: Voidbound,6:50 PM
bvpjK4HhLfDkMWta,,kill,42:05,2525,12652,The Stonevault,The Stonevault,3,Fortified,7:50 PM
tnakDRF6zVQGbNv9,,wipe,44:40,2680,62290,Mists of Tirna Scithe,Mists of Tirna Scithe,12,Xal'atath's Bargain: Voidbound,7:13 PM
3Xjb2wGKQqfB9LJv,,kill,30:39,1839,62290,Mists of Tirna Scithe,Mists of Tirna Scithe,10,Xal'atath's Bargain: Voidbound,6:33 PM
cJwBy1arRGAQmkK3,2,kill,45:01,2701,62290,Mists of Tirna Scithe,Mists of Tirna Scithe,,,5:06 PM
cJwBy1arRGAQmkK3,1,wipe,3:04,184,62290,Mists of Tirna Scithe,Mists of Tirna Scithe,,,5:03 PM
yRrXTxm1dJ34nfGF,,kill,32:23,1943,62290,Mists of Tirna Scithe,Mists of Tirna Scithe,10,Xal'atath's Bargain: Voidbound,5:01 PM
kdWfCMJahzX42QbR,,wipe,38:05,2285,62290,Mists of Tirna Scithe,Mists of Tirna Scithe,10,Xal'atath's Bargain: Voidbound,10:15 AM
kdWfCMJahzX42QbR,,wipe,4:22,262,61822,Siege of Boralus,Siege of Boralus,10,Xal'atath's Bargain: Voidbound,11:34 AM
xnkd4pYAMRaNyXCw,2,kill,27:57,1677,62290,Mists of Tirna Scithe,Mists of Tirna Scithe,,,11:27 AM
xnkd4pYAMRaNyXCw,1,wipe,15:06,906,62290,Mists of Tirna Scithe,Mists of Tirna Scithe,,,11:12 AM
jBm2AN4QP6cqMR8Z,,wipe,0:00,0,62290,Mists of Tirna Scithe,Mists of Tirna Scithe,3,Xal'atath's Bargain: Frenzied,2:09 PM
8DRK6Z49FfPHrBty,,kill,28:01,1681,62290,Mists of Tirna Scithe,Mists of Tirna Scithe,7,Xal'atath's Bargain: Voidbound,8:02 AM
fzWDBqRFA4VyKmT8,,wipe,8:46,526,62290,Mists of Tirna Scithe,Mists of Tirna Scithe,12,Xal'atath's Bargain: Frenzied,3:33 AM
AGpLCvaZy6fTXRmr,,kill,35:10,2110,62290,Mists of Tirna Scithe,Mists of Tirna Scithe,10,Xal'atath's Bargain: Ascendant,2:00 PM
jb3JP4yamZd61Bhz,,kill,29:59,1799,62290,Mists of Tirna Scithe,Mists of Tirna Scithe,10,Xal'atath's Bargain: Frenzied,7:26 PM
J829ctyXdwMkGPFg,2,kill,28:47,1727,62290,Mists of Tirna Scithe,Mists of Tirna Scithe,,,3:02 PM
J829ctyXdwMkGPFg,1,wipe,3:31,211,62290,Mists of Tirna Scithe,Mists of Tirna Scithe,,,2:59 PM
JDx7Wab3mdR2Krgk,2,kill,38:46,2326,62290,Mists of Tirna Scithe,Mists of Tirna Scithe,,,1:17 PM
JDx7Wab3mdR2Krgk,6,kill,21:38,1298,62290,Mists of Tirna Scithe,Mists of Tirna Scithe,,,5:03 AM
JDx7Wab3mdR2Krgk,5,wipe,3:21,201,62290,Mists of Tirna Scithe,Mists of Tirna Scithe,,,5:00 AM
JDx7Wab3mdR2Krgk,,wipe,15:57,957,12652,The Stonevault,The Stonevault,8,Xal'atath's Bargain: Ascendant,4:44 AM
Qxa9c8DPRTY2vBmk,,wipe,21:36,1296,62290,Mists of Tirna Scithe,Mists of Tirna Scithe,10,Xal'atath's Bargain: Ascendant,8:40 PM
GA8thnQ1PLvrMV3K,,kill,30:23,1823,62290,Mists of Tirna Scithe,Mists of Tirna Scithe,10,Xal'atath's Bargain: Ascendant,9:45 PM
JpDYzVj3QhkN4XB7,,wipe,6:14,374,62290,Mists of Tirna Scithe,Mists of Tirna Scithe,10,Xal'atath's Bargain: Ascendant,9:14 PM
GDKrkYcn4mdz1QVf,,wipe,3:37,217,62290,Mists of Tirna Scithe,Mists of Tirna Scithe,4,Xal'atath's Bargain: Ascendant,6:07 PM
WCVpXLgfhjMqFYPx,,kill,19:08,1148,62290,Mists of Tirna Scithe,Mists of Tirna Scithe,12,Fortified,3:53 PM
8A9Yg3QHM41RLdny,,kill,18:57,1137,62290,Mists of Tirna Scithe,Mists of Tirna Scithe,4,Tyrannical,7:01 AM
8A9Yg3QHM41RLdny,,kill,17:13,1033,62286,The Necrotic Wake,The Necrotic Wake,3,Tyrannical,7:30 AM
YkDwVj4GTRn8Bz6W,,kill,18:57,1137,62290,Mists of Tirna Scithe,Mists of Tirna Scithe,4,Tyrannical,7:01 AM
tQgMX4PfRxGZKadY,,kill,17:01,1021,62290,Mists of Tirna Scithe,Mists of Tirna Scithe,7,Xal'atath's Bargain: Ascendant,6:25 AM
mHTzQgXP8bYKAhZ6,2,kill,30:59,1859,62290,Mists of Tirna Scithe,Mists of Tirna Scithe,,,5:40 AM
mHTzQgXP8bYKAhZ6,1,wipe,3:19,199,62290,Mists of Tirna Scithe,Mists of Tirna Scithe,,,5:36 AM
LgKGXDHvN72Rm6Zz,,kill,25:34,1534,62290,Mists of Tirna Scithe,Mists of Tirna Scithe,7,Xal'atath's Bargain: Ascendant,12:53 AM
YrtcZDNBgdv63wVf,2,kill,28:43,1723,62290,Mists of Tirna Scithe,Mists of Tirna Scithe,,,2:59 PM
YrtcZDNBgdv63wVf,1,wipe,41:06,2466,62290,Mists of Tirna Scithe,Mists of Tirna Scithe,,,2:18 PM
YrtcZDNBgdv63wVf,5,wipe,0:00,0,62290,Mists of Tirna Scithe,Mists of Tirna Scithe,,,3:36 PM
YrtcZDNBgdv63wVf,6,wipe,13:40,820,62290,Mists of Tirna Scithe,Mists of Tirna Scithe,,,3:39 PM
YrtcZDNBgdv63wVf,7,wipe,11:31,691,62290,Mists of Tirna Scithe,Mists of Tirna Scithe,,,3:52 PM
YrtcZDNBgdv63wVf,8,wipe,5:05,305,62290,Mists of Tirna Scithe,Mists of Tirna Scithe,,,4:04 PM
YrtcZDNBgdv63wVf,1,wipe,41:06,2466,62290,Mists of Tirna Scithe,Mists of Tirna Scithe,,,2:18 PM
YrtcZDNBgdv63wVf,5,wipe,0:00,0,62290,Mists of Tirna Scithe,Mists of Tirna Scithe,,,3:36 PM
YrtcZDNBgdv63wVf,6,wipe,13:40,820,62290,Mists of Tirna Scithe,Mists of Tirna Scithe,,,3:39 PM
YrtcZDNBgdv63wVf,7,wipe,11:31,691,62290,Mists of Tirna Scithe,Mists of Tirna Scithe,,,3:52 PM
YrtcZDNBgdv63wVf,8,wipe,5:05,305,62290,Mists of Tirna Scithe,Mists of Tirna Scithe,,,4:04 PM
21Tj38V4htgMZvmd,,kill,21:24,1284,62290,Mists of Tirna Scithe,Mists of Tirna Scithe,10,Xal'atath's Bargain: Frenzied,3:21 PM
rqBJzd1AV9nNaZcK,,wipe,6:10,370,62290,Mists of Tirna Scithe,Mists of Tirna Scithe,3,Xal'atath's Bargain: Frenzied,11:16 AM
LCt7y2xRKwQrac9J,,kill,33:35,2015,62290,Mists of Tirna Scithe,Mists of Tirna Scithe,10,Xal'atath's Bargain: Frenzied,12:26 PM
wk3J4XvPRM9xg1YQ,,wipe,13:55,835,62286,The Necrotic Wake,The Necrotic Wake,3,Xal'atath's Bargain: Frenzied,11:28 PM
wk3J4XvPRM9xg1YQ,,kill,19:11,1151,62290,Mists of Tirna Scithe,Mists of Tirna Scithe,4,Xal'atath's Bargain: Frenzied,11:42 PM
dMf8jFXKVbyYvnCp,,kill,19:36,1176,62290,Mists of Tirna Scithe,Mists of Tirna Scithe,10,Xal'atath's Bargain: Frenzied,9:39 PM
GgZ29yfWFQ1C3VmX,,kill,25:24,1524,62290,Mists of Tirna Scithe,Mists of Tirna Scithe,10,Xal'atath's Bargain: Frenzied,8:33 PM
JxvGg9X4YaKVktFP,,kill,26:40,1600,62290,Mists of Tirna Scithe,Mists of Tirna Scithe,10,Xal'atath's Bargain: Frenzied,12:43 PM
WLTCncQzqXygJN3M,,wipe,11:10,670,62290,Mists of Tirna Scithe,Mists of Tirna Scithe,5,Xal'atath's Bargain: Frenzied,5:14 AM
Tcm4BDgJRj9n7rpq,,kill,21:52,1312,62290,Mists of Tirna Scithe,Mists of Tirna Scithe,10,Xal'atath's Bargain: Frenzied,12:02 AM
FBZGwr1LHP28JRNz,11,kill,31:42,1902,61822,Siege of Boralus,Siege of Boralus,,,11:36 PM
FBZGwr1LHP28JRNz,1,wipe,11:20,680,61822,Siege of Boralus,Siege of Boralus,,,5:29 PM
FBZGwr1LHP28JRNz,10,wipe,11:21,681,61822,Siege of Boralus,Siege of Boralus,,,11:24 PM
FBZGwr1LHP28JRNz,1,wipe,11:20,680,61822,Siege of Boralus,Siege of Boralus,,,5:29 PM
FBZGwr1LHP28JRNz,10,wipe,11:21,681,61822,Siege of Boralus,Siege of Boralus,,,11:24 PM
FBZGwr1LHP28JRNz,5,kill,22:02,1322,62290,Mists of Tirna Scithe,Mists of Tirna Scithe,,,6:09 PM
FBZGwr1LHP28JRNz,7,kill,23:22,1402,62290,Mists of Tirna Scithe,Mists of Tirna Scithe,,,10:09 PM
FBZGwr1LHP28JRNz,2,wipe,5:12,312,62290,Mists of Tirna Scithe,Mists of Tirna Scithe,,,5:54 PM
FBZGwr1LHP28JRNz,3,wipe,4:44,284,62290,Mists of Tirna Scithe,Mists of Tirna Scithe,,,5:59 PM
FBZGwr1LHP28JRNz,4,wipe,4:44,284,62290,Mists of Tirna Scithe,Mists of Tirna Scithe,,,6:04 PM
FBZGwr1LHP28JRNz,2,wipe,5:12,312,62290,Mists of Tirna Scithe,Mists of Tirna Scithe,,,5:54 PM
FBZGwr1LHP28JRNz,3,wipe,4:44,284,62290,Mists of Tirna Scithe,Mists of Tirna Scithe,,,5:59 PM
FBZGwr1LHP28JRNz,4,wipe,4:44,284,62290,Mists of Tirna Scithe,Mists of Tirna Scithe,,,6:04 PM
FBZGwr1LHP28JRNz,,kill,34:00,2040,12662,Hallowfall,Hallowfall,11,Xal'atath's Bargain: Frenzied,10:54 PM
bFBQ2qTkz9Y74pn8,,wipe,11:20,680,61822,Siege of Boralus,Siege of Boralus,10,Xal'atath's Bargain: Frenzied,5:29 PM
bFBQ2qTkz9Y74pn8,5,kill,22:02,1322,62290,Mists of Tirna Scithe,Mists of Tirna Scithe,,,6:09 PM
bFBQ2qTkz9Y74pn8,7,kill,23:22,1402,62290,Mists of Tirna Scithe,Mists of Tirna Scithe,,,10:09 PM
bFBQ2qTkz9Y74pn8,2,wipe,5:12,312,62290,Mists of Tirna Scithe,Mists of Tirna Scithe,,,5:54 PM
bFBQ2qTkz9Y74pn8,3,wipe,4:44,284,62290,Mists of Tirna Scithe,Mists of Tirna Scithe,,,5:59 PM
bFBQ2qTkz9Y74pn8,4,wipe,4:44,284,62290,Mists of Tirna Scithe,Mists of Tirna Scithe,,,6:04 PM
bFBQ2qTkz9Y74pn8,2,wipe,5:12,312,62290,Mists of Tirna Scithe,Mists of Tirna Scithe,,,5:54 PM
bFBQ2qTkz9Y74pn8,3,wipe,4:44,284,62290,Mists of Tirna Scithe,Mists of Tirna Scithe,,,5:59 PM
bFBQ2qTkz9Y74pn8,4,wipe,4:44,284,62290,Mists of Tirna Scithe,Mists of Tirna Scithe,,,6:04 PM
6L9TCftQYcXAp34h,,kill,21:56,1316,62290,Mists of Tirna Scithe,Mists of Tirna Scithe,3,Tyrannical,6:55 AM
cM1YB8mDZKaFz2gw,,wipe,11:20,680,61822,Siege of Boralus,Siege of Boralus,10,Xal'atath's Bargain: Frenzied,5:29 PM
cM1YB8mDZKaFz2gw,5,kill,22:02,1322,62290,Mists of Tirna Scithe,Mists of Tirna Scithe,,,6:09 PM
cM1YB8mDZKaFz2gw,2,wipe,5:12,312,62290,Mists of Tirna Scithe,Mists of Tirna Scithe,,,5:54 PM
cM1YB8mDZKaFz2gw,3,wipe,4:44,284,62290,Mists of Tirna Scithe,Mists of Tirna Scithe,,,5:59 PM
cM1YB8mDZKaFz2gw,4,wipe,4:44,284,62290,Mists of Tirna Scithe,Mists of Tirna Scithe,,,6:04 PM
cM1YB8mDZKaFz2gw,2,wipe,5:12,312,62290,Mists of Tirna Scithe,Mists of Tirna Scithe,,,5:54 PM
cM1YB8mDZKaFz2gw,3,wipe,4:44,284,62290,Mists of Tirna Scithe,Mists of Tirna Scithe,,,5:59 PM
cM1YB8mDZKaFz2gw,4,wipe,4:44,284,62290,Mists of Tirna Scithe,Mists of Tirna Scithe,,,6:04 PM
VJMqgc6fzDL7PjF1,,wipe,4:39,279,62290,Mists of Tirna Scithe,Mists of Tirna Scithe,10,Xal'atath's Bargain: Frenzied,1:57 AM
VJMqgc6fzDL7PjF1,2,kill,44:41,2681,12662,Hallowfall,Hallowfall,,,2:02 AM
VJMqgc6fzDL7PjF1,15,kill,17:24,1044,12662,Hallowfall,Hallowfall,,,5:16 AM
VJMqgc6fzDL7PjF1,,wipe,1:59:06,7146,12652,The Stonevault,The Stonevault,10,Xal'atath's Bargain: Frenzied,3:17 AM
dY93tfgrZcyqaTjJ,1,wipe,9:33,573,12662,Hallowfall,Hallowfall,,,1:07 PM
dY93tfgrZcyqaTjJ,8,wipe,4:42,282,12662,Hallowfall,Hallowfall,,,8:50 PM
dY93tfgrZcyqaTjJ,9,wipe,9:59,599,12662,Hallowfall,Hallowfall,,,8:54 PM
dY93tfgrZcyqaTjJ,1,wipe,9:33,573,12662,Hallowfall,Hallowfall,,,1:07 PM
dY93tfgrZcyqaTjJ,8,wipe,4:42,282,12662,Hallowfall,Hallowfall,,,8:50 PM
dY93tfgrZcyqaTjJ,9,wipe,9:59,599,12662,Hallowfall,Hallowfall,,,8:54 PM
dY93tfgrZcyqaTjJ,2,wipe,4:58,298,62290,Mists of Tirna Scithe,Mists of Tirna Scithe,,,1:17 PM
dY93tfgrZcyqaTjJ,3,wipe,41:51,2511,62290,Mists of Tirna Scithe,Mists of Tirna Scithe,,,1:22 PM
dY93tfgrZcyqaTjJ,2,wipe,4:58,298,62290,Mists of Tirna Scithe,Mists of Tirna Scithe,,,1:17 PM
dY93tfgrZcyqaTjJ,3,wipe,41:51,2511,62290,Mists of Tirna Scithe,Mists of Tirna Scithe,,,1:22 PM
dY93tfgrZcyqaTjJ,5,kill,36:17,2177,62286,The Necrotic Wake,The Necrotic Wake,,,5:18 PM
dY93tfgrZcyqaTjJ,13,kill,23:33,1413,62286,The Necrotic Wake,The Necrotic Wake,,,9:24 PM
dY93tfgrZcyqaTjJ,4,wipe,47:49,2869,62286,The Necrotic Wake,The Necrotic Wake,,,2:04 PM
dY93tfgrZcyqaTjJ,7,wipe,24:18,1458,62286,The Necrotic Wake,The Necrotic Wake,,,6:18 PM
dY93tfgrZcyqaTjJ,10,wipe,5:28,328,62286,The Necrotic Wake,The Necrotic Wake,,,9:04 PM
dY93tfgrZcyqaTjJ,11,wipe,3:01,181,62286,The Necrotic Wake,The Necrotic Wake,,,9:10 PM
dY93tfgrZcyqaTjJ,12,wipe,11:30,690,62286,The Necrotic Wake,The Necrotic Wake,,,9:13 PM
dY93tfgrZcyqaTjJ,4,wipe,47:49,2869,62286,The Necrotic Wake,The Necrotic Wake,,,2:04 PM
dY93tfgrZcyqaTjJ,7,wipe,24:18,1458,62286,The Necrotic Wake,The Necrotic Wake,,,6:18 PM
dY93tfgrZcyqaTjJ,10,wipe,5:28,328,62286,The Necrotic Wake,The Necrotic Wake,,,9:04 PM
dY93tfgrZcyqaTjJ,11,wipe,3:01,181,62286,The Necrotic Wake,The Necrotic Wake,,,9:10 PM
dY93tfgrZcyqaTjJ,12,wipe,11:30,690,62286,The Necrotic Wake,The Necrotic Wake,,,9:13 PM
B6mavpVxfhwF49P7,,kill,30:59,1859,62290,Mists of Tirna Scithe,Mists of Tirna Scithe,5,Xal'atath's Bargain: Frenzied,4:20 PM
NndpGzTLwrWAjQbR,1,wipe,2:46,166,62290,Mists of Tirna Scithe,Mists of Tirna Scithe,,,4:17 PM
NndpGzTLwrWAjQbR,2,wipe,7:24,444,62290,Mists of Tirna Scithe,Mists of Tirna Scithe,,,4:19 PM
NndpGzTLwrWAjQbR,1,wipe,2:46,166,62290,Mists of Tirna Scithe,Mists of Tirna Scithe,,,4:17 PM
NndpGzTLwrWAjQbR,2,wipe,7:24,444,62290,Mists of Tirna Scithe,Mists of Tirna Scithe,,,4:19 PM
2R3CzANTQ7m6gLHX,,wipe,0:00,0,62290,Mists of Tirna Scithe,Mists of Tirna Scithe,4,Xal'atath's Bargain: Frenzied,2:22 PM
HjzTWthbaKVcyJ2f,2,wipe,4:26,266,12662,Hallowfall,Hallowfall,,,1:37 PM
HjzTWthbaKVcyJ2f,3,wipe,13:40,820,12662,Hallowfall,Hallowfall,,,1:41 PM
HjzTWthbaKVcyJ2f,2,wipe,4:26,266,12662,Hallowfall,Hallowfall,,,1:37 PM
HjzTWthbaKVcyJ2f,3,wipe,13:40,820,12662,Hallowfall,Hallowfall,,,1:41 PM
HjzTWthbaKVcyJ2f,,wipe,0:00,0,62290,Mists of Tirna Scithe,Mists of Tirna Scithe,11,Xal'atath's Bargain: Frenzied,1:55 PM
3kxFW6dNTqRpgmwJ,,kill,26:24,1584,62290,Mists of Tirna Scithe,Mists of Tirna Scithe,10,Xal'atath's Bargain: Frenzied,1:26 PM
J1KTnDCtAyhXmPj9,4,kill,19:17,1157,62290,Mists of Tirna Scithe,Mists of Tirna Scithe,,,11:20 AM
J1KTnDCtAyhXmPj9,2,wipe,9:08,548,62290,Mists of Tirna Scithe,Mists of Tirna Scithe,,,11:03 AM
J1KTnDCtAyhXmPj9,3,wipe,8:04,484,62290,Mists of Tirna Scithe,Mists of Tirna Scithe,,,11:12 AM
J1KTnDCtAyhXmPj9,2,wipe,9:08,548,62290,Mists of Tirna Scithe,Mists of Tirna Scithe,,,11:03 AM
J1KTnDCtAyhXmPj9,3,wipe,8:04,484,62290,Mists of Tirna Scithe,Mists of Tirna Scithe,,,11:12 AM
9PDXRYzCV3dKwHgb,,kill,31:20,1880,62290,Mists of Tirna Scithe,Mists of Tirna Scithe,6,Xal'atath's Bargain: Frenzied,4:11 PM
wYFWt7VMJmzRkpZx,,kill,30:06,1806,62290,Mists of Tirna Scithe,Mists of Tirna Scithe,4,Fortified,3:34 AM
PtqV3nD8FMr6dvgH,,kill,22:07,1327,62290,Mists of Tirna Scithe,Mists of Tirna Scithe,4,Xal'atath's Bargain: Frenzied,9:25 PM
tXcBPqMwnmhDvfa4,,kill,21:24,1284,62290,Mists of Tirna Scithe,Mists of Tirna Scithe,4,Xal'atath's Bargain: Frenzied,9:26 PM
tXcBPqMwnmhDvfa4,,kill,30:43,1843,12652,The Stonevault,The Stonevault,4,Xal'atath's Bargain: Ascendant,9:56 PM
tXcBPqMwnmhDvfa4,,kill,22:41,1361,62286,The Necrotic Wake,The Necrotic Wake,6,Xal'atath's Bargain: Ascendant,10:33 PM
tXcBPqMwnmhDvfa4,,kill,34:54,2094,61822,Siege of Boralus,Siege of Boralus,6,Xal'atath's Bargain: Ascendant,11:01 PM
KmcT23fWytAxphB4,,kill,26:22,1582,62290,Mists of Tirna Scithe,Mists of Tirna Scithe,12,Tyrannical,11:48 PM
KmcT23fWytAxphB4,5,kill,42:55,2575,62286,The Necrotic Wake,The Necrotic Wake,,,12:39 AM
KmcT23fWytAxphB4,3,wipe,15:09,909,62286,The Necrotic Wake,The Necrotic Wake,,,12:19 AM
KmcT23fWytAxphB4,4,wipe,3:58,238,62286,The Necrotic Wake,The Necrotic Wake,,,12:35 AM
KmcT23fWytAxphB4,3,wipe,15:09,909,62286,The Necrotic Wake,The Necrotic Wake,,,12:19 AM
KmcT23fWytAxphB4,4,wipe,3:58,238,62286,The Necrotic Wake,The Necrotic Wake,,,12:35 AM
zKCGBa2jxkZrJ1Yp,1,kill,35:20,2120,62290,Mists of Tirna Scithe,Mists of Tirna Scithe,,,9:18 PM
zKCGBa2jxkZrJ1Yp,4,kill,25:20,1520,62290,Mists of Tirna Scithe,Mists of Tirna Scithe,,,11:15 PM
zKCGBa2jxkZrJ1Yp,3,wipe,11:02,662,62290,Mists of Tirna Scithe,Mists of Tirna Scithe,,,11:04 PM
FGkmqvNrA1VJjTD6,,kill,40:53,2453,62290,Mists of Tirna Scithe,Mists of Tirna Scithe,10,Xal'atath's Bargain: Ascendant,9:08 PM
Dt8nPKhNACbyRWZc,4,kill,31:58,1918,62290,Mists of Tirna Scithe,Mists of Tirna Scithe,,,1:15 PM
Dt8nPKhNACbyRWZc,1,wipe,24:37,1477,62290,Mists of Tirna Scithe,Mists of Tirna Scithe,,,12:26 PM
Dt8nPKhNACbyRWZc,2,wipe,14:55,895,62290,Mists of Tirna Scithe,Mists of Tirna Scithe,,,12:50 PM
Dt8nPKhNACbyRWZc,3,wipe,9:24,564,62290,Mists of Tirna Scithe,Mists of Tirna Scithe,,,1:05 PM
Dt8nPKhNACbyRWZc,1,wipe,24:37,1477,62290,Mists of Tirna Scithe,Mists of Tirna Scithe,,,12:26 PM
Dt8nPKhNACbyRWZc,2,wipe,14:55,895,62290,Mists of Tirna Scithe,Mists of Tirna Scithe,,,12:50 PM
Dt8nPKhNACbyRWZc,3,wipe,9:24,564,62290,Mists of Tirna Scithe,Mists of Tirna Scithe,,,1:05 PM
wZFBY29v8cfJHVjt,2,kill,30:40,1840,62290,Mists of Tirna Scithe,Mists of Tirna Scithe,,,12:56 PM
wZFBY29v8cfJHVjt,17,kill,32:25,1945,62290,Mists of Tirna Scithe,Mists of Tirna Scithe,,,7:24 PM
wZFBY29v8cfJHVjt,1,wipe,16:10,970,62290,Mists of Tirna Scithe,Mists of Tirna Scithe,,,12:40 PM
wZFBY29v8cfJHVjt,6,kill,53:38,3218,61822,Siege of Boralus,Siege of Boralus,,,1:54 PM
wZFBY29v8cfJHVjt,21,kill,57:17,3437,61822,Siege of Boralus,Siege of Boralus,,,8:34 PM
wZFBY29v8cfJHVjt,5,wipe,21:56,1316,61822,Siege of Boralus,Siege of Boralus,,,1:32 PM
wZFBY29v8cfJHVjt,19,wipe,9:55,595,61822,Siege of Boralus,Siege of Boralus,,,8:10 PM
wZFBY29v8cfJHVjt,20,wipe,13:53,833,61822,Siege of Boralus,Siege of Boralus,,,8:20 PM
wZFBY29v8cfJHVjt,5,wipe,21:56,1316,61822,Siege of Boralus,Siege of Boralus,,,1:32 PM
wZFBY29v8cfJHVjt,19,wipe,9:55,595,61822,Siege of Boralus,Siege of Boralus,,,8:10 PM
wZFBY29v8cfJHVjt,20,wipe,13:53,833,61822,Siege of Boralus,Siege of Boralus,,,8:20 PM
wZFBY29v8cfJHVjt,23,kill,1:25:32,5132,12662,Hallowfall,Hallowfall,,,9:33 PM
wZFBY29v8cfJHVjt,11,wipe,41:41,2501,12662,Hallowfall,Hallowfall,,,3:03 PM
wZFBY29v8cfJHVjt,12,wipe,1:24:47,5087,12662,Hallowfall,Hallowfall,,,3:48 PM
wZFBY29v8cfJHVjt,11,wipe,41:41,2501,12662,Hallowfall,Hallowfall,,,3:03 PM
wZFBY29v8cfJHVjt,12,wipe,1:24:47,5087,12662,Hallowfall,Hallowfall,,,3:48 PM
wZFBY29v8cfJHVjt,13,wipe,52:11,3131,12652,The Stonevault,The Stonevault,,,5:12 PM
wZFBY29v8cfJHVjt,14,wipe,56:32,3392,12652,The Stonevault,The Stonevault,,,6:06 PM
wZFBY29v8cfJHVjt,16,wipe,0:00,0,12652,The Stonevault,The Stonevault,,,7:20 PM
wZFBY29v8cfJHVjt,13,wipe,52:11,3131,12652,The Stonevault,The Stonevault,,,5:12 PM
wZFBY29v8cfJHVjt,14,wipe,56:32,3392,12652,The Stonevault,The Stonevault,,,6:06 PM
wZFBY29v8cfJHVjt,16,wipe,0:00,0,12652,The Stonevault,The Stonevault,,,7:20 PM
7TkBmwr1WVhZfFyY,1,wipe,11:11,671,62290,Mists of Tirna Scithe,Mists of Tirna Scithe,,,3:42 PM
7TkBmwr1WVhZfFyY,2,wipe,0:00,0,62290,Mists of Tirna Scithe,Mists of Tirna Scithe,,,3:54 PM
7TkBmwr1WVhZfFyY,1,wipe,11:11,671,62290,Mists of Tirna Scithe,Mists of Tirna Scithe,,,3:42 PM
7TkBmwr1WVhZfFyY,2,wipe,0:00,0,62290,Mists of Tirna Scithe,Mists of Tirna Scithe,,,3:54 PM
gYFnCcdNHB2xpAv7,1,wipe,20:22,1222,62286,The Necrotic Wake,The Necrotic Wake,,,5:50 AM
gYFnCcdNHB2xpAv7,2,wipe,47:24,2844,62286,The Necrotic Wake,The Necrotic Wake,,,6:10 AM
gYFnCcdNHB2xpAv7,1,wipe,20:22,1222,62286,The Necrotic Wake,The Necrotic Wake,,,5:50 AM
gYFnCcdNHB2xpAv7,2,wipe,47:24,2844,62286,The Necrotic Wake,The Necrotic Wake,,,6:10 AM
gYFnCcdNHB2xpAv7,,wipe,21:22,1282,62290,Mists of Tirna Scithe,Mists of Tirna Scithe,3,Xal'atath's Bargain: Frenzied,6:58 AM
PDbWqhV6fXHRc9AB,,wipe,4:39,279,62290,Mists of Tirna Scithe,Mists of Tirna Scithe,10,Xal'atath's Bargain: Frenzied,1:57 AM
PDbWqhV6fXHRc9AB,2,kill,44:41,2681,12662,Hallowfall,Hallowfall,,,2:02 AM
PDbWqhV6fXHRc9AB,15,kill,17:24,1044,12662,Hallowfall,Hallowfall,,,5:16 AM
PDbWqhV6fXHRc9AB,,wipe,1:59:06,7146,12652,The Stonevault,The Stonevault,10,Xal'atath's Bargain: Frenzied,3:17 AM
3Jqb2GAHQNKPL4R1,43,kill,44:41,2681,12662,Hallowfall,Hallowfall,,,2:02 AM
3Jqb2GAHQNKPL4R1,1,wipe,25:58,1558,12662,Hallowfall,Hallowfall,,,4:10 AM
3Jqb2GAHQNKPL4R1,3,kill,28:19,1699,62290,Mists of Tirna Scithe,Mists of Tirna Scithe,,,7:18 PM
3Jqb2GAHQNKPL4R1,42,wipe,4:39,279,62290,Mists of Tirna Scithe,Mists of Tirna Scithe,,,1:57 AM
nabhyCcz9r82BWAZ,,kill,22:12,1332,62290,Mists of Tirna Scithe,Mists of Tirna Scithe,4,Xal'atath's Bargain: Frenzied,11:32 PM
wzQWDVfLb7nJY2My,2,wipe,9:15,555,62290,Mists of Tirna Scithe,Mists of Tirna Scithe,,,1:58 PM
wzQWDVfLb7nJY2My,3,wipe,3:23,203,62290,Mists of Tirna Scithe,Mists of Tirna Scithe,,,2:07 PM
wzQWDVfLb7nJY2My,4,wipe,4:04,244,62290,Mists of Tirna Scithe,Mists of Tirna Scithe,,,2:10 PM
wzQWDVfLb7nJY2My,5,wipe,2:00,120,62290,Mists of Tirna Scithe,Mists of Tirna Scithe,,,2:14 PM
wzQWDVfLb7nJY2My,6,wipe,4:14,254,62290,Mists of Tirna Scithe,Mists of Tirna Scithe,,,2:16 PM
wzQWDVfLb7nJY2My,2,wipe,9:15,555,62290,Mists of Tirna Scithe,Mists of Tirna Scithe,,,1:58 PM
wzQWDVfLb7nJY2My,3,wipe,3:23,203,62290,Mists of Tirna Scithe,Mists of Tirna Scithe,,,2:07 PM
wzQWDVfLb7nJY2My,4,wipe,4:04,244,62290,Mists of Tirna Scithe,Mists of Tirna Scithe,,,2:10 PM
wzQWDVfLb7nJY2My,5,wipe,2:00,120,62290,Mists of Tirna Scithe,Mists of Tirna Scithe,,,2:14 PM
wzQWDVfLb7nJY2My,6,wipe,4:14,254,62290,Mists of Tirna Scithe,Mists of Tirna Scithe,,,2:16 PM
HMDAdPat2bBRfFwL,,kill,32:27,1947,62290,Mists of Tirna Scithe,Mists of Tirna Scithe,7,Xal'atath's Bargain: Frenzied,3:39 PM
dRNQ9XtwMkghxDnB,,wipe,31:37,1897,61822,Siege of Boralus,Siege of Boralus,3,Xal'atath's Bargain: Frenzied,2:04 PM
dRNQ9XtwMkghxDnB,,wipe,2:21,141,62290,Mists of Tirna Scithe,Mists of Tirna Scithe,6,Fortified,2:35 PM
kxdRNHwGXjmVTh7f,,wipe,22:30,1350,62290,Mists of Tirna Scithe,Mists of Tirna Scithe,3,Xal'atath's Bargain: Frenzied,10:09 AM
39HMDJ7rfWwkYygK,1,wipe,12:31,751,62290,Mists of Tirna Scithe,Mists of Tirna Scithe,,,7:06 AM
39HMDJ7rfWwkYygK,2,wipe,18:44,1124,62290,Mists of Tirna Scithe,Mists of Tirna Scithe,,,7:18 AM
39HMDJ7rfWwkYygK,1,wipe,12:31,751,62290,Mists of Tirna Scithe,Mists of Tirna Scithe,,,7:06 AM
39HMDJ7rfWwkYygK,2,wipe,18:44,1124,62290,Mists of Tirna Scithe,Mists of Tirna Scithe,,,7:18 AM
39HMDJ7rfWwkYygK,,kill,37:40,2260,12662,Hallowfall,Hallowfall,7,Xal'atath's Bargain: Frenzied,8:27 AM
FDk2AM1BvdTVmQyw,,kill,34:00,2040,62290,Mists of Tirna Scithe,Mists of Tirna Scithe,10,Xal'atath's Bargain: Ascendant,12:57 AM
MyGRCLwrB1gVcmQF,,wipe,1:48,108,62290,Mists of Tirna Scithe,Mists of Tirna Scithe,8,Xal'atath's Bargain: Frenzied,11:58 PM
Ct7Fx9R3NvGbZrXJ,,kill,24:32,1472,62290,Mists of Tirna Scithe,Mists of Tirna Scithe,6,Xal'atath's Bargain: Frenzied,10:45 PM
4W6XxqacNFRzbyrZ,,wipe,48:38,2918,62290,Mists of Tirna Scithe,Mists of Tirna Scithe,3,Xal'atath's Bargain: Ascendant,6:32 AM
kNRhpfTXaZLjybwJ,,wipe,23:07,1387,62290,Mists of Tirna Scithe,Mists of Tirna Scithe,3,Xal'atath's Bargain: Ascendant,6:32 AM
28kpHJYFv4DZwzTd,,kill,27:55,1675,62286,The Necrotic Wake,The Necrotic Wake,4,Xal'atath's Bargain: Ascendant,5:51 AM
28kpHJYFv4DZwzTd,,kill,18:08,1088,62290,Mists of Tirna Scithe,Mists of Tirna Scithe,4,Xal'atath's Bargain: Ascendant,6:23 AM
wAC7gnfDK8pFc6hr,,kill,30:06,1806,62290,Mists of Tirna Scithe,Mists of Tirna Scithe,4,Fortified,3:34 AM
AYG4MmzPNvV8hk2a,,wipe,4:11,251,62290,Mists of Tirna Scithe,Mists of Tirna Scithe,5,Xal'atath's Bargain: Ascendant,5:10 AM
TKZvqx2htJdcVf1j,,kill,30:06,1806,62290,Mists of Tirna Scithe,Mists of Tirna Scithe,4,Fortified,3:34 AM
P2DYx8MVgyF1KTjq,,kill,24:42,1482,62290,Mists of Tirna Scithe,Mists of Tirna Scithe,10,Xal'atath's Bargain: Ascendant,2:29 AM
zg1FBWYc8CNtxhRn,,wipe,0:00,0,62290,Mists of Tirna Scithe,Mists of Tirna Scithe,3,Xal'atath's Bargain: Ascendant,1:41 AM
JdH7rkMgnAF8Zm4C,1,wipe,25:22,1522,62290,Mists of Tirna Scithe,Mists of Tirna Scithe,,,11:18 PM
JdH7rkMgnAF8Zm4C,2,wipe,32:20,1940,62290,Mists of Tirna Scithe,Mists of Tirna Scithe,,,11:43 PM
JdH7rkMgnAF8Zm4C,1,wipe,25:22,1522,62290,Mists of Tirna Scithe,Mists of Tirna Scithe,,,11:18 PM
JdH7rkMgnAF8Zm4C,2,wipe,32:20,1940,62290,Mists of Tirna Scithe,Mists of Tirna Scithe,,,11:43 PM
GJfzZ26yQ7WmD1tR,,kill,20:12,1212,62290,Mists of Tirna Scithe,Mists of Tirna Scithe,7,Xal'atath's Bargain: Ascendant,11:34 PM
ThJRkr4PWp9cyVMw,,wipe,55:42,3342,12652,The Stonevault,The Stonevault,7,Xal'atath's Bargain: Ascendant,9:16 PM
ThJRkr4PWp9cyVMw,,kill,40:26,2426,62290,Mists of Tirna Scithe,Mists of Tirna Scithe,10,Xal'atath's Bargain: Ascendant,10:12 PM
cf3AHWdrVB97FhLR,,kill,26:44,1604,62290,Mists of Tirna Scithe,Mists of Tirna Scithe,10,Xal'atath's Bargain: Ascendant,8:59 PM
67CYknpwB1t8DmfK,2,wipe,34:21,2061,12662,Hallowfall,Hallowfall,,,3:18 PM
67CYknpwB1t8DmfK,5,wipe,59:47,3587,12662,Hallowfall,Hallowfall,,,4:40 PM
67CYknpwB1t8DmfK,2,wipe,34:21,2061,12662,Hallowfall,Hallowfall,,,3:18 PM
67CYknpwB1t8DmfK,5,wipe,59:47,3587,12662,Hallowfall,Hallowfall,,,4:40 PM
67CYknpwB1t8DmfK,,kill,22:29,1349,62290,Mists of Tirna Scithe,Mists of Tirna Scithe,5,Xal'atath's Bargain: Ascendant,3:53 PM
MnkzJLyrTAf1GV32,,kill,32:56,1976,62290,Mists of Tirna Scithe,Mists of Tirna Scithe,10,Xal'atath's Bargain: Ascendant,4:48 PM
tK9nvhW2FbCqRaZc,,kill,27:51,1671,62290,Mists of Tirna Scithe,Mists of Tirna Scithe,10,Xal'atath's Bargain: Ascendant,4:12 PM
fNtK4xJXPmZhbjVv,2,wipe,6:42,402,62290,Mists of Tirna Scithe,Mists of Tirna Scithe,,,3:41 PM
fNtK4xJXPmZhbjVv,3,wipe,0:52,52,62290,Mists of Tirna Scithe,Mists of Tirna Scithe,,,3:47 PM
fNtK4xJXPmZhbjVv,2,wipe,6:42,402,62290,Mists of Tirna Scithe,Mists of Tirna Scithe,,,3:41 PM
fNtK4xJXPmZhbjVv,3,wipe,0:52,52,62290,Mists of Tirna Scithe,Mists of Tirna Scithe,,,3:47 PM
MHDv7JLjxBY8AR3N,,wipe,1:44,104,62290,Mists of Tirna Scithe,Mists of Tirna Scithe,7,Xal'atath's Bargain: Ascendant,3:41 PM
gYV7h8RFjrQ6fMCD,,wipe,24:51,1491,62290,Mists of Tirna Scithe,Mists of Tirna Scithe,3,Xal'atath's Bargain: Ascendant,11:09 AM
7bavzjcFC4Vg9RpJ,,wipe,21:51,1311,62290,Mists of Tirna Scithe,Mists of Tirna Scithe,3,Xal'atath's Bargain: Ascendant,11:09 AM
fYgTQNdHV8JZCBPz,,wipe,1:48,108,62290,Mists of Tirna Scithe,Mists of Tirna Scithe,3,Xal'atath's Bargain: Ascendant,11:09 AM
9Tm62at7LpyRg4Vk,,wipe,11:43,703,62290,Mists of Tirna Scithe,Mists of Tirna Scithe,6,Fortified,9:19 AM
9Tm62at7LpyRg4Vk,3,kill,1:09:57,4197,12662,Hallowfall,Hallowfall,,,9:43 AM
9Tm62at7LpyRg4Vk,2,wipe,12:21,741,12662,Hallowfall,Hallowfall,,,9:31 AM
yKZMW69Pn47fAkc8,,wipe,1:28,88,62290,Mists of Tirna Scithe,Mists of Tirna Scithe,4,Xal'atath's Bargain: Ascendant,3:23 AM
WBLnvaD1cTjX3NqP,,kill,22:24,1344,62290,Mists of Tirna Scithe,Mists of Tirna Scithe,5,Xal'atath's Bargain: Ascendant,11:35 PM
z4rL8qVKvbJ9Gant,,wipe,21:35,1295,12662,Hallowfall,Hallowfall,3,Tyrannical,6:19 PM
z4rL8qVKvbJ9Gant,,kill,26:26,1586,62290,Mists of Tirna Scithe,Mists of Tirna Scithe,4,Fortified,6:41 PM
z4rL8qVKvbJ9Gant,,kill,32:12,1932,12652,The Stonevault,The Stonevault,2,Fortified,7:30 PM
HCwf1AFtBj3Y8VZh,,kill,19:54,1194,62290,Mists of Tirna Scithe,Mists of Tirna Scithe,4,Tyrannical,6:34 PM
438RFptX9qyj7xP1,,kill,21:24,1284,62290,Mists of Tirna Scithe,Mists of Tirna Scithe,5,Tyrannical,1:54 PM
FKqwRxa7yck6HDQN,,wipe,14:12,852,62290,Mists of Tirna Scithe,Mists of Tirna Scithe,5,Tyrannical,1:54 PM
JhFr6WZN3anHxpVd,,wipe,0:34,34,62290,Mists of Tirna Scithe,Mists of Tirna Scithe,3,Fortified,5:28 AM
3LhA4Kg9JRYwbjZd,,kill,19:48,1188,62290,Mists of Tirna Scithe,Mists of Tirna Scithe,8,Fortified,12:26 AM
wnNkqVfG4XyDjat6,2,wipe,24:49,1489,62290,Mists of Tirna Scithe,Mists of Tirna Scithe,,,9:03 PM
wnNkqVfG4XyDjat6,3,wipe,0:00,0,62290,Mists of Tirna Scithe,Mists of Tirna Scithe,,,9:32 PM
wnNkqVfG4XyDjat6,2,wipe,24:49,1489,62290,Mists of Tirna Scithe,Mists of Tirna Scithe,,,9:03 PM
wnNkqVfG4XyDjat6,3,wipe,0:00,0,62290,Mists of Tirna Scithe,Mists of Tirna Scithe,,,9:32 PM
Y4HV17MKwaGDxqkz,,kill,34:57,2097,62290,Mists of Tirna Scithe,Mists of Tirna Scithe,5,Tyrannical,4:02 PM
PqLD384cktrFgKy9,,kill,24:29,1469,62286,The Necrotic Wake,The Necrotic Wake,3,Tyrannical,1:21 PM
PqLD384cktrFgKy9,,kill,17:15,1035,62290,Mists of Tirna Scithe,Mists of Tirna Scithe,2,Tyrannical,2:22 PM
GTFrVbC7wgafQpKH,,wipe,17:44,1064,12652,The Stonevault,The Stonevault,4,Tyrannical,12:22 PM
GTFrVbC7wgafQpKH,,kill,20:56,1256,62290,Mists of Tirna Scithe,Mists of Tirna Scithe,5,Tyrannical,12:39 PM
dRr2qnw9vphcYKLX,,kill,19:33,1173,62290,Mists of Tirna Scithe,Mists of Tirna Scithe,5,Tyrannical,7:56 AM
fADHB16M83hv2GdR,1,kill,23:55,1435,62290,Mists of Tirna Scithe,Mists of Tirna Scithe,,,6:00 AM
fADHB16M83hv2GdR,8,wipe,18:52,1132,62290,Mists of Tirna Scithe,Mists of Tirna Scithe,,,7:14 AM
bdf7VnCzRvrDhg4N,,kill,25:47,1547,62290,Mists of Tirna Scithe,Mists of Tirna Scithe,10,Tyrannical,6:46 AM
3b2rqyYT1WQ6xB9J,,kill,23:55,1435,62290,Mists of Tirna Scithe,Mists of Tirna Scithe,4,Tyrannical,6:00 AM
PjFXN8tYwnmGHDf2,,kill,33:13,1993,12652,The Stonevault,The Stonevault,4,Fortified,4:22 AM
PjFXN8tYwnmGHDf2,,wipe,52:04,3124,62290,Mists of Tirna Scithe,Mists of Tirna Scithe,7,Tyrannical,5:07 AM
PjFXN8tYwnmGHDf2,,wipe,4:40,280,62286,The Necrotic Wake,The Necrotic Wake,6,Fortified,5:59 AM
jyLRfV1JKgmA2MqD,2,kill,19:05,1145,62290,Mists of Tirna Scithe,Mists of Tirna Scithe,,,4:25 AM
jyLRfV1JKgmA2MqD,1,wipe,17:59,1079,62290,Mists of Tirna Scithe,Mists of Tirna Scithe,,,3:16 AM
bWKf7gvpThd6YxLw,,wipe,17:59,1079,62290,Mists of Tirna Scithe,Mists of Tirna Scithe,8,Tyrannical,3:16 AM
AdKB7aQCfMqk4hmw,,kill,18:08,1088,62290,Mists of Tirna Scithe,Mists of Tirna Scithe,4,Fortified,11:43 PM
AdKB7aQCfMqk4hmw,,kill,31:14,1874,12652,The Stonevault,The Stonevault,4,Fortified,12:31 AM
3TLBYPpaR9jZQ6XC,,kill,23:28,1408,62290,Mists of Tirna Scithe,Mists of Tirna Scithe,4,Fortified,12:59 PM
mH28aVKw6WzLXZtj,,kill,30:43,1843,62290,Mists of Tirna Scithe,Mists of Tirna Scithe,5,Tyrannical,9:27 PM
2bApwDjWK3RMdHNk,,wipe,21:35,1295,12662,Hallowfall,Hallowfall,3,Tyrannical,6:19 PM
2bApwDjWK3RMdHNk,,kill,26:26,1586,62290,Mists of Tirna Scithe,Mists of Tirna Scithe,4,Fortified,6:41 PM
2bApwDjWK3RMdHNk,,kill,32:12,1932,12652,The Stonevault,The Stonevault,2,Fortified,7:30 PM
TncYkXK71taLG3pN,,kill,17:57,1077,62290,Mists of Tirna Scithe,Mists of Tirna Scithe,3,Fortified,5:49 PM
YWmwTKqJAaHFcN6f,,kill,23:28,1408,62290,Mists of Tirna Scithe,Mists of Tirna Scithe,2,Tyrannical,7:35 PM
vXZLcp4NT9hnCzMA,,kill,22:22,1342,62290,Mists of Tirna Scithe,Mists of Tirna Scithe,8,Tyrannical,6:59 PM
287cnJGmBT9DyZFv,1,kill,20:06,1206,62290,Mists of Tirna Scithe,Mists of Tirna Scithe,,,5:49 PM
287cnJGmBT9DyZFv,2,kill,24:30,1470,62290,Mists of Tirna Scithe,Mists of Tirna Scithe,,,6:37 PM
cJa6znbDkdFqjhC7,,kill,29:49,1789,62290,Mists of Tirna Scithe,Mists of Tirna Scithe,5,Tyrannical,6:09 PM
D8NKGBn2dTvRyV4p,,wipe,1:35,95,62290,Mists of Tirna Scithe,Mists of Tirna Scithe,3,Fortified,12:11 PM
tm6MPLFjhX4gxTcn,,wipe,8:09,489,62290,Mists of Tirna Scithe,Mists of Tirna Scithe,4,Fortified,8:31 AM
tm6MPLFjhX4gxTcn,,kill,1:03:02,3782,12652,The Stonevault,The Stonevault,2,Tyrannical,8:39 AM
xtgGrHmaPCLBATQj,,wipe,37:59,2279,12652,The Stonevault,The Stonevault,7,Fortified,7:12 AM
xtgGrHmaPCLBATQj,,kill,25:32,1532,62290,Mists of Tirna Scithe,Mists of Tirna Scithe,7,Fortified,7:58 AM
6YyXrb2dckW34tGw,3,kill,28:34,1714,62290,Mists of Tirna Scithe,Mists of Tirna Scithe,,,7:00 AM
6YyXrb2dckW34tGw,1,wipe,6:50,410,62290,Mists of Tirna Scithe,Mists of Tirna Scithe,,,6:43 AM
6YyXrb2dckW34tGw,2,wipe,10:13,613,62290,Mists of Tirna Scithe,Mists of Tirna Scithe,,,6:50 AM
6YyXrb2dckW34tGw,1,wipe,6:50,410,62290,Mists of Tirna Scithe,Mists of Tirna Scithe,,,6:43 AM
6YyXrb2dckW34tGw,2,wipe,10:13,613,62290,Mists of Tirna Scithe,Mists of Tirna Scithe,,,6:50 AM
6YyXrb2dckW34tGw,,kill,28:24,1704,12662,Hallowfall,Hallowfall,6,Fortified,7:38 AM
pvVkRa2DrHYhqZ1K,3,kill,28:34,1714,62290,Mists of Tirna Scithe,Mists of Tirna Scithe,,,7:00 AM
pvVkRa2DrHYhqZ1K,1,wipe,6:50,410,62290,Mists of Tirna Scithe,Mists of Tirna Scithe,,,6:43 AM
pvVkRa2DrHYhqZ1K,2,wipe,10:13,613,62290,Mists of Tirna Scithe,Mists of Tirna Scithe,,,6:50 AM
pvVkRa2DrHYhqZ1K,1,wipe,6:50,410,62290,Mists of Tirna Scithe,Mists of Tirna Scithe,,,6:43 AM
pvVkRa2DrHYhqZ1K,2,wipe,10:13,613,62290,Mists of Tirna Scithe,Mists of Tirna Scithe,,,6:50 AM
8b3qABTCwV9KjZYm,,wipe,19:58,1198,61822,Siege of Boralus,Siege of Boralus,10,Xal'atath's Bargain: Voidbound,7:07 PM
JfZ7RtgTpYMyd2Fx,,wipe,3:19,199,61822,Siege of Boralus,Siege of Boralus,10,Xal'atath's Bargain: Oblivion,4:08 PM
Qj2k7AzcbYwxLNpR,1,wipe,3:07,187,61822,Siege of Boralus,Siege of Boralus,,,4:17 PM
Qj2k7AzcbYwxLNpR,2,wipe,40:53,2453,61822,Siege of Boralus,Siege of Boralus,,,6:55 AM
Qj2k7AzcbYwxLNpR,1,wipe,3:07,187,61822,Siege of Boralus,Siege of Boralus,,,4:17 PM
Qj2k7AzcbYwxLNpR,2,wipe,40:53,2453,61822,Siege of Boralus,Siege of Boralus,,,6:55 AM
n7d2CqbH3y9WgvAD,,kill,46:17,2777,61822,Siege of Boralus,Siege of Boralus,4,Xal'atath's Bargain: Voidbound,1:27 AM
Cynb6f48QMhAw9Lz,,kill,41:38,2498,61822,Siege of Boralus,Siege of Boralus,4,Xal'atath's Bargain: Voidbound,11:14 PM
NnJ9bgPkTxdqVzB6,,kill,51:47,3107,61822,Siege of Boralus,Siege of Boralus,7,Xal'atath's Bargain: Voidbound,3:22 PM
JNcAHXWG6dfYM8kF,,kill,45:23,2723,61822,Siege of Boralus,Siege of Boralus,10,Xal'atath's Bargain: Voidbound,1:43 PM
X6ZHGTkpYdfh9FrK,5,kill,41:41,2501,61822,Siege of Boralus,Siege of Boralus,,,5:26 PM
X6ZHGTkpYdfh9FrK,1,wipe,4:26,266,61822,Siege of Boralus,Siege of Boralus,,,5:02 PM
X6ZHGTkpYdfh9FrK,2,wipe,9:25,565,61822,Siege of Boralus,Siege of Boralus,,,5:06 PM
X6ZHGTkpYdfh9FrK,3,wipe,5:06,306,61822,Siege of Boralus,Siege of Boralus,,,5:15 PM
X6ZHGTkpYdfh9FrK,4,wipe,5:10,310,61822,Siege of Boralus,Siege of Boralus,,,5:21 PM
X6ZHGTkpYdfh9FrK,1,wipe,4:26,266,61822,Siege of Boralus,Siege of Boralus,,,5:02 PM
X6ZHGTkpYdfh9FrK,2,wipe,9:25,565,61822,Siege of Boralus,Siege of Boralus,,,5:06 PM
X6ZHGTkpYdfh9FrK,3,wipe,5:06,306,61822,Siege of Boralus,Siege of Boralus,,,5:15 PM
X6ZHGTkpYdfh9FrK,4,wipe,5:10,310,61822,Siege of Boralus,Siege of Boralus,,,5:21 PM
yCHfGVmwnMD4aQNr,,kill,49:03,2943,61822,Siege of Boralus,Siege of Boralus,10,Xal'atath's Bargain: Ascendant,7:30 PM
yCHfGVmwnMD4aQNr,,wipe,42:35,2555,12662,Hallowfall,Hallowfall,10,Xal'atath's Bargain: Ascendant,8:14 PM
yCHfGVmwnMD4aQNr,,kill,56:39,3399,12652,The Stonevault,The Stonevault,10,Xal'atath's Bargain: Ascendant,8:57 PM
6kPbHRhtX7J4nNgW,,kill,34:48,2088,61822,Siege of Boralus,Siege of Boralus,4,Xal'atath's Bargain: Ascendant,10:33 PM
Pa4Zyk9wftmRJ2QL,1,kill,45:39,2739,12652,The Stonevault,The Stonevault,,,5:28 PM
Pa4Zyk9wftmRJ2QL,9,kill,35:20,2120,12652,The Stonevault,The Stonevault,,,6:27 PM
Pa4Zyk9wftmRJ2QL,16,kill,35:42,2142,12652,The Stonevault,The Stonevault,,,8:50 PM
Pa4Zyk9wftmRJ2QL,12,wipe,19:01,1141,12652,The Stonevault,The Stonevault,,,7:19 PM
Pa4Zyk9wftmRJ2QL,13,wipe,44:11,2651,12652,The Stonevault,The Stonevault,,,7:38 PM
Pa4Zyk9wftmRJ2QL,14,wipe,6:33,393,12652,The Stonevault,The Stonevault,,,8:22 PM
Pa4Zyk9wftmRJ2QL,15,wipe,21:08,1268,12652,The Stonevault,The Stonevault,,,8:29 PM
Pa4Zyk9wftmRJ2QL,12,wipe,19:01,1141,12652,The Stonevault,The Stonevault,,,7:19 PM
Pa4Zyk9wftmRJ2QL,13,wipe,44:11,2651,12652,The Stonevault,The Stonevault,,,7:38 PM
Pa4Zyk9wftmRJ2QL,14,wipe,6:33,393,12652,The Stonevault,The Stonevault,,,8:22 PM
Pa4Zyk9wftmRJ2QL,15,wipe,21:08,1268,12652,The Stonevault,The Stonevault,,,8:29 PM
Pa4Zyk9wftmRJ2QL,,wipe,6:59,419,61822,Siege of Boralus,Siege of Boralus,12,Tyrannical,10:07 PM
pFkajn71f94m8Mhw,,kill,49:03,2943,61822,Siege of Boralus,Siege of Boralus,10,Xal'atath's Bargain: Ascendant,7:30 PM
pFkajn71f94m8Mhw,,wipe,42:35,2555,12662,Hallowfall,Hallowfall,10,Xal'atath's Bargain: Ascendant,8:14 PM
pFkajn71f94m8Mhw,,kill,56:39,3399,12652,The Stonevault,The Stonevault,10,Xal'atath's Bargain: Ascendant,8:57 PM
89wzLNajK6gnVdQ2,2,kill,1:09:31,4171,61822,Siege of Boralus,Siege of Boralus,,,7:00 PM
89wzLNajK6gnVdQ2,1,wipe,39:02,2342,61822,Siege of Boralus,Siege of Boralus,,,6:21 PM
TdJgjCWZtVPAB9Fq,,kill,27:29,1649,61822,Siege of Boralus,Siege of Boralus,10,Xal'atath's Bargain: Ascendant,4:41 PM
TdJgjCWZtVPAB9Fq,,kill,45:58,2758,12652,The Stonevault,The Stonevault,10,Xal'atath's Bargain: Ascendant,5:16 PM
paQLrvGkRBTmtWZX,,kill,47:35,2855,61822,Siege of Boralus,Siege of Boralus,10,Xal'atath's Bargain: Ascendant,7:13 AM
fBd6nbkczrjGACNp,,wipe,25:51,1551,61822,Siege of Boralus,Siege of Boralus,3,Xal'atath's Bargain: Ascendant,6:49 PM
a2r31p6bYVmKQyXN,3,kill,41:03,2463,12652,The Stonevault,The Stonevault,,,1:44 AM
a2r31p6bYVmKQyXN,2,wipe,18:39,1119,12652,The Stonevault,The Stonevault,,,1:26 AM
a2r31p6bYVmKQyXN,,kill,39:17,2357,61822,Siege of Boralus,Siege of Boralus,5,Xal'atath's Bargain: Ascendant,2:37 AM
GdarD4Zt37PA2Ypq,,wipe,40:40,2440,12662,Hallowfall,Hallowfall,10,Xal'atath's Bargain: Voidbound,8:27 PM
GdarD4Zt37PA2Ypq,,kill,23:56,1436,61822,Siege of Boralus,Siege of Boralus,10,Xal'atath's Bargain: Voidbound,9:07 PM
9MGtm2Lkw6q81Jhb,,kill,54:33,3273,61822,Siege of Boralus,Siege of Boralus,12,Xal'atath's Bargain: Voidbound,5:17 PM
ctmyJnjZ2TxKBkbg,,kill,35:43,2143,61822,Siege of Boralus,Siege of Boralus,5,Xal'atath's Bargain: Ascendant,1:02 AM
ctmyJnjZ2TxKBkbg,,kill,32:38,1958,12652,The Stonevault,The Stonevault,10,Xal'atath's Bargain: Ascendant,9:28 AM
rv6HzXD1n7fZxJYy,,kill,35:43,2143,61822,Siege of Boralus,Siege of Boralus,5,Xal'atath's Bargain: Ascendant,1:02 AM
rv6HzXD1n7fZxJYy,,kill,32:38,1958,12652,The Stonevault,The Stonevault,10,Xal'atath's Bargain: Ascendant,9:28 AM
QADtqapT96JcV71z,,kill,35:43,2143,61822,Siege of Boralus,Siege of Boralus,5,Xal'atath's Bargain: Ascendant,1:02 AM
vn9mRgTc4BNQWyGZ,,kill,35:43,2143,61822,Siege of Boralus,Siege of Boralus,5,Xal'atath's Bargain: Ascendant,1:02 AM
V8RCA6MdZf73bqyT,,wipe,39:10,2350,62286,The Necrotic Wake,The Necrotic Wake,3,Xal'atath's Bargain: Voidbound,10:04 PM
V8RCA6MdZf73bqyT,,kill,33:52,2032,61822,Siege of Boralus,Siege of Boralus,4,Xal'atath's Bargain: Voidbound,10:44 PM
1vnMYRBN2JAhXCbL,3,kill,51:35,3095,62286,The Necrotic Wake,The Necrotic Wake,,,7:43 AM
1vnMYRBN2JAhXCbL,1,wipe,6:22,382,62286,The Necrotic Wake,The Necrotic Wake,,,7:34 AM
1vnMYRBN2JAhXCbL,2,wipe,2:36,156,62286,The Necrotic Wake,The Necrotic Wake,,,7:41 AM
1vnMYRBN2JAhXCbL,1,wipe,6:22,382,62286,The Necrotic Wake,The Necrotic Wake,,,7:34 AM
1vnMYRBN2JAhXCbL,2,wipe,2:36,156,62286,The Necrotic Wake,The Necrotic Wake,,,7:41 AM
1vnMYRBN2JAhXCbL,,wipe,18:21,1101,61822,Siege of Boralus,Siege of Boralus,7,Xal'atath's Bargain: Voidbound,8:42 AM
kBgbf4xqZ9FX7hyT,2,kill,50:50,3050,61822,Siege of Boralus,Siege of Boralus,,,10:39 PM
kBgbf4xqZ9FX7hyT,1,wipe,0:00,0,61822,Siege of Boralus,Siege of Boralus,,,10:38 PM
J6m3VTctbrdKgYPD,,kill,30:41,1841,61822,Siege of Boralus,Siege of Boralus,7,Xal'atath's Bargain: Ascendant,5:02 PM
NqxRMPZtvwjWaV1X,,kill,30:41,1841,61822,Siege of Boralus,Siege of Boralus,7,Xal'atath's Bargain: Ascendant,5:02 PM
hR3CBwKYWZGbTdmP,,kill,48:34,2914,61822,Siege of Boralus,Siege of Boralus,7,Xal'atath's Bargain: Voidbound,7:47 AM
7pjrnQg1TBwdF9DY,,kill,48:23,2903,61822,Siege of Boralus,Siege of Boralus,10,Xal'atath's Bargain: Ascendant,2:38 PM
ZmcpLDxnqyTPgHr1,19,wipe,2:48,168,61822,Siege of Boralus,Siege of Boralus,,,7:54 PM
ZmcpLDxnqyTPgHr1,20,wipe,0:00,0,61822,Siege of Boralus,Siege of Boralus,,,7:57 PM
ZmcpLDxnqyTPgHr1,21,wipe,28:40,1720,61822,Siege of Boralus,Siege of Boralus,,,7:58 PM
ZmcpLDxnqyTPgHr1,19,wipe,2:48,168,61822,Siege of Boralus,Siege of Boralus,,,7:54 PM
ZmcpLDxnqyTPgHr1,20,wipe,0:00,0,61822,Siege of Boralus,Siege of Boralus,,,7:57 PM
ZmcpLDxnqyTPgHr1,21,wipe,28:40,1720,61822,Siege of Boralus,Siege of Boralus,,,7:58 PM
ZmcpLDxnqyTPgHr1,22,wipe,11:31,691,12652,The Stonevault,The Stonevault,,,8:26 PM
ZmcpLDxnqyTPgHr1,23,wipe,9:57,597,12652,The Stonevault,The Stonevault,,,8:39 PM
ZmcpLDxnqyTPgHr1,22,wipe,11:31,691,12652,The Stonevault,The Stonevault,,,8:26 PM
ZmcpLDxnqyTPgHr1,23,wipe,9:57,597,12652,The Stonevault,The Stonevault,,,8:39 PM
jWg4TFxGh8n2Jt9M,,kill,24:16,1456,61822,Siege of Boralus,Siege of Boralus,10,Xal'atath's Bargain: Ascendant,12:29 PM
TAPvrx7BZWYyJCcg,,wipe,28:15,1695,61822,Siege of Boralus,Siege of Boralus,2,Xal'atath's Bargain: Frenzied,6:35 PM
7HLP6QBR8ghNtVGw,,wipe,29:12,1752,61822,Siege of Boralus,Siege of Boralus,3,Xal'atath's Bargain: Ascendant,10:33 PM
ZwTJM91VKPmtxbkQ,,wipe,14:17,857,61822,Siege of Boralus,Siege of Boralus,5,Xal'atath's Bargain: Ascendant,7:55 PM
ck9nxFdH8a6G27gj,,wipe,14:17,857,61822,Siege of Boralus,Siege of Boralus,5,Xal'atath's Bargain: Ascendant,7:55 PM
XKzGmLdVN84DWAMP,,kill,41:45,2505,61822,Siege of Boralus,Siege of Boralus,10,Xal'atath's Bargain: Ascendant,8:07 PM
DpHWVv9GY1LkhAFR,,kill,37:56,2276,61822,Siege of Boralus,Siege of Boralus,10,Xal'atath's Bargain: Ascendant,8:04 PM
CVabwBxWXmLM3rtA,,kill,41:45,2505,61822,Siege of Boralus,Siege of Boralus,10,Xal'atath's Bargain: Ascendant,8:07 PM
XPaknzLhxtCT1Hmv,,kill,31:59,1919,61822,Siege of Boralus,Siege of Boralus,10,Xal'atath's Bargain: Ascendant,3:13 PM
NmbcrK3QCTGfP7hJ,,kill,34:37,2077,61822,Siege of Boralus,Siege of Boralus,4,Xal'atath's Bargain: Ascendant,7:49 AM
2tgbDpFAyjP3H7wq,,wipe,0:00,0,12652,The Stonevault,The Stonevault,8,Xal'atath's Bargain: Frenzied,11:30 AM
2tgbDpFAyjP3H7wq,2,kill,24:41,1481,61822,Siege of Boralus,Siege of Boralus,,,12:03 PM
2tgbDpFAyjP3H7wq,3,kill,31:00,1860,61822,Siege of Boralus,Siege of Boralus,,,12:35 PM
jmMwJ1pHxk8yg437,1,wipe,3:42,222,61822,Siege of Boralus,Siege of Boralus,,,10:18 PM
jmMwJ1pHxk8yg437,2,wipe,0:26,26,61822,Siege of Boralus,Siege of Boralus,,,10:22 PM
jmMwJ1pHxk8yg437,1,wipe,3:42,222,61822,Siege of Boralus,Siege of Boralus,,,10:18 PM
jmMwJ1pHxk8yg437,2,wipe,0:26,26,61822,Siege of Boralus,Siege of Boralus,,,10:22 PM
F6Vgbt3N1Qz2Bkcn,,kill,52:05,3125,61822,Siege of Boralus,Siege of Boralus,6,Xal'atath's Bargain: Ascendant,11:46 PM
NFRPwyqpfdBQArWz,,kill,29:36,1776,12652,The Stonevault,The Stonevault,4,Xal'atath's Bargain: Frenzied,10:24 PM
NFRPwyqpfdBQArWz,,kill,35:53,2153,12662,Hallowfall,Hallowfall,4,Xal'atath's Bargain: Ascendant,11:09 PM
NFRPwyqpfdBQArWz,,kill,35:21,2121,61822,Siege of Boralus,Siege of Boralus,4,Xal'atath's Bargain: Frenzied,11:54 PM
mRVFGktrMK67YaPB,,kill,44:55,2695,61822,Siege of Boralus,Siege of Boralus,10,Xal'atath's Bargain: Ascendant,5:50 PM
mRVFGktrMK67YaPB,,wipe,9:09,549,12652,The Stonevault,The Stonevault,10,Xal'atath's Bargain: Ascendant,6:33 PM
3ZJ4Y6knjFRhVxqw,3,kill,25:25,1525,61822,Siege of Boralus,Siege of Boralus,,,3:37 PM
3ZJ4Y6knjFRhVxqw,1,wipe,1:33,93,61822,Siege of Boralus,Siege of Boralus,,,3:22 PM
3ZJ4Y6knjFRhVxqw,2,wipe,13:34,814,61822,Siege of Boralus,Siege of Boralus,,,3:23 PM
3ZJ4Y6knjFRhVxqw,1,wipe,1:33,93,61822,Siege of Boralus,Siege of Boralus,,,3:22 PM
3ZJ4Y6knjFRhVxqw,2,wipe,13:34,814,61822,Siege of Boralus,Siege of Boralus,,,3:23 PM
3ZJ4Y6knjFRhVxqw,,kill,27:20,1640,62286,The Necrotic Wake,The Necrotic Wake,10,Tyrannical,4:08 PM
9kJZFKhRCQ1rqgGT,1,kill,27:28,1648,61822,Siege of Boralus,Siege of Boralus,,,2:16 PM
9kJZFKhRCQ1rqgGT,2,kill,30:36,1836,61822,Siege of Boralus,Siege of Boralus,,,2:55 PM
mF69rXGAB38vCQft,,wipe,20:43,1243,61822,Siege of Boralus,Siege of Boralus,8,Tyrannical,6:26 PM
G2NnMxTP9pajBDXQ,,kill,27:28,1648,61822,Siege of Boralus,Siege of Boralus,6,Tyrannical,2:16 PM
HaCTL23DW6Fp7mwP,,kill,1:14:28,4468,61822,Siege of Boralus,Siege of Boralus,10,Tyrannical,9:38 AM
X7DQYzfdqbvkKR9a,3,kill,27:39,1659,61822,Siege of Boralus,Siege of Boralus,,,5:06 AM
X7DQYzfdqbvkKR9a,4,kill,32:33,1953,61822,Siege of Boralus,Siege of Boralus,,,5:43 AM
X7DQYzfdqbvkKR9a,2,wipe,1:24:47,5087,61822,Siege of Boralus,Siege of Boralus,,,3:42 AM
X7DQYzfdqbvkKR9a,8,wipe,24:44,1484,62286,The Necrotic Wake,The Necrotic Wake,,,6:20 AM
X7DQYzfdqbvkKR9a,9,wipe,1:27,87,62286,The Necrotic Wake,The Necrotic Wake,,,6:46 AM
X7DQYzfdqbvkKR9a,8,wipe,24:44,1484,62286,The Necrotic Wake,The Necrotic Wake,,,6:20 AM
X7DQYzfdqbvkKR9a,9,wipe,1:27,87,62286,The Necrotic Wake,The Necrotic Wake,,,6:46 AM
B6cqP4wQtgZa1mN2,,kill,35:05,2105,61822,Siege of Boralus,Siege of Boralus,3,Fortified,4:13 AM
6AhMZg7dFf4QaYjB,,kill,31:41,1901,61822,Siege of Boralus,Siege of Boralus,8,Tyrannical,3:17 PM
6AhMZg7dFf4QaYjB,3,kill,27:06,1626,62286,The Necrotic Wake,The Necrotic Wake,,,3:59 PM
6AhMZg7dFf4QaYjB,2,wipe,2:30,150,62286,The Necrotic Wake,The Necrotic Wake,,,3:57 PM
HqNPL6fJCTka49nZ,,kill,46:30,2790,61822,Siege of Boralus,Siege of Boralus,2,Tyrannical,10:31 PM
tLDrA74G6mpZbTXw,,kill,46:30,2790,61822,Siege of Boralus,Siege of Boralus,2,Tyrannical,10:31 PM
Tj6RkWcyGxf2np4F,,wipe,18:46,1126,12652,The Stonevault,The Stonevault,7,Fortified,6:42 AM
Tj6RkWcyGxf2np4F,3,kill,38:39,2319,61822,Siege of Boralus,Siege of Boralus,,,7:10 AM
Tj6RkWcyGxf2np4F,2,wipe,8:31,511,61822,Siege of Boralus,Siege of Boralus,,,7:01 AM
r6kFMBnCZycKJ7fP,,wipe,18:46,1126,12652,The Stonevault,The Stonevault,7,Fortified,6:42 AM
r6kFMBnCZycKJ7fP,3,kill,38:39,2319,61822,Siege of Boralus,Siege of Boralus,,,7:10 AM
r6kFMBnCZycKJ7fP,2,wipe,8:31,511,61822,Siege of Boralus,Siege of Boralus,,,7:01 AM
4GPdMTtJm783cHwr,,wipe,18:46,1126,12652,The Stonevault,The Stonevault,7,Fortified,6:42 AM
4GPdMTtJm783cHwr,3,kill,38:39,2319,61822,Siege of Boralus,Siege of Boralus,,,7:10 AM
4GPdMTtJm783cHwr,2,wipe,8:31,511,61822,Siege of Boralus,Siege of Boralus,,,7:01 AM
BYRMNWgtAvJ8VnKc,,kill,42:35,2555,61822,Siege of Boralus,Siege of Boralus,3,Fortified,3:02 AM
v9amCPw8YnqdrkBh,,kill,24:52,1492,61822,Siege of Boralus,Siege of Boralus,4,Tyrannical,1:05 AM
QgwxfCyA7cDhkn3Y,,kill,27:24,1644,61822,Siege of Boralus,Siege of Boralus,3,Tyrannical,9:48 PM
W4NJTxd13C6rXAyv,,wipe,32:43,1963,61822,Siege of Boralus,Siege of Boralus,3,Fortified,9:36 PM
F7wrYN9HdqanMKcm,,wipe,0:00,0,61822,Siege of Boralus,Siege of Boralus,3,Tyrannical,9:37 PM
LDX3dyvMkYGKNnB9,,wipe,16:44,1004,61822,Siege of Boralus,Siege of Boralus,3,Fortified,2:25 AM
YAhjrCP6btMz38D4,,wipe,9:50,590,61822,Siege of Boralus,Siege of Boralus,2,Fortified,12:09 PM
Df1jCaLX6vyWhbAk,,kill,36:25,2185,61822,Siege of Boralus,Siege of Boralus,2,Fortified,8:27 AM
dDwKPNrbQYm6MH1W,,kill,30:54,1854,61822,Siege of Boralus,Siege of Boralus,2,Fortified,5:07 AM
dGRvfjg73cXxmZ8W,3,kill,32:53,1973,61822,Siege of Boralus,Siege of Boralus,,,7:37 PM
dGRvfjg73cXxmZ8W,2,wipe,14:34,874,61822,Siege of Boralus,Siege of Boralus,,,7:22 PM
N3FTYBhjWc742GkK,,kill,30:23,1823,61822,Siege of Boralus,Siege of Boralus,4,Fortified,1:48 AM
vjTCL23BDgJhNbFk,,kill,27:52,1672,61822,Siege of Boralus,Siege of Boralus,4,Fortified,10:00 PM
vjTCL23BDgJhNbFk,,kill,17:27,1047,62290,Mists of Tirna Scithe,Mists of Tirna Scithe,4,Fortified,10:32 PM
vjTCL23BDgJhNbFk,,kill,18:04,1084,62286,The Necrotic Wake,The Necrotic Wake,4,Fortified,11:00 PM
vjTCL23BDgJhNbFk,,kill,30:07,1807,12652,The Stonevault,The Stonevault,5,Fortified,11:25 PM
f9bmM6n7txRZHvBY,,kill,27:52,1672,61822,Siege of Boralus,Siege of Boralus,4,Fortified,10:00 PM
f9bmM6n7txRZHvBY,,kill,17:27,1047,62290,Mists of Tirna Scithe,Mists of Tirna Scithe,4,Fortified,10:32 PM
f9bmM6n7txRZHvBY,,kill,18:04,1084,62286,The Necrotic Wake,The Necrotic Wake,4,Fortified,11:00 PM
JyNZah8RXV7nwHtr,,kill,27:52,1672,61822,Siege of Boralus,Siege of Boralus,4,Fortified,10:00 PM
JyNZah8RXV7nwHtr,,kill,17:27,1047,62290,Mists of Tirna Scithe,Mists of Tirna Scithe,4,Fortified,10:32 PM
qm4V7KZQnHzt1jTF,,kill,27:52,1672,61822,Siege of Boralus,Siege of Boralus,4,Fortified,10:00 PM
N7gRqf4M6ZtWx2Jz,3,kill,52:34,3154,61822,Siege of Boralus,Siege of Boralus,,,7:33 PM
N7gRqf4M6ZtWx2Jz,1,wipe,0:00,0,61822,Siege of Boralus,Siege of Boralus,,,7:28 PM
N7gRqf4M6ZtWx2Jz,2,wipe,3:52,232,61822,Siege of Boralus,Siege of Boralus,,,7:29 PM
N7gRqf4M6ZtWx2Jz,1,wipe,0:00,0,61822,Siege of Boralus,Siege of Boralus,,,7:28 PM
N7gRqf4M6ZtWx2Jz,2,wipe,3:52,232,61822,Siege of Boralus,Siege of Boralus,,,7:29 PM
BtRb1h3kgwrANH7y,,wipe,20:46,1246,12652,The Stonevault,The Stonevault,4,Tyrannical,3:04 AM
BtRb1h3kgwrANH7y,,kill,44:18,2658,61822,Siege of Boralus,Siege of Boralus,4,Tyrannical,3:25 AM
j9B3ZvGQaCqTzfWR,,kill,34:26,2066,61822,Siege of Boralus,Siege of Boralus,3,Tyrannical,7:19 PM
bdWYvt2nqKhNgZ7c,1,wipe,0:33,33,62290,Mists of Tirna Scithe,Mists of Tirna Scithe,,,10:17 PM
bdWYvt2nqKhNgZ7c,2,wipe,23:04,1384,62290,Mists of Tirna Scithe,Mists of Tirna Scithe,,,10:19 PM
bdWYvt2nqKhNgZ7c,1,wipe,0:33,33,62290,Mists of Tirna Scithe,Mists of Tirna Scithe,,,10:17 PM
bdWYvt2nqKhNgZ7c,2,wipe,23:04,1384,62290,Mists of Tirna Scithe,Mists of Tirna Scithe,,,10:19 PM
bdWYvt2nqKhNgZ7c,,kill,52:42,3162,12662,Hallowfall,Hallowfall,2,Fortified,10:42 PM
bdWYvt2nqKhNgZ7c,,kill,39:29,2369,61822,Siege of Boralus,Siege of Boralus,3,Fortified,1:06 AM
CdnFwYprNMqjbzW1,,kill,28:51,1731,61822,Siege of Boralus,Siege of Boralus,2,Fortified,6:20 AM
4jyARGFw7Df63tMK,,kill,40:41,2441,61822,Siege of Boralus,Siege of Boralus,3,Fortified,5:30 AM
HNMRPWgvQ2yzfGxh,,kill,22:46,1366,62290,Mists of Tirna Scithe,Mists of Tirna Scithe,2,Fortified,11:20 PM
HNMRPWgvQ2yzfGxh,,wipe,1:02:26,3746,61822,Siege of Boralus,Siege of Boralus,3,Fortified,11:56 PM
HNMRPWgvQ2yzfGxh,,wipe,1:51,111,12652,The Stonevault,The Stonevault,3,Fortified,12:59 AM
HNMRPWgvQ2yzfGxh,,wipe,0:53,53,62286,The Necrotic Wake,The Necrotic Wake,2,Fortified,3:28 AM
ng2PNRJBaMyhx9ZK,,wipe,41:05,2465,61822,Siege of Boralus,Siege of Boralus,3,,7:35 PM
JgrPnZzFA6q8YmKb,,wipe,41:05,2465,61822,Siege of Boralus,Siege of Boralus,3,,7:35 PM
MwkdgCFGbN6D82zP,,kill,46:49,2809,12662,Hallowfall,Hallowfall,10,Xal'atath's Bargain: Voidbound,6:02 PM
NavJ2yrhwgKZbBHj,1,wipe,0:00,0,12662,Hallowfall,Hallowfall,,,6:09 PM
NavJ2yrhwgKZbBHj,2,wipe,18:24,1104,12662,Hallowfall,Hallowfall,,,6:09 PM
NavJ2yrhwgKZbBHj,3,wipe,0:00,0,12662,Hallowfall,Hallowfall,,,6:28 PM
NavJ2yrhwgKZbBHj,4,wipe,11:30,690,12662,Hallowfall,Hallowfall,,,6:28 PM
NavJ2yrhwgKZbBHj,5,wipe,0:00,0,12662,Hallowfall,Hallowfall,,,6:40 PM
NavJ2yrhwgKZbBHj,6,wipe,36:42,2202,12662,Hallowfall,Hallowfall,,,6:40 PM
NavJ2yrhwgKZbBHj,1,wipe,0:00,0,12662,Hallowfall,Hallowfall,,,6:09 PM
NavJ2yrhwgKZbBHj,2,wipe,18:24,1104,12662,Hallowfall,Hallowfall,,,6:09 PM
NavJ2yrhwgKZbBHj,3,wipe,0:00,0,12662,Hallowfall,Hallowfall,,,6:28 PM
NavJ2yrhwgKZbBHj,4,wipe,11:30,690,12662,Hallowfall,Hallowfall,,,6:28 PM
NavJ2yrhwgKZbBHj,5,wipe,0:00,0,12662,Hallowfall,Hallowfall,,,6:40 PM
NavJ2yrhwgKZbBHj,6,wipe,36:42,2202,12662,Hallowfall,Hallowfall,,,6:40 PM
XJnhpaGAHQ2f8Nwb,,wipe,35:53,2153,12662,Hallowfall,Hallowfall,10,Xal'atath's Bargain: Oblivion,6:40 PM
7TznLQxYvCyJ1DcK,,kill,1:14:47,4487,12662,Hallowfall,Hallowfall,10,Xal'atath's Bargain: Oblivion,5:15 AM
HRPqjKt9ABdCQJkY,2,kill,41:27,2487,62286,The Necrotic Wake,The Necrotic Wake,,,5:36 AM
HRPqjKt9ABdCQJkY,1,wipe,8:54,534,62286,The Necrotic Wake,The Necrotic Wake,,,5:27 AM
HRPqjKt9ABdCQJkY,,wipe,1:49:19,6559,12662,Hallowfall,Hallowfall,10,Xal'atath's Bargain: Voidbound,6:34 AM
R13WdhYATvfmptC2,,wipe,36:35,2195,12662,Hallowfall,Hallowfall,10,Xal'atath's Bargain: Voidbound,7:30 PM
GV18pWFQyBzPdm7C,,wipe,0:00,0,12662,Hallowfall,Hallowfall,5,Xal'atath's Bargain: Voidbound,4:48 PM
4j7HbwM3VpDTGJdC,,wipe,0:17,17,12662,Hallowfall,Hallowfall,5,Xal'atath's Bargain: Voidbound,4:49 PM
mR41nwktYhAbVjdD,,wipe,1:52:03,6723,12662,Hallowfall,Hallowfall,3,Xal'atath's Bargain: Ascendant,4:44 AM
37d9f2rHFyBbjGQn,24,wipe,14:58,898,12662,Hallowfall,Hallowfall,,,2:29 AM
37d9f2rHFyBbjGQn,25,wipe,23:20,1400,12662,Hallowfall,Hallowfall,,,2:44 AM
37d9f2rHFyBbjGQn,24,wipe,14:58,898,12662,Hallowfall,Hallowfall,,,2:29 AM
37d9f2rHFyBbjGQn,25,wipe,23:20,1400,12662,Hallowfall,Hallowfall,,,2:44 AM
37d9f2rHFyBbjGQn,,wipe,49:33,2973,12652,The Stonevault,The Stonevault,3,Xal'atath's Bargain: Ascendant,3:07 AM
J46rjnyH1mDwYRQ8,,wipe,13:29,809,12662,Hallowfall,Hallowfall,6,Xal'atath's Bargain: Ascendant,11:30 PM
KPZmyx8rX3T9Qz1C,,wipe,3:16,196,12662,Hallowfall,Hallowfall,3,Xal'atath's Bargain: Voidbound,10:25 PM
mTRXqZVK1drWN73x,,wipe,16:43,1003,12662,Hallowfall,Hallowfall,10,Xal'atath's Bargain: Voidbound,7:21 AM
rNxmT98pMnqyV1Dt,1,wipe,47:50,2870,12662,Hallowfall,Hallowfall,,,4:02 PM
rNxmT98pMnqyV1Dt,2,wipe,3:57,237,12662,Hallowfall,Hallowfall,,,4:52 PM
rNxmT98pMnqyV1Dt,1,wipe,47:50,2870,12662,Hallowfall,Hallowfall,,,4:02 PM
rNxmT98pMnqyV1Dt,2,wipe,3:57,237,12662,Hallowfall,Hallowfall,,,4:52 PM
WnkDb3rGY2R6KhNv,,wipe,44:37,2677,12662,Hallowfall,Hallowfall,2,Xal'atath's Bargain: Voidbound,1:21 AM
WnkDb3rGY2R6KhNv,,wipe,24:05,1445,62286,The Necrotic Wake,The Necrotic Wake,2,Xal'atath's Bargain: Voidbound,2:06 AM
K3kjDBpFYC4rAQgm,1,wipe,22:12,1332,12662,Hallowfall,Hallowfall,,,9:21 AM
K3kjDBpFYC4rAQgm,2,wipe,33:02,1982,12662,Hallowfall,Hallowfall,,,9:43 AM
K3kjDBpFYC4rAQgm,1,wipe,22:12,1332,12662,Hallowfall,Hallowfall,,,9:21 AM
K3kjDBpFYC4rAQgm,2,wipe,33:02,1982,12662,Hallowfall,Hallowfall,,,9:43 AM
zmLnFGQPpadC4AYb,,wipe,18:29,1109,12662,Hallowfall,Hallowfall,3,Xal'atath's Bargain: Ascendant,6:52 AM
C8cZ7dKxtaD6w2qX,,wipe,32:45,1965,12662,Hallowfall,Hallowfall,10,Xal'atath's Bargain: Ascendant,4:49 AM
C8cZ7dKxtaD6w2qX,3,kill,29:34,1774,62286,The Necrotic Wake,The Necrotic Wake,,,5:23 AM
C8cZ7dKxtaD6w2qX,2,wipe,1:17,77,62286,The Necrotic Wake,The Necrotic Wake,,,5:22 AM
h3QJV41pZatqjvmT,,wipe,1:38,98,12662,Hallowfall,Hallowfall,4,Xal'atath's Bargain: Voidbound,4:52 PM
Dp8qdmRyKwbTnQ6H,1,wipe,20:55,1255,12662,Hallowfall,Hallowfall,,,12:24 PM
Dp8qdmRyKwbTnQ6H,2,wipe,38:02,2282,12662,Hallowfall,Hallowfall,,,12:44 PM
Dp8qdmRyKwbTnQ6H,1,wipe,20:55,1255,12662,Hallowfall,Hallowfall,,,12:24 PM
Dp8qdmRyKwbTnQ6H,2,wipe,38:02,2282,12662,Hallowfall,Hallowfall,,,12:44 PM
Qyw9MvPn3TcrjHV1,,wipe,3:27,207,12662,Hallowfall,Hallowfall,10,Xal'atath's Bargain: Voidbound,1:51 AM
1JFH3ZTbWcQhjnMv,,kill,26:36,1596,12662,Hallowfall,Hallowfall,10,Xal'atath's Bargain: Frenzied,6:42 PM
nd4wYGAZVBr3HxC7,,wipe,20:57,1257,12662,Hallowfall,Hallowfall,3,Xal'atath's Bargain: Frenzied,10:24 PM
nd4wYGAZVBr3HxC7,,,,0,12669,City of Threads,City of Threads,,,
9qbRdK2ZhFYJfrVT,,wipe,7:00,420,12662,Hallowfall,Hallowfall,3,Fortified,10:49 PM
X9yfTW6h2zvFtLJa,,wipe,34:28,2068,12662,Hallowfall,Hallowfall,3,Xal'atath's Bargain: Frenzied,4:34 AM
mJnc4C6gZAhTwtHB,,wipe,40:38,2438,12662,Hallowfall,Hallowfall,5,Xal'atath's Bargain: Frenzied,1:28 AM
DHrw3cmRq9BKkbvV,,wipe,40:02,2402,12662,Hallowfall,Hallowfall,5,Xal'atath's Bargain: Frenzied,1:28 AM
a1Dz7jN4xKWLbHvC,2,kill,54:07,3247,12662,Hallowfall,Hallowfall,,,12:48 AM
a1Dz7jN4xKWLbHvC,1,wipe,30:33,1833,12662,Hallowfall,Hallowfall,,,2:36 AM
dYFBpHhm8cRCwVK1,,kill,33:01,1981,12662,Hallowfall,Hallowfall,5,Xal'atath's Bargain: Frenzied,9:27 PM
fzr9jwMLa6HFGkTN,1,kill,35:41,2141,12662,Hallowfall,Hallowfall,,,12:34 PM
fzr9jwMLa6HFGkTN,6,kill,33:31,2011,12662,Hallowfall,Hallowfall,,,4:01 PM
fzr9jwMLa6HFGkTN,5,wipe,1:02:09,3729,12662,Hallowfall,Hallowfall,,,2:59 PM
fzr9jwMLa6HFGkTN,,kill,40:40,2440,12652,The Stonevault,The Stonevault,10,Xal'atath's Bargain: Ascendant,1:55 PM
nc1JWykrK679G2Q3,1,wipe,7:04,424,12662,Hallowfall,Hallowfall,,,7:14 PM
nc1JWykrK679G2Q3,2,wipe,13:15,795,12662,Hallowfall,Hallowfall,,,7:21 PM
nc1JWykrK679G2Q3,3,wipe,15:28,928,12662,Hallowfall,Hallowfall,,,7:34 PM
nc1JWykrK679G2Q3,1,wipe,7:04,424,12662,Hallowfall,Hallowfall,,,7:14 PM
nc1JWykrK679G2Q3,2,wipe,13:15,795,12662,Hallowfall,Hallowfall,,,7:21 PM
nc1JWykrK679G2Q3,3,wipe,15:28,928,12662,Hallowfall,Hallowfall,,,7:34 PM
ZAga32JHdFnTrQmh,2,wipe,5:01,301,12662,Hallowfall,Hallowfall,,,12:53 PM
ZAga32JHdFnTrQmh,3,wipe,4:04,244,12662,Hallowfall,Hallowfall,,,12:58 PM
ZAga32JHdFnTrQmh,4,wipe,4:51,291,12662,Hallowfall,Hallowfall,,,1:03 PM
ZAga32JHdFnTrQmh,5,wipe,4:13,253,12662,Hallowfall,Hallowfall,,,1:07 PM
ZAga32JHdFnTrQmh,2,wipe,5:01,301,12662,Hallowfall,Hallowfall,,,12:53 PM
ZAga32JHdFnTrQmh,3,wipe,4:04,244,12662,Hallowfall,Hallowfall,,,12:58 PM
ZAga32JHdFnTrQmh,4,wipe,4:51,291,12662,Hallowfall,Hallowfall,,,1:03 PM
ZAga32JHdFnTrQmh,5,wipe,4:13,253,12662,Hallowfall,Hallowfall,,,1:07 PM
NBcJ7Gmq6YrXF1d9,,kill,33:13,1993,12662,Hallowfall,Hallowfall,10,Xal'atath's Bargain: Frenzied,6:16 PM
wF4j8Hg9kWM2XKva,,wipe,18:57,1137,12662,Hallowfall,Hallowfall,4,Xal'atath's Bargain: Frenzied,3:54 AM
hZbTHA7jwczVxMQ1,,wipe,2:54,174,12662,Hallowfall,Hallowfall,3,Xal'atath's Bargain: Ascendant,12:20 AM
kX6dFcfCA7r4PKhZ,,kill,37:57,2277,12662,Hallowfall,Hallowfall,10,Xal'atath's Bargain: Frenzied,8:44 PM
G7g2VjPvNzmBQ64Y,,kill,28:53,1733,12662,Hallowfall,Hallowfall,10,Xal'atath's Bargain: Ascendant,6:05 PM
Y8LtRgqc74TvK2VC,,wipe,1:18:56,4736,12662,Hallowfall,Hallowfall,10,Xal'atath's Bargain: Ascendant,1:48 PM
YNwGV6XMfWgcdTRD,2,kill,1:15:59,4559,12652,The Stonevault,The Stonevault,,,11:11 AM
YNwGV6XMfWgcdTRD,1,wipe,11:07,667,12652,The Stonevault,The Stonevault,,,11:00 AM
YNwGV6XMfWgcdTRD,,wipe,11:34,694,12662,Hallowfall,Hallowfall,5,Xal'atath's Bargain: Ascendant,12:53 PM
afDjZBm2FX6KwY3q,,wipe,10:25,625,12662,Hallowfall,Hallowfall,2,Xal'atath's Bargain: Ascendant,5:38 AM
7bjpWhPLr9GNJQMH,,wipe,33:25,2005,12662,Hallowfall,Hallowfall,3,Xal'atath's Bargain: Ascendant,5:06 AM
dzH2ND7RjVgb64cK,3,kill,44:20,2660,12662,Hallowfall,Hallowfall,,,10:09 PM
dzH2ND7RjVgb64cK,1,wipe,7:25,445,12662,Hallowfall,Hallowfall,,,9:18 PM
dzH2ND7RjVgb64cK,2,wipe,41:54,2514,12662,Hallowfall,Hallowfall,,,9:27 PM
dzH2ND7RjVgb64cK,1,wipe,7:25,445,12662,Hallowfall,Hallowfall,,,9:18 PM
dzH2ND7RjVgb64cK,2,wipe,41:54,2514,12662,Hallowfall,Hallowfall,,,9:27 PM
DvVd1TLw4rgtRGCf,,kill,53:56,3236,12662,Hallowfall,Hallowfall,7,Xal'atath's Bargain: Ascendant,10:56 PM
YdCLaWNm4PzVAGBD,,kill,47:04,2824,12662,Hallowfall,Hallowfall,6,Xal'atath's Bargain: Ascendant,11:08 PM
Ctxz3kP2pgjJfm9r,,wipe,8:46,526,12662,Hallowfall,Hallowfall,5,Xal'atath's Bargain: Ascendant,12:09 AM
fymK1Ha2AMCYcw7h,,wipe,45:17,2717,12662,Hallowfall,Hallowfall,3,Xal'atath's Bargain: Ascendant,11:37 PM
atY2gyK8kJQv7G1H,,kill,34:40,2080,12662,Hallowfall,Hallowfall,4,Fortified,3:00 AM
4VqMmz3DBngGXbRN,,wipe,36:50,2210,12662,Hallowfall,Hallowfall,6,Fortified,5:29 PM
vDB3JNgrZL8qGaTY,2,kill,54:47,3287,12662,Hallowfall,Hallowfall,,,4:25 AM
vDB3JNgrZL8qGaTY,1,wipe,49:01,2941,12662,Hallowfall,Hallowfall,,,3:36 AM
ZT2jhC43xtRK7GHQ,,wipe,11:00,660,12662,Hallowfall,Hallowfall,2,Fortified,7:39 PM
39GYmK6CfbXwZMPW,,wipe,16:07,967,12662,Hallowfall,Hallowfall,4,Tyrannical,7:34 PM
C9XvFRdLDHKphZVA,,wipe,7:00,420,12662,Hallowfall,Hallowfall,3,Fortified,10:49 PM
VNACatPZJjyRGpwf,,kill,28:24,1704,12662,Hallowfall,Hallowfall,6,Fortified,7:38 AM
VNACatPZJjyRGpwf,,kill,39:17,2357,12652,The Stonevault,The Stonevault,7,Fortified,8:22 AM
7FjdRZHNAJ2pcMmX,,wipe,38:37,2317,12662,Hallowfall,Hallowfall,2,Fortified,3:59 AM
BYWvTzV7CQX39pFg,,kill,21:16,1276,12662,Hallowfall,Hallowfall,4,Tyrannical,4:35 AM
V2wpQRkrXjKJqHxC,,wipe,0:00,0,12662,Hallowfall,Hallowfall,4,Fortified,12:19 AM
V2wpQRkrXjKJqHxC,,kill,23:37,1417,62290,Mists of Tirna Scithe,Mists of Tirna Scithe,4,Fortified,12:22 AM
2PLmYwv31TthHJfK,,wipe,0:00,0,12662,Hallowfall,Hallowfall,4,Fortified,11:43 PM
RqmLvDznGMWrtHa9,,wipe,22:54,1374,12662,Hallowfall,Hallowfall,2,Tyrannical,10:54 PM
LY8pAJ6vDHX2zwQ4,1,wipe,26:21,1581,12662,Hallowfall,Hallowfall,,,9:26 PM
LY8pAJ6vDHX2zwQ4,2,wipe,0:00,0,12662,Hallowfall,Hallowfall,,,10:15 PM
LY8pAJ6vDHX2zwQ4,1,wipe,26:21,1581,12662,Hallowfall,Hallowfall,,,9:26 PM
LY8pAJ6vDHX2zwQ4,2,wipe,0:00,0,12662,Hallowfall,Hallowfall,,,10:15 PM
V6BC1Lmv4KbZXa3w,,wipe,33:27,2007,12652,The Stonevault,The Stonevault,4,Fortified,7:27 PM
V6BC1Lmv4KbZXa3w,,wipe,5:53,353,12662,Hallowfall,Hallowfall,4,Fortified,8:00 PM
d7V3YTMLtXynzA8c,,kill,31:36,1896,12662,Hallowfall,Hallowfall,5,Tyrannical,2:31 PM
d7V3YTMLtXynzA8c,,kill,22:51,1371,12652,The Stonevault,The Stonevault,5,Tyrannical,3:10 PM
jDLfmQ1kNhpJwz7B,,kill,31:36,1896,12662,Hallowfall,Hallowfall,5,Tyrannical,2:31 PM
jDLfmQ1kNhpJwz7B,,kill,22:51,1371,12652,The Stonevault,The Stonevault,5,Tyrannical,3:10 PM
ZA7fhLwkxnPgM9jN,,wipe,1:45:45,6345,12662,Hallowfall,Hallowfall,2,Tyrannical,8:25 AM
7b2NLZvXrYBQHqF3,,wipe,11:09,669,12662,Hallowfall,Hallowfall,3,Tyrannical,10:28 PM
vH4NLt9VQw8y6XYx,,kill,48:59,2939,12662,Hallowfall,Hallowfall,3,Tyrannical,10:28 PM
vH4NLt9VQw8y6XYx,,wipe,42:32,2552,12652,The Stonevault,The Stonevault,3,Tyrannical,11:33 PM
k1f8FL24zMTpVCmc,,wipe,1:05:00,3900,12652,The Stonevault,The Stonevault,5,Tyrannical,6:43 PM
k1f8FL24zMTpVCmc,7,kill,40:53,2453,12662,Hallowfall,Hallowfall,,,8:26 PM
k1f8FL24zMTpVCmc,6,wipe,18:38,1118,12662,Hallowfall,Hallowfall,,,8:07 PM
k1f8FL24zMTpVCmc,,kill,26:14,1574,62286,The Necrotic Wake,The Necrotic Wake,6,Tyrannical,9:21 PM
9fCy87jLQAhWpF2m,,kill,1:09:19,4159,12662,Hallowfall,Hallowfall,5,Fortified,3:47 PM
9fCy87jLQAhWpF2m,9,kill,36:52,2212,62286,The Necrotic Wake,The Necrotic Wake,,,5:27 PM
9fCy87jLQAhWpF2m,8,wipe,25:43,1543,62286,The Necrotic Wake,The Necrotic Wake,,,5:01 PM
9fCy87jLQAhWpF2m,,kill,29:36,1776,62290,Mists of Tirna Scithe,Mists of Tirna Scithe,7,Tyrannical,6:11 PM
LNhKwATDY1yqdrRg,,wipe,2:18,138,12662,Hallowfall,Hallowfall,3,Tyrannical,5:01 PM
6GKTFWaYvc3hbXBZ,,wipe,3:07,187,12662,Hallowfall,Hallowfall,3,Fortified,4:35 PM
vXBW8TZkKrGH3xcN,,wipe,19:09,1149,12662,Hallowfall,Hallowfall,3,Fortified,10:41 PM
PnjHtmk7Fx392WQJ,6,kill,1:01:44,3704,12662,Hallowfall,Hallowfall,,,12:24 AM
PnjHtmk7Fx392WQJ,5,wipe,17:35,1055,12662,Hallowfall,Hallowfall,,,12:07 AM
xdhmJBQHZGA7bWLT,6,kill,1:01:44,3704,12662,Hallowfall,Hallowfall,,,12:24 AM
xdhmJBQHZGA7bWLT,5,wipe,17:35,1055,12662,Hallowfall,Hallowfall,,,12:07 AM
hWXRGwn7fTjbVHxC,,kill,30:02,1802,12662,Hallowfall,Hallowfall,3,Fortified,4:37 AM
hWXRGwn7fTjbVHxC,,wipe,0:00,0,62286,The Necrotic Wake,The Necrotic Wake,3,Fortified,5:34 AM
k213MgLv8nqAbwBJ,,kill,37:40,2260,12662,Hallowfall,Hallowfall,2,Fortified,4:29 AM
kTc1QJVh4DqvdraR,,wipe,13:36,816,12662,Hallowfall,Hallowfall,3,Fortified,4:27 AM
6YLXyzDQMa2HVvPr,,wipe,19:32,1172,12662,Hallowfall,Hallowfall,3,Fortified,1:33 AM
ZA3BfrbMCPJc8FgN,,kill,54:04,3244,12662,Hallowfall,Hallowfall,4,Fortified,11:26 PM
QTmf1t4vhKVMrJkY,,wipe,33:17,1997,12662,Hallowfall,Hallowfall,2,Fortified,11:22 PM
TR17vf8Fq29VaGpk,,kill,32:28,1948,62286,The Necrotic Wake,The Necrotic Wake,8,Xal'atath's Bargain: Voidbound,9:00 AM
Tw4QczAHLqFx3Cdb,,wipe,16:22,982,62286,The Necrotic Wake,The Necrotic Wake,10,Xal'atath's Bargain: Voidbound,7:23 AM
ZfTzWMAVBPmC3h8D,,kill,29:44,1784,62286,The Necrotic Wake,The Necrotic Wake,10,Xal'atath's Bargain: Voidbound,6:56 AM
zPVqmtANLhpR7djn,,kill,23:47,1427,62286,The Necrotic Wake,The Necrotic Wake,4,Xal'atath's Bargain: Voidbound,5:23 AM
f4VqbWtRcrpFBLX1,,kill,25:56,1556,62286,The Necrotic Wake,The Necrotic Wake,7,Xal'atath's Bargain: Voidbound,8:36 PM
AQVyDmJx4zt9pw1b,4,kill,1:33:36,5616,62286,The Necrotic Wake,The Necrotic Wake,,,4:42 PM
AQVyDmJx4zt9pw1b,3,wipe,18:11,1091,62286,The Necrotic Wake,The Necrotic Wake,,,4:24 PM
YFjah6yTzxKHB3ng,,wipe,3:40,220,62286,The Necrotic Wake,The Necrotic Wake,10,Xal'atath's Bargain: Oblivion,11:38 AM
jmQvx8XFBRnwfYtH,,wipe,3:28,208,62286,The Necrotic Wake,The Necrotic Wake,8,Xal'atath's Bargain: Oblivion,5:05 PM
7mAjRCQgMpq84dJ9,,wipe,3:39,219,62286,The Necrotic Wake,The Necrotic Wake,8,Xal'atath's Bargain: Oblivion,4:58 PM
amHhJ3kzWFcZRjbv,,kill,40:07,2407,62286,The Necrotic Wake,The Necrotic Wake,10,Xal'atath's Bargain: Oblivion,2:41 PM
TxaJRH4AtwKkDy2g,,kill,34:49,2089,62286,The Necrotic Wake,The Necrotic Wake,12,Fortified,8:49 AM
Bmap8fxh6L1rVNWQ,,wipe,4:32,272,62286,The Necrotic Wake,The Necrotic Wake,4,Xal'atath's Bargain: Ascendant,2:31 AM
mtFhH1ABjgzXknv3,2,kill,47:33,2853,62286,The Necrotic Wake,The Necrotic Wake,,,3:10 PM
mtFhH1ABjgzXknv3,1,wipe,9:46,586,62286,The Necrotic Wake,The Necrotic Wake,,,3:01 PM
nTzBAQ7NZkP1d8tM,,kill,30:07,1807,62286,The Necrotic Wake,The Necrotic Wake,10,Xal'atath's Bargain: Voidbound,11:10 AM
MtF4DCAxJ3qdHmwZ,,wipe,8:54,534,62286,The Necrotic Wake,The Necrotic Wake,10,Xal'atath's Bargain: Voidbound,5:27 AM
AkvzZcjf4Md61Bq8,2,kill,34:48,2088,62286,The Necrotic Wake,The Necrotic Wake,,,8:59 PM
AkvzZcjf4Md61Bq8,1,wipe,14:20,860,62286,The Necrotic Wake,The Necrotic Wake,,,8:45 PM
xjqYBNw7R28gW9fv,1,wipe,5:50,350,62286,The Necrotic Wake,The Necrotic Wake,,,7:25 AM
xjqYBNw7R28gW9fv,2,wipe,9:42,582,62286,The Necrotic Wake,The Necrotic Wake,,,7:31 AM
xjqYBNw7R28gW9fv,3,wipe,8:08,488,62286,The Necrotic Wake,The Necrotic Wake,,,7:40 AM
xjqYBNw7R28gW9fv,4,wipe,5:53,353,62286,The Necrotic Wake,The Necrotic Wake,,,7:49 AM
xjqYBNw7R28gW9fv,5,wipe,6:27,387,62286,The Necrotic Wake,The Necrotic Wake,,,7:55 AM
xjqYBNw7R28gW9fv,1,wipe,5:50,350,62286,The Necrotic Wake,The Necrotic Wake,,,7:25 AM
xjqYBNw7R28gW9fv,2,wipe,9:42,582,62286,The Necrotic Wake,The Necrotic Wake,,,7:31 AM
xjqYBNw7R28gW9fv,3,wipe,8:08,488,62286,The Necrotic Wake,The Necrotic Wake,,,7:40 AM
xjqYBNw7R28gW9fv,4,wipe,5:53,353,62286,The Necrotic Wake,The Necrotic Wake,,,7:49 AM
xjqYBNw7R28gW9fv,5,wipe,6:27,387,62286,The Necrotic Wake,The Necrotic Wake,,,7:55 AM
FxhaQpJBGtbV1vWf,,wipe,36:28,2188,12652,The Stonevault,The Stonevault,10,Xal'atath's Bargain: Voidbound,4:33 AM
FxhaQpJBGtbV1vWf,,wipe,7:52,472,62286,The Necrotic Wake,The Necrotic Wake,12,Fortified,5:09 AM
PTGZ9cmYazWrFy48,,kill,26:01,1561,62286,The Necrotic Wake,The Necrotic Wake,5,Xal'atath's Bargain: Voidbound,3:27 AM
AxKv9BTtQy6qNd2r,3,kill,26:02,1562,62286,The Necrotic Wake,The Necrotic Wake,,,5:24 AM
AxKv9BTtQy6qNd2r,7,kill,36:13,2173,62286,The Necrotic Wake,The Necrotic Wake,,,6:14 AM
AxKv9BTtQy6qNd2r,1,wipe,6:42,402,62286,The Necrotic Wake,The Necrotic Wake,,,5:12 AM
AxKv9BTtQy6qNd2r,2,wipe,5:26,326,62286,The Necrotic Wake,The Necrotic Wake,,,5:18 AM
AxKv9BTtQy6qNd2r,1,wipe,6:42,402,62286,The Necrotic Wake,The Necrotic Wake,,,5:12 AM
AxKv9BTtQy6qNd2r,2,wipe,5:26,326,62286,The Necrotic Wake,The Necrotic Wake,,,5:18 AM
PQ2wmxgyCnzKpvj8,,wipe,0:47,47,62286,The Necrotic Wake,The Necrotic Wake,10,Xal'atath's Bargain: Frenzied,3:01 PM
xQRq1gKarYhdfPwc,3,kill,42:15,2535,62286,The Necrotic Wake,The Necrotic Wake,,,3:09 PM
xQRq1gKarYhdfPwc,1,wipe,7:29,449,62286,The Necrotic Wake,The Necrotic Wake,,,2:43 PM
xQRq1gKarYhdfPwc,2,wipe,18:02,1082,62286,The Necrotic Wake,The Necrotic Wake,,,2:51 PM
xQRq1gKarYhdfPwc,1,wipe,7:29,449,62286,The Necrotic Wake,The Necrotic Wake,,,2:43 PM
xQRq1gKarYhdfPwc,2,wipe,18:02,1082,62286,The Necrotic Wake,The Necrotic Wake,,,2:51 PM
8M4fCH2zawtVAyTm,1,wipe,0:00,0,62286,The Necrotic Wake,The Necrotic Wake,,,3:13 PM
8M4fCH2zawtVAyTm,2,wipe,3:34,214,62286,The Necrotic Wake,The Necrotic Wake,,,3:16 PM
8M4fCH2zawtVAyTm,1,wipe,0:00,0,62286,The Necrotic Wake,The Necrotic Wake,,,3:13 PM
8M4fCH2zawtVAyTm,2,wipe,3:34,214,62286,The Necrotic Wake,The Necrotic Wake,,,3:16 PM
yA9HQKdwv36ZWVRa,1,kill,35:33,2133,62286,The Necrotic Wake,The Necrotic Wake,,,12:52 PM
yA9HQKdwv36ZWVRa,2,wipe,0:00,0,62286,The Necrotic Wake,The Necrotic Wake,,,1:23 PM
Rfb3H8Q4rz6A21K9,,kill,22:05,1325,62286,The Necrotic Wake,The Necrotic Wake,10,Xal'atath's Bargain: Ascendant,1:28 PM
YMTZ7Pr6pFV8jvRx,,wipe,42:21,2541,12652,The Stonevault,The Stonevault,7,Xal'atath's Bargain: Ascendant,11:02 AM
YMTZ7Pr6pFV8jvRx,,kill,34:02,2042,62286,The Necrotic Wake,The Necrotic Wake,7,Xal'atath's Bargain: Ascendant,11:44 AM
dx4AJMX8ND73HtTG,3,kill,26:02,1562,62286,The Necrotic Wake,The Necrotic Wake,,,5:24 AM
dx4AJMX8ND73HtTG,7,kill,36:13,2173,62286,The Necrotic Wake,The Necrotic Wake,,,6:14 AM
dx4AJMX8ND73HtTG,1,wipe,6:42,402,62286,The Necrotic Wake,The Necrotic Wake,,,5:12 AM
dx4AJMX8ND73HtTG,2,wipe,5:26,326,62286,The Necrotic Wake,The Necrotic Wake,,,5:18 AM
dx4AJMX8ND73HtTG,1,wipe,6:42,402,62286,The Necrotic Wake,The Necrotic Wake,,,5:12 AM
dx4AJMX8ND73HtTG,2,wipe,5:26,326,62286,The Necrotic Wake,The Necrotic Wake,,,5:18 AM
R2M7NKVCBqyDkF3h,,wipe,0:00,0,62286,The Necrotic Wake,The Necrotic Wake,10,Xal'atath's Bargain: Ascendant,6:14 AM
D8kKVW6p7Lq94wGA,1,wipe,8:59,539,62286,The Necrotic Wake,The Necrotic Wake,,,10:13 PM
D8kKVW6p7Lq94wGA,2,wipe,8:03,483,62286,The Necrotic Wake,The Necrotic Wake,,,10:22 PM
D8kKVW6p7Lq94wGA,3,wipe,36:59,2219,62286,The Necrotic Wake,The Necrotic Wake,,,10:30 PM
D8kKVW6p7Lq94wGA,1,wipe,8:59,539,62286,The Necrotic Wake,The Necrotic Wake,,,10:13 PM
D8kKVW6p7Lq94wGA,2,wipe,8:03,483,62286,The Necrotic Wake,The Necrotic Wake,,,10:22 PM
D8kKVW6p7Lq94wGA,3,wipe,36:59,2219,62286,The Necrotic Wake,The Necrotic Wake,,,10:30 PM
g4nWPT6397YzabM2,1,wipe,8:59,539,62286,The Necrotic Wake,The Necrotic Wake,,,10:13 PM
g4nWPT6397YzabM2,2,wipe,0:36,36,62286,The Necrotic Wake,The Necrotic Wake,,,10:22 PM
g4nWPT6397YzabM2,1,wipe,8:59,539,62286,The Necrotic Wake,The Necrotic Wake,,,10:13 PM
g4nWPT6397YzabM2,2,wipe,0:36,36,62286,The Necrotic Wake,The Necrotic Wake,,,10:22 PM
7K6QbzZwjYqGnyJR,,kill,25:47,1547,62286,The Necrotic Wake,The Necrotic Wake,4,Xal'atath's Bargain: Ascendant,9:11 AM
7K6QbzZwjYqGnyJR,,kill,35:27,2127,12652,The Stonevault,The Stonevault,4,Xal'atath's Bargain: Ascendant,9:54 AM
TcygZAhD7N1wKzvx,,kill,28:31,1711,62286,The Necrotic Wake,The Necrotic Wake,10,Xal'atath's Bargain: Ascendant,8:53 AM
FBa2wkhvnNRYgVx3,,kill,43:58,2638,62286,The Necrotic Wake,The Necrotic Wake,10,Xal'atath's Bargain: Ascendant,5:34 PM
zGaMt416dCxk9Lr7,,wipe,26:00,1560,62286,The Necrotic Wake,The Necrotic Wake,4,Xal'atath's Bargain: Ascendant,5:37 PM
VnQ8m4wdNLtxcXqW,,wipe,5:08,308,62286,The Necrotic Wake,The Necrotic Wake,10,Xal'atath's Bargain: Voidbound,6:14 AM
9xVhm8LpbTDYtjJk,3,kill,24:57,1497,62286,The Necrotic Wake,The Necrotic Wake,,,10:58 PM
9xVhm8LpbTDYtjJk,1,wipe,5:52,352,62286,The Necrotic Wake,The Necrotic Wake,,,10:45 PM
9xVhm8LpbTDYtjJk,2,wipe,6:50,410,62286,The Necrotic Wake,The Necrotic Wake,,,10:51 PM
9xVhm8LpbTDYtjJk,1,wipe,5:52,352,62286,The Necrotic Wake,The Necrotic Wake,,,10:45 PM
9xVhm8LpbTDYtjJk,2,wipe,6:50,410,62286,The Necrotic Wake,The Necrotic Wake,,,10:51 PM
maQ9fJ7Whrj4gNpn,,kill,24:57,1497,62286,The Necrotic Wake,The Necrotic Wake,10,Xal'atath's Bargain: Voidbound,10:58 PM
WgAvVbnFpRafmj83,,wipe,5:37,337,62286,The Necrotic Wake,The Necrotic Wake,10,Xal'atath's Bargain: Voidbound,1:25 PM
qn8MQmtVfdNL7xTJ,,kill,32:51,1971,62286,The Necrotic Wake,The Necrotic Wake,10,Xal'atath's Bargain: Voidbound,10:10 AM
bYqxJQB43KkaVMPR,,kill,25:13,1513,62286,The Necrotic Wake,The Necrotic Wake,10,Xal'atath's Bargain: Voidbound,8:51 AM
ZkryjtnPmXdF4AbH,,kill,35:35,2135,62286,The Necrotic Wake,The Necrotic Wake,6,Xal'atath's Bargain: Ascendant,3:10 AM
jAMn4VwgfZzxKLNa,,wipe,33:59,2039,62286,The Necrotic Wake,The Necrotic Wake,3,Xal'atath's Bargain: Voidbound,2:31 AM
v2Z39aJPxwrMcKkh,,wipe,4:15,255,62286,The Necrotic Wake,The Necrotic Wake,10,Xal'atath's Bargain: Voidbound,3:18 AM
mCp73AD9yHjkBv8r,,kill,33:54,2034,62286,The Necrotic Wake,The Necrotic Wake,10,Xal'atath's Bargain: Voidbound,2:00 AM
JVR9z8dxZ6mngF3L,2,kill,37:04,2224,62286,The Necrotic Wake,The Necrotic Wake,,,12:14 AM
JVR9z8dxZ6mngF3L,1,wipe,17:17,1037,62286,The Necrotic Wake,The Necrotic Wake,,,11:57 PM
861QX3Tr2JychvfF,1,wipe,33:22,2002,62286,The Necrotic Wake,The Necrotic Wake,,,3:45 PM
861QX3Tr2JychvfF,2,wipe,36:43,2203,62286,The Necrotic Wake,The Necrotic Wake,,,4:18 PM
861QX3Tr2JychvfF,1,wipe,33:22,2002,62286,The Necrotic Wake,The Necrotic Wake,,,3:45 PM
861QX3Tr2JychvfF,2,wipe,36:43,2203,62286,The Necrotic Wake,The Necrotic Wake,,,4:18 PM
N8LJQMKcnRdZbFpk,,kill,27:36,1656,62286,The Necrotic Wake,The Necrotic Wake,7,Xal'atath's Bargain: Voidbound,10:41 AM
BkwLpqKhtRxF89Gr,3,kill,51:35,3095,62286,The Necrotic Wake,The Necrotic Wake,,,7:43 AM
BkwLpqKhtRxF89Gr,1,wipe,6:22,382,62286,The Necrotic Wake,The Necrotic Wake,,,7:34 AM
BkwLpqKhtRxF89Gr,2,wipe,2:36,156,62286,The Necrotic Wake,The Necrotic Wake,,,7:41 AM
BkwLpqKhtRxF89Gr,1,wipe,6:22,382,62286,The Necrotic Wake,The Necrotic Wake,,,7:34 AM
BkwLpqKhtRxF89Gr,2,wipe,2:36,156,62286,The Necrotic Wake,The Necrotic Wake,,,7:41 AM
89Nx7RbBkMnAFJqr,,wipe,6:23,383,62286,The Necrotic Wake,The Necrotic Wake,10,Xal'atath's Bargain: Voidbound,7:12 PM
nJhYT1Vp3wkg9tC7,,wipe,21:09,1269,62286,The Necrotic Wake,The Necrotic Wake,4,Xal'atath's Bargain: Voidbound,4:50 AM
nJhYT1Vp3wkg9tC7,,kill,38:16,2296,12652,The Stonevault,The Stonevault,7,Xal'atath's Bargain: Voidbound,5:22 AM
TBkJNnpFdrhYXKZ4,,kill,27:08,1628,62286,The Necrotic Wake,The Necrotic Wake,10,Xal'atath's Bargain: Voidbound,5:09 AM
wZfhqYvCzRy2Kp8V,,wipe,20:29,1229,62286,The Necrotic Wake,The Necrotic Wake,3,Xal'atath's Bargain: Voidbound,10:59 PM
g37cRGbmTpVzPnty,,kill,46:53,2813,62286,The Necrotic Wake,The Necrotic Wake,10,Xal'atath's Bargain: Ascendant,12:20 PM
qRpFdrcQT3nLjvNG,2,kill,35:30,2130,62286,The Necrotic Wake,The Necrotic Wake,,,4:02 AM
qRpFdrcQT3nLjvNG,1,wipe,17:23,1043,62286,The Necrotic Wake,The Necrotic Wake,,,3:44 AM
czhdY9TAyvWxDBaQ,,kill,32:18,1938,62286,The Necrotic Wake,The Necrotic Wake,4,Xal'atath's Bargain: Voidbound,5:40 AM
2NthjAgGfDwTmLF7,,kill,27:58,1678,62286,The Necrotic Wake,The Necrotic Wake,2,Fortified,4:46 AM
2NthjAgGfDwTmLF7,,wipe,13:31,811,12652,The Stonevault,The Stonevault,5,Xal'atath's Bargain: Voidbound,5:23 AM
wDbH238a6T9XnBAd,,wipe,17:55,1075,62286,The Necrotic Wake,The Necrotic Wake,10,Xal'atath's Bargain: Voidbound,3:32 AM
VBXKhtPgjTzYNfQw,2,wipe,27:08,1628,62286,The Necrotic Wake,The Necrotic Wake,,,2:23 AM
VBXKhtPgjTzYNfQw,3,wipe,1:00,60,62286,The Necrotic Wake,The Necrotic Wake,,,2:54 AM
VBXKhtPgjTzYNfQw,2,wipe,27:08,1628,62286,The Necrotic Wake,The Necrotic Wake,,,2:23 AM
VBXKhtPgjTzYNfQw,3,wipe,1:00,60,62286,The Necrotic Wake,The Necrotic Wake,,,2:54 AM
Jx4m2GhQFvnq1brg,,wipe,0:00,0,62286,The Necrotic Wake,The Necrotic Wake,10,Xal'atath's Bargain: Voidbound,6:37 PM
WAhNpXb2y4tTGRz3,,kill,25:42,1542,62286,The Necrotic Wake,The Necrotic Wake,3,Fortified,4:28 PM
yZdk3j1haCtTNR8f,,wipe,20:05,1205,12652,The Stonevault,The Stonevault,10,Xal'atath's Bargain: Voidbound,5:15 AM
yZdk3j1haCtTNR8f,4,wipe,1:03,63,62286,The Necrotic Wake,The Necrotic Wake,,,5:35 AM
yZdk3j1haCtTNR8f,5,wipe,0:20,20,62286,The Necrotic Wake,The Necrotic Wake,,,5:36 AM
yZdk3j1haCtTNR8f,4,wipe,1:03,63,62286,The Necrotic Wake,The Necrotic Wake,,,5:35 AM
yZdk3j1haCtTNR8f,5,wipe,0:20,20,62286,The Necrotic Wake,The Necrotic Wake,,,5:36 AM
27m8LWzdHTCfjQPV,,wipe,2:44,164,62286,The Necrotic Wake,The Necrotic Wake,10,Xal'atath's Bargain: Frenzied,7:39 AM
M4CtVAgrDjRFxYzq,,wipe,27:08,1628,62286,The Necrotic Wake,The Necrotic Wake,3,Xal'atath's Bargain: Voidbound,2:23 AM
pv1VQP6DKg7NczWG,,wipe,13:41,821,62286,The Necrotic Wake,The Necrotic Wake,3,Xal'atath's Bargain: Voidbound,2:23 AM
qRT6JQfMG1Kb4ZvP,,wipe,18:50,1130,62286,The Necrotic Wake,The Necrotic Wake,10,Xal'atath's Bargain: Ascendant,10:51 AM
zqYLkRA97fmp8TV2,3,wipe,22:31,1351,62286,The Necrotic Wake,The Necrotic Wake,,,3:24 PM
zqYLkRA97fmp8TV2,4,wipe,1:16,76,62286,The Necrotic Wake,The Necrotic Wake,,,3:48 PM
zqYLkRA97fmp8TV2,3,wipe,22:31,1351,62286,The Necrotic Wake,The Necrotic Wake,,,3:24 PM
zqYLkRA97fmp8TV2,4,wipe,1:16,76,62286,The Necrotic Wake,The Necrotic Wake,,,3:48 PM
kAbw8pn2RLzrtQfW,,wipe,9:06,546,62286,The Necrotic Wake,The Necrotic Wake,4,Xal'atath's Bargain: Ascendant,2:55 PM
9yDzRrmNajVvpMHb,,wipe,12:28,748,62286,The Necrotic Wake,The Necrotic Wake,4,Xal'atath's Bargain: Ascendant,10:27 PM
TYPwBmdDLbFKGNaX,,kill,24:24,1464,12652,The Stonevault,The Stonevault,10,Xal'atath's Bargain: Frenzied,1:39 PM
TYPwBmdDLbFKGNaX,,kill,24:11,1451,62286,The Necrotic Wake,The Necrotic Wake,10,Xal'atath's Bargain: Frenzied,2:09 PM
V2NbXz3K8p97Gjqn,,wipe,20:39,1239,62286,The Necrotic Wake,The Necrotic Wake,3,Xal'atath's Bargain: Frenzied,1:34 PM
9w1R7CT2fyMXWrmG,,wipe,22:15,1335,62286,The Necrotic Wake,The Necrotic Wake,8,Xal'atath's Bargain: Ascendant,6:33 PM
p3DGyKWVPgjZNmY2,,kill,20:57,1257,62286,The Necrotic Wake,The Necrotic Wake,4,Xal'atath's Bargain: Ascendant,2:03 PM
Cdg7c4v1nWXVBAza,,kill,33:21,2001,62286,The Necrotic Wake,The Necrotic Wake,7,Xal'atath's Bargain: Ascendant,10:00 AM
4XckGTb9pAKmZJrq,,wipe,17:23,1043,62286,The Necrotic Wake,The Necrotic Wake,3,Xal'atath's Bargain: Frenzied,11:31 PM
YyPgJLc38XZh69W1,,wipe,22:43,1363,62286,The Necrotic Wake,The Necrotic Wake,10,Xal'atath's Bargain: Ascendant,7:54 AM
RdGQgFfazkDpy8X2,,kill,25:11,1511,62286,The Necrotic Wake,The Necrotic Wake,2,Fortified,11:18 PM
9xaMGy8XdwZJmY4A,,kill,41:47,2507,62286,The Necrotic Wake,The Necrotic Wake,6,Xal'atath's Bargain: Frenzied,6:26 AM
VLATMkPQZ6c9YF2b,1,wipe,22:32,1352,62286,The Necrotic Wake,The Necrotic Wake,,,4:11 AM
VLATMkPQZ6c9YF2b,2,wipe,1:14:07,4447,62286,The Necrotic Wake,The Necrotic Wake,,,4:34 AM
VLATMkPQZ6c9YF2b,1,wipe,22:32,1352,62286,The Necrotic Wake,The Necrotic Wake,,,4:11 AM
VLATMkPQZ6c9YF2b,2,wipe,1:14:07,4447,62286,The Necrotic Wake,The Necrotic Wake,,,4:34 AM
2KnaQZw6NmyDbG3X,,kill,24:16,1456,62286,The Necrotic Wake,The Necrotic Wake,5,Xal'atath's Bargain: Frenzied,10:11 PM
wbq9WtxPDpnL1hyc,,kill,26:30,1590,62286,The Necrotic Wake,The Necrotic Wake,4,Xal'atath's Bargain: Frenzied,9:07 PM
6t2DCVZRLz3WxdaG,1,kill,32:15,1935,62286,The Necrotic Wake,The Necrotic Wake,,,10:12 AM
6t2DCVZRLz3WxdaG,3,kill,19:58,1198,62286,The Necrotic Wake,The Necrotic Wake,,,11:00 AM
ykZzVjRgLNp6CnWQ,,kill,32:15,1935,62286,The Necrotic Wake,The Necrotic Wake,4,Xal'atath's Bargain: Ascendant,10:12 AM
8mvpHTDb4FgjxYdr,1,wipe,4:58,298,62286,The Necrotic Wake,The Necrotic Wake,,,2:56 AM
8mvpHTDb4FgjxYdr,2,wipe,3:50,230,62286,The Necrotic Wake,The Necrotic Wake,,,3:01 AM
8mvpHTDb4FgjxYdr,3,wipe,13:09,789,62286,The Necrotic Wake,The Necrotic Wake,,,3:04 AM
8mvpHTDb4FgjxYdr,1,wipe,4:58,298,62286,The Necrotic Wake,The Necrotic Wake,,,2:56 AM
8mvpHTDb4FgjxYdr,2,wipe,3:50,230,62286,The Necrotic Wake,The Necrotic Wake,,,3:01 AM
8mvpHTDb4FgjxYdr,3,wipe,13:09,789,62286,The Necrotic Wake,The Necrotic Wake,,,3:04 AM
HB2cx84QKmVraqJn,,wipe,10:42,642,62286,The Necrotic Wake,The Necrotic Wake,3,Xal'atath's Bargain: Ascendant,1:59 AM
3cZPmkW6fzDy1BAT,,kill,24:14,1454,62286,The Necrotic Wake,The Necrotic Wake,4,Xal'atath's Bargain: Ascendant,9:14 PM
9nyHAMCtfaxRVgDv,,kill,34:36,2076,62286,The Necrotic Wake,The Necrotic Wake,6,Xal'atath's Bargain: Ascendant,3:56 AM
M7KABZgcGN69DnpF,,kill,26:19,1579,62286,The Necrotic Wake,The Necrotic Wake,8,Tyrannical,8:57 AM
MzG86xCwb9acTyrg,,wipe,30:36,1836,62286,The Necrotic Wake,The Necrotic Wake,7,Tyrannical,7:11 PM
P4xDtN8hGaMyb1HR,,wipe,4:57,297,62286,The Necrotic Wake,The Necrotic Wake,6,Fortified,9:54 PM
2RFQtX8pNKqy7r3V,,kill,24:33,1473,62286,The Necrotic Wake,The Necrotic Wake,2,Tyrannical,10:50 PM
cFJBWC7NYRbLamMD,,wipe,24:27,1467,62286,The Necrotic Wake,The Necrotic Wake,2,Tyrannical,10:21 PM
rL6CYpW2wK1DvRgV,,wipe,28:40,1720,62286,The Necrotic Wake,The Necrotic Wake,5,Tyrannical,5:58 PM
8b92gXx6MVjkmNrd,3,kill,55:30,3330,62286,The Necrotic Wake,The Necrotic Wake,,,3:13 PM
8b92gXx6MVjkmNrd,1,wipe,4:48,288,62286,The Necrotic Wake,The Necrotic Wake,,,2:59 PM
8b92gXx6MVjkmNrd,2,wipe,9:21,561,62286,The Necrotic Wake,The Necrotic Wake,,,3:04 PM
8b92gXx6MVjkmNrd,1,wipe,4:48,288,62286,The Necrotic Wake,The Necrotic Wake,,,2:59 PM
8b92gXx6MVjkmNrd,2,wipe,9:21,561,62286,The Necrotic Wake,The Necrotic Wake,,,3:04 PM
TxrqhpBDtjMyfG1N,2,kill,55:30,3330,62286,The Necrotic Wake,The Necrotic Wake,,,3:13 PM
TxrqhpBDtjMyfG1N,1,wipe,12:46,766,62286,The Necrotic Wake,The Necrotic Wake,,,3:00 PM
wXK2nvJmtMyVqg36,,kill,35:12,2112,12652,The Stonevault,The Stonevault,5,Fortified,1:54 AM
wXK2nvJmtMyVqg36,8,kill,23:29,1409,62286,The Necrotic Wake,The Necrotic Wake,,,3:21 AM
wXK2nvJmtMyVqg36,7,wipe,23:51,1431,62286,The Necrotic Wake,The Necrotic Wake,,,2:57 AM
cLxZjtGz8d7CqKAH,,kill,33:18,1998,62286,The Necrotic Wake,The Necrotic Wake,3,Fortified,1:04 AM
Ck8P9YJrG4pfBLFA,,kill,22:55,1375,62286,The Necrotic Wake,The Necrotic Wake,8,Fortified,10:10 PM
mTZ8ab9PCHV6B3x2,,wipe,10:05,605,62286,The Necrotic Wake,The Necrotic Wake,5,Tyrannical,4:20 PM
XwqMcpPV1hgYT7Fb,,wipe,2:52,172,62286,The Necrotic Wake,The Necrotic Wake,3,Fortified,3:09 PM
vgQBaCFKxTmNwJdf,,kill,25:39,1539,62286,The Necrotic Wake,The Necrotic Wake,3,Fortified,6:45 AM
23Dm9AQT6gLtjPNG,,kill,23:47,1427,12652,The Stonevault,The Stonevault,3,Fortified,2:26 AM
23Dm9AQT6gLtjPNG,,kill,25:39,1539,62286,The Necrotic Wake,The Necrotic Wake,3,Fortified,6:45 AM
2ZGYLdDk8PqMAfJm,,kill,40:34,2434,62286,The Necrotic Wake,The Necrotic Wake,3,Tyrannical,10:41 PM
2GMqad1fzwJxAvDK,,kill,28:39,1719,62286,The Necrotic Wake,The Necrotic Wake,4,Fortified,3:28 AM
ADPwTNvzbtgC6Rkj,,wipe,30:41,1841,62286,The Necrotic Wake,The Necrotic Wake,3,Fortified,1:34 AM
ADPwTNvzbtgC6Rkj,,wipe,19:56,1196,12652,The Stonevault,The Stonevault,4,Fortified,2:05 AM
21DRMXLCAPTJtwNa,2,kill,29:09,1749,62286,The Necrotic Wake,The Necrotic Wake,,,10:25 PM
21DRMXLCAPTJtwNa,1,wipe,1:56,116,62286,The Necrotic Wake,The Necrotic Wake,,,10:23 PM
21DRMXLCAPTJtwNa,,kill,24:36,1476,62290,Mists of Tirna Scithe,Mists of Tirna Scithe,9,Fortified,10:58 PM
V64kFqD1w7m3RJ2g,,kill,29:22,1762,62286,The Necrotic Wake,The Necrotic Wake,3,Tyrannical,4:41 AM
V64kFqD1w7m3RJ2g,5,kill,1:02:13,3733,12652,The Stonevault,The Stonevault,,,6:32 AM
V64kFqD1w7m3RJ2g,2,wipe,44:17,2657,12652,The Stonevault,The Stonevault,,,5:21 AM
V64kFqD1w7m3RJ2g,3,wipe,14:44,884,12652,The Stonevault,The Stonevault,,,6:05 AM
V64kFqD1w7m3RJ2g,4,wipe,12:38,758,12652,The Stonevault,The Stonevault,,,6:20 AM
V64kFqD1w7m3RJ2g,2,wipe,44:17,2657,12652,The Stonevault,The Stonevault,,,5:21 AM
V64kFqD1w7m3RJ2g,3,wipe,14:44,884,12652,The Stonevault,The Stonevault,,,6:05 AM
V64kFqD1w7m3RJ2g,4,wipe,12:38,758,12652,The Stonevault,The Stonevault,,,6:20 AM
kdyX8HP2g6RzrZtV,,kill,21:02,1262,62286,The Necrotic Wake,The Necrotic Wake,3,Tyrannical,5:33 AM
bzTBvXCPyVJ1R6AY,,kill,23:05,1385,62286,The Necrotic Wake,The Necrotic Wake,4,Tyrannical,5:13 AM
Rab9wXn64yT1Pxrj,,kill,25:26,1526,62286,The Necrotic Wake,The Necrotic Wake,7,Tyrannical,11:58 PM
WxPCTvQMXwk6By9Z,,kill,26:33,1593,62286,The Necrotic Wake,The Necrotic Wake,2,Fortified,6:31 PM
WxPCTvQMXwk6By9Z,,kill,23:11,1391,62290,Mists of Tirna Scithe,Mists of Tirna Scithe,4,Tyrannical,7:01 PM
vXpWdyhxmGaFfz72,,wipe,45:44,2744,62286,The Necrotic Wake,The Necrotic Wake,2,Fortified,2:41 PM
vXpWdyhxmGaFfz72,,kill,25:03,1503,62290,Mists of Tirna Scithe,Mists of Tirna Scithe,3,Fortified,3:27 PM
LjzXxKhY8yqH1W64,,wipe,16:04,964,62286,The Necrotic Wake,The Necrotic Wake,5,Fortified,3:04 PM
bfvD9g4ARWxJVqNn,,wipe,12:47,767,62286,The Necrotic Wake,The Necrotic Wake,2,Fortified,2:41 PM
nZLXYv8prGJ6RMdk,,kill,31:45,1905,62286,The Necrotic Wake,The Necrotic Wake,4,Fortified,8:22 AM
3TjgMwvDrAyzVFHf,,kill,22:50,1370,62290,Mists of Tirna Scithe,Mists of Tirna Scithe,3,Fortified,6:30 AM
3TjgMwvDrAyzVFHf,,wipe,26:59,1619,62286,The Necrotic Wake,The Necrotic Wake,3,Fortified,6:56 AM
Pdmq16VCnF4wQc7b,,kill,33:24,2004,62286,The Necrotic Wake,The Necrotic Wake,4,Fortified,3:29 AM
Pdmq16VCnF4wQc7b,10,kill,1:15:21,4521,12652,The Stonevault,The Stonevault,,,4:19 AM
Pdmq16VCnF4wQc7b,9,wipe,12:29,749,12652,The Stonevault,The Stonevault,,,4:07 AM
XVHcTNP8gDZnkQKL,,wipe,46:47,2807,62286,The Necrotic Wake,The Necrotic Wake,5,Fortified,2:52 AM
XVHcTNP8gDZnkQKL,,wipe,4:40,280,62290,Mists of Tirna Scithe,Mists of Tirna Scithe,3,Fortified,3:39 AM
ZK6tJmQ4jLfgPnz7,,kill,21:51,1311,62286,The Necrotic Wake,The Necrotic Wake,2,Fortified,2:52 AM
K1g63rxRqLQfmjct,,wipe,10:55,655,62286,The Necrotic Wake,The Necrotic Wake,4,Fortified,11:30 PM
364WvgftVGpTAa1F,3,kill,30:45,1845,62286,The Necrotic Wake,The Necrotic Wake,,,8:11 PM
364WvgftVGpTAa1F,2,wipe,0:51,51,62286,The Necrotic Wake,The Necrotic Wake,,,8:10 PM
2Q6Kt1PZCGp4Lbrg,,kill,28:34,1714,12652,The Stonevault,The Stonevault,10,Xal'atath's Bargain: Voidbound,7:45 AM
Fw8G3jh1g9zvcY2M,,wipe,41:29,2489,12652,The Stonevault,The Stonevault,7,Xal'atath's Bargain: Oblivion,5:43 PM
2xaT8Dtf3NrgRdwP,,kill,40:43,2443,12652,The Stonevault,The Stonevault,10,Xal'atath's Bargain: Oblivion,1:39 AM
J2LxmHvGQhPBDrtM,,wipe,5:18,318,12652,The Stonevault,The Stonevault,10,Xal'atath's Bargain: Voidbound,5:26 PM
jaCRH1KxLDPXNZdy,,kill,49:14,2954,12652,The Stonevault,The Stonevault,10,Xal'atath's Bargain: Voidbound,3:44 PM
8fDQnw1B7TbxmFdW,,kill,1:07:05,4025,12652,The Stonevault,The Stonevault,13,Tyrannical,2:20 PM
dhjPZXfJYQHrRaT1,,kill,53:47,3227,12652,The Stonevault,The Stonevault,10,Xal'atath's Bargain: Voidbound,5:40 AM
xAfpwQN41dZRGXr8,,wipe,20:10,1210,12652,The Stonevault,The Stonevault,15,Tyrannical,5:24 PM
L4fV3w91rgFJymAK,2,kill,54:48,3288,12652,The Stonevault,The Stonevault,,,4:53 PM
L4fV3w91rgFJymAK,1,wipe,24:01,1441,12652,The Stonevault,The Stonevault,,,4:29 PM
grTqnA2Q37KzMm9W,,kill,36:58,2218,12652,The Stonevault,The Stonevault,10,Xal'atath's Bargain: Ascendant,4:23 PM
nkwb8Z6MzTWBcqpL,,kill,31:48,1908,12652,The Stonevault,The Stonevault,5,Xal'atath's Bargain: Voidbound,4:29 PM
RfBAdqJWyjMxrav8,,wipe,3:55,235,12652,The Stonevault,The Stonevault,15,Fortified,4:33 PM
h7Daxt3kKVX49Mrw,,wipe,16:25,985,12652,The Stonevault,The Stonevault,15,Fortified,4:14 PM
BqCYz8VA9LkdFHNK,1,wipe,11:41,701,12652,The Stonevault,The Stonevault,,,3:10 PM
BqCYz8VA9LkdFHNK,2,wipe,19:49,1189,12652,The Stonevault,The Stonevault,,,3:22 PM
BqCYz8VA9LkdFHNK,1,wipe,11:41,701,12652,The Stonevault,The Stonevault,,,3:10 PM
BqCYz8VA9LkdFHNK,2,wipe,19:49,1189,12652,The Stonevault,The Stonevault,,,3:22 PM
1rNg4T9YcPq8VaXJ,,wipe,21:48,1308,12652,The Stonevault,The Stonevault,15,Fortified,2:26 PM
nAchCwjZK6gqYaPR,,wipe,4:06,246,12652,The Stonevault,The Stonevault,15,Fortified,12:40 PM
p7A29Gh1Vd3fXYRm,,wipe,17:10,1030,12652,The Stonevault,The Stonevault,15,Fortified,11:54 AM
21GbhCXV4pgB3z9t,,kill,1:02:21,3741,12652,The Stonevault,The Stonevault,5,Xal'atath's Bargain: Voidbound,8:41 PM
KaJ9mgTx3Fq8ZB1j,1,wipe,16:21,981,12652,The Stonevault,The Stonevault,,,6:58 PM
KaJ9mgTx3Fq8ZB1j,2,wipe,3:28,208,12652,The Stonevault,The Stonevault,,,7:14 PM
KaJ9mgTx3Fq8ZB1j,3,wipe,26:52,1612,12652,The Stonevault,The Stonevault,,,7:18 PM
KaJ9mgTx3Fq8ZB1j,1,wipe,16:21,981,12652,The Stonevault,The Stonevault,,,6:58 PM
KaJ9mgTx3Fq8ZB1j,2,wipe,3:28,208,12652,The Stonevault,The Stonevault,,,7:14 PM
KaJ9mgTx3Fq8ZB1j,3,wipe,26:52,1612,12652,The Stonevault,The Stonevault,,,7:18 PM
q3pxZFkhTBAwWM7V,,wipe,1:43,103,12652,The Stonevault,The Stonevault,7,Xal'atath's Bargain: Voidbound,4:29 PM
rgtn3AvhxywLJZz6,,wipe,7:09,429,12652,The Stonevault,The Stonevault,7,Xal'atath's Bargain: Frenzied,8:12 AM
mJwHNXCDnP7VcjtM,,wipe,9:53,593,12652,The Stonevault,The Stonevault,6,Xal'atath's Bargain: Ascendant,10:00 AM
DZ3WAGvq9HCgnjtd,,kill,37:39,2259,12652,The Stonevault,The Stonevault,4,Xal'atath's Bargain: Voidbound,12:35 AM
zR3AH1Kmk9xY26aJ,1,wipe,6:30,390,12652,The Stonevault,The Stonevault,,,12:58 PM
zR3AH1Kmk9xY26aJ,2,wipe,4:15,255,12652,The Stonevault,The Stonevault,,,1:04 PM
zR3AH1Kmk9xY26aJ,3,wipe,49:25,2965,12652,The Stonevault,The Stonevault,,,1:09 PM
zR3AH1Kmk9xY26aJ,1,wipe,6:30,390,12652,The Stonevault,The Stonevault,,,12:58 PM
zR3AH1Kmk9xY26aJ,2,wipe,4:15,255,12652,The Stonevault,The Stonevault,,,1:04 PM
zR3AH1Kmk9xY26aJ,3,wipe,49:25,2965,12652,The Stonevault,The Stonevault,,,1:09 PM
NtYgpRzqcd7Bhrnw,,wipe,8:36,516,12652,The Stonevault,The Stonevault,3,Xal'atath's Bargain: Voidbound,6:42 PM
W6CjA8G4bLqhnYFr,,wipe,2:17,137,12652,The Stonevault,The Stonevault,3,Xal'atath's Bargain: Voidbound,6:42 PM
W9q6PGTYLmRA8dvD,,kill,43:07,2587,12652,The Stonevault,The Stonevault,10,Xal'atath's Bargain: Voidbound,4:07 PM
JFVAxhf1QCjRMGdb,,kill,26:39,1599,12652,The Stonevault,The Stonevault,4,Xal'atath's Bargain: Voidbound,1:02 AM
JzW7m9fvnrA6KPxL,,kill,32:40,1960,12652,The Stonevault,The Stonevault,10,Xal'atath's Bargain: Voidbound,3:02 AM
7MQ4CNXzkZgdHjpW,,wipe,10:12,612,12652,The Stonevault,The Stonevault,10,Xal'atath's Bargain: Voidbound,10:56 AM
MQmRGz2P1HtdNJYW,,kill,1:02:34,3754,12652,The Stonevault,The Stonevault,8,Xal'atath's Bargain: Voidbound,7:48 AM
t91rgpJjGD7xvqLR,,kill,32:40,1960,12652,The Stonevault,The Stonevault,10,Xal'atath's Bargain: Voidbound,3:02 AM
pjrmZWLtkYb82BVz,,kill,40:07,2407,12652,The Stonevault,The Stonevault,10,Xal'atath's Bargain: Voidbound,2:18 AM
DBPZ97tN8Kz3xyjr,,kill,36:37,2197,12652,The Stonevault,The Stonevault,10,Xal'atath's Bargain: Ascendant,5:48 PM
vkhZaxNJ8TFKWpM4,,wipe,2:14,134,12652,The Stonevault,The Stonevault,5,Xal'atath's Bargain: Ascendant,4:57 PM
bm4HCFD8zrG1gNZn,1,wipe,26:41,1601,12652,The Stonevault,The Stonevault,,,7:07 PM
bm4HCFD8zrG1gNZn,2,wipe,10:44,644,12652,The Stonevault,The Stonevault,,,7:33 PM
bm4HCFD8zrG1gNZn,1,wipe,26:41,1601,12652,The Stonevault,The Stonevault,,,7:07 PM
bm4HCFD8zrG1gNZn,2,wipe,10:44,644,12652,The Stonevault,The Stonevault,,,7:33 PM
DbzZHaNqp2TPyRt6,1,wipe,0:32,32,12652,The Stonevault,The Stonevault,,,7:43 PM
DbzZHaNqp2TPyRt6,2,wipe,0:39,39,12652,The Stonevault,The Stonevault,,,7:43 PM
DbzZHaNqp2TPyRt6,3,wipe,0:28,28,12652,The Stonevault,The Stonevault,,,7:44 PM
DbzZHaNqp2TPyRt6,4,wipe,1:08,68,12652,The Stonevault,The Stonevault,,,7:45 PM
DbzZHaNqp2TPyRt6,5,wipe,0:47,47,12652,The Stonevault,The Stonevault,,,7:46 PM
DbzZHaNqp2TPyRt6,6,wipe,0:43,43,12652,The Stonevault,The Stonevault,,,7:47 PM
DbzZHaNqp2TPyRt6,7,wipe,0:37,37,12652,The Stonevault,The Stonevault,,,7:48 PM
DbzZHaNqp2TPyRt6,1,wipe,0:32,32,12652,The Stonevault,The Stonevault,,,7:43 PM
DbzZHaNqp2TPyRt6,2,wipe,0:39,39,12652,The Stonevault,The Stonevault,,,7:43 PM
DbzZHaNqp2TPyRt6,3,wipe,0:28,28,12652,The Stonevault,The Stonevault,,,7:44 PM
DbzZHaNqp2TPyRt6,4,wipe,1:08,68,12652,The Stonevault,The Stonevault,,,7:45 PM
DbzZHaNqp2TPyRt6,5,wipe,0:47,47,12652,The Stonevault,The Stonevault,,,7:46 PM
DbzZHaNqp2TPyRt6,6,wipe,0:43,43,12652,The Stonevault,The Stonevault,,,7:47 PM
DbzZHaNqp2TPyRt6,7,wipe,0:37,37,12652,The Stonevault,The Stonevault,,,7:48 PM
CKcpWRVf6hY9vdy7,,kill,34:26,2066,12652,The Stonevault,The Stonevault,10,Xal'atath's Bargain: Voidbound,7:50 AM
p6cwPavbnmzd9Atq,,wipe,8:03,483,12652,The Stonevault,The Stonevault,7,Xal'atath's Bargain: Ascendant,5:19 AM
b6xBnaGmM3VCptQh,,kill,1:11:00,4260,12652,The Stonevault,The Stonevault,10,Xal'atath's Bargain: Ascendant,1:29 AM
Lg16Gmn8FpRYWB72,,kill,1:11:00,4260,12652,The Stonevault,The Stonevault,10,Xal'atath's Bargain: Ascendant,1:29 AM
Y3HmDV8MTgcfZ1jW,1,wipe,3:39,219,12652,The Stonevault,The Stonevault,,,9:25 AM
Y3HmDV8MTgcfZ1jW,2,wipe,9:08,548,12652,The Stonevault,The Stonevault,,,9:28 AM
Y3HmDV8MTgcfZ1jW,1,wipe,3:39,219,12652,The Stonevault,The Stonevault,,,9:25 AM
Y3HmDV8MTgcfZ1jW,2,wipe,9:08,548,12652,The Stonevault,The Stonevault,,,9:28 AM
Gv2HD1Rc8ZQWVPLY,,kill,47:04,2824,12652,The Stonevault,The Stonevault,10,Xal'atath's Bargain: Ascendant,9:49 AM
VjZ1y9kp7qXDxw2n,,kill,33:04,1984,12652,The Stonevault,The Stonevault,10,Xal'atath's Bargain: Ascendant,5:15 PM
B3HPapQ8m1AdRTfg,,wipe,0:00,0,12652,The Stonevault,The Stonevault,10,Xal'atath's Bargain: Ascendant,10:55 PM
QHkwVjFYZW7m2Khp,,wipe,8:21,501,12652,The Stonevault,The Stonevault,10,Xal'atath's Bargain: Voidbound,2:22 AM
DJ1j7dQZyPgkbVxC,,kill,44:25,2665,12652,The Stonevault,The Stonevault,10,Xal'atath's Bargain: Ascendant,10:03 PM
wRJpz789YNmhBXGf,,kill,42:05,2525,12652,The Stonevault,The Stonevault,3,Fortified,7:50 PM
CrPtbZwcdHJzgxA3,2,kill,1:04:29,3869,12652,The Stonevault,The Stonevault,,,3:39 AM
CrPtbZwcdHJzgxA3,1,wipe,2:51,171,12652,The Stonevault,The Stonevault,,,3:36 AM
qZk6JHyMv8RF7mdG,1,wipe,18:00,1080,12652,The Stonevault,The Stonevault,,,2:24 AM
qZk6JHyMv8RF7mdG,2,wipe,35:28,2128,12652,The Stonevault,The Stonevault,,,2:42 AM
qZk6JHyMv8RF7mdG,1,wipe,18:00,1080,12652,The Stonevault,The Stonevault,,,2:24 AM
qZk6JHyMv8RF7mdG,2,wipe,35:28,2128,12652,The Stonevault,The Stonevault,,,2:42 AM
qZk6JHyMv8RF7mdG,4,kill,30:58,1858,62286,The Necrotic Wake,The Necrotic Wake,,,3:25 AM
qZk6JHyMv8RF7mdG,3,wipe,7:29,449,62286,The Necrotic Wake,The Necrotic Wake,,,3:18 AM
bpPLhZ37cBKDGCkR,,kill,47:12,2832,12652,The Stonevault,The Stonevault,10,Xal'atath's Bargain: Ascendant,11:42 AM
GzhCrgpt9DNXafAY,,kill,26:17,1577,12652,The Stonevault,The Stonevault,13,Fortified,5:51 PM
yAbP8W3nZ9kfD2qg,,kill,24:21,1461,12652,The Stonevault,The Stonevault,12,Tyrannical,5:15 PM
Qacf1DL26RXAM4zK,2,kill,45:58,2758,12652,The Stonevault,The Stonevault,,,3:34 PM
Qacf1DL26RXAM4zK,1,wipe,20:11,1211,12652,The Stonevault,The Stonevault,,,3:14 PM
1CFk8MVR2daKA7cZ,1,wipe,38:32,2312,12652,The Stonevault,The Stonevault,,,9:08 AM
1CFk8MVR2daKA7cZ,2,wipe,57:20,3440,12652,The Stonevault,The Stonevault,,,9:46 AM
1CFk8MVR2daKA7cZ,3,wipe,12:43,763,12652,The Stonevault,The Stonevault,,,10:45 AM
1CFk8MVR2daKA7cZ,1,wipe,38:32,2312,12652,The Stonevault,The Stonevault,,,9:08 AM
1CFk8MVR2daKA7cZ,2,wipe,57:20,3440,12652,The Stonevault,The Stonevault,,,9:46 AM
1CFk8MVR2daKA7cZ,3,wipe,12:43,763,12652,The Stonevault,The Stonevault,,,10:45 AM
43AbWhvJg7tRkxzn,,wipe,22:52,1372,12652,The Stonevault,The Stonevault,8,Xal'atath's Bargain: Frenzied,9:08 AM
HVCpzAgvh1xtwKcJ,,wipe,0:00,0,12652,The Stonevault,The Stonevault,10,Xal'atath's Bargain: Frenzied,6:12 PM
ZFLAPj7fNm9hvwp1,,wipe,39:42,2382,12652,The Stonevault,The Stonevault,10,Xal'atath's Bargain: Ascendant,3:10 AM
2njkR9hgyQp3JcX6,,kill,28:52,1732,12652,The Stonevault,The Stonevault,6,Xal'atath's Bargain: Ascendant,4:40 AM
NyFpGj3KmnAd4b8D,,kill,27:18,1638,12652,The Stonevault,The Stonevault,4,Xal'atath's Bargain: Ascendant,4:11 AM
MDYX83TCPxnb7Kwg,,wipe,18:56,1136,12652,The Stonevault,The Stonevault,5,Xal'atath's Bargain: Frenzied,9:57 AM
PR7kW81XJvC4d2zK,,wipe,25:12,1512,12652,The Stonevault,The Stonevault,3,Xal'atath's Bargain: Frenzied,10:35 AM
FAMV2HZxzKbtphTm,2,kill,38:46,2326,12652,The Stonevault,The Stonevault,,,6:52 PM
FAMV2HZxzKbtphTm,1,wipe,8:20,500,12652,The Stonevault,The Stonevault,,,6:43 PM
g16CAnpJa8xzMDmP,3,wipe,13:39,819,12652,The Stonevault,The Stonevault,,,5:55 PM
g16CAnpJa8xzMDmP,4,wipe,8:32,512,12652,The Stonevault,The Stonevault,,,6:10 PM
g16CAnpJa8xzMDmP,3,wipe,13:39,819,12652,The Stonevault,The Stonevault,,,5:55 PM
g16CAnpJa8xzMDmP,4,wipe,8:32,512,12652,The Stonevault,The Stonevault,,,6:10 PM
a3JvyNgTGApHkM7q,,wipe,2:10,130,12652,The Stonevault,The Stonevault,10,Xal'atath's Bargain: Ascendant,4:25 PM
LTqZjvD78GHRCFcr,,kill,38:29,2309,12652,The Stonevault,The Stonevault,5,Xal'atath's Bargain: Ascendant,12:31 PM
1cRCVjaT9zhwGqK6,3,kill,1:15:59,4559,12652,The Stonevault,The Stonevault,,,11:12 AM
1cRCVjaT9zhwGqK6,1,wipe,16:16,976,12652,The Stonevault,The Stonevault,,,10:44 AM
1cRCVjaT9zhwGqK6,2,wipe,11:07,667,12652,The Stonevault,The Stonevault,,,11:00 AM
1cRCVjaT9zhwGqK6,1,wipe,16:16,976,12652,The Stonevault,The Stonevault,,,10:44 AM
1cRCVjaT9zhwGqK6,2,wipe,11:07,667,12652,The Stonevault,The Stonevault,,,11:00 AM
6gDQJXxwVBmFyMfd,,wipe,9:31,571,12652,The Stonevault,The Stonevault,9,Fortified,10:44 AM
faLjR8Y1pWVhxwA2,,wipe,3:28,208,12652,The Stonevault,The Stonevault,10,Xal'atath's Bargain: Ascendant,8:58 AM
prbLtvVJPYFcq9Df,,wipe,5:38,338,12652,The Stonevault,The Stonevault,3,Xal'atath's Bargain: Frenzied,10:51 AM
2dAqMZpFKvj647Dx,,kill,25:29,1529,12652,The Stonevault,The Stonevault,3,Fortified,5:43 AM
Zj9PqFpK7VGM16tR,,wipe,16:21,981,12652,The Stonevault,The Stonevault,4,Xal'atath's Bargain: Frenzied,12:14 AM
agVxPwZ16j7vrkfL,,kill,34:33,2073,12652,The Stonevault,The Stonevault,10,Xal'atath's Bargain: Frenzied,1:52 PM
baVBFmD7R8T2tAkv,,kill,34:33,2073,12652,The Stonevault,The Stonevault,10,Xal'atath's Bargain: Frenzied,1:52 PM
W72B6HF4NZwr1tqD,,kill,33:36,2016,12652,The Stonevault,The Stonevault,4,Xal'atath's Bargain: Frenzied,10:09 PM
Xa12LwgK9G7JZF6p,,kill,32:35,1955,12652,The Stonevault,The Stonevault,3,Fortified,6:45 AM
Xa12LwgK9G7JZF6p,,wipe,0:45,45,62290,Mists of Tirna Scithe,Mists of Tirna Scithe,5,Fortified,7:42 AM
MWT3L1VhZm9NX6kx,,wipe,22:22,1342,12652,The Stonevault,The Stonevault,3,Xal'atath's Bargain: Ascendant,12:39 AM
frNWcYaktmw1x6FB,,wipe,1:05:05,3905,12652,The Stonevault,The Stonevault,12,Tyrannical,9:55 PM
Lkhz9QVxNc1M4BTw,,kill,41:50,2510,12652,The Stonevault,The Stonevault,4,Xal'atath's Bargain: Ascendant,11:45 AM
TvrAwVLt7MnhKNWk,,wipe,7:20,440,12652,The Stonevault,The Stonevault,7,Xal'atath's Bargain: Ascendant,5:47 PM
nKmLFGyxrZqHQP8a,,wipe,1:11,71,12652,The Stonevault,The Stonevault,2,Xal'atath's Bargain: Ascendant,5:33 PM
ZRXzkPrfxKdCAtLV,,wipe,17:15,1035,12652,The Stonevault,The Stonevault,8,Xal'atath's Bargain: Ascendant,5:40 PM
LDk6VRYaZ9CBdmWP,1,wipe,18:36,1116,12652,The Stonevault,The Stonevault,,,2:58 PM
LDk6VRYaZ9CBdmWP,2,wipe,10:43,643,12652,The Stonevault,The Stonevault,,,3:17 PM
LDk6VRYaZ9CBdmWP,3,wipe,31:07,1867,12652,The Stonevault,The Stonevault,,,3:29 PM
LDk6VRYaZ9CBdmWP,1,wipe,18:36,1116,12652,The Stonevault,The Stonevault,,,2:58 PM
LDk6VRYaZ9CBdmWP,2,wipe,10:43,643,12652,The Stonevault,The Stonevault,,,3:17 PM
LDk6VRYaZ9CBdmWP,3,wipe,31:07,1867,12652,The Stonevault,The Stonevault,,,3:29 PM
yxVqFKRYNbwA7BDQ,,kill,23:31,1411,12652,The Stonevault,The Stonevault,7,Xal'atath's Bargain: Ascendant,4:48 AM
r79TC6MfcaqRWHBp,,wipe,11:09,669,12652,The Stonevault,The Stonevault,5,Xal'atath's Bargain: Ascendant,1:50 AM
dGtjfAYDn3QLm2Kq,,wipe,9:04,544,12652,The Stonevault,The Stonevault,7,Fortified,3:37 AM
qzb2Dv1yHXNBQKPn,,kill,32:30,1950,12652,The Stonevault,The Stonevault,3,Fortified,12:55 AM
TWa7f3nRKzx2A1FX,,kill,32:30,1950,12652,The Stonevault,The Stonevault,3,Fortified,12:55 AM
Bt2f8GcR4yPLvF7z,,kill,32:40,1960,12652,The Stonevault,The Stonevault,4,Fortified,7:39 PM
xjP7qQdcgnYhkvyb,,kill,45:47,2747,12652,The Stonevault,The Stonevault,5,Fortified,11:13 AM
FR9Af1K6Gb4pwBr3,,wipe,5:24,324,12652,The Stonevault,The Stonevault,7,Fortified,6:42 AM
CgTYdyjB3Rw9Q28k,,wipe,20:30,1230,12652,The Stonevault,The Stonevault,4,Fortified,2:59 AM
6Zckva1R7WtjCdTA,1,wipe,27:12,1632,12652,The Stonevault,The Stonevault,,,6:33 AM
6Zckva1R7WtjCdTA,2,wipe,14:03,843,12652,The Stonevault,The Stonevault,,,7:00 AM
6Zckva1R7WtjCdTA,3,wipe,35:14,2114,12652,The Stonevault,The Stonevault,,,7:14 AM
6Zckva1R7WtjCdTA,4,wipe,5:58,358,12652,The Stonevault,The Stonevault,,,7:49 AM
6Zckva1R7WtjCdTA,1,wipe,27:12,1632,12652,The Stonevault,The Stonevault,,,6:33 AM
6Zckva1R7WtjCdTA,2,wipe,14:03,843,12652,The Stonevault,The Stonevault,,,7:00 AM
6Zckva1R7WtjCdTA,3,wipe,35:14,2114,12652,The Stonevault,The Stonevault,,,7:14 AM
6Zckva1R7WtjCdTA,4,wipe,5:58,358,12652,The Stonevault,The Stonevault,,,7:49 AM
MmT9djyrFvahc7p3,,wipe,2:53,173,12652,The Stonevault,The Stonevault,5,Fortified,11:44 AM
h6ftgRAnzYqTpGrP,4,kill,47:42,2862,12652,The Stonevault,The Stonevault,,,9:50 PM
h6ftgRAnzYqTpGrP,1,wipe,7:13,433,12652,The Stonevault,The Stonevault,,,9:06 PM
h6ftgRAnzYqTpGrP,2,wipe,15:25,925,12652,The Stonevault,The Stonevault,,,9:13 PM
h6ftgRAnzYqTpGrP,3,wipe,22:08,1328,12652,The Stonevault,The Stonevault,,,9:28 PM
h6ftgRAnzYqTpGrP,1,wipe,7:13,433,12652,The Stonevault,The Stonevault,,,9:06 PM
h6ftgRAnzYqTpGrP,2,wipe,15:25,925,12652,The Stonevault,The Stonevault,,,9:13 PM
h6ftgRAnzYqTpGrP,3,wipe,22:08,1328,12652,The Stonevault,The Stonevault,,,9:28 PM
2KYJqrA3cPxHNbRX,,kill,47:34,2854,12652,The Stonevault,The Stonevault,6,Tyrannical,8:52 PM
GraymhRW6gYKHQM7,,kill,1:30:58,5458,12652,The Stonevault,The Stonevault,10,Tyrannical,5:32 PM
LnrJkgdmQRxvTzyG,1,wipe,57:40,3460,12652,The Stonevault,The Stonevault,,,5:32 PM
LnrJkgdmQRxvTzyG,2,wipe,28:16,1696,12652,The Stonevault,The Stonevault,,,6:35 PM
LnrJkgdmQRxvTzyG,1,wipe,57:40,3460,12652,The Stonevault,The Stonevault,,,5:32 PM
LnrJkgdmQRxvTzyG,2,wipe,28:16,1696,12652,The Stonevault,The Stonevault,,,6:35 PM
1rPWZk3vjQ8nLyqz,,wipe,10:04,604,12652,The Stonevault,The Stonevault,3,Fortified,2:09 PM
N2BR4DMWaYG7z8Cd,,wipe,16:17,977,12652,The Stonevault,The Stonevault,5,Fortified,5:45 AM
K12NkBvdA9VzPR4Z,,wipe,11:27,687,12652,The Stonevault,The Stonevault,3,Tyrannical,4:59 AM
cnQKZvpqL9xNf7md,4,kill,32:53,1973,12652,The Stonevault,The Stonevault,,,1:46 AM
cnQKZvpqL9xNf7md,2,wipe,7:26,446,12652,The Stonevault,The Stonevault,,,12:56 AM
81Z2NJHGrzM9cBPW,,kill,33:17,1997,12652,The Stonevault,The Stonevault,3,Fortified,1:50 AM
dYHaD79AGbJQRmBj,4,kill,32:53,1973,12652,The Stonevault,The Stonevault,,,1:46 AM
dYHaD79AGbJQRmBj,2,wipe,7:26,446,12652,The Stonevault,The Stonevault,,,12:56 AM
3Dhzp9gCVH64JM2j,,kill,30:53,1853,12652,The Stonevault,The Stonevault,5,Fortified,1:28 AM
8gCDZQa3JcFWN79h,4,kill,23:55,1435,12652,The Stonevault,The Stonevault,,,10:36 PM
8gCDZQa3JcFWN79h,3,wipe,1:04:14,3854,12652,The Stonevault,The Stonevault,,,9:32 PM
npYmGXWjL1Zkt9RT,,wipe,10:58,658,12652,The Stonevault,The Stonevault,3,Fortified,9:21 PM
Jbdt12mzqF34ThRK,1,wipe,16:55,1015,12652,The Stonevault,The Stonevault,,,4:11 PM
Jbdt12mzqF34ThRK,2,wipe,38:27,2307,12652,The Stonevault,The Stonevault,,,4:28 PM
Jbdt12mzqF34ThRK,1,wipe,16:55,1015,12652,The Stonevault,The Stonevault,,,4:11 PM
Jbdt12mzqF34ThRK,2,wipe,38:27,2307,12652,The Stonevault,The Stonevault,,,4:28 PM
kYVgCf6KMGZQqnzm,,wipe,3:56,236,12652,The Stonevault,The Stonevault,4,Tyrannical,4:11 PM
RKby9GAdDr7L1gZw,,wipe,9:09,549,12652,The Stonevault,The Stonevault,2,Tyrannical,2:55 PM
gCXjvPQ9mnh7d6RZ,,kill,34:26,2066,12652,The Stonevault,The Stonevault,5,Tyrannical,12:23 PM
CfMyjZzYxQP1BDN9,,kill,1:12:42,4362,12652,The Stonevault,The Stonevault,3,Fortified,8:57 AM
YdcJGxvaHfA48yPM,,wipe,38:06,2286,12652,The Stonevault,The Stonevault,4,Tyrannical,4:50 AM
LMVNcytPQbqRHT8f,1,wipe,22:21,1341,12652,The Stonevault,The Stonevault,,,2:41 AM
LMVNcytPQbqRHT8f,2,wipe,9:26,566,12652,The Stonevault,The Stonevault,,,3:03 AM
LMVNcytPQbqRHT8f,1,wipe,22:21,1341,12652,The Stonevault,The Stonevault,,,2:41 AM
LMVNcytPQbqRHT8f,2,wipe,9:26,566,12652,The Stonevault,The Stonevault,,,3:03 AM
CMkZN9wyGRzf2qQL,1,wipe,22:21,1341,12652,The Stonevault,The Stonevault,,,2:41 AM
CMkZN9wyGRzf2qQL,2,wipe,9:26,566,12652,The Stonevault,The Stonevault,,,3:03 AM
CMkZN9wyGRzf2qQL,3,wipe,9:33,573,12652,The Stonevault,The Stonevault,,,3:13 AM
CMkZN9wyGRzf2qQL,1,wipe,22:21,1341,12652,The Stonevault,The Stonevault,,,2:41 AM
CMkZN9wyGRzf2qQL,2,wipe,9:26,566,12652,The Stonevault,The Stonevault,,,3:03 AM
CMkZN9wyGRzf2qQL,3,wipe,9:33,573,12652,The Stonevault,The Stonevault,,,3:13 AM
Vmt3GPXFNAMc24Ha,,wipe,13:22,802,12652,The Stonevault,The Stonevault,3,Tyrannical,2:41 AM
habWkxvV4p1nXgdj,,wipe,39:33,2373,12652,The Stonevault,The Stonevault,3,Tyrannical,9:29 PM
6ykrxYBmLnPV4fZq,1,wipe,23:00,1380,12652,The Stonevault,The Stonevault,,,9:29 PM
6ykrxYBmLnPV4fZq,2,wipe,21:46,1306,12652,The Stonevault,The Stonevault,,,9:52 PM
6ykrxYBmLnPV4fZq,1,wipe,23:00,1380,12652,The Stonevault,The Stonevault,,,9:29 PM
6ykrxYBmLnPV4fZq,2,wipe,21:46,1306,12652,The Stonevault,The Stonevault,,,9:52 PM
LvhtG63RQdYMWnkj,15,wipe,1:00:38,3638,62290,Mists of Tirna Scithe,Mists of Tirna Scithe,,,6:13 PM
LvhtG63RQdYMWnkj,16,wipe,31:40,1900,62290,Mists of Tirna Scithe,Mists of Tirna Scithe,,,7:14 PM
LvhtG63RQdYMWnkj,15,wipe,1:00:38,3638,62290,Mists of Tirna Scithe,Mists of Tirna Scithe,,,6:13 PM
LvhtG63RQdYMWnkj,16,wipe,31:40,1900,62290,Mists of Tirna Scithe,Mists of Tirna Scithe,,,7:14 PM
LvhtG63RQdYMWnkj,,kill,37:01,2221,12652,The Stonevault,The Stonevault,2,Fortified,7:46 PM
afNVLjKDGcgA9mkX,2,wipe,20:01,1201,12652,The Stonevault,The Stonevault,,,6:15 PM
afNVLjKDGcgA9mkX,3,wipe,6:29,389,12652,The Stonevault,The Stonevault,,,6:42 PM
afNVLjKDGcgA9mkX,4,wipe,10:16,616,12652,The Stonevault,The Stonevault,,,6:49 PM
afNVLjKDGcgA9mkX,2,wipe,20:01,1201,12652,The Stonevault,The Stonevault,,,6:15 PM
afNVLjKDGcgA9mkX,3,wipe,6:29,389,12652,The Stonevault,The Stonevault,,,6:42 PM
afNVLjKDGcgA9mkX,4,wipe,10:16,616,12652,The Stonevault,The Stonevault,,,6:49 PM
CWqMyHV6LxRf8D49,,wipe,1:05:00,3900,12652,The Stonevault,The Stonevault,5,Tyrannical,6:43 PM
hnRFkqC72zVXLmZf,,wipe,20:01,1201,12652,The Stonevault,The Stonevault,5,Tyrannical,6:15 PM
wg73CjTqyzaFXKZ8,2,kill,30:51,1851,12652,The Stonevault,The Stonevault,,,10:20 AM
wg73CjTqyzaFXKZ8,1,wipe,8:57,537,12652,The Stonevault,The Stonevault,,,10:11 AM
vhnGWMQkVZNtqyP3,,wipe,48:37,2917,12652,The Stonevault,The Stonevault,2,Fortified,3:27 PM
xbXcGgpR8PvYCVjt,,wipe,0:00,0,12652,The Stonevault,The Stonevault,5,Fortified,4:24 PM
LKtRfnm8GkQ3yj7V,,kill,58:23,3503,12652,The Stonevault,The Stonevault,6,Fortified,1:05 PM
8PrpzLqXMfxC9VZg,7,kill,1:12:24,4344,12652,The Stonevault,The Stonevault,,,7:06 AM
8PrpzLqXMfxC9VZg,6,wipe,14:32,872,12652,The Stonevault,The Stonevault,,,6:52 AM
vrT8wbL4K7dY3q6B,8,kill,1:12:24,4344,12652,The Stonevault,The Stonevault,,,7:06 AM
vrT8wbL4K7dY3q6B,7,wipe,14:32,872,12652,The Stonevault,The Stonevault,,,6:52 AM
VYBgtTRw1rLaPz8q,,wipe,10:31,631,12652,The Stonevault,The Stonevault,3,Fortified,6:52 AM
hL3H4GcmQpXnK9Fj,,wipe,10:31,631,12652,The Stonevault,The Stonevault,3,Fortified,6:52 AM
72ZJkcBjv3Fh9fxD,,kill,32:30,1950,12652,The Stonevault,The Stonevault,3,Fortified,12:55 AM
ZwRLbP8DKmpJVXFn,,wipe,19:28,1168,12652,The Stonevault,The Stonevault,4,Fortified,12:46 AM
Hgt24ZJNzrCKRLVF,,wipe,5:36,336,12652,The Stonevault,The Stonevault,4,Fortified,12:23 AM
Y1gBp4CbaP2mV8Hr,2,kill,23:44,1424,62290,Mists of Tirna Scithe,Mists of Tirna Scithe,,,11:22 PM
Y1gBp4CbaP2mV8Hr,1,wipe,0:00,0,62290,Mists of Tirna Scithe,Mists of Tirna Scithe,,,11:21 PM
Y1gBp4CbaP2mV8Hr,,wipe,0:00,0,12652,The Stonevault,The Stonevault,5,Fortified,11:59 PM
HLDrqc3bxTP6aA8C,1,wipe,21:02,1262,12652,The Stonevault,The Stonevault,,,10:43 PM
HLDrqc3bxTP6aA8C,2,wipe,15:08,908,12652,The Stonevault,The Stonevault,,,11:04 PM
HLDrqc3bxTP6aA8C,1,wipe,21:02,1262,12652,The Stonevault,The Stonevault,,,10:43 PM
HLDrqc3bxTP6aA8C,2,wipe,15:08,908,12652,The Stonevault,The Stonevault,,,11:04 PM
HLDrqc3bxTP6aA8C,3,kill,23:29,1409,60670,Grim Batol,Grim Batol,,,11:19 PM
HLDrqc3bxTP6aA8C,7,wipe,1:33,93,60670,Grim Batol,Grim Batol,,,11:46 PM
w1vGhktmYCzdjxA3,1,wipe,21:02,1262,12652,The Stonevault,The Stonevault,,,10:43 PM
w1vGhktmYCzdjxA3,2,wipe,15:08,908,12652,The Stonevault,The Stonevault,,,11:04 PM
w1vGhktmYCzdjxA3,1,wipe,21:02,1262,12652,The Stonevault,The Stonevault,,,10:43 PM
w1vGhktmYCzdjxA3,2,wipe,15:08,908,12652,The Stonevault,The Stonevault,,,11:04 PM
w1vGhktmYCzdjxA3,3,kill,23:29,1409,60670,Grim Batol,Grim Batol,,,11:19 PM
w1vGhktmYCzdjxA3,7,wipe,1:33,93,60670,Grim Batol,Grim Batol,,,11:46 PM
zCTpYFXB6MKVtg3H,,kill,1:05:25,3925,12652,The Stonevault,The Stonevault,4,Fortified,10:45 PM
KRdj4r9VDGfCmBcT,2,kill,25:45,1545,62290,Mists of Tirna Scithe,Mists of Tirna Scithe,,,9:53 PM
KRdj4r9VDGfCmBcT,1,wipe,6:44,404,62290,Mists of Tirna Scithe,Mists of Tirna Scithe,,,9:46 PM
KRdj4r9VDGfCmBcT,,wipe,0:00,0,12652,The Stonevault,The Stonevault,5,Fortified,10:37 PM
yK1XPQd8jbqaYNBD,,wipe,10:26,626,12652,The Stonevault,The Stonevault,10,,7:36 PM
73wRr1KhnMJjpvF8,,wipe,5:19,319,12652,The Stonevault,The Stonevault,3,Fortified,7:45 PM
fcCqnp281WY7z3Gj,,wipe,13:59,839,12652,The Stonevault,The Stonevault,5,,7:25 PM
