GUID,Description,Guild,Owner,Visibility,UploadedAsEpoch,UploadedAsDateTime,DurationAsEpoch,DurationAsTime,"Ara-Kara, City of Echoes",Eco-Dome Al'dani,Halls of Atonement,Operation: Floodgate,Priory of the Sacred Flame,Tazavesh: So'leah's Gambit,Tazavesh: Streets of Wonder,The Dawnbreaker
mrYWQ6kCLwGBxjtz,酒仙能活出来吗第二季,OriginalFire,yueyue2252gu,Public,1754383914,"August 5, 2025 10:51 AM",9314180,3 hours,1,0,0,1,1,0,0,0
9hbLtQBnK3xdg4Ma,Mythic+ Season 3,Personal Logs,Yechongyue,Public,1754381977,"August 5, 2025 10:19 AM",11990798,3 hours,1,0,1,0,0,0,1,0
gYTHPnb3RZthBVrw,16 dawnyb with shin and flames,Personal Logs,Nice,Public,1754376210,"August 5, 2025 8:43 AM",15233337,4 hours,1,0,0,0,1,1,0,1
y6WTgC1vkBjAahZV,Mythic+ Season 3,Personal Logs,Fracasso,Public,1754362864,"August 5, 2025 5:01 AM",13631413,4 hours,1,0,0,0,0,0,0,0
qVPmJDTd4rCxGzXN,Mythic+ Season 3,Personal Logs,Fracasso,Public,1754359547,"August 5, 2025 4:05 AM",9339598,3 hours,1,0,0,0,0,0,0,0
fbBHhpwMzWtgYX9V,Mythic+ Season 3,Personal Logs,Arkanigth,Public,1754358656,"August 5, 2025 3:50 AM",2428069,40 minutes,1,0,0,0,0,1,0,0
XqHPMNv8Bw2AzRkF,Mythic+ Season 3,Personal Logs,YoDaTV,Public,1754354072,"August 5, 2025 2:34 AM",25402183,7 hours,1,0,0,1,1,1,1,1
CmMfz62cnahNvqLG,Mythic+ Season 3,Personal Logs,MioShimo,Public,1754352995,"August 5, 2025 2:16 AM",21546556,6 hours,1,0,0,0,1,1,1,1
DzCMrKXjkcZBn816,Mythic+ Season 3,Personal Logs,MioShimo,Public,1754350561,"August 5, 2025 1:36 AM",21027885,6 hours,1,0,0,0,1,1,1,1
9aCktvPc4MD8xG2h,m+ ptr monday 04/08,Personal Logs,TomElvis,Public,1754350496,"August 5, 2025 1:34 AM",11264602,3 hours,1,1,1,0,0,0,0,1
kC8Ld6jDmpGgc3zQ,Mythic+ Season 3,Personal Logs,MioShimo,Public,1754345497,"August 5, 2025 12:11 AM",16045146,4 hours,1,0,0,0,1,0,0,1
aRHyWvGgdc62MAzQ,Mythic+ Season 3,Personal Logs,MioShimo,Public,1754338316,"August 4, 2025 10:11 PM",8886855,2 hours,1,0,0,0,0,0,0,1
JB19L7wCdaHTQ4rN,Mythic+ Season 3,Personal Logs,ricardowarrior,Public,1754335250,"August 4, 2025 9:20 PM",8709153,2 hours,1,0,0,1,0,0,0,1
MZdmCnQ4cvJ1X6hP,Mythic+ Season 3,Personal Logs,MioShimo,Public,1754332874,"August 4, 2025 8:41 PM",3516118,an hour,1,0,0,0,0,0,0,1
ZrAqLKgJNYVPDX3d,Mythic+ Season 3,Personal Logs,Sirnoob18,Public,1754322948,"August 4, 2025 5:55 PM",2738423,an hour,1,0,0,0,0,0,0,0
dGchmDzq6xQ4Zwkb,PTR,Personal Logs,Stentyg,Public,1754313232,"August 4, 2025 3:13 PM",458339240,5 days,1,1,1,1,1,1,1,1
qyjDGtAk98BFWJLr,DKT 17回响,Personal Logs,Windfire,Public,1754297245,"August 4, 2025 10:47 AM",5663832,2 hours,1,0,0,0,0,0,0,0
RfG4QgC1Kpt8dTjr,ptr keys,Personal Logs,chantellope,Public,1754297225,"August 4, 2025 10:47 AM",19202506,5 hours,1,1,1,0,0,0,1,0
WYzCd3vaXqMkbADG,uwu :3,Personal Logs,Iktomizi,Public,1754292150,"August 4, 2025 9:22 AM",4947930,an hour,1,0,1,0,0,0,0,0
NMW9hgkmxDydPwCb,Mythic+ Season 3,Personal Logs,Voidmend,Public,1754284179,"August 4, 2025 7:09 AM",11740605,3 hours,1,0,1,1,0,0,1,0
ZNA6bg7q3D8BmXf2,Mythic+ Season 3,Personal Logs,Kaanymon,Public,1754280685,"August 4, 2025 6:11 AM",9164571,3 hours,1,0,0,0,0,1,0,0
ymx7T6JrXAfV81zg,Mythic+ Season 3,Personal Logs,qudsjh,Public,1754274738,"August 4, 2025 4:32 AM",6401814,2 hours,1,0,0,1,0,0,0,0
1tQabvkRZ4BzfWxd,Mythic+ Season 3,Personal Logs,Arkanigth,Public,1754269326,"August 4, 2025 3:02 AM",15259502,4 hours,1,0,0,0,1,1,1,0
ByCGrdDnYKmjVwcR,Mythic+ Season 3,Personal Logs,Yegu,Public,1754249650,"August 3, 2025 9:34 PM",24717262,7 hours,1,0,1,0,1,1,0,1
F3k2Pz4xg8rNCmfJ,m+ ptr sunday 03/08,Personal Logs,TomElvis,Public,1754245230,"August 3, 2025 8:20 PM",17147616,5 hours,1,1,1,1,0,1,0,1
RhajLZkyNMJGwT4X,keys,Personal Logs,karlosdeklerk,Public,1754237395,"August 3, 2025 6:09 PM",9548521,3 hours,1,0,0,0,0,0,0,1
VY8k6TNQPydtDfp2,18破晨号,Personal Logs,美团搜担担面,Public,1754234817,"August 3, 2025 5:26 PM",5061532,an hour,1,0,0,0,0,0,0,1
NV9Gbkj213DxYdzT,Mythic+ Season 3,Personal Logs,Yegu,Public,1754234034,"August 3, 2025 5:13 PM",9073303,3 hours,1,0,0,0,1,0,0,0
K2TvPHtcVnyq6fj7,18回响,Personal Logs,美团搜担担面,Public,1754232425,"August 3, 2025 4:47 PM",2476710,41 minutes,1,0,0,0,0,0,0,0
fkZLgncHNG2haQw1,Mythic+ Season 3,Personal Logs,lgp0509csu,Public,1754219247,"August 3, 2025 1:07 PM",13734873,4 hours,1,0,1,0,0,1,1,1
DtzB9d3MhLW6Aq4G,Mythic+ Season 3,Personal Logs,Yechongyue,Public,1754211621,"August 3, 2025 11:00 AM",4973053,an hour,1,0,0,0,0,0,0,0
WJb9cvnCt24G6gph,Mythic+ Season 3,Personal Logs,Dillywow,Public,1754199142,"August 3, 2025 7:32 AM",29253337,8 hours,1,1,0,1,0,0,0,0
CvF1N8yfYPWRMkjd,Mythic+ Season 3,Personal Logs,YoDaTV,Public,1754194899,"August 3, 2025 6:21 AM",38165533,11 hours,1,1,1,1,0,1,1,1
vYk4GVcbLWHXx8qC,Mythic+ Season 3,Personal Logs,Fracasso,Public,1754190007,"August 3, 2025 5:00 AM",25580130,7 hours,1,1,1,0,0,1,0,0
pKjLZrf4JN6TQdX7,Mythic+ Season 3,Personal Logs,dblev,Public,1754188139,"August 3, 2025 4:28 AM",4459889,an hour,1,1,0,0,0,0,0,0
AzVk6Z7FK2vgQntD,ptr saturday,Personal Logs,Zorjeff,Public,1754178103,"August 3, 2025 1:41 AM",38789334,11 hours,1,1,0,0,0,0,0,1
JjpQbKzwPakq3LAX,Mythic+ Season 3,Personal Logs,Xeoo,Public,1754170344,"August 2, 2025 11:32 PM",4936271,an hour,1,1,0,0,0,0,0,0
g1XGKWmqthaMjQvN,Mythic+ Season 3,Personal Logs,Allakatter,Public,1754165088,"August 2, 2025 10:04 PM",24355645,7 hours,1,0,0,1,0,1,0,0
p8mWCJr73DTdynNH,Mythic+ Season 3,Personal Logs,YoDaTV,Public,1754160510,"August 2, 2025 8:48 PM",33343083,9 hours,1,1,1,1,1,1,1,1
r8QfcBtJqHR4Lw3C,Mythic+ Season 3,Personal Logs,전멸입니다,Public,1754157491,"August 2, 2025 7:58 PM",2318263,39 minutes,1,0,0,0,0,0,0,1
pJjxd4zyCnQYPFgV,Mythic+ Season 3,Personal Logs,BudoBoy07,Public,1754144728,"August 2, 2025 4:25 PM",17464687,5 hours,1,0,1,1,1,0,1,0
xHz4a8mnB2pLcAfP,m+ ptr friday 01/08,Personal Logs,TomElvis,Public,1754134724,"August 2, 2025 1:38 PM",17832738,5 hours,1,1,1,1,1,0,0,1
Vmf916YPw48TCNLc,Mythic+ Season 3,Personal Logs,Arkanigth,Public,1754134180,"August 2, 2025 1:29 PM",2462768,41 minutes,1,0,0,0,0,0,0,1
pwWbkZLT137PrYCt,Mythic+ Season 3,Personal Logs,Arkanigth,Public,1754133643,"August 2, 2025 1:20 PM",12038212,3 hours,1,1,0,0,0,1,0,1
zbc2Pdx6RCkpH4Xf,Mythic+ Season 3,Personal Logs,Arkanigth,Public,1754126011,"August 2, 2025 11:13 AM",32429067,9 hours,1,0,0,1,0,1,0,1
bFm7hY1CMDwy4NgJ,Mythic+ Season 3,Personal Logs,브론즈사슴쟝,Public,1754113731,"August 2, 2025 7:48 AM",4015511,an hour,1,0,1,0,0,0,0,0
m1vzTPZ3XVDgk2Nq,Mythic+ Season 3,Personal Logs,Seleucía,Public,1754111960,"August 2, 2025 7:19 AM",8720585,2 hours,1,0,0,0,1,0,0,0
3kLN8GzyCHxTq6pB,Mythic+ Season 3,Personal Logs,Fracasso,Public,1754109749,"August 2, 2025 6:42 AM",12937703,4 hours,1,0,0,0,0,0,0,0
VwLAP8dxKvNfrmTW,Mythic+ Season 3,Personal Logs,Saylar,Public,1754109044,"August 2, 2025 6:30 AM",16850531,5 hours,1,0,0,1,0,1,1,1
kxGYrAHPjX4Qb21v,Mythic+ Season 3,Personal Logs,yoloswagginzbdf,Public,1754108671,"August 2, 2025 6:24 AM",10551912,3 hours,1,1,0,0,0,0,0,0
zXTRHxmPM1NbnAgd,Mythic+ Season 3,Personal Logs,yoloswagginzbdf,Public,1754108534,"August 2, 2025 6:22 AM",10551912,3 hours,1,1,0,0,0,1,1,0
1k4qnwFy7Wx3tPzf,Mythic+ Season 3,Personal Logs,Fracasso,Public,1754106042,"August 2, 2025 5:40 AM",8992284,2 hours,1,0,0,0,0,0,0,0
1WHZN6bG2VwRPAvh,Mythic+ Season 3,Personal Logs,전멸입니다,Public,1754100057,"August 2, 2025 4:00 AM",1147299,19 minutes,1,0,0,0,0,0,0,0
2wRmB64JybnXzp7K,log friday,Personal Logs,Zorjeff,Public,1754095921,"August 2, 2025 2:52 AM",39365651,11 hours,1,1,1,1,0,1,1,0
mbgX8ZcJnxaG2RPK,Mythic+ Season 3,Personal Logs,Eskastyle,Public,1754092567,"August 2, 2025 1:56 AM",14722843,4 hours,1,1,1,0,1,0,0,1
cadZVWMt1zvQXhpR,Mythic+ Season 3,Personal Logs,juckels07,Public,1754085658,"August 2, 2025 12:00 AM",14110188,4 hours,1,0,0,0,0,0,0,1
jqb2RLpWm9GDNw14,123,Personal Logs,Deibe,Public,1754076717,"August 1, 2025 9:31 PM",6966292,2 hours,1,0,0,0,1,0,0,1
yWKa8dVvF7gZPqkC,Mythic+ Season 3,Personal Logs,healsforcash,Public,1754072263,"August 1, 2025 8:17 PM",1697230,28 minutes,1,0,0,0,0,0,0,0
VgnpXwtk3Q6MRLHc,Mythic+ Season 3,Personal Logs,Yechongyue,Public,1754070578,"August 1, 2025 7:49 PM",6656343,2 hours,1,0,0,0,0,1,0,1
V8ZLFDzjxfBJKN3c,Mythic+ Season 3,Personal Logs,Qiaoling,Public,1754066968,"August 1, 2025 6:49 PM",33277318,9 hours,1,1,1,1,1,1,1,1
vbTCQ9Vj7hf1dWgn,DKT 17圆顶17隐修院17破晨17回响,Personal Logs,Windfire,Public,1754063112,"August 1, 2025 5:45 PM",9389114,3 hours,1,1,0,0,1,0,0,1
NLTHZD4zBwaJqWRt,8.1 Hpal17+,Personal Logs,Wordpudding,Public,1754062721,"August 1, 2025 5:38 PM",9394323,3 hours,1,1,0,0,1,0,0,1
BFTMftNbCdZ2L7gH,Mythic+ Season 3,Personal Logs,전멸입니다,Public,1754061403,"August 1, 2025 5:16 PM",12098333,3 hours,1,1,1,0,1,0,0,1
qJm7RNZPhTWpvK4y,Mythic+ Season 3,Personal Logs,전멸입니다,Public,1754060165,"August 1, 2025 4:56 PM",10851811,3 hours,1,1,1,0,0,0,0,1
Vw4L3kP2NTMmYzFa,Mythic+ Season 3,Personal Logs,전멸입니다,Public,1754057759,"August 1, 2025 4:15 PM",8391631,2 hours,1,1,0,0,0,0,0,1
TCbqXf7R4wMNxBG6,Mythic+ Season 3,Personal Logs,브론즈사슴쟝,Public,1754054764,"August 1, 2025 3:26 PM",2922864,an hour,1,0,0,0,0,0,0,0
QZVRKcj6yCzHtbFX,Mythic+ Season 3,Personal Logs,브론즈사슴쟝,Public,1754052988,"August 1, 2025 2:56 PM",994695,17 minutes,1,0,0,0,0,0,0,0
nm8RACNB2GXvDW9f,Mythic+ Season 3,Personal Logs,브론즈사슴쟝,Public,1754047404,"August 1, 2025 1:23 PM",8970479,2 hours,1,1,0,1,0,0,0,0
GaZ1ywmCRHp8MhcK,17回响（已通关）,Personal Logs,美团搜担担面,Public,1754046016,"August 1, 2025 1:00 PM",7465720,2 hours,1,1,0,0,0,0,1,0
RN3gCHVmBrvakYj8,Gambit + Ara 14,Personal Logs,Shawnzx,Public,1754020649,"August 1, 2025 5:57 AM",11465778,3 hours,1,0,0,0,0,1,0,0
4YT6mv21dzaqnhVj,ptr keys,Personal Logs,Fuzyy,Public,1754018973,"August 1, 2025 5:29 AM",10364417,3 hours,1,0,0,0,1,0,0,1
Qj4K3b1CMdFmWVny,Mythic+ Season 3,Personal Logs,Voidmend,Public,1754015672,"August 1, 2025 4:34 AM",2403418,40 minutes,1,0,0,0,0,0,0,0
kZVf46yD28JawRTr,ptr keys,Personal Logs,Fuzyy,Public,1754014863,"August 1, 2025 4:21 AM",4600891,an hour,1,0,0,0,1,0,0,1
BJmND37dkCA4apGb,key thurdsay,Personal Logs,Zorjeff,Public,1754010976,"August 1, 2025 3:16 AM",35615700,10 hours,1,1,1,1,1,1,0,1
xgQPMV8L4vjJq7fW,Mythic+ Season 3,Personal Logs,MadK0rts,Public,1754007613,"August 1, 2025 2:20 AM",2352609,39 minutes,1,0,0,0,0,0,1,0
pAnBtXchzVfqQK91,Cocoa,Personal Logs,Waalpen,Public,1754007173,"August 1, 2025 2:12 AM",14201381,4 hours,1,0,0,1,0,1,0,1
zWKdACgX41Nwntap,Mythic+ Season 3,Personal Logs,juckels07,Public,1754006333,"August 1, 2025 1:58 AM",10000833,3 hours,1,0,0,0,0,0,0,1
6tZ3PhQwkqKn2MmD,Mythic+ Season 3,Personal Logs,MadK0rts,Public,1754005989,"August 1, 2025 1:53 AM",698280,12 minutes,1,0,0,0,0,0,0,0
DbWLf4H6MYhNKv3A,Mythic+ Season 3,Personal Logs,KodyNM,Public,1753977870,"July 31, 2025 6:04 PM",2486053,41 minutes,1,0,0,1,0,0,0,0
TvDqb3Lyh6B8kZz7,Mythic+ Season 3,Personal Logs,Kevybevy,Public,1753974758,"July 31, 2025 5:12 PM",10903420,3 hours,1,0,0,1,1,0,0,1
Ky9Vhv2PXWZ6QqnR,Mythic+ Season 3,Personal Logs,Stαbbyfaceδ,Public,1753969154,"July 31, 2025 3:39 PM",72627219,20 hours,1,1,1,1,0,0,0,0
CRMcvzX1A8GDh2nk,Mythic+ Season 3,Personal Logs,jbw8229,Public,1753957825,"July 31, 2025 12:30 PM",12415241,3 hours,1,0,1,1,0,0,0,1
mWJxqFpQZGRD7bcy,Mythic+ Season 3,Personal Logs,Hwoarang,Public,1753952285,"July 31, 2025 10:58 AM",797572,13 minutes,1,0,0,0,0,0,0,0
ZCNhYtQJ1kGcjXnz,Mythic+ Season 3,Personal Logs,Borrunir,Public,1753951869,"July 31, 2025 10:51 AM",10036529,3 hours,1,0,0,1,0,1,0,0
jMfdw2XVgyQCL34Y,Mythic+ Season 3,Personal Logs,yoloswagginzbdf,Public,1753945122,"July 31, 2025 8:58 AM",8257623,2 hours,1,0,0,0,0,0,0,0
28QCMT3Rdpv6Pkft,Mythic+ Season 3,Personal Logs,Kartson,Public,1753943366,"July 31, 2025 8:29 AM",17145868,5 hours,1,1,0,1,1,1,1,0
bCTthyBAfk643N8X,Mythic+ Season 3,Send it,PoohXanny,Public,1753940764,"July 31, 2025 7:46 AM",6436313,2 hours,1,1,0,0,0,0,0,0
JR4xmHAP17cY93Kv,Mythic+ Season 3,Personal Logs,YoDaTV,Public,1753933894,"July 31, 2025 5:51 AM",40127795,11 hours,1,1,1,1,1,1,0,1
ZyAK1YXpWj8HLFf3,Mythic+ Season 3,Personal Logs,ViviLouF,Public,1753930157,"July 31, 2025 4:49 AM",22594089,6 hours,1,1,1,0,0,1,1,1
ckj7V6vTAh2rQtZd,ptr xd xd xd5,Personal Logs,Nice,Public,1753917114,"July 31, 2025 1:11 AM",14415788,4 hours,1,0,1,1,0,0,0,1
PwqtbGaZn2R1HmJp,Mythic+ Season 3,Personal Logs,Hwoarang,Public,1753916827,"July 31, 2025 1:07 AM",9972933,3 hours,1,1,1,0,1,0,0,0
tmVK6FrqwBbMd8ay,Mythic+ Season 3,Personal Logs,LitenUp,Public,1753914368,"July 31, 2025 12:26 AM",434215,7 minutes,1,0,0,0,0,0,0,0
93M6xfAbPdwazyHt,ptr xd xd xd4,Personal Logs,Nice,Public,1753911417,"July 30, 2025 11:36 PM",8872460,2 hours,1,0,0,1,0,0,0,0
MpCTHP8tncrD6fBd,Mythic+ Season 3,Personal Logs,juticed,Public,1753906678,"July 30, 2025 10:17 PM",11271638,3 hours,1,0,1,1,1,0,0,0
DaM6rYJ2gFd8CQkx,Mythic+ Season 3,Personal Logs,juticed,Public,1753906578,"July 30, 2025 10:16 PM",24311839,7 hours,1,1,1,1,1,1,1,0
mQAzD4JaNMLRvY1p,Mythic+ Season 3,Personal Logs,Allakatter,Public,1753906388,"July 30, 2025 10:13 PM",5888176,2 hours,1,0,0,1,0,0,0,1
zT6x4DXCdYbPakKn,Mythic+ Season 3,Personal Logs,Thealbatross,Public,1753905746,"July 30, 2025 10:02 PM",20582664,6 hours,1,1,1,0,1,0,1,0
dr6mwT4LVaDNtzg9,Mythic+ Season 3,Personal Logs,Yechongyue,Public,1753902974,"July 30, 2025 9:16 PM",3253197,an hour,1,0,0,0,0,0,0,0
JxdaZj7y8t94kTGR,Mythic+ Season 3,Personal Logs,Yechongyue,Public,1753902926,"July 30, 2025 9:15 PM",5379618,an hour,1,0,0,0,0,1,0,0
byBKAg4r7G2WmdFY,Mythic+ Season 3,Personal Logs,Jacqueas73,Public,1753899809,"July 30, 2025 8:23 PM",40025276,11 hours,1,0,1,1,1,1,0,1
DTYF79cjzCv3MVam,ptr xd xd xd3,Personal Logs,Nice,Public,1753899638,"July 30, 2025 8:20 PM",7640265,2 hours,1,0,1,0,0,0,0,1
x2LnJhQr3ydRjcgf,Mythic+ Season 3,Personal Logs,vadan,Public,1753897824,"July 30, 2025 7:50 PM",10884361,3 hours,1,0,1,0,0,1,1,0
R2njLcm7CFWtxyM9,Mythic+ Season 3,Personal Logs,Molemidezhu,Public,1753896321,"July 30, 2025 7:25 PM",3453084,an hour,1,0,0,0,0,0,0,0
7FNHbm4M9Z3Cxgkp,Mythic+ Season 3,Personal Logs,Oleneboi,Public,1753895770,"July 30, 2025 7:16 PM",14896935,4 hours,1,1,1,0,0,1,1,1
8R6Dghn74qrzmtdb,Mythic+ Season 3,Personal Logs,Gio_KW,Public,1753891696,"July 30, 2025 6:08 PM",3988841,an hour,1,0,0,0,0,0,0,1
BX4RaphndC978yTG,Mythic+ Season 3,Personal Logs,vadan,Public,1753881688,"July 30, 2025 3:21 PM",10525849,3 hours,1,0,1,1,0,1,0,0
Gv8yZmCkzV3J71rb,Mythic+ Season 3,Personal Logs,Yechongyue,Public,1753865991,"July 30, 2025 10:59 AM",8197193,2 hours,1,0,0,1,0,0,0,1
bkqZrzwLX8dpWgn6,Mythic+ Season 3,Personal Logs,Seleucía,Public,1753856752,"July 30, 2025 8:25 AM",16682833,5 hours,1,1,1,0,0,1,0,0
AVrKXy1RWdnDBpTM,Mythic+ Season 3,Personal Logs,Zolur,Public,1753853314,"July 30, 2025 7:28 AM",12152994,3 hours,1,1,1,1,0,0,0,0
hTL96mVyYgjwbfJK,ptr keys with morbussy,Pugs With Benefits,grandmother_wow,Public,1753842409,"July 30, 2025 4:26 AM",6553862,2 hours,1,0,1,0,0,0,0,0
xZacHRBv3m241bYW,Mythic+ Season 3,Personal Logs,Squeenis,Public,1753838700,"July 30, 2025 3:25 AM",12370710,3 hours,1,1,1,0,0,0,1,0
Lk43NWtqPwgvby21,Mythic+ Season 3,Personal Logs,Yechongyue,Public,1753233578,"July 23, 2025 3:19 AM",13531813,4 hours,1,1,0,1,1,0,0,1
kybQ9BYvWwDgN7cm,ptr m+ 1,Personal Logs,TomElvis,Public,1753223641,"July 23, 2025 12:34 AM",7023145,2 hours,1,0,0,0,0,0,0,1
kdNAm4LnPjxvagbF,Mythic+ Season 3,Personal Logs,fishgod,Public,1753207137,"July 22, 2025 7:58 PM",22070544,6 hours,1,1,0,0,1,0,0,1
HjkRwK7Yq9r38cPt,Mythic+ Season 3,Personal Logs,Yechongyue,Public,1753206152,"July 22, 2025 7:42 PM",12675027,4 hours,1,1,0,1,1,0,0,0
ND69kabL8GcKT4Mp,Mythic+ Season 3,Personal Logs,MadK0rts,Public,1753205563,"July 22, 2025 7:32 PM",26594233,7 hours,1,1,0,1,1,0,0,1
H9tGb84zfTBAQ2KY,Mythic+ Season 3,Personal Logs,Reileigh,Public,1753201742,"July 22, 2025 6:29 PM",5776892,2 hours,1,0,0,0,0,0,0,1
ZAmHQkMB9xKdtvgC,Mythic+ Season 3,Personal Logs,juticed,Public,1753175351,"July 22, 2025 11:09 AM",12335150,3 hours,1,1,0,1,0,0,0,1
fyt9vHYVTbcCFAZg,Mythic+ Season 3,Personal Logs,Voidmend,Public,1753160014,"July 22, 2025 6:53 AM",11023334,3 hours,1,1,0,1,0,0,0,1
YMBXxyGpzr37FZwh,ptr keys,Personal Logs,BergGoodWower,Public,1753157702,"July 22, 2025 6:15 AM",13658978,4 hours,1,1,0,1,0,0,0,0
2HMNPnvmqTyKC6aZ,Mythic+ Season 3,Personal Logs,YoDaTV,Public,1753151641,"July 22, 2025 4:34 AM",30124781,8 hours,1,1,0,1,1,0,0,1
6B2qM3TcYftxFJpK,PTR monday,Personal Logs,Zorjeff,Public,1753139614,"July 22, 2025 1:13 AM",31319033,9 hours,1,1,0,1,1,0,0,1
G9jMdpgq7A3vKTmc,Mythic+ Season 3,Personal Logs,Allakatter,Public,1753135843,"July 22, 2025 12:10 AM",39522834,11 hours,1,0,0,1,1,0,0,0
ZbvDLXApwB6GfkRx,Mythic+ Season 3,Personal Logs,Asertop,Public,1753135785,"July 22, 2025 12:09 AM",3788492,an hour,1,0,0,0,0,0,0,1
HP8xQGcChRXf63VB,Mythic+ Season 3,Personal Logs,Eskastyle,Public,1753135116,"July 21, 2025 11:58 PM",4189495,an hour,1,1,0,0,0,0,0,0
xj4hn8DtArKcvJma,Mythic+ Season 3,Personal Logs,Arkanigth,Public,1753130622,"July 21, 2025 10:43 PM",1077522,18 minutes,1,0,0,0,0,0,0,0
Pf3Qvp1Aqmy8agTj,Mythic+ Season 3,Personal Logs,Crazytotz,Public,1753128533,"July 21, 2025 10:08 PM",7677146,2 hours,1,1,0,0,1,0,0,0
MwcXFR9tvJ3Pryhf,Mythic+ Season 3,Personal Logs,Abie78,Public,1753128024,"July 21, 2025 10:00 PM",2350700,39 minutes,1,0,0,0,0,0,0,0
DcpXgfdNCjyxFbKM,Mythic+ Season 3,Personal Logs,jymaryb,Public,1753118196,"July 21, 2025 7:16 PM",8470611,2 hours,1,0,0,0,0,0,0,0
Vy36DdTgMRWraGxq,Mythic+ Season 3,Personal Logs,juticed,Public,1753091284,"July 21, 2025 11:48 AM",21614090,6 hours,1,0,0,1,1,0,0,1
4gFVfnKBJmAaMHjQ,Mythic+ Season 3,Personal Logs,Hwoarang,Public,1753090561,"July 21, 2025 11:36 AM",4051610,an hour,1,0,0,0,0,0,0,0
TCzrKkW1NQvXnDxJ,Mythic+ Season 3,Personal Logs,juticed,Public,1753088649,"July 21, 2025 11:04 AM",19038611,5 hours,1,0,0,1,1,0,0,1
dJ8TPjrGxtCKN3g1,Mythic+ Season 3,Personal Logs,Borrunir,Public,1753083609,"July 21, 2025 9:40 AM",11639764,3 hours,1,1,0,0,1,0,0,1
TPGZnkWz8KCthrM1,Mythic+ Season 3,Send it,PoohXanny,Public,1753079845,"July 21, 2025 8:37 AM",60842307,17 hours,1,1,0,0,1,0,0,0
VGkN9TWnqKxPAzQ6,Mythic+ Season 3,Unrivaled,wellsdaddy,Public,1753078682,"July 21, 2025 8:18 AM",8127959,2 hours,1,1,0,0,0,0,0,1
42vQamfPCAczqNMJ,Mythic+ Season 3,Personal Logs,Thealbatross,Public,1753075189,"July 21, 2025 7:19 AM",5305275,an hour,1,0,0,0,0,0,0,0
3Arz2FntT9pkW8mV,Mythic+ Season 3,Personal Logs,Dillywow,Public,1753064880,"July 21, 2025 4:28 AM",10102578,3 hours,1,1,0,1,0,0,0,1
AHm3XJhGYMpdQbWK,Mythic+ Season 3,Personal Logs,Gio_KW,Public,1753064232,"July 21, 2025 4:17 AM",15914491,4 hours,1,1,0,0,1,0,0,0
tCp67HFwY9AXZ2BW,12341241245125,Personal Logs,mellforce,Public,1753047652,"July 20, 2025 11:40 PM",12989112,4 hours,1,1,0,0,0,0,0,1
qbpHFDk9WYnCVTPM,Mythic+ Season 3,Personal Logs,unbrokenfealty,Public,1753040385,"July 20, 2025 9:39 PM",8978295,2 hours,1,1,0,0,0,0,0,1
AgtyaM1YTGV3QjHb,Mythic+ Season 3,Personal Logs,fishgod,Public,1753034601,"July 20, 2025 8:03 PM",16414474,5 hours,1,1,0,0,0,0,0,1
91NA8JrHfPtVD63q,Mythic+ Season 3,Personal Logs,aaronjlilla,Public,1753033094,"July 20, 2025 7:38 PM",12453565,3 hours,1,1,0,1,0,0,0,0
qAxRT6fD4vhGtVnj,Mythic+ Season 3,Personal Logs,Foolseal,Public,1753029149,"July 20, 2025 6:32 PM",8511373,2 hours,1,0,0,0,0,0,0,0
jpYAhLHQMFz4xGT9,ptr m+,Personal Logs,TomElvis,Public,1753026540,"July 20, 2025 5:49 PM",13453720,4 hours,1,1,0,1,0,0,0,1
4kZWpMABV82GXr3Y,DKT 15回响15圆顶,Personal Logs,Windfire,Public,1753025082,"July 20, 2025 5:24 PM",8355873,2 hours,1,1,0,0,0,0,0,0
9RfnvKzqbJx6Xam3,Mythic+ Season 3,Personal Logs,Karl666,Public,1753022786,"July 20, 2025 4:46 PM",8929603,2 hours,1,1,0,0,0,0,0,1
wYc3b9MFCWDVB7vL,Mythic+ Season 3,Personal Logs,Foolseal,Public,1753022416,"July 20, 2025 4:40 PM",4520855,an hour,1,0,0,0,0,0,0,0
Yb6G1xj4zwBv9Tdt,Mythic+ Season 3,Personal Logs,slothlog,Public,1753021817,"July 20, 2025 4:30 PM",2364214,39 minutes,1,0,0,0,0,0,0,0
8gB1xhaHWpyvjw26,Mythic+ Season 3,Personal Logs,Voltrafy,Public,1752999510,"July 20, 2025 10:18 AM",10254072,3 hours,1,1,0,1,1,0,0,0
8xma3zq2vyYHLjk4,Mythic+ Season 3,Personal Logs,Voidmend,Public,1752991393,"July 20, 2025 8:03 AM",5377081,an hour,1,0,0,1,0,0,0,0
mxD1wvzCg9pZ7T8X,12 Ara Dotc,Personal Logs,Thorrack,Public,1752983243,"July 20, 2025 5:47 AM",2243946,37 minutes,1,0,0,0,0,0,0,0
FQc4tbYGMvRVDg9p,Mythic+ Season 3,Personal Logs,Zolur,Public,1752980626,"July 20, 2025 5:03 AM",8229037,2 hours,1,0,0,1,0,0,0,1
G8nvB3jTbXz7LDYr,Mythic+ Season 3,Personal Logs,Smaac,Public,1752967207,"July 20, 2025 1:20 AM",11346542,3 hours,1,1,0,1,0,0,0,0
f3KL2rXbm9DvnaQZ,14 Ara Bear,Personal Logs,healsforcash,Public,1752965598,"July 20, 2025 12:53 AM",2856646,an hour,1,0,0,0,0,0,0,0
8c2JhHmMX6ARjFCW,+14 Priory Bear,Personal Logs,healsforcash,Public,1752964633,"July 20, 2025 12:37 AM",2389710,40 minutes,1,0,0,0,0,0,0,0
aV4kZCYHBR6K19Nv,nerfed unplayable joever deadge,Personal Logs,galeuwu,Public,1752964018,"July 20, 2025 12:26 AM",112145087,a day,1,0,0,0,1,0,0,0
XDPyhYQrbxjVvw73,ptr m+ 2,Personal Logs,TomElvis,Public,1752963939,"July 20, 2025 12:25 AM",13414705,4 hours,1,1,0,1,0,0,0,1
71bkxncVwgTPz2Fa,key sat,Personal Logs,Zorjeff,Public,1752963739,"July 20, 2025 12:22 AM",41044125,11 hours,1,1,0,1,1,0,0,1
CTb2xq6YdZAQ3nka,Mythic+ Season 3,Personal Logs,Yechongyue,Public,1752958045,"July 19, 2025 10:47 PM",19233591,5 hours,1,0,0,1,0,0,0,1
jA3NLWp7fFkg16tX,Mythic+ Season 3,Personal Logs,EX-WIND,Public,1752950599,"July 19, 2025 8:43 PM",12222647,3 hours,1,1,0,0,1,0,0,1
8kdvPVzT3ytHBXbg,Mythic+ Season 3,Personal Logs,Jacqueas73,Public,1752945479,"July 19, 2025 7:17 PM",17747777,5 hours,1,1,0,1,0,0,0,0
6z2k39yvPJDXpHLV,Mythic+ Season 3,Personal Logs,vadan,Public,1752943301,"July 19, 2025 6:41 PM",11068103,3 hours,1,0,0,1,0,0,0,1
anLgHdvAJm2f8tqD,DKT 15回响15水闸16圆顶,Personal Logs,Windfire,Public,1752942924,"July 19, 2025 6:35 PM",9897127,3 hours,1,1,0,1,0,0,0,0
FJ2N4xMfw8qt9nYr,Mythic+ Season 3,Personal Logs,fishgod,Public,1752942724,"July 19, 2025 6:32 PM",29766282,8 hours,1,1,0,0,1,0,0,1
7vrfQVTDY8qgdt4C,ptr m+ 1,Personal Logs,TomElvis,Public,1752938809,"July 19, 2025 5:26 PM",5765892,2 hours,1,1,0,0,0,0,0,1
gbPCLKMHAZr6BkYw,Mythic+ Season 3,Personal Logs,MadK0rts,Public,1752934018,"July 19, 2025 4:06 PM",8228506,2 hours,1,0,0,1,0,0,0,1
Dk6WtQJd4Z78pg2H,250719 ARAK +15 SV,Personal Logs,Umbrellas,Public,1752929938,"July 19, 2025 2:58 PM",1781321,30 minutes,1,0,0,0,0,0,0,0
pF2ky6PbxvdjN3Bm,Mythic+ Season 3,Personal Logs,Yechongyue,Public,1752923683,"July 19, 2025 1:14 PM",20235113,6 hours,1,0,0,1,1,0,0,0
rkNaf3jFBZPzWmCx,Mythic+ Season 3,Personal Logs,Qiaoling,Public,1752916803,"July 19, 2025 11:20 AM",9065926,3 hours,1,1,0,0,0,0,0,0
1rtmWxTY7zNVJhFM,Mythic+ Season 3,Personal Logs,Aleter,Public,1752916177,"July 19, 2025 11:09 AM",6453634,2 hours,1,0,0,1,1,0,0,1
Bqtc26pZxKCQgX31,Mythic+ Season 3,Personal Logs,Seleucía,Public,1752912823,"July 19, 2025 10:13 AM",19199010,5 hours,1,1,0,1,1,0,0,1
yGn37mJr4gt8QxAL,DKT 14回响,Personal Logs,Windfire,Public,1752912603,"July 19, 2025 10:10 AM",5473207,2 hours,1,0,0,0,0,0,0,0
ZfwNB9gab3kR8vpK,狗怎么死了,Personal Logs,Windfire,Public,1752909499,"July 19, 2025 9:18 AM",2377660,40 minutes,1,0,0,0,0,0,0,0
qa3w7J4tbYFQAMr9,Mythic+ Season 3,Personal Logs,Plurl,Public,1752904630,"July 19, 2025 7:57 AM",9096900,3 hours,1,1,0,0,1,0,0,1
9FCKX34gtJyBPWfn,250719 ARAK +15 BM,Personal Logs,Umbrellas,Public,1752904239,"July 19, 2025 7:50 AM",2225592,37 minutes,1,0,0,0,0,0,0,0
6wBDR9y4TgAn7Lch,Mythic+ Season 3,Personal Logs,Wordpudding,Public,1752902754,"July 19, 2025 7:25 AM",4795591,an hour,1,0,0,0,0,0,0,1
kNtC2yJQgGHAwpTq,Mythic+ Season 3,Personal Logs,bauer.ren.a,Public,1752902125,"July 19, 2025 7:15 AM",7619557,2 hours,1,1,0,0,0,0,0,0
tRmKCFzy7Wq9nGV2,DKT 萨莱茵 破晨15+1,Personal Logs,Windfire,Public,1752901525,"July 19, 2025 7:05 AM",5255044,an hour,1,0,0,0,0,0,0,1
zT6GA8KQhWjrvpVm,divers,Personal Logs,Lugway,Public,1752900759,"July 19, 2025 6:52 AM",11760390,3 hours,1,1,0,0,0,0,0,1
xXaqzDdK3Nkb7nJY,Mythic+ Season 3,Personal Logs,Aleter,Public,1752897915,"July 19, 2025 6:05 AM",7844823,2 hours,1,1,0,0,1,0,0,0
xHbjCfQ7nLpz3aP9,Mythic+ Season 3,Send it,PoohXanny,Public,1752891578,"July 19, 2025 4:19 AM",151187888,2 days,1,1,1,0,1,1,0,1
xRCn1kA9KGt3prV6,Ara/Flood 12,Personal Logs,Shawnzx,Public,1752890967,"July 19, 2025 4:09 AM",8915799,2 hours,1,0,0,1,0,0,0,1
A4QmBpJXxVDTnkNv,Mythic+ Season 3,Personal Logs,Voidmend,Public,1752882351,"July 19, 2025 1:45 AM",3919479,an hour,1,0,0,0,1,0,0,1
rVxJqbQNgmAWjP61,Mythic+ Season 3,Personal Logs,ViviLouF,Public,1752880455,"July 19, 2025 1:14 AM",11052291,3 hours,1,0,0,0,1,0,0,0
kGCfazFMHwAKTx1n,Mythic+ Season 3,Personal Logs,shiv613c,Public,1752879992,"July 19, 2025 1:06 AM",4100631,an hour,1,1,0,0,0,0,0,0
ta6V9fDB3gGHNpzw,Mythic+ Season 3,Personal Logs,shiv613c,Public,1752879444,"July 19, 2025 12:57 AM",1648269,27 minutes,1,0,0,0,0,0,0,0
7VLdhmrXgMtAbyjw,key friday????,Personal Logs,Zorjeff,Public,1752877562,"July 19, 2025 12:26 AM",26528014,7 hours,1,1,0,1,1,0,0,1
ybVqak4JCL9cHQnX,ptr m+ 1,Personal Logs,TomElvis,Public,1752870858,"July 18, 2025 10:34 PM",18071466,5 hours,1,1,0,1,1,0,0,1
fmwAHk27PpTCYy8N,Mythic+ Season 3,Personal Logs,momokido,Public,1752861918,"July 18, 2025 8:05 PM",19955270,6 hours,1,1,0,1,0,0,0,1
XMFk4GWfCP3vy6Lr,Mythic+ Season 3,Personal Logs,Sidea,Public,1752860681,"July 18, 2025 7:44 PM",1812566,30 minutes,1,0,0,0,0,0,0,0
fQ8j6AbzxZyVNP7T,250718 ARAK +14 MM,Personal Logs,Umbrellas,Public,1752849146,"July 18, 2025 4:32 PM",1855242,31 minutes,1,0,0,0,0,0,0,0
Aqc3QM2rvV6gb4jp,0.0,Personal Logs,Yegu,Public,1752839457,"July 18, 2025 1:50 PM",13895837,4 hours,1,1,0,1,0,0,0,1
xBhtW9NbwnDKP7H1,Mythic+ Season 3,long1216,luo1216,Public,1752839422,"July 18, 2025 1:50 PM",4467322,an hour,1,0,0,0,0,0,0,0
kaqhmPQBW7fgrtw2,Mythic+ Season 3,Personal Logs,Karl666,Public,1752834450,"July 18, 2025 12:27 PM",28039357,8 hours,1,1,0,1,1,0,0,1
BXVwYTNf8ZrnkpM6,Mythic+ Season 3,Personal Logs,frydays,Public,1752825965,"July 18, 2025 10:06 AM",6888400,2 hours,1,0,0,0,0,0,0,0
8D9ZdNzcrJCFK3Q4,Mythic+ Season 3,Personal Logs,Seleucía,Public,1752825170,"July 18, 2025 9:52 AM",12523631,3 hours,1,0,0,0,1,0,0,1
GKwY1BdJ4nz9CqWD,Mythic+ Season 3,Personal Logs,Voidmend,Public,1752823027,"July 18, 2025 9:17 AM",3912648,an hour,1,0,0,0,1,0,0,1
bngwxQm2Kt4Wh8pL,Mythic+ Season 3,Personal Logs,juticed,Public,1752819865,"July 18, 2025 8:24 AM",21250680,6 hours,1,0,0,0,1,0,0,1
Y9CPNfa17cwMrjFq,Mythic+ Season 3,Personal Logs,Spartan-keg,Public,1752816872,"July 18, 2025 7:34 AM",20245670,6 hours,1,1,0,0,1,0,0,0
CNfVBLwbdjhHP9Rt,Mythic+ Season 3,Personal Logs,bauer.ren.a,Public,1752814363,"July 18, 2025 6:52 AM",7619557,2 hours,1,1,0,0,0,0,0,0
WFc8bwhJXrdt129B,Mythic+ Season 3,Personal Logs,Jacqueas73,Public,1752814278,"July 18, 2025 6:51 AM",3757436,an hour,1,0,0,0,0,0,0,0
B6QJ9CadY2RbA7yD,DKT 15圆顶破晨隐修院水闸,Personal Logs,Windfire,Public,1752813295,"July 18, 2025 6:34 AM",19635947,5 hours,1,1,0,1,1,0,0,1
Lkr4X2W8wy6RNbfq,Mythic+ Season 3,Personal Logs,Thealbatross,Public,1752812852,"July 18, 2025 6:27 AM",5598046,2 hours,1,1,0,1,0,0,0,0
4N9Y68Dwz1xRHXkr,ptr thurs patch day,Personal Logs,Zorjeff,Public,1752807322,"July 18, 2025 4:55 AM",22051812,6 hours,1,1,0,1,1,0,0,1
YDgkwT7favF16nJh,Mythic+ Season 3,Personal Logs,Gio_KW,Public,1752198222,"July 11, 2025 3:43 AM",4105592,an hour,1,0,0,0,0,0,0,1
MN4yQRY3vhGqC8LH,Mythic+ Season 3,Personal Logs,Gio_KW,Public,1752073006,"July 9, 2025 4:56 PM",4105592,an hour,1,0,0,0,0,0,0,1
JnkVmbZFh4gRBqxw,Mythic+ Season 3,Personal Logs,Gio_KW,Public,1752072850,"July 9, 2025 4:54 PM",4105592,an hour,1,0,0,0,0,0,0,1
Z41hYVHTCpxXngB6,Mythic+ Season 3,Personal Logs,stormscion,Public,1752036062,"July 9, 2025 6:41 AM",6785622,2 hours,1,0,0,1,0,0,0,0
7XCWfHj62B9wqbaP,tuesday ptr,Personal Logs,Zorjeff,Public,1752027406,"July 9, 2025 4:16 AM",53258187,15 hours,1,0,0,1,1,1,1,0
aBPRZT6fzKV8JWyH,Mythic+ Season 3,Personal Logs,Keyroii,Public,1752010803,"July 8, 2025 11:40 PM",6179969,2 hours,1,0,0,1,1,0,0,0
Rd7QkzHwVWADZh3X,qeqweqweqweqwe,Reformed,grandmother_wow,Public,1751955327,"July 8, 2025 8:15 AM",2167412,36 minutes,1,0,0,0,1,0,0,0
43CRbf8at6zWpMA2,Mythic+ Season 3,Personal Logs,AngryMidget,Public,1751946235,"July 8, 2025 5:43 AM",4962935,an hour,1,0,0,1,0,0,0,0
JPhADxc17HaXTZmC,Mythic+ Season 3,Personal Logs,Gio_KW,Public,1751937954,"July 8, 2025 3:25 AM",15577157,4 hours,1,0,0,0,1,0,0,1
pc4HFfw92aNhRgBA,Mythic+ Season 3,Chaotic Aftermath,mrbadman,Public,1751934103,"July 8, 2025 2:21 AM",6317328,2 hours,1,0,0,0,0,0,0,1
ZANVam8hrXG3k96v,Mythic+ Season 3,Personal Logs,JayZonday,Public,1751928209,"July 8, 2025 12:43 AM",22696562,6 hours,1,0,0,1,1,0,0,1
CQPtY4DN9MWhy1zr,Mythic+ Season 3,Chaotic Aftermath,mrbadman,Public,1751926511,"July 8, 2025 12:15 AM",7607906,2 hours,1,0,0,0,1,0,0,1
pfY3xvzC2gb8HWX7,Mythic+ Season 3,Personal Logs,mellforce,Public,1751925496,"July 7, 2025 11:58 PM",7719447,2 hours,1,0,0,1,0,0,0,0
f8rgC9N6PMRDBaWV,ptr key monday,Personal Logs,Zorjeff,Public,1751922288,"July 7, 2025 11:04 PM",28152188,8 hours,1,0,0,1,1,0,0,1
va9ZNytP2gdBq36D,Mythic+ Season 3,Chaotic Aftermath,mrbadman,Public,1751917463,"July 7, 2025 9:44 PM",15426270,4 hours,1,0,0,1,0,0,0,0
xKLzBHJnXZGNjygA,Mythic+ Season 3,Personal Logs,healsforcash,Public,1751913379,"July 7, 2025 8:36 PM",5023916,an hour,1,0,0,0,0,0,0,1
2DBNZrRw4HnCfk1W,250707 ARAK +13 MM,Personal Logs,Umbrellas,Public,1751868669,"July 7, 2025 8:11 AM",1632183,27 minutes,1,0,0,0,0,0,0,0
qdyP7nkfzQTg12Ca,Mythic+ Season 3,Chaotic Aftermath,mrbadman,Public,1751859632,"July 7, 2025 5:40 AM",12977958,4 hours,1,0,0,1,0,0,0,1
XFKPjqdfJVcRYHMG,Mythic+ Season 3,Personal Logs,crippa1337,Public,1754395037,"August 5, 2025 1:57 PM",4334867,an hour,0,1,0,0,0,0,0,1
7LKgDPfNYrXC1jwq,ptr LAST DAY before patch,Personal Logs,Zorjeff,Public,1754364773,"August 5, 2025 5:32 AM",34151776,9 hours,0,1,1,1,1,1,1,1
B3pn2x94AchwbL86,ptr,Personal Logs,Vorty,Public,1754362301,"August 5, 2025 4:51 AM",6784632,2 hours,0,1,0,0,0,0,0,0
y8ZV7YXnNG9raWxv,250805 Al’dani +16 MM,Personal Logs,Umbrellas,Public,1754360723,"August 5, 2025 4:25 AM",1973339,33 minutes,0,1,0,0,0,0,0,0
ZChrzxwgYj92cnv8,m+,Personal Logs,Phycoz,Public,1754354858,"August 5, 2025 2:47 AM",1508571,25 minutes,0,1,0,0,0,0,0,0
8CG3TZLr4wBFnRQK,14 eco,Personal Logs,Nice,Public,1754354770,"August 5, 2025 2:46 AM",4638038,an hour,0,1,0,0,0,0,0,1
Pft9kVcwp48ra7yK,keys,Personal Logs,karlosdeklerk,Public,1754341563,"August 4, 2025 11:06 PM",10799482,3 hours,0,1,1,0,0,1,0,0
DcBN1vzKWHCpJY6G,Mythic+ Season 3,Personal Logs,Yegu,Public,1754340387,"August 4, 2025 10:46 PM",6146808,2 hours,0,1,0,0,0,0,0,1
GTfLc9mhaZzApdrg,Mythic+ Season 3,Personal Logs,Gio_KW,Public,1754338055,"August 4, 2025 10:07 PM",12050154,3 hours,0,1,0,1,1,0,0,0
GXd7MpQ1gT3DxZ2W,Mythic+ Season 3,Personal Logs,chaseddaway,Public,1754332141,"August 4, 2025 8:29 PM",8670196,2 hours,0,1,0,1,0,0,0,0
kx7TMD2fWFA18bJr,m+ ptr 04/08/2025,Personal Logs,Trinitehh,Public,1754331532,"August 4, 2025 8:18 PM",2303547,38 minutes,0,1,0,0,0,0,0,0
NDKbxWCh6L1yFX23,Mythic+ Season 3,Personal Logs,Wordpudding,Public,1754325180,"August 4, 2025 6:33 PM",4935126,an hour,0,1,0,0,0,0,1,0
qarMPC6xpAQVBgb7,17圆顶(cjq),Personal Logs,美团搜担担面,Public,1754324659,"August 4, 2025 6:24 PM",12819769,4 hours,0,1,0,0,1,0,1,0
XGycfP9HqtTkRVg3,DKT 17圆顶16天街,Personal Logs,Windfire,Public,1754324643,"August 4, 2025 6:24 PM",5097905,an hour,0,1,0,0,0,0,1,0
XqnGamD6kAcy7RNw,trying to aug,Personal Logs,corrisx3,Public,1754322536,"August 4, 2025 5:48 PM",8453342,2 hours,0,1,0,1,0,0,0,0
tPpqnVGcKaFY4zXr,Mythic+ Season 3,Personal Logs,dlkey,Public,1754319978,"August 4, 2025 5:06 PM",8870332,2 hours,0,1,1,0,0,1,1,0
DRAZkmHb4YFpW6PJ,DKT 17圆顶17隐修院,Personal Logs,Windfire,Public,1754319095,"August 4, 2025 4:51 PM",9778892,3 hours,0,1,0,0,1,0,0,0
2qRQgtBAkVa4XK6j,m+ ptr 04/08/2025,Personal Logs,Trinitehh,Public,1754312475,"August 4, 2025 3:01 PM",10606077,3 hours,0,1,0,1,0,0,0,0
K4CTnAQ7gb2VBFLp,18圆顶（已通关）,Personal Logs,美团搜担担面,Public,1754301467,"August 4, 2025 11:57 AM",5510308,2 hours,0,1,0,0,0,0,0,0
FHMbqBRVrgkhfm2d,Mythic+ Season 3,Personal Logs,Hwoarang,Public,1754301185,"August 4, 2025 11:53 AM",1346058,22 minutes,0,1,0,0,0,0,0,0
hpxQRL6GbcVqNjFk,Mythic+ Season 3,Personal Logs,Yechongyue,Public,1754299945,"August 4, 2025 11:32 AM",6102190,2 hours,0,1,0,1,0,0,0,0
VhLwxCapAkZzcQjf,Route Testing Night 3,Personal Logs,yoloswagginzbdf,Public,1754286063,"August 4, 2025 7:41 AM",8610263,2 hours,0,1,1,0,0,0,1,0
pDLY4jmrhcgy7KqG,Mythic+ Season 3,Personal Logs,porlix,Public,1754280250,"August 4, 2025 6:04 AM",7812109,2 hours,0,1,1,0,0,0,1,0
2dhFWKt3qMfDQzN1,Mythic+ Season 3,Personal Logs,kaelik14,Public,1754277806,"August 4, 2025 5:23 AM",2319916,39 minutes,0,1,0,0,0,0,0,0
dPvjVZrJTwf9GRYp,Mythic+ Season 3,Personal Logs,EV0luti0nz,Public,1754264641,"August 4, 2025 1:44 AM",4528874,an hour,0,1,0,0,0,1,0,0
2j8hLdZyNaD6GvVm,Mythic+ Season 3,Personal Logs,Xeoo,Public,1754260436,"August 4, 2025 12:33 AM",10179237,3 hours,0,1,0,0,1,0,0,1
mdGTFpCaR2yvL38V,Mythic+ Season 3,Personal Logs,rappr,Public,1754256317,"August 3, 2025 11:25 PM",4016251,an hour,0,1,0,0,0,0,0,0
Gv76tMKa9FCxwmL4,Mythic+ Season 3,Personal Logs,White.d.Okami,Public,1754255155,"August 3, 2025 11:05 PM",2508174,42 minutes,0,1,0,0,0,0,0,0
76tLBFrACW3vYTm1,PTR 03/08/2025,Personal Logs,Trinitehh,Public,1754254279,"August 3, 2025 10:51 PM",2852942,an hour,0,1,0,0,0,0,0,0
34ZtVj8FpDN67gMW,Mythic+ Season 3,Personal Logs,haywiire,Public,1754246373,"August 3, 2025 8:39 PM",834442,14 minutes,0,1,0,0,0,0,0,0
3xtDgn7XqHMvFRL2,Mythic+ Season 3,Personal Logs,haywiire,Public,1754245928,"August 3, 2025 8:32 PM",389752,6 minutes,0,1,0,0,0,0,0,0
M87dngfC4qcZWVAz,Mythic+ Season 3,Personal Logs,Qiaoling,Public,1754237913,"August 3, 2025 6:18 PM",15754715,4 hours,0,1,1,0,0,0,1,0
RfpZTXP4kDhtAKQB,Mythic+ Season 3,Personal Logs,rappr,Public,1754234217,"August 3, 2025 5:16 PM",4016251,an hour,0,1,0,0,0,0,0,0
QrmtnpbkjJy2DMGw,Mythic+ Season 3,Personal Logs,브론즈사슴쟝,Public,1754233019,"August 3, 2025 4:56 PM",15766927,4 hours,0,1,0,0,0,0,1,0
fZWVzxrtjTBJK4mv,Mythic+ Season 3,Personal Logs,브론즈사슴쟝,Public,1754230914,"August 3, 2025 4:21 PM",13669435,4 hours,0,1,0,0,0,0,1,0
2hdDNw1XZMP9kmrT,Mythic+ Season 3,Personal Logs,jajimentol,Public,1754225874,"August 3, 2025 2:57 PM",21946530,6 hours,0,1,0,0,0,0,0,0
VPTdALC1mRtMFjHw,ptr rsham sunday,Reckoning,Watchouteep,Public,1754221130,"August 3, 2025 1:38 PM",11278861,3 hours,0,1,1,0,0,1,1,0
MXDRcqCp3h28bf6P,Mythic+ Season 3,Personal Logs,MadK0rts,Public,1754219053,"August 3, 2025 1:04 PM",2413628,40 minutes,0,1,0,0,0,0,0,0
xvZYKHfMnjycAWqk,Mythic+ Season 3,Personal Logs,EV0luti0nz,Public,1754215708,"August 3, 2025 12:08 PM",3736817,an hour,0,1,0,1,0,0,0,0
3RZvbfWrHpVCY68y,Mythic+ Season 3,Personal Logs,Sirnoob18,Public,1754214796,"August 3, 2025 11:53 AM",1521999,25 minutes,0,1,0,0,0,0,0,0
NxthQCgFr2DP4AjR,Mythic+ Season 3,Personal Logs,porlix,Public,1754210263,"August 3, 2025 10:37 AM",12844341,4 hours,0,1,1,0,0,1,1,0
MXRyjpBgZxnQPvr3,Mythic+ Season 3,Personal Logs,Boricc,Public,1754202843,"August 3, 2025 8:34 AM",6118702,2 hours,0,1,0,0,0,0,0,0
aqGQH1xmTWd9AjrN,Mythic+ Season 3,Personal Logs,Boricc,Public,1754199204,"August 3, 2025 7:33 AM",2490365,42 minutes,0,1,0,0,0,0,0,0
FTrZNwYCbtfQy8mK,Mythic+ Season 3,Personal Logs,haywiire,Public,1754197776,"August 3, 2025 7:09 AM",405090,7 minutes,0,1,0,0,0,0,0,0
hdn6HpBLWMbxmG49,Mythic+ Season 3,Personal Logs,Borrunir,Public,1754197321,"August 3, 2025 7:02 AM",9590670,3 hours,0,1,1,0,0,1,1,0
PTgFVBMKdXQhZb6H,Mythic+ Season 3,Personal Logs,haywiire,Public,1754196337,"August 3, 2025 6:45 AM",850477,14 minutes,0,1,0,0,0,0,0,0
A9kPB3nZYgW46DHh,Mythic+ Season 3,Personal Logs,belquin,Public,1754196283,"August 3, 2025 6:44 AM",1822647,30 minutes,0,1,0,0,0,0,0,0
h1QWRLn9bCg7yABV,Mythic+ Season 3,Personal Logs,haywiire,Public,1754195856,"August 3, 2025 6:37 AM",394575,7 minutes,0,1,0,0,0,0,0,0
Hm4nxDvwaQqJp3jW,Mythic+ Season 3,Personal Logs,Boricc,Public,1754195594,"August 3, 2025 6:33 AM",1858452,31 minutes,0,1,0,0,0,0,0,0
hZQdva3BpxktjJTm,Mythic+ Season 3,Personal Logs,Dee009,Public,1754191880,"August 3, 2025 5:31 AM",6544400,2 hours,0,1,1,0,0,0,0,0
TkCxfbYQ8yR26wKW,14 eco,Personal Logs,Nice,Public,1754190087,"August 3, 2025 5:01 AM",6435954,2 hours,0,1,0,0,0,1,0,0
cPgxTbvpwRHZ4yLX,Mythic+ Season 3,Personal Logs,MadK0rts,Public,1754186277,"August 3, 2025 3:57 AM",14878198,4 hours,0,1,0,0,0,0,0,0
aMK9w4XQ3b2gBq8V,Mythic+ Season 3,Personal Logs,haywiire,Public,1754184162,"August 3, 2025 3:22 AM",2995010,an hour,0,1,0,0,0,0,0,0
jD92nF6g37tcCapW,Mythic+ Season 3,Personal Logs,MioShimo,Public,1754184056,"August 3, 2025 3:20 AM",7604576,2 hours,0,1,0,1,0,1,0,0
aD8XfBGYQbn2tTWR,Mythic+ Season 3,Personal Logs,MadK0rts,Public,1754182632,"August 3, 2025 2:57 AM",11112384,3 hours,0,1,0,0,0,0,0,0
BPYNDHk7xTfZ1z42,Keys,Personal Logs,Jellyph,Public,1754181782,"August 3, 2025 2:43 AM",3707679,an hour,0,1,0,0,1,0,0,0
YvqkRM3WCrdzAjQJ,Mythic+ Season 3,Personal Logs,MioShimo,Public,1754181439,"August 3, 2025 2:37 AM",4910502,an hour,0,1,0,1,0,0,0,0
zxTwjMk3VXtq6v2f,Mythic+ Season 3,Personal Logs,MadK0rts,Public,1754179890,"August 3, 2025 2:11 AM",8409963,2 hours,0,1,1,1,1,0,0,0
jwQHKGXf2zWYbxPD,Mythic+ Season 3,Personal Logs,MadK0rts,Public,1754178256,"August 3, 2025 1:44 AM",6878376,2 hours,0,1,1,0,0,0,0,0
WyzgA29XhbjH8PLF,15 Eco,Personal Logs,Thorrack,Public,1754178132,"August 3, 2025 1:42 AM",1865740,31 minutes,0,1,0,0,0,0,0,0
xhpkY7qMZd8jDacJ,Mythic+ Season 3,Personal Logs,Gio_KW,Public,1754167405,"August 2, 2025 10:43 PM",8279638,2 hours,0,1,0,0,0,0,0,1
djLcQZHwtqN8WXRM,Mythic+ Season 3,Personal Logs,Gio_KW,Public,1754167322,"August 2, 2025 10:42 PM",12170464,3 hours,0,1,0,0,0,1,0,1
Vag8Rw6CGXyxHZKp,Mythic+ Season 3,Personal Logs,전멸입니다,Public,1754152977,"August 2, 2025 6:42 PM",5141703,an hour,0,1,0,0,0,0,0,0
pVrLHdxW1qTgDZYK,Mythic+ Season 3,Personal Logs,전멸입니다,Public,1754152934,"August 2, 2025 6:42 PM",600331,10 minutes,0,1,0,0,0,0,0,0
dVpJg7GzaCyckDNx,Mythic+ Season 3,Personal Logs,lgp0509csu,Public,1754152901,"August 2, 2025 6:41 PM",7195342,2 hours,0,1,0,1,1,0,0,0
4HWbfrkQTnCxLA2Y,Mythic+ Season 3,Personal Logs,Molemidezhu,Public,1754150711,"August 2, 2025 6:05 PM",3622189,an hour,0,1,0,0,0,0,0,0
HaxZ7A14jfn6TDzc,Mythic+ Season 3,Personal Logs,vadan,Public,1754150710,"August 2, 2025 6:05 PM",19631520,5 hours,0,1,1,1,0,1,1,0
N2kcHGP1F4LhjBtA,ptr-keyos,Personal Logs,myrmaaj,Public,1754148417,"August 2, 2025 5:26 PM",13027286,4 hours,0,1,1,0,0,1,1,0
bfZD9RXMKJP6dxGT,Mythic+ Season 3,Personal Logs,Fracasso,Public,1754148216,"August 2, 2025 5:23 PM",11762863,3 hours,0,1,0,0,0,0,0,0
QCNBjJqhd8xmfTP1,Mythic+ Season 3,Personal Logs,Oleneboi,Public,1754143694,"August 2, 2025 4:08 PM",9684869,3 hours,0,1,1,0,0,0,0,0
V3AmD4cvQqnKX7FH,Mythic+ Season 3,Personal Logs,Hwoarang,Public,1754137295,"August 2, 2025 2:21 PM",5341597,an hour,0,1,1,0,0,0,0,0
QzMZGWqmKDXBNYrT,Mythic+ Season 3,Personal Logs,Hwoarang,Public,1754131158,"August 2, 2025 12:39 PM",5266240,an hour,0,1,0,0,0,0,0,0
dk2tgVQNMFPCmzR9,Mythic+ Season 3,Personal Logs,Hwoarang,Public,1754126778,"August 2, 2025 11:26 AM",1027804,17 minutes,0,1,0,0,0,0,0,0
ZyvAG8xCDmjRzhTN,Mythic+ Season 3,Personal Logs,Borrunir,Public,1754121200,"August 2, 2025 9:53 AM",11877223,3 hours,0,1,1,1,0,1,0,0
VzkHBYRphvcg3TAq,Mythic+ Season 3,Personal Logs,yoloswagginzbdf,Public,1754112598,"August 2, 2025 7:29 AM",18612126,5 hours,0,1,0,0,0,0,0,0
W19f2NnKzTqdgZbJ,Mythic+ Season 3,Personal Logs,전멸입니다,Public,1754108620,"August 2, 2025 6:23 AM",5141703,an hour,0,1,0,0,0,0,0,0
qT2fdk8XhBtgnANz,15圆顶（3个下水道）,Personal Logs,美团搜担担面,Public,1754106811,"August 2, 2025 5:53 AM",1737215,29 minutes,0,1,0,0,0,0,0,0
jqHhaw93ZMKTJ7cn,Mythic+ Season 3,Personal Logs,전멸입니다,Public,1754106561,"August 2, 2025 5:49 AM",3090663,an hour,0,1,0,0,0,0,0,0
Ha3hn2QVYWqXTtgk,Mythic+ Season 3,Personal Logs,전멸입니다,Public,1754104119,"August 2, 2025 5:08 AM",665251,11 minutes,0,1,0,0,0,0,0,0
ZpDajrWXK42HgLkR,brostfane,Personal Logs,galeuwu,Public,1754095424,"August 2, 2025 2:43 AM",264442742,3 days,0,1,1,0,0,0,0,0
BDRyZHtAVKJxCaXq,14 eco first half,Personal Logs,Nice,Public,1754089919,"August 2, 2025 1:11 AM",5056484,an hour,0,1,0,0,0,0,0,1
1fAm6TR2DZzq8aFV,Mythic+ Season 3,Personal Logs,Hwoarang,Public,1754086095,"August 2, 2025 12:08 AM",37659691,10 hours,0,1,1,0,0,0,0,0
VqkA7vQtnPpz68r2,DKT 17圆顶,Personal Logs,Windfire,Public,1754074802,"August 1, 2025 9:00 PM",4133977,an hour,0,1,0,0,0,0,0,0
h4pd2QLAz6tG8qgZ,Mythic+ Season 3,Personal Logs,Jacqueas73,Public,1754072230,"August 1, 2025 8:17 PM",27937379,8 hours,0,1,1,0,0,1,1,1
3Wbt1RFq8LjpcNTv,Mythic+ Season 3,Personal Logs,Yechongyue,Public,1754070435,"August 1, 2025 7:47 PM",11694007,3 hours,0,1,0,1,1,1,0,0
1tAVWr2cDLJ4MpZ6,Mythic+ Season 3,Personal Logs,전멸입니다,Public,1754069411,"August 1, 2025 7:30 PM",5946321,2 hours,0,1,1,0,0,0,1,0
3hHnzZfJLy9GaRkY,Mythic+ Season 3,Personal Logs,전멸입니다,Public,1754067204,"August 1, 2025 6:53 PM",3749350,an hour,0,1,1,0,0,0,0,0
9bkP3YRQtzmTjKnN,Mythic+ Season 3,Personal Logs,전멸입니다,Public,1754065398,"August 1, 2025 6:23 PM",1722952,29 minutes,0,1,0,0,0,0,0,0
YZNRaVPtTrC7hDzk,Mythic+ Season 3,Personal Logs,전멸입니다,Public,1754065154,"August 1, 2025 6:19 PM",1722952,29 minutes,0,1,0,0,0,0,0,0
XxFpTNz7RB8t4a96,ptr 01/08/2025 squad is dead praise 2+2,Personal Logs,Trinitehh,Public,1754061422,"August 1, 2025 5:17 PM",1859007,31 minutes,0,1,0,0,0,0,0,0
a3FQfrPCvLD6zb1J,Mythic+ Season 3,Personal Logs,브론즈사슴쟝,Public,1754043769,"August 1, 2025 12:22 PM",5804657,2 hours,0,1,0,1,0,0,0,0
xVwkGQ78qBYyCzvr,15yuanding,Personal Logs,美团搜担担面,Public,1754040701,"August 1, 2025 11:31 AM",2044687,34 minutes,0,1,0,0,0,0,0,0
xzdw7NPcv9nJj6mW,Mythic+ Season 3,Personal Logs,Borrunir,Public,1754034547,"August 1, 2025 9:49 AM",10984815,3 hours,0,1,1,1,0,1,0,1
kAZBx1jCM63dPF2b,PTR Testing - Thane AOE Execute,Personal Logs,yoloswagginzbdf,Public,1754025230,"August 1, 2025 7:13 AM",4257829,an hour,0,1,1,0,0,0,0,0
ZdgwXcNvrxa4GMfm,SOME RANDO KEY 2PC 2PC,Personal Logs,Nice,Public,1754025080,"August 1, 2025 7:11 AM",7291036,2 hours,0,1,0,0,0,0,0,1
c3GTHwP9jRAkfrpY,Mythic+ Season 3,Send it,PoohXanny,Public,1754023820,"August 1, 2025 6:50 AM",7146260,2 hours,0,1,0,0,0,1,1,0
CZazPrqvk72fg4Nw,Eco 14 and Dawnbreaker,Personal Logs,Shawnzx,Public,1754016992,"August 1, 2025 4:56 AM",8121167,2 hours,0,1,0,0,0,0,0,1
zTd7GABc1WHrwpRn,Mythic+ Season 3,Personal Logs,Oleneboi,Public,1754008809,"August 1, 2025 2:40 AM",17454404,5 hours,0,1,1,1,0,1,1,0
2WTDbrKcw7khNxCp,m+ ptr,Personal Logs,TomElvis,Public,1754007213,"August 1, 2025 2:13 AM",8108633,2 hours,0,1,1,0,0,0,0,0
8kNmzPMRT6Cyba9Q,Mythic+ Season 3,Chaotic Aftermath,mrbadman,Public,1754007165,"August 1, 2025 2:12 AM",14209046,4 hours,0,1,1,0,0,1,0,0
tfxWyvbGX6d2kHmq,Mythic+ Season 3,Personal Logs,MioShimo,Public,1754005026,"August 1, 2025 1:37 AM",13607889,4 hours,0,1,0,1,0,0,1,1
3vgxYCWTG9BwJHqb,Mythic+ Season 3,Personal Logs,Hwoarang,Public,1753999659,"August 1, 2025 12:07 AM",24318174,7 hours,0,1,0,1,1,0,0,0
btVDpjvwkA3PJf7N,ptr 31/07/2025,Personal Logs,Trinitehh,Public,1753996728,"July 31, 2025 11:18 PM",12565774,3 hours,0,1,0,1,0,1,0,0
L7q8bhVKmw6xtfnZ,Mythic+ Season 3,Personal Logs,Hwoarang,Public,1753976965,"July 31, 2025 5:49 PM",1576678,26 minutes,0,1,0,1,0,0,0,0
WafGtADMhrqpyH4K,ptr 31/07/2025,Personal Logs,Trinitehh,Public,1753960273,"July 31, 2025 1:11 PM",8226194,2 hours,0,1,0,0,1,0,0,0
hPacVTK7j4nByzLW,Mythic+ Season 3,Personal Logs,브론즈사슴쟝,Public,1753953235,"July 31, 2025 11:13 AM",20017726,6 hours,0,1,1,0,0,1,0,1
chFQ4qYCXfKp831B,ptr keys,Personal Logs,Cantabile,Public,1753952350,"July 31, 2025 10:59 AM",8852825,2 hours,0,1,1,0,0,0,1,0
C9WRAQ18VdZy3ctr,Mythic+ Season 3,Personal Logs,Korrigard,Public,1753948177,"July 31, 2025 9:49 AM",4169813,an hour,0,1,0,0,0,0,0,1
dBCL6rzPaKWVwHgY,awoo key lol 2,Personal Logs,Nice,Public,1753947780,"July 31, 2025 9:43 AM",4126538,an hour,0,1,0,0,0,0,0,1
YKr7PZFzvTNMjVf4,Mythic+ Season 3,Personal Logs,Korrigard,Public,1753945325,"July 31, 2025 9:02 AM",1590725,27 minutes,0,1,0,0,0,0,0,0
LdqPaT3VkwZJCtGb,awoo key lol,Personal Logs,Nice,Public,1753945174,"July 31, 2025 8:59 AM",1539009,26 minutes,0,1,0,0,0,0,0,0
xRYLhZaH6gPD4Mf9,Mythic+ Season 3,Send it,PoohXanny,Public,1753934252,"July 31, 2025 5:57 AM",127786310,a day,0,1,1,0,0,1,1,0
x9whL7KkNH641zBV,Mythic+ Season 3,Personal Logs,Wordpudding,Public,1753933414,"July 31, 2025 5:43 AM",8827742,2 hours,0,1,0,0,0,0,1,0
P8gq6GyLZFXDhYAN,Mythic+ Season 3,Personal Logs,Gio_KW,Public,1753932289,"July 31, 2025 5:24 AM",34565235,10 hours,0,1,1,1,1,1,0,1
FCx7wBVgtjX1HGYm,log wednesday,Personal Logs,Zorjeff,Public,1753928160,"July 31, 2025 4:16 AM",44028651,12 hours,0,1,1,1,1,1,1,1
LD7qd3YVtacKJQxy,Mythic+ Season 3,Personal Logs,브론즈사슴쟝,Public,1753927430,"July 31, 2025 4:03 AM",6491819,2 hours,0,1,1,0,1,0,0,1
LtTJqC8ZRG6FDQ2K,Mythic+ Season 3,Personal Logs,MadK0rts,Public,1753926789,"July 31, 2025 3:53 AM",8939847,2 hours,0,1,1,0,0,1,0,1
RtbCDnK3wkFvf1Hm,Mythic+ Season 3,Personal Logs,MadK0rts,Public,1753923527,"July 31, 2025 2:58 AM",5671158,2 hours,0,1,0,0,0,1,0,1
Dm4v6fyqFbYR9cMp,Mythic+ Season 3,Personal Logs,MadK0rts,Public,1753922132,"July 31, 2025 2:35 AM",4284969,an hour,0,1,0,0,0,1,0,0
7zFHk23Tg9tXDKBa,Mythic+ Season 3,Personal Logs,haywiire,Public,1753913388,"July 31, 2025 12:09 AM",7155471,2 hours,0,1,0,0,0,0,0,0
62PDNRBYMvTFxVz8,Mythic+ Season 3,Personal Logs,Psifactor,Public,1753912181,"July 30, 2025 11:49 PM",8686896,2 hours,0,1,1,0,0,1,0,0
43RGYXCDvqhBP2bj,Mythic+ Season 3,Personal Logs,haywiire,Public,1753911978,"July 30, 2025 11:46 PM",5769788,2 hours,0,1,0,0,0,0,0,0
yK8w472X6nLxTRYb,Mythic+ Season 3,Chaotic Aftermath,mrbadman,Public,1753910699,"July 30, 2025 11:24 PM",7929286,2 hours,0,1,0,0,0,0,1,1
mg6K3wrXM2W4Lnf8,Mythic+ Season 3,Personal Logs,Volebear,Public,1753908224,"July 30, 2025 10:43 PM",8780899,2 hours,0,1,1,0,0,0,0,0
3DpMwyL6Hb4gqxJ9,Mythic+ Season 3,Personal Logs,rappr,Public,1753906828,"July 30, 2025 10:20 PM",2381462,40 minutes,0,1,0,0,0,1,0,0
3qMhAPnmvFw2pyra,Mythic+ Season 3,Personal Logs,haywiire,Public,1753902378,"July 30, 2025 9:06 PM",7481367,2 hours,0,1,0,0,0,0,0,0
GMpmb1BHZgPcxqJj,Mythic+ Season 3,Personal Logs,haywiire,Public,1753901215,"July 30, 2025 8:46 PM",6265999,2 hours,0,1,0,0,0,0,0,0
Q4a9HfkMbcVvL8wz,Mythic+ Season 3,Personal Logs,haywiire,Public,1753896790,"July 30, 2025 7:33 PM",1888258,31 minutes,0,1,0,0,0,0,0,0
D9g3c2MxpdYN4WzQ,Mythic+ Season 3,Personal Logs,haywiire,Public,1753895830,"July 30, 2025 7:17 PM",828544,14 minutes,0,1,0,0,0,0,0,0
wm8PakjCY1A9h2tG,Mythic+ Season 3,Personal Logs,Hwoarang,Public,1753892098,"July 30, 2025 6:14 PM",1526129,25 minutes,0,1,0,0,0,0,0,0
rTNPLcQgwDHkdfvq,Mythic+ Season 3,Personal Logs,Hwoarang,Public,1753892067,"July 30, 2025 6:14 PM",1526129,25 minutes,0,1,0,0,0,0,0,0
WD49dZ2mwN6VGaYg,Mythic+ Season 3,Personal Logs,Hwoarang,Public,1753892033,"July 30, 2025 6:13 PM",1526129,25 minutes,0,1,0,0,0,0,0,0
prRJahHm7kFCWTVD,猎人能活出来吗,OriginalFire,yueyue2252gu,Public,1753891927,"July 30, 2025 6:12 PM",8244334,2 hours,0,1,1,0,0,0,0,1
RrThZa8wP4yMNqdC,Mythic+ Season 3,Personal Logs,Gio_KW,Public,1753886812,"July 30, 2025 4:46 PM",8031489,2 hours,0,1,1,0,0,0,1,0
DcMtGKxQafVhRAC1,Mythic+ Season 3,Personal Logs,Yechongyue,Public,1753856754,"July 30, 2025 8:25 AM",14183666,4 hours,0,1,1,0,0,0,1,0
3MAFRcYZVkxP2zQN,Mythic+ Season 3,Personal Logs,Tristin68,Public,1753852633,"July 30, 2025 7:17 AM",13178535,4 hours,0,1,1,0,0,1,0,0
hyMvrZxHJwWmk18d,Eco Dome 13 PTR Thane Execute Testing,Personal Logs,yoloswagginzbdf,Public,1753851410,"July 30, 2025 6:56 AM",4521336,an hour,0,1,0,0,0,0,0,0
vmXYtDF43xkbqMTV,Mythic+ Season 3,Personal Logs,JayZonday,Public,1753848281,"July 30, 2025 6:04 AM",8784257,2 hours,0,1,1,0,0,0,0,0
yKv31GLVzRd7Crcw,bad ptr keys part 3,Personal Logs,vaereth,Public,1753844917,"July 30, 2025 5:08 AM",2711892,an hour,0,1,0,0,0,1,0,0
b4YJ7BHzXAjtDwTL,ptr 29/07/2025,Personal Logs,Trinitehh,Public,1753830281,"July 30, 2025 1:04 AM",11284510,3 hours,0,1,1,0,0,0,0,0
QThVFRpazWw9DH62,eco dome 14,Personal Logs,swipe,Public,1753829336,"July 30, 2025 12:48 AM",1938115,32 minutes,0,1,0,0,0,0,0,0
Z8kNyMcD9Q6CVAhL,Mythic+ Season 3,Personal Logs,Goyal,Public,1753827933,"July 30, 2025 12:25 AM",5784583,2 hours,0,1,1,0,0,0,1,0
LV1jAFza2fgrRN3D,Mythic+ Season 3,Personal Logs,Gio_KW,Public,1753827834,"July 30, 2025 12:23 AM",8031489,2 hours,0,1,1,0,0,0,1,0
fRkAyJHjdphKq6Za,Mythic+ Season 3,Personal Logs,Gio_KW,Public,1753824996,"July 29, 2025 11:36 PM",5660616,2 hours,0,1,1,0,0,0,1,0
xkzrPJMF8tQR6TjY,14 Eco EW Ripweaving test,Personal Logs,Thorrack,Public,1753824443,"July 29, 2025 11:27 PM",1938728,32 minutes,0,1,0,0,0,0,0,0
dkywjvtcHG6RhN1D,m+ ptr,Personal Logs,TomElvis,Public,1753822932,"July 29, 2025 11:02 PM",14177612,4 hours,0,1,1,0,0,0,1,0
nc7QJ9bG3LHfVm6B,Mythic+ Season 3,Personal Logs,KodyNM,Public,1753809700,"July 29, 2025 7:21 PM",4283336,an hour,0,1,1,0,0,0,0,0
JwRAXNqz2436hx8B,Mythic+ Season 3,Personal Logs,healsforcash,Public,1753808539,"July 29, 2025 7:02 PM",11917807,3 hours,0,1,1,0,0,1,0,0
m1KZfvkL7Y84rABb,14圆顶CJQ,Personal Logs,美团搜担担面,Public,1753806237,"July 29, 2025 6:23 PM",7147068,2 hours,0,1,0,0,0,1,1,0
pLJBKrHhj8wbMz4x,PTR,Personal Logs,Stentyg,Public,1753800286,"July 29, 2025 4:44 PM",603058,10 minutes,0,1,0,0,0,0,0,0
4cTCp986rAyKhfVq,fq,Personal Logs,jbw8229,Public,1753787323,"July 29, 2025 1:08 PM",3980503,an hour,0,1,0,0,0,0,0,0
tBKA7WpkXhFRY14b,Mythic+ Season 3,Personal Logs,重剑,Public,1753778432,"July 29, 2025 10:40 AM",4748673,an hour,0,1,0,0,0,0,0,0
HaMFhvpndt6Lc38K,Mythic+ Season 3,Personal Logs,重剑,Public,1753777685,"July 29, 2025 10:28 AM",4177251,an hour,0,1,0,0,0,0,0,0
Kd3AHNtpyxWcrFT7,Mythic+ Season 3,Personal Logs,重剑,Public,1753776275,"July 29, 2025 10:04 AM",2623506,44 minutes,0,1,0,0,0,0,0,0
DBRbFNnQWzd2Gh4X,Mythic+ Season 3,Personal Logs,rising2top,Public,1753774061,"July 29, 2025 9:27 AM",9654711,3 hours,0,1,0,0,0,1,0,0
6QGFAfVkHgTpyLZD,Mythic+ Season 3,Personal Logs,Borrunir,Public,1753772292,"July 29, 2025 8:58 AM",9867314,3 hours,0,1,1,0,0,1,1,0
BbJ8XYpNaCFPRz9t,Mythic+ Season 3,Personal Logs,Yechongyue,Public,1753768575,"July 29, 2025 7:56 AM",14909082,4 hours,0,1,0,0,0,1,1,0
hxv4KBGWM9LRpTHz,Mythic+ Season 3,Personal Logs,브론즈사슴쟝,Public,1753766395,"July 29, 2025 7:19 AM",12356308,3 hours,0,1,1,0,0,0,0,0
kB4Grg8vAMdjqcNn,Mythic+ Season 3,Personal Logs,Stormkrait,Public,1753765513,"July 29, 2025 7:05 AM",1790391,30 minutes,0,1,0,0,0,0,0,0
DpfmybaG9k1hVdRZ,EW Rip testing,Personal Logs,Thorrack,Public,1753765475,"July 29, 2025 7:04 AM",1826824,30 minutes,0,1,0,0,0,0,0,0
kpvdJXBHgTYVybWa,PTR Keys 7/28,Personal Logs,IAmPeteROAR,Public,1753762083,"July 29, 2025 6:08 AM",11840076,3 hours,0,1,1,0,0,1,0,0
bJgKcmrZqAQTazhw,Mythic+ Season 3,Personal Logs,YoDaTV,Public,1753756714,"July 29, 2025 4:38 AM",36116382,10 hours,0,1,0,0,0,1,1,0
8xYFfgRdcDBMCXGL,Mythic+ Season 3,Personal Logs,Dillywow,Public,1753756199,"July 29, 2025 4:29 AM",5115702,an hour,0,1,0,0,0,0,0,0
tYpWqXBwj18QaAN2,ptr monday,Personal Logs,Zorjeff,Public,1753746739,"July 29, 2025 1:52 AM",37120725,10 hours,0,1,1,0,0,1,1,0
jD2XvLtw1aN4bPq6,Mythic+ Season 3,Personal Logs,JayZonday,Public,1753742712,"July 29, 2025 12:45 AM",23427588,7 hours,0,1,1,0,0,1,0,0
Yc6z1nb7rJm98kAV,bad ptr keys,Personal Logs,vaereth,Public,1753742693,"July 29, 2025 12:44 AM",13278177,4 hours,0,1,1,0,0,0,0,0
vdBQGDzM9a4X7mbP,Mythic+ Season 3,Personal Logs,Vazox,Public,1753741117,"July 29, 2025 12:18 AM",3783759,an hour,0,1,0,0,0,0,0,0
8cNrfGBYyM1LtVHP,Mythic+ Season 3,Personal Logs,Vazox,Public,1753741098,"July 29, 2025 12:18 AM",5231056,an hour,0,1,1,0,0,0,0,0
WyV7nhJjMYGt41Nf,ptr 28/08/2025,Personal Logs,Trinitehh,Public,1753740968,"July 29, 2025 12:16 AM",5915074,2 hours,0,1,1,0,0,0,0,0
xT9CJny4PBZ6FfLp,m+ ptr,Personal Logs,TomElvis,Public,1753737648,"July 28, 2025 11:20 PM",11509507,3 hours,0,1,0,0,0,0,1,0
aKrbBz7NkPqcQ63D,Mythic+ Season 3,Personal Logs,Bonjourbonjour,Public,1753734010,"July 28, 2025 10:20 PM",9375631,3 hours,0,1,1,0,0,1,0,0
mnAYvQq1pdK8tZak,Mythic+ Season 3,Personal Logs,Thealbatross,Public,1753733825,"July 28, 2025 10:17 PM",13589942,4 hours,0,1,1,0,0,0,1,0
bfdQc4nHNqwRmC7A,can hunters bind md fucking mongoloids,Personal Logs,sknitton,Public,1753733289,"July 28, 2025 10:08 PM",859875,14 minutes,0,1,0,0,0,0,0,0
7WGn1mY2HfMt8vj9,Mythic+ Season 3,Personal Logs,MioShimo,Public,1753733146,"July 28, 2025 10:05 PM",1378069,23 minutes,0,1,0,0,0,0,0,0
vx74wAJyQ6cp3Nrh,Mythic+ Season 3,Personal Logs,Hwoarang,Public,1753731303,"July 28, 2025 9:35 PM",212274,4 minutes,0,1,0,0,0,0,0,0
pKQk2g7jDwdARCZy,Mythic+ Season 3,Personal Logs,Hwoarang,Public,1753731244,"July 28, 2025 9:34 PM",212274,4 minutes,0,1,0,0,0,0,0,0
vGWmRZCMkaxP6bFL,Mythic+ Season 3,Personal Logs,Hwoarang,Public,1753728982,"July 28, 2025 8:56 PM",8725800,2 hours,0,1,1,0,0,0,0,0
Kw76Bf9RZaPDNVrH,Mythic+ Season 3,Personal Logs,Jacqueas73,Public,1753726688,"July 28, 2025 8:18 PM",45998213,13 hours,0,1,1,0,0,1,1,0
HT3Vv8pmLc6JdXq9,Mythic+ Season 3,Personal Logs,Hwoarang,Public,1753725924,"July 28, 2025 8:05 PM",5671615,2 hours,0,1,1,0,0,0,0,0
fhq1MgCy78PF3QJ2,mage cranked oda left,Personal Logs,sknitton,Public,1753721997,"July 28, 2025 6:59 PM",1252245,21 minutes,0,1,0,0,0,0,0,0
Fk8tRvdXcx4N1pzY,Mythic+ Season 3,Personal Logs,Thealbatross,Public,1753721034,"July 28, 2025 6:43 PM",1733276,29 minutes,0,1,0,0,0,0,0,0
ZPftnHJmqh9va2kX,Mythic+ Season 3,Personal Logs,Hwoarang,Public,1753719960,"July 28, 2025 6:26 PM",2524022,42 minutes,0,1,0,0,0,0,0,0
87QrAzxqnVMwKa1d,xiang he long,Personal Logs,美团搜担担面,Public,1753719927,"July 28, 2025 6:25 PM",9052597,3 hours,0,1,1,0,0,0,1,0
2ZGDYHThj4RgA6Cq,Mythic+ Season 3,Personal Logs,Dillywow,Public,1753717134,"July 28, 2025 5:38 PM",26778995,7 hours,0,1,1,0,0,1,0,0
7d9QymxfkJKAhCVn,DKT 15赎罪,Personal Logs,Windfire,Public,1753704950,"July 28, 2025 2:15 PM",6262881,2 hours,0,1,1,0,0,0,0,0
x1q7Qvr8cdwHXgDk,ptr 2,Personal Logs,vaereth,Public,1753702050,"July 28, 2025 1:27 PM",10017567,3 hours,0,1,1,0,0,1,0,0
cB4NjAkJmL2vC8wG,Mythic+ Season 3,Personal Logs,juticed,Public,1753694864,"July 28, 2025 11:27 AM",4813043,an hour,0,1,0,0,0,0,0,0
bt1Qfzc6gKH49rGd,ptr,Personal Logs,vaereth,Public,1753689276,"July 28, 2025 9:54 AM",6987352,2 hours,0,1,1,0,0,0,0,0
7CpcjtLba6AD1QPW,DKT 15圆顶,Personal Logs,Windfire,Public,1753686660,"July 28, 2025 9:11 AM",2375042,40 minutes,0,1,0,0,0,0,0,0
y6VNn7TbBC8FcrxQ,Mythic+ Season 3,Personal Logs,Kevybevy,Public,1753680018,"July 28, 2025 7:20 AM",7488396,2 hours,0,1,1,0,0,0,1,0
8FpcyG6n7grPHLJK,Mythic+ Season 3,Personal Logs,YoDaTV,Public,1753676411,"July 28, 2025 6:20 AM",38420433,11 hours,0,1,1,0,0,1,1,0
qkNQxPTBajw9Y21F,250728 Al’dani +16 MM,Personal Logs,Umbrellas,Public,1753675897,"July 28, 2025 6:11 AM",1632898,27 minutes,0,1,0,0,0,0,0,0
dfL8Gp4gYM3ahmkr,Mythic+ Season 3,Personal Logs,Voidmend,Public,1753674724,"July 28, 2025 5:52 AM",7658984,2 hours,0,1,1,0,0,0,0,0
XcMQt36TN97xDy8w,frost dk,Personal Logs,Minzy8,Public,1753673721,"July 28, 2025 5:35 AM",26179678,7 hours,0,1,0,0,0,0,0,0
3Qyq8DxrX2WjnN4Y,Mythic+ Season 3,Personal Logs,Arkanigth,Public,1753672332,"July 28, 2025 5:12 AM",12646233,4 hours,0,1,1,0,0,0,0,0
rBhaKHqVjdNpxfLv,Mythic+ Season 3,Personal Logs,Thealbatross,Public,1753672220,"July 28, 2025 5:10 AM",4360395,an hour,0,1,1,0,0,0,0,0
mBpYtCMH4QFNvGV9,Mythic+ Season 3,Personal Logs,Aumni,Public,1753671564,"July 28, 2025 4:59 AM",15791440,4 hours,0,1,0,0,0,0,1,0
9Vb8kHN2ChwQ67xP,Mythic+ Season 3,Personal Logs,Fracasso,Public,1753668897,"July 28, 2025 4:14 AM",3800062,an hour,0,1,0,0,0,0,0,0
Hm3Tb61FQhgtVA2G,Mythic+ Season 3,Personal Logs,tettles,Public,1753668500,"July 28, 2025 4:08 AM",8669162,2 hours,0,1,1,0,0,1,0,0
B6Ltd9GMbwWPXkq7,Mythic+ Season 3,Personal Logs,Dillywow,Public,1753666399,"July 28, 2025 3:33 AM",14783857,4 hours,0,1,1,0,0,0,0,0
2dCYLWJjGrNkxMpa,Mythic+ Season 3,Personal Logs,justlol,Public,1753665372,"July 28, 2025 3:16 AM",1692714,28 minutes,0,1,0,0,0,0,0,0
CQnNG47w1xZXVvWR,PTR KEYS,Personal Logs,Ultraaa,Public,1753665061,"July 28, 2025 3:11 AM",14337620,4 hours,0,1,1,0,0,0,1,0
R13LF6ydcx8CQvnr,Mythic+ Season 3,Personal Logs,Vazox,Public,1753665056,"July 28, 2025 3:10 AM",13133060,4 hours,0,1,1,0,0,1,0,0
yYVNb2B8WdKcqPhX,26 Jul 2025_ptr first look,Personal Logs,Grimfleur,Public,1753659533,"July 28, 2025 1:38 AM",5668116,2 hours,0,1,0,0,0,1,0,0
KgmfMQvxL1ynThjW,Mythic+ Season 3,Personal Logs,Thealbatross,Public,1753659509,"July 28, 2025 1:38 AM",2152972,36 minutes,0,1,0,0,0,0,0,0
rHM46QRpLC9y2gBw,Mythic+ Season 3,Personal Logs,tettles,Public,1753659132,"July 28, 2025 1:32 AM",2900728,an hour,0,1,0,0,0,0,0,0
TfDXp1ZWcajgN8wk,Mythic+ Season 3,Personal Logs,healsforcash,Public,1753652911,"July 27, 2025 11:48 PM",1937571,32 minutes,0,1,0,0,0,0,0,0
pKcQNWTx781ZRf4C,Mythic+ Season 3,Personal Logs,ViviLouF,Public,1753647998,"July 27, 2025 10:26 PM",26729099,7 hours,0,1,1,0,0,1,1,0
d69R1qVknp2JYba8,Mythic+ Season 3,Personal Logs,Wordpudding,Public,1753644250,"July 27, 2025 9:24 PM",5658501,2 hours,0,1,0,0,0,0,0,0
7mCka3rJyqjhLMYW,Mythic+ Season 3,Personal Logs,KodyNM,Public,1753642537,"July 27, 2025 8:55 PM",2913317,an hour,0,1,0,0,0,1,0,0
2q73LmpYaCnBX8Az,Mythic+ Season 3,Personal Logs,MioShimo,Public,1753641478,"July 27, 2025 8:37 PM",19967696,6 hours,0,1,1,0,0,1,0,0
qrkDvZWTp2LQY8wj,Mythic+ Season 3,Send it,PoohXanny,Public,1753640668,"July 27, 2025 8:24 PM",4260458,an hour,0,1,0,0,0,0,1,0
dNJ4vMWthGcj9Rqz,Mythic+ Season 3,Personal Logs,Jacqueas73,Public,1753639485,"July 27, 2025 8:04 PM",32304758,9 hours,0,1,1,0,0,1,0,0
G6YPcVy7MxX1JFR3,Mythic+ Season 3,Send it,PoohXanny,Public,1753637814,"July 27, 2025 7:36 PM",1202268,20 minutes,0,1,0,0,0,0,0,0
3aRZD8PVxWqCcdw9,熊 16圆顶（急速精通）,Personal Logs,Windfire,Public,1753637805,"July 27, 2025 7:36 PM",3392113,an hour,0,1,0,0,0,0,1,0
khrjVtCA2XxZnf6Q,Mythic+ Season 3,Personal Logs,jhord,Public,1753636361,"July 27, 2025 7:12 PM",3675713,an hour,0,1,0,0,0,0,0,0
khA6pmHrTa8GgWPv,ptr 27/07/2025,Personal Logs,Trinitehh,Public,1753635439,"July 27, 2025 6:57 PM",7217331,2 hours,0,1,1,0,0,0,0,0
3LM7nYKPC89GpQzD,Mythic+ Season 3,Personal Logs,jhord,Public,1753635410,"July 27, 2025 6:56 PM",2683044,an hour,0,1,0,0,0,0,0,0
1nVmC7XM4JZwPk3z,Mythic+ Season 3,Personal Logs,jhord,Public,1753634483,"July 27, 2025 6:41 PM",1751620,29 minutes,0,1,0,0,0,0,0,0
2wHV3d4MBCmRJaAc,Mythic+ Season 3,Personal Logs,MioShimo,Public,1753633174,"July 27, 2025 6:19 PM",11608428,3 hours,0,1,1,0,0,0,0,0
q1ZA6WVBhFXMaz43,熊 15圆顶（急速精通）,Personal Logs,Windfire,Public,1753629974,"July 27, 2025 5:26 PM",1903093,32 minutes,0,1,0,0,0,0,0,0
yJ9mpCfrxwaQFdM1,Mythic+ Season 3,Personal Logs,healsforcash,Public,1753627423,"July 27, 2025 4:43 PM",10432691,3 hours,0,1,1,0,0,1,0,0
nM7WVANHf4LrbGw1,27 Jul 2025_ptr pwar,Personal Logs,Grimfleur,Public,1753621234,"July 27, 2025 3:00 PM",3957597,an hour,0,1,0,0,0,0,1,0
QJwqGHc2pRrymMVk,m+ ptr,Personal Logs,TomElvis,Public,1753620551,"July 27, 2025 2:49 PM",10062820,3 hours,0,1,1,0,0,0,0,0
QX6YZyRpq8mHA9fG,Mythic+ Season 3,Send it,PoohXanny,Public,1753604305,"July 27, 2025 10:18 AM",31033360,9 hours,0,1,1,0,0,1,1,0
cVBAnv4CJ7ytrdZw,Mythic+ Season 3,Personal Logs,Voidmend,Public,1753601259,"July 27, 2025 9:27 AM",26825908,7 hours,0,1,1,0,0,0,1,0
3d1vX2qV74MFRnTB,Mythic+ Season 3,Personal Logs,Aumni,Public,1753599564,"July 27, 2025 8:59 AM",7459154,2 hours,0,1,0,0,0,0,1,0
zPqtj4Ca2ZrF3pLM,ELE ptr,Personal Logs,NESMO,Public,1753598141,"July 27, 2025 8:35 AM",6298843,2 hours,0,1,1,0,0,0,0,0
28RVkxBpD4yYba3G,7-23-2025 PTR 6,Personal Logs,Nice,Public,1753597347,"July 27, 2025 8:22 AM",3136872,an hour,0,1,0,0,0,0,0,0
RT7rvFjXqwgcVNLG,Mythic+ Season 3,Personal Logs,justlol,Public,1753589281,"July 27, 2025 6:08 AM",12699919,4 hours,0,1,0,0,0,1,1,0
wKWY9L4VpnvdFJyh,15 Eco,Personal Logs,Thorrack,Public,1753588352,"July 27, 2025 5:52 AM",3469921,an hour,0,1,0,0,0,0,0,0
3YBPXQjynxJw2b7A,Mythic+ Season 3,Personal Logs,Aumni,Public,1753585422,"July 27, 2025 5:03 AM",2741158,an hour,0,1,1,0,0,0,0,0
qzyG3KYf6819nWLT,Mythic+ Season 3,Personal Logs,Yechongyue,Public,1753584755,"July 27, 2025 4:52 AM",17942543,5 hours,0,1,1,0,0,1,1,0
pcYNBDjF7Qgrwb21,ELE ptr,Personal Logs,NESMO,Public,1753584203,"July 27, 2025 4:43 AM",5627149,2 hours,0,1,0,0,0,1,0,0
D9zmdWt42nM8VjPJ,Mythic+ Season 3,Personal Logs,dblev,Public,1753584158,"July 27, 2025 4:42 AM",1830861,31 minutes,0,1,0,0,0,0,0,0
7CJN6GXcyrZgh9fV,ELE ptr,Personal Logs,NESMO,Public,1753584085,"July 27, 2025 4:41 AM",1080196,18 minutes,0,1,0,0,0,0,0,0
DwpFf9kc7HvY16Ly,Mythic+ Season 3,Personal Logs,Sm0keo,Public,1753583311,"July 27, 2025 4:28 AM",7084949,2 hours,0,1,0,0,0,0,1,0
R1xwHX2drP8KGqpC,Mythic+ Season 3,Personal Logs,Voidmend,Public,1753582873,"July 27, 2025 4:21 AM",17650878,5 hours,0,1,1,0,0,1,1,0
6vzAPwmtpfkjn8DY,Mythic+ Season 3,Personal Logs,YoDaTV,Public,1753582378,"July 27, 2025 4:12 AM",29414680,8 hours,0,1,1,0,0,1,1,0
tFfVC1826YmxTck7,Mythic+ Season 3,Personal Logs,fyunxx,Public,1753580335,"July 27, 2025 3:38 AM",4798522,an hour,0,1,0,0,0,0,0,0
GFpXD23cHgxwZQqP,Mythic+ Season 3,Personal Logs,Stormkrait,Public,1753577432,"July 27, 2025 2:50 AM",4318206,an hour,0,1,0,0,0,0,0,0
bZ43Y1gBJn79PtMG,PTR KEY saturday,Personal Logs,Zorjeff,Public,1753573349,"July 27, 2025 1:42 AM",33135478,9 hours,0,1,1,0,0,1,1,0
4yVRtKFwB736mrGd,caca,Personal Logs,Wing2KFC,Public,1753572296,"July 27, 2025 1:24 AM",4864438,an hour,0,1,0,0,0,0,0,0
YLTjdqHgRDBmh8Nz,Mythic+ Season 3,Personal Logs,JayZonday,Public,1753571701,"July 27, 2025 1:15 AM",3763940,an hour,0,1,0,0,0,0,1,0
nD1pKCAhV9RgTY6k,testing aug vs dev,Personal Logs,Eldarill,Public,1753571195,"July 27, 2025 1:06 AM",8201660,2 hours,0,1,1,0,0,0,0,0
7kzvg8JVwPQCqHnB,14 Gambit,Personal Logs,Thorrack,Public,1753567829,"July 27, 2025 12:10 AM",9787741,3 hours,0,1,1,0,0,1,1,0
qn2kVNDZy84RxCWB,7-23-2025 PTR 5,Personal Logs,Nice,Public,1753567786,"July 27, 2025 12:09 AM",17244084,5 hours,0,1,0,0,0,1,1,0
dpWMZLXga3yw982t,Mythic+ Season 3,Personal Logs,Dillywow,Public,1753566249,"July 26, 2025 11:44 PM",9409690,3 hours,0,1,1,0,0,0,1,0
bhqLn8gGdY4p9kmC,Mythic+ Season 3,Personal Logs,Brucella,Public,1753566061,"July 26, 2025 11:41 PM",11872882,3 hours,0,1,1,0,0,1,0,0
QTVqzMh8DjLxXCJr,7-23-2025 PTR 4,Personal Logs,Nice,Public,1753565478,"July 26, 2025 11:31 PM",14958522,4 hours,0,1,0,0,0,0,1,0
WFd6ZLM8pbzYxGjV,14 Eco Ele is bananas,Personal Logs,Thorrack,Public,1753565462,"July 26, 2025 11:31 PM",7402721,2 hours,0,1,1,0,0,0,1,0
hK2FkPG7qBRyJgW1,ptr 26/07/2025 3,Personal Logs,Trinitehh,Public,1753563583,"July 26, 2025 10:59 PM",14559935,4 hours,0,1,1,0,0,0,0,0
2YqJ1Rmfw7xgANyn,Mythic+ Season 3,Personal Logs,Hwoarang,Public,1753563413,"July 26, 2025 10:56 PM",15527884,4 hours,0,1,1,0,0,0,0,0
9dQtXbFMPqACy3xD,7-23-2025 PTR 3,Personal Logs,Nice,Public,1753563225,"July 26, 2025 10:53 PM",12751863,4 hours,0,1,0,0,0,0,1,0
PC46xLa3tY1qFwG7,Mythic+ Season 3,Send it,PoohXanny,Public,1753562534,"July 26, 2025 10:42 PM",64556241,18 hours,0,1,1,0,0,1,0,0
k83TnDPG4yZ2wAV7,Mythic+ Season 3,Personal Logs,juticed,Public,1753561863,"July 26, 2025 10:31 PM",30148517,8 hours,0,1,1,0,0,1,0,0
WLVAKGnbrYtw8239,ptrptrptrptrptrptrptrptrptrptrptrptrptrptrptrptr,Personal Logs,corrisx3,Public,1753557826,"July 26, 2025 9:23 PM",6112486,2 hours,0,1,0,0,0,1,1,0
31xgC6DYVfwR98kT,Mythic+ Season 3,Personal Logs,elpres,Public,1753554837,"July 26, 2025 8:33 PM",1805880,30 minutes,0,1,0,0,0,0,0,0
ZQhYaJPt9x3w6kN7,m+,Personal Logs,TomElvis,Public,1753554705,"July 26, 2025 8:31 PM",12312413,3 hours,0,1,1,0,0,1,1,0
wmp9cMArqTtCVJj6,ptr 34,Reformed,grandmother_wow,Public,1753554356,"July 26, 2025 8:25 PM",4055122,an hour,0,1,0,0,0,1,0,0
WGBAKZj9z3h1T7LC,Mythic+ Season 3,Personal Logs,Jacqueas73,Public,1753552315,"July 26, 2025 7:51 PM",25315182,7 hours,0,1,1,0,0,0,0,0
d83R9ZKYVMbWBfhA,Mythic+ Season 3,Personal Logs,elpres,Public,1753550429,"July 26, 2025 7:20 PM",7236123,2 hours,0,1,1,0,0,0,0,0
Bck9LWJ2fMq4tD7x,Mythic+ Season 3,Personal Logs,Achtland44,Public,1753546380,"July 26, 2025 6:13 PM",11552595,3 hours,0,1,1,0,0,1,1,0
WVGNQ6ARhxKJprYw,Mythic+ Season 3,Personal Logs,healsforcash,Public,1753543612,"July 26, 2025 5:26 PM",24546667,7 hours,0,1,1,0,0,1,1,0
kFRjzH61fxmX9Mnp,frost is dead gg,Personal Logs,galeuwu,Public,1753543493,"July 26, 2025 5:24 PM",16693868,5 hours,0,1,0,0,0,0,0,0
CGYMH7ytZgv9NnAf,17yuan ding,Personal Logs,美团搜担担面,Public,1753541184,"July 26, 2025 4:46 PM",65938,a minute,0,1,0,0,0,0,0,0
cVr3fQwZxGpDAkBh,熊 16赎罪15宏图15天街16圆顶,Personal Logs,Windfire,Public,1753540593,"July 26, 2025 4:36 PM",9367208,3 hours,0,1,1,0,0,1,1,0
38cxqpLQAVYhB19y,Mythic+ Season 3,Personal Logs,KodyNM,Public,1753535358,"July 26, 2025 3:09 PM",18069277,5 hours,0,1,1,0,0,1,1,0
YJdymCk3vG8TR1fg,Mythic+ Season 3,Personal Logs,Korrigard,Public,1753534745,"July 26, 2025 2:59 PM",24266035,7 hours,0,1,1,0,0,0,0,0
xtbvGCm9W3adHfX7,Mythic+ Season 3,Personal Logs,SnoozeXD,Public,1753533912,"July 26, 2025 2:45 PM",3238745,an hour,0,1,0,0,0,0,0,0
YXCBMWPdD7qbvRwF,Mythic+ Season 3,Personal Logs,Karl666,Public,1753526696,"July 26, 2025 12:44 PM",20770331,6 hours,0,1,1,0,0,1,1,0
WQXcZ9pTzDCaFAqB,bug abuse yeeeeee yeeee,Personal Logs,CyclrinWoW,Public,1753523424,"July 26, 2025 11:50 AM",1787357,30 minutes,0,1,0,0,0,0,0,0
kfvVBPbD18rtCyM9,Mythic+ Season 3,Personal Logs,Jacqueas73,Public,1753520390,"July 26, 2025 10:59 AM",20823278,6 hours,0,1,0,0,0,1,1,0
TLX6VcxkFdPh8Gg4,"14 Gambino, this run was sick until everyone forgot they had eyes",Personal Logs,Thorrack,Public,1753518841,"July 26, 2025 10:34 AM",11594909,3 hours,0,1,0,0,0,1,1,0
wjAzYx3aVtn4LgWy,Mythic+ Season 3,Personal Logs,rowflo,Public,1753518259,"July 26, 2025 10:24 AM",5245170,an hour,0,1,1,0,0,0,1,0
yzDWZrYN219PGf6T,Mythic+ Season 3,Personal Logs,Borrunir,Public,1753515981,"July 26, 2025 9:46 AM",13503062,4 hours,0,1,1,0,0,1,1,0
zT2QjrPnKWvAcGdm,16圆顶,Personal Logs,美团搜担担面,Public,1753514633,"July 26, 2025 9:23 AM",2983357,an hour,0,1,0,0,0,0,0,0
7rvqmCpX2dH8TPat,熊 圆顶16+1,Personal Logs,Windfire,Public,1753514537,"July 26, 2025 9:22 AM",2703961,an hour,0,1,0,0,0,0,0,0
tz37NFXR4qGg6hDM,Mythic+ Season 3,Personal Logs,Voidmend,Public,1753514424,"July 26, 2025 9:20 AM",18276016,5 hours,0,1,1,0,0,1,1,0
rVGdDk3LBnpxFPcg,Mythic+ Season 3,Personal Logs,Seleucía,Public,1753512722,"July 26, 2025 8:52 AM",14205879,4 hours,0,1,1,0,0,1,1,0
3Z2XpDYmThdwWrtJ,14 Eco Dotc,Personal Logs,Thorrack,Public,1753508760,"July 26, 2025 7:46 AM",1631168,27 minutes,0,1,0,0,0,0,0,0
W3a62fjk1pzrmHFD,Mythic+ Season 3,Personal Logs,juticed,Public,1753507063,"July 26, 2025 7:17 AM",11655743,3 hours,0,1,1,0,0,0,1,0
73RBVxghbTLkmHGN,Mythic+ Season 3,Personal Logs,YoDaTV,Public,1753506246,"July 26, 2025 7:04 AM",17942986,5 hours,0,1,1,0,0,1,1,0
LAqznDFYWk1Zb8BN,15圆顶,Personal Logs,美团搜担担面,Public,1753502340,"July 26, 2025 5:59 AM",1994067,33 minutes,0,1,0,0,0,0,0,0
rk6a8hcLpwt9NmWQ,Season 3 nerf pally,Personal Logs,Frocity,Public,1753502154,"July 26, 2025 5:55 AM",7516919,2 hours,0,1,1,0,0,1,0,0
hnPbry8NJkt4gTFx,熊 圆顶15+1,Personal Logs,Windfire,Public,1753501830,"July 26, 2025 5:50 AM",2097365,35 minutes,0,1,0,0,0,0,0,0
CQcqBh2KZANRJb1H,Mythic+ Season 3,Personal Logs,juticed,Public,1753500957,"July 26, 2025 5:35 AM",5521598,2 hours,0,1,0,0,0,0,0,0
qNza3GwHv8ZCYKVn,Mythic+ Season 3,Personal Logs,Thealbatross,Public,1753499143,"July 26, 2025 5:05 AM",2609078,43 minutes,0,1,0,0,0,0,0,0
y64TXQMtwNRfaBgF,Mythic+ Season 3,Personal Logs,BrianG1017,Public,1753498901,"July 26, 2025 5:01 AM",6191705,2 hours,0,1,1,0,0,0,0,0
82jV1ZgcfNTmbPMn,Mythic+ Season 3,Personal Logs,Light_chain,Public,1753498703,"July 26, 2025 4:58 AM",9839170,3 hours,0,1,0,0,0,1,1,0
Cr7hJvW2fqZMN3A6,Mythic+ Season 3,Personal Logs,kaelik14,Public,1753497481,"July 26, 2025 4:38 AM",2319916,39 minutes,0,1,0,0,0,0,0,0
9Wf3qT8XdZBDVwbr,Mythic+ Season 3,Personal Logs,Dillywow,Public,1753491871,"July 26, 2025 3:04 AM",2255975,38 minutes,0,1,0,0,0,0,0,0
8dq3MpKAHZXfQL9G,Mythic+ Season 3,Personal Logs,rappr,Public,1753491860,"July 26, 2025 3:04 AM",2515822,42 minutes,0,1,0,0,0,0,0,0
fV8MrncKdGLFCtY2,Mythic+ Season 3,Personal Logs,Dillywow,Public,1753491760,"July 26, 2025 3:02 AM",2255975,38 minutes,0,1,0,0,0,0,0,0
4P6hDTfvKbLAwaJm,Mythic+ Season 3,Personal Logs,fishgod,Public,1753471784,"July 25, 2025 9:29 PM",24197980,7 hours,0,1,1,0,0,0,0,0
bTWY3gKnjGf8k6Fh,log friday,Personal Logs,Zorjeff,Public,1753468234,"July 25, 2025 8:30 PM",13931710,4 hours,0,1,1,0,0,1,1,0
6J8qya9Khbj3tFdv,15 赎罪,Personal Logs,美团搜担担面,Public,1753458438,"July 25, 2025 5:47 PM",5704151,2 hours,0,1,1,0,0,0,1,0
dHvMDWjnJp4TYgAX,partial logs,Personal Logs,Thorrack,Public,1753415057,"July 25, 2025 5:44 AM",2631836,44 minutes,0,1,0,0,0,0,1,0
FDGRvdB86jYCxa1W,Mythic+ Season 3,Personal Logs,JayZonday,Public,1753414498,"July 25, 2025 5:34 AM",11378189,3 hours,0,1,1,0,0,0,0,0
9ajY7Cbvmp1DkVFx,Mythic+ Season 3,Send it,PoohXanny,Public,1753404579,"July 25, 2025 2:49 AM",27949845,8 hours,0,1,1,0,0,0,0,0
Xq7a1Rv9tHwPAdx3,key thrusday,Personal Logs,Zorjeff,Public,1753392512,"July 24, 2025 11:28 PM",2456707,41 minutes,0,1,0,0,0,0,0,0
kfpPx1HLbgT76wW9,2xFC over GG test oops,Personal Logs,Thorrack,Public,1753392464,"July 24, 2025 11:27 PM",1688884,28 minutes,0,1,0,0,0,0,0,0
v1Dz3FGfYNW2mQRA,Mythic+ Season 3,Personal Logs,MadK0rts,Public,1753392263,"July 24, 2025 11:24 PM",13968601,4 hours,0,1,1,0,0,1,1,0
hbmwkAz8XcBg4F6G,Mythic+ Season 3,Personal Logs,Voltrafy,Public,1753354862,"July 24, 2025 1:01 PM",10402421,3 hours,0,1,1,0,0,1,0,0
rft7akz6h2CZLgVy,Mythic+ Season 3,Personal Logs,Borrunir,Public,1753338694,"July 24, 2025 8:31 AM",8261576,2 hours,0,1,1,0,0,0,1,0
fLQD3F7RN14jwqGz,I shouldnt even log this tragic run but here we are,Personal Logs,Thorrack,Public,1753336803,"July 24, 2025 8:00 AM",9073374,3 hours,0,1,1,0,0,0,0,0
V27yFqRXHNPGQMBW,Mythic+ Season 3,Personal Logs,YoDaTV,Public,1753329691,"July 24, 2025 6:01 AM",13357078,4 hours,0,1,1,0,0,1,1,0
tcFHYJ76dzyjP2hM,I fell asleep because ec is trash,Personal Logs,Thorrack,Public,1753329296,"July 24, 2025 5:54 AM",1769045,29 minutes,0,1,0,0,0,0,0,0
pnqAmBkfxNcF8t7X,ptr m+,Personal Logs,TomElvis,Public,1753306399,"July 23, 2025 11:33 PM",2597427,43 minutes,0,1,0,0,0,0,0,0
M6QzZ1nF23HVLKDB,Mythic+ Season 3,Send it,PoohXanny,Public,1753296892,"July 23, 2025 8:54 PM",163793010,2 days,0,1,0,0,0,0,0,0
mzj7YpbnAgk8hcGQ,Mythic+ Season 3,Personal Logs,Hwoarang,Public,1753292207,"July 23, 2025 7:36 PM",3604746,an hour,0,1,1,0,0,0,0,0
BMcvYgpQqhZARP7b,Mythic+ Season 3,Personal Logs,Hwoarang,Public,1753292177,"July 23, 2025 7:36 PM",5572302,2 hours,0,1,1,0,0,0,0,0
GbrkCP1KVA8FRZzQ,Mythic+ Season 3,Personal Logs,MadK0rts,Public,1753285704,"July 23, 2025 5:48 PM",14778856,4 hours,0,1,1,0,0,1,1,0
hGWjKL4kRQbfDnqV,Mythic+ Season 3,Personal Logs,MadK0rts,Public,1753275113,"July 23, 2025 2:51 PM",7659627,2 hours,0,1,0,0,0,1,1,0
bcv9Ptd874XT2Y3g,Mythic+ Season 3,Personal Logs,MadK0rts,Public,1753269998,"July 23, 2025 1:26 PM",2838722,an hour,0,1,0,0,0,0,1,0
ZHmCnNRW4JFcvBrT,Mythic+ Season 3,Personal Logs,MadK0rts,Public,1753269574,"July 23, 2025 1:19 PM",2455881,41 minutes,0,1,0,0,0,0,1,0
Hqg3Dz9rdC2MTKfc,icky run 15 Eco,Personal Logs,Thorrack,Public,1753242484,"July 23, 2025 5:48 AM",19362552,5 hours,0,1,1,0,0,0,1,0
LHKVMRh3bNFryf1C,Mythic+ Season 3,Personal Logs,Qiaoling,Public,1753240123,"July 23, 2025 5:08 AM",13154213,4 hours,0,1,0,1,1,0,0,1
Qc8FBv3j1L4yTa7A,ptr m+ 2,Personal Logs,TomElvis,Public,1753223721,"July 23, 2025 12:35 AM",6617804,2 hours,0,1,0,0,0,0,0,1
h4TrxbCjgvzfqQ12,Mythic+ Season 3,Personal Logs,vadan,Public,1753212451,"July 22, 2025 9:27 PM",18211208,5 hours,0,1,0,1,1,0,0,1
mcbYQLFaRA8VPjr3,22.07 - ptr,Personal Logs,ghurd,Public,1753209240,"July 22, 2025 8:34 PM",5801037,2 hours,0,1,0,1,0,0,0,0
vyHcLNWzYPpTZ2Xh,Mythic+ Season 3,Personal Logs,arteen23,Public,1753206185,"July 22, 2025 7:43 PM",5115494,an hour,0,1,0,1,0,0,0,0
Dq2gMfK3TQNyjGHY,Mythic+ Season 3,Personal Logs,Voidmend,Public,1753206156,"July 22, 2025 7:42 PM",2385088,40 minutes,0,1,0,1,1,0,0,0
GYyKAmpcP9nQjWdt,死亡使者/萨莱茵 6目标木桩数据,Personal Logs,Windfire,Public,1753201858,"July 22, 2025 6:30 PM",4725369,an hour,0,1,0,0,0,0,0,0
1tC8fHdB4aPX9pYQ,Mythic+ Season 3,Personal Logs,MadK0rts,Public,1753196534,"July 22, 2025 5:02 PM",17594126,5 hours,0,1,0,0,1,0,0,0
apCNymHD9GTZ3Vqb,Mythic+ Season 3,Personal Logs,MadK0rts,Public,1753190923,"July 22, 2025 3:28 PM",11881843,3 hours,0,1,0,1,0,0,0,1
vM4qxhLK6Czp8rmY,Mythic+ Season 3,Personal Logs,Leamonde,Public,1753189787,"July 22, 2025 3:09 PM",1400408,23 minutes,0,1,0,0,0,0,0,0
aFbRzPxXd2tTVW6Q,Mythic+ Season 3,Personal Logs,MadK0rts,Public,1753189139,"July 22, 2025 2:58 PM",10155886,3 hours,0,1,0,1,0,0,0,1
PdAbBNtp7H8KZ6Tv,Mythic+ Season 3,Personal Logs,Aumni,Public,1753188409,"July 22, 2025 2:46 PM",3605933,an hour,0,1,0,0,0,0,0,0
w8mAtjLBaqvncKXb,Mythic+ Season 3,Personal Logs,MadK0rts,Public,1753185173,"July 22, 2025 1:52 PM",6187091,2 hours,0,1,0,1,0,0,0,0
Vcmh7LXRJNnABqj4,Mythic+ Season 3,Personal Logs,MadK0rts,Public,1753185110,"July 22, 2025 1:51 PM",5570761,2 hours,0,1,0,1,0,0,0,0
NcVg3RW1hC6ntXHq,Mythic+ Season 3,Personal Logs,MadK0rts,Public,1753184078,"July 22, 2025 1:34 PM",4688055,an hour,0,1,0,1,0,0,0,0
g18DtLQqMrKhxZ9F,250722 Al’dani +17 MM,Personal Logs,Umbrellas,Public,1753173919,"July 22, 2025 10:45 AM",2009344,33 minutes,0,1,0,0,0,0,0,0
r6jaFBvVcXA3QgZK,DKT 15水闸15圆顶,Personal Logs,Windfire,Public,1753172668,"July 22, 2025 10:24 AM",10754048,3 hours,0,1,0,1,0,0,0,1
nAVPMt2HkwfmXRNY,test,Personal Logs,swipe,Public,1753144729,"July 22, 2025 2:38 AM",2396611,40 minutes,0,1,0,0,0,0,0,0
3BnwxcXFRqPW2968,PTR monday,Personal Logs,Zorjeff,Public,1753140958,"July 22, 2025 1:35 AM",10697970,3 hours,0,1,0,1,0,0,0,1
kjmLAJndcGhDCV7Q,Mythic+ Season 3,Personal Logs,vadan,Public,1753140570,"July 22, 2025 1:29 AM",3899334,an hour,0,1,0,0,0,0,0,1
tCxX4HgY8aMhFmWB,Mythic+ Season 3,Personal Logs,Yegu,Public,1753128053,"July 21, 2025 10:00 PM",8964586,2 hours,0,1,0,0,0,0,0,0
AYgzCHyDvKkNGrdm,Mythic+ Season 3,Personal Logs,unbrokenfealty,Public,1753127129,"July 21, 2025 9:45 PM",6180438,2 hours,0,1,0,1,1,0,0,0
7gKhQpGa1CVzcLFP,Mythic+ Season 3,Personal Logs,MadK0rts,Public,1753115072,"July 21, 2025 6:24 PM",2033840,34 minutes,0,1,0,0,0,0,0,0
fPW3a4LpXywdnAQx,符文剑血病是否吃快照,Personal Logs,Windfire,Public,1753097624,"July 21, 2025 1:33 PM",1492798,25 minutes,0,1,0,0,0,0,0,0
nFRvcZzkHY3Mj8KC,Mythic+ Season 3,Personal Logs,belquin,Public,1753095774,"July 21, 2025 1:02 PM",1466385,24 minutes,0,1,0,0,0,0,0,0
kpn4xFYGQKTH8A1D,Mythic+ Season 3,Personal Logs,1universe,Public,1753078454,"July 21, 2025 8:14 AM",4285063,an hour,0,1,0,1,0,0,0,0
rtDbRTA8Hqwy6hYk,Mythic+ Season 3,Personal Logs,1universe,Public,1753075992,"July 21, 2025 7:33 AM",1790390,30 minutes,0,1,0,0,0,0,0,0
K4XntkR9PyJTwaDb,Mythic+ Season 3,Personal Logs,haywiire,Public,1753074722,"July 21, 2025 7:12 AM",3628709,an hour,0,1,0,0,0,0,0,1
c7GTyF2nX1J9zxwa,Mythic+ Season 3,Personal Logs,Yechongyue,Public,1753068615,"July 21, 2025 5:30 AM",5608495,2 hours,0,1,0,1,0,0,0,0
drzLNmgY63DxcVPR,Mythic+ Season 3,Chaotic Aftermath,mrbadman,Public,1753067453,"July 21, 2025 5:10 AM",9632038,3 hours,0,1,0,0,1,0,0,1
ZH4crfWK1bNykt6a,12 dawn ripweaving testing,Personal Logs,Thorrack,Public,1753065410,"July 21, 2025 4:36 AM",3340880,an hour,0,1,0,0,0,0,0,1
zhALbN83MJwcFWta,ripweaving testing,Personal Logs,Thorrack,Public,1753063558,"July 21, 2025 4:05 AM",1489456,25 minutes,0,1,0,0,0,0,0,0
xaKYfdW7yVTNpFGz,Mythic+ Season 3,Personal Logs,ricardowarrior,Public,1753063461,"July 21, 2025 4:04 AM",1689915,28 minutes,0,1,0,0,0,0,0,0
bZLmx4w6HDd71nPg,Mythic+ Season 3,Personal Logs,Rayocell,Public,1753061352,"July 21, 2025 3:29 AM",5745026,2 hours,0,1,0,0,1,0,0,0
ZxFQ9HtcXVRMNLWG,Mythic+ Season 3,Personal Logs,Idsapdat1,Public,1753060635,"July 21, 2025 3:17 AM",16805596,5 hours,0,1,0,1,0,0,0,1
FcqmvGZRrgMyBYVC,Mythic+ Season 3,Personal Logs,playonbirds,Public,1753045932,"July 20, 2025 11:12 PM",1535608,26 minutes,0,1,0,0,0,0,0,0
ZK49XYhJwL6CkqPp,m+,Personal Logs,Keltharan,Public,1753036553,"July 20, 2025 8:35 PM",8395169,2 hours,0,1,0,0,0,0,0,0
GptmDn4b2Ch8ZxNJ,Mythic+ Season 3,Personal Logs,momokido,Public,1753034935,"July 20, 2025 8:08 PM",5352100,an hour,0,1,0,0,0,0,0,1
jzZdKmHY3FatPBAJ,萨莱茵 12圆顶,Personal Logs,Windfire,Public,1753024766,"July 20, 2025 5:19 PM",20338514,6 hours,0,1,0,0,0,0,0,0
JnzRWXZp3d7Nf9mT,enh shaman,Personal Logs,ImKataholic,Public,1753018987,"July 20, 2025 3:43 PM",4695228,an hour,0,1,0,0,0,0,0,0
GK42aYNJvMQPV6Dy,250720 Al’dani +14 SV,Personal Logs,Umbrellas,Public,1753017355,"July 20, 2025 3:15 PM",4888886,an hour,0,1,0,0,0,0,0,0
DRQtbq9JCcaf7dYG,Mythic+ Season 3,Personal Logs,KodyNM,Public,1753013175,"July 20, 2025 2:06 PM",1821115,30 minutes,0,1,0,0,0,0,0,0
6JTnvDM3XjHqtVdh,Mythic+ Season 3,Personal Logs,KodyNM,Public,1753013099,"July 20, 2025 2:04 PM",5202094,an hour,0,1,0,0,0,0,0,0
nj7YfDgZ4TXpQ9WM,Mythic+ Season 3,Personal Logs,Gxhunter,Public,1753008097,"July 20, 2025 12:41 PM",800345,13 minutes,0,1,0,0,0,0,0,0
jqzW7TRL49aYZAPM,Mythic+ Season 3,Unrivaled,wellsdaddy,Public,1752994461,"July 20, 2025 8:54 AM",4413989,an hour,0,1,0,0,0,0,0,1
9zRnqyvCdG3wa8Ht,Mythic+ Season 3,Personal Logs,slothlog,Public,1752992677,"July 20, 2025 8:24 AM",2971361,an hour,0,1,0,0,0,0,0,0
9QWwaDfh8jZAxr7H,Mythic+ Season 3,Unrivaled,wellsdaddy,Public,1752991699,"July 20, 2025 8:08 AM",1890834,32 minutes,0,1,0,0,0,0,0,0
mZgq8MFQya4Rz2wC,Mythic+ Season 3,Unrivaled,wellsdaddy,Public,1752991675,"July 20, 2025 8:07 AM",1890834,32 minutes,0,1,0,0,0,0,0,0
6NKBZvtHQ9xYdcmW,Mythic+ Season 3,Personal Logs,playonbirds,Public,1752967779,"July 20, 2025 1:29 AM",4690089,an hour,0,1,0,1,0,0,0,0
QPk7RaWnMrfXjLKG,Mythic+ Season 3,Personal Logs,Reileigh,Public,1752967691,"July 20, 2025 1:28 AM",10089433,3 hours,0,1,0,1,0,0,0,1
b2kG4LRC8JcHm7Mw,Mythic+ Season 3,Personal Logs,Gio_KW,Public,1752965477,"July 20, 2025 12:51 AM",6620982,2 hours,0,1,0,0,1,0,0,1
naj2XL8VqZMbmFv6,Mythic+ Season 3,Personal Logs,playonbirds,Public,1752965168,"July 20, 2025 12:46 AM",2009538,33 minutes,0,1,0,0,0,0,0,0
Bfga3C64GYZnQHcK,Mythic+ Season 3,Personal Logs,Hwoarang,Public,1752963291,"July 20, 2025 12:14 AM",6295769,2 hours,0,1,0,0,1,0,0,0
qAwdXxc3BK6aMFhP,Mythic+ Season 3,Personal Logs,Yechongyue,Public,1752958269,"July 19, 2025 10:51 PM",29338005,8 hours,0,1,0,1,1,0,0,1
6jkV2z8YgaBxXAn4,Mythic+ Season 3,Personal Logs,Aumni,Public,1752953099,"July 19, 2025 9:24 PM",3099208,an hour,0,1,0,0,0,0,0,0
a2Jmc8CAfZLQq1Dd,Mythic+ Season 3,Personal Logs,Gxhunter,Public,1752951621,"July 19, 2025 9:00 PM",6119798,2 hours,0,1,0,0,0,0,0,0
Q6HvBGk3cTNJ1pXY,Mythic+ Season 3,Personal Logs,Sidea,Public,1752942041,"July 19, 2025 6:20 PM",1086508,18 minutes,0,1,0,0,0,0,0,0
nYWrGZk917qAaQP8,Mythic+ Season 3,Personal Logs,jassxqt,Public,1752939135,"July 19, 2025 5:32 PM",17656881,5 hours,0,1,0,1,0,0,0,1
R3bwcn89gTaM1txd,Mythic+ Season 3,Personal Logs,Isheria,Public,1752927733,"July 19, 2025 2:22 PM",238174,4 minutes,0,1,0,0,0,0,0,0
ny7ATGjVmraMY9Dt,Mythic+ Season 3,Personal Logs,Isheria,Public,1752927656,"July 19, 2025 2:20 PM",1363435,23 minutes,0,1,0,0,0,0,0,0
PFdGzaTDW38jpqCN,eco dome,Personal Logs,gilprs,Public,1752927178,"July 19, 2025 2:12 PM",2251793,38 minutes,0,1,0,0,0,0,0,0
KA6MWc4X2kCjF8tv,Mythic+ Season 3,Personal Logs,ricardowarrior,Public,1752924453,"July 19, 2025 1:27 PM",1781017,30 minutes,0,1,0,0,0,0,0,0
QYkFgCmpc8hR324Z,250719 Al’dani +15 BM,Personal Logs,Umbrellas,Public,1752907692,"July 19, 2025 8:48 AM",1730914,29 minutes,0,1,0,0,0,0,0,0
FfBb7rgmtdKvzHMw,Mythic+ Season 3,Personal Logs,bauer.ren.a,Public,1752905667,"July 19, 2025 8:14 AM",1669555,28 minutes,0,1,0,0,0,0,0,0
JjD4h3xTMW6wN7YC,14 Eco dome dotc,Personal Logs,Thorrack,Public,1752903913,"July 19, 2025 7:45 AM",13422561,4 hours,0,1,0,1,0,0,0,0
JHPThVyrwnBg3km7,Mythic+ Season 3,Personal Logs,Thealbatross,Public,1752899900,"July 19, 2025 6:38 AM",3337597,an hour,0,1,0,0,0,0,0,0
fPgHk7V469pGvd3b,14 Eco dome EC,Personal Logs,Thorrack,Public,1752899736,"July 19, 2025 6:35 AM",9262684,3 hours,0,1,0,1,0,0,0,0
7mFhxjAMnkCYGLK9,14 Eco dome Dotc,Personal Logs,Thorrack,Public,1752896798,"July 19, 2025 5:46 AM",6283162,2 hours,0,1,0,1,0,0,0,0
andWg29HYRzfV6vm,DKT 萨莱茵 圆顶14+1,Personal Logs,Windfire,Public,1752894804,"July 19, 2025 5:13 AM",2675389,an hour,0,1,0,0,0,0,0,0
fvVaybT6t7LQM4RD,eco dome Dotc 12,Personal Logs,Thorrack,Public,1752893616,"July 19, 2025 4:53 AM",3127892,an hour,0,1,0,1,0,0,0,0
K9TC8hgNZvz4LxnX,Mythic+ Season 3,Personal Logs,jhord,Public,1752886557,"July 19, 2025 2:55 AM",1492488,25 minutes,0,1,0,0,0,0,0,0
LwKJDA8t2vbWgYB1,Eco and Priory,Personal Logs,Shawnzx,Public,1752884243,"July 19, 2025 2:17 AM",3374798,an hour,0,1,0,0,1,0,0,0
mxtjF8Gq9pgdLHwW,Eco and Priory,Personal Logs,Shawnzx,Public,1752884083,"July 19, 2025 2:14 AM",434937,7 minutes,0,1,0,0,0,0,0,0
rXAcTqW8aJVLhQGt,Mythic+ Season 3,Personal Logs,Voidmend,Public,1752882231,"July 19, 2025 1:43 AM",4391616,an hour,0,1,0,0,0,0,0,1
J76Dny2WkYKhT9vq,Mythic+ Season 3,Personal Logs,Thealbatross,Public,1752878046,"July 19, 2025 12:34 AM",8012463,2 hours,0,1,0,1,0,0,0,0
PKt1nNFmTBfzCGWj,Mythic+ Season 3,Chaotic Aftermath,mrbadman,Public,1752862151,"July 18, 2025 8:09 PM",2580998,43 minutes,0,1,0,0,0,0,0,0
mCrTWP7XYbDcN9dM,Mythic+ Season 3,Personal Logs,Jacqueas73,Public,1752858046,"July 18, 2025 7:00 PM",25873178,7 hours,0,1,0,0,1,0,0,1
MCHv4KrWJapfBFnh,Mythic+ Season 3,Personal Logs,Molemidezhu,Public,1752856665,"July 18, 2025 6:37 PM",5077058,an hour,0,1,0,0,0,0,0,0
TRv2YHFV3B1zbMr7,Mythic+ Season 3,Personal Logs,ricardowarrior,Public,1752851329,"July 18, 2025 5:08 PM",2004385,33 minutes,0,1,0,0,0,0,0,0
Bh3NcY1FXz6kq7dL,熊 15圆顶,Personal Logs,Windfire,Public,1752850284,"July 18, 2025 4:51 PM",5652533,2 hours,0,1,0,0,1,0,0,0
CtF2MNjRHvApK8hQ,250718 Al’dani +15 MM,Personal Logs,Umbrellas,Public,1752846408,"July 18, 2025 3:46 PM",3525380,an hour,0,1,0,0,0,0,0,0
8Q3gNa6mryF9xGPJ,Mythic+ Season 3,Personal Logs,Foolseal,Public,1752840259,"July 18, 2025 2:04 PM",12724163,4 hours,0,1,0,0,0,0,0,0
46Qa1WdCRqZhz2GP,Mythic+ Season 3,long1216,luo1216,Public,1752839141,"July 18, 2025 1:45 PM",4412080,an hour,0,1,0,1,0,0,0,0
MFT2yNYaBhq9nPDb,Mythic+ Season 3,Personal Logs,Isheria,Public,1752828665,"July 18, 2025 10:51 AM",1319292,22 minutes,0,1,0,0,0,0,0,0
2DjKGV67QZ9d1MyP,Mythic+ Season 3,Personal Logs,Isheria,Public,1752824955,"July 18, 2025 9:49 AM",1573609,26 minutes,0,1,0,0,0,0,0,0
tF2mJCALzjaB7WQV,Mythic+ Season 3,Personal Logs,Voidmend,Public,1752816277,"July 18, 2025 7:24 AM",6215899,2 hours,0,1,0,1,1,0,0,0
1g2MZkTNr3Fhqa4y,Mythic+ Season 3,Personal Logs,Voidmend,Public,1752813361,"July 18, 2025 6:36 AM",3141279,an hour,0,1,0,0,1,0,0,0
3LYW68RhDMAadfbx,Mythic+ Season 3,Personal Logs,Spartan-keg,Public,1752810228,"July 18, 2025 5:43 AM",13921722,4 hours,0,1,0,0,1,0,0,0
GYrZ1NHQpqzhCjtR,Mythic+ Season 3,Personal Logs,Spartan-keg,Public,1752805616,"July 18, 2025 4:26 AM",8721189,2 hours,0,1,0,0,0,0,0,0
kmNBFgdLQbPy1t7w,Mythic+ Season 3,Personal Logs,Spartan-keg,Public,1752805081,"July 18, 2025 4:18 AM",8667918,2 hours,0,1,0,0,0,0,0,0
Pv1AJW94T7kcnGFd,14 Dotc Guardian Druid Eco Dome,Personal Logs,Thorrack,Public,1752802736,"July 18, 2025 3:38 AM",2045855,34 minutes,0,1,0,0,0,0,0,0
17q8J6cGTFpR9v3g,Mythic+ Season 3,Personal Logs,Spartan-keg,Public,1752798934,"July 18, 2025 2:35 AM",1965101,33 minutes,0,1,0,0,0,0,0,0
pWwyhTvBczGFC2dY,Mythic+ Season 3,Personal Logs,Voidmend,Public,1752798090,"July 18, 2025 2:21 AM",9342919,3 hours,0,1,0,0,0,0,0,1
vfMHR3PAD2xnhWVj,Mythic+ Season 3,Personal Logs,Karl666,Public,1752794344,"July 18, 2025 1:19 AM",5819871,2 hours,0,1,0,1,0,0,0,0
ZNHhKx4kFGTB6Lg8,eco-dome,Personal Logs,friarbison,Public,1752792357,"July 18, 2025 12:45 AM",2191459,37 minutes,0,1,0,0,0,0,0,0
GtvJj9WL1TBmxPpr,Mythic+ Season 3,Personal Logs,Voidmend,Public,1752791838,"July 18, 2025 12:37 AM",2944144,an hour,0,1,0,0,0,0,0,1
GPtTJZqKFz8HnRvm,Mythic+ Season 3,Personal Logs,Karl666,Public,1752790402,"July 18, 2025 12:13 AM",3011559,an hour,0,1,0,0,0,0,0,0
Wpc27CB3TkzrXwtM,Mythic+ Season 3,Personal Logs,highwawa11,Public,1752272724,"July 12, 2025 12:25 AM",1660238,28 minutes,0,1,0,0,0,0,0,0
Bng3tjdCVmLW84Xa,Mythic+ Season 3,Personal Logs,dundiggs,Public,1751547627,"July 3, 2025 3:00 PM",1621550,27 minutes,0,1,0,0,0,0,0,0
Yh4qkHgjX1vBDryV,Mythic+ Season 3,Personal Logs,makoraa,Public,1751474447,"July 2, 2025 6:40 PM",2780438,an hour,0,1,0,0,0,0,0,0
cCJ9KLqYN4Rwvd8y,Mythic+ Season 3,Personal Logs,reiley,Public,1751473181,"July 2, 2025 6:19 PM",10377688,3 hours,0,1,0,0,0,0,0,0
FdkAGbwmL9KzRMcp,Mythic+ Season 3,Personal Logs,slothlog,Public,1751471381,"July 2, 2025 5:49 PM",1768683,29 minutes,0,1,0,0,0,0,0,0
9WVQ6JbPydAkjGfZ,aug +15 2+2pc chrono,Personal Logs,MadK0rts,Public,1751467026,"July 2, 2025 4:37 PM",6249060,2 hours,0,1,0,0,0,0,0,0
2DVrNcZ6tY1xJQyd,Mythic+ Season 3,Personal Logs,MadK0rts,Public,1751464163,"July 2, 2025 3:49 PM",3137364,an hour,0,1,0,0,0,0,0,0
kTwMJg7a1DmRfdhn,PT R,Personal Logs,JackAlexKoh,Public,1751459528,"July 2, 2025 2:32 PM",4914916,an hour,0,1,0,0,0,0,0,0
wCWD6qMgB3a7yx8J,Mythic+ Season 3,Personal Logs,Hwoarang,Public,1751454205,"July 2, 2025 1:03 PM",2523094,42 minutes,0,1,0,0,0,0,0,0
GQ4NtwK2YzMkgLAW,PTR PT1到7,Personal Logs,JackAlexKoh,Public,1751453971,"July 2, 2025 12:59 PM",1154681,19 minutes,0,1,0,0,0,0,0,0
6adkFVJvNjy2AHqW,Mythic+ Season 3,Personal Logs,momokido,Public,1751453629,"July 2, 2025 12:53 PM",6019749,2 hours,0,1,0,0,0,0,0,0
98FDZM2Cvz4wPk3G,Mythic+ Season 3,Personal Logs,jbw8229,Public,1751450875,"July 2, 2025 12:07 PM",8096696,2 hours,0,1,0,0,0,0,0,0
Jx6aLNyMG3B81FYb,Mythic+ Season 3,Personal Logs,Yechongyue,Public,1751447739,"July 2, 2025 11:15 AM",3297268,an hour,0,1,0,0,0,0,0,0
NBgqCfhwzZGxbkF4,Mythic+ Season 3,Personal Logs,jbw8229,Public,1751444341,"July 2, 2025 10:19 AM",1601172,27 minutes,0,1,0,0,0,0,0,0
6Tfb1qw3X4ZWgV87,Mythic+ Season 3,Personal Logs,jbw8229,Public,1751440726,"July 2, 2025 9:18 AM",5970093,2 hours,0,1,0,0,0,0,0,0
PbqY7h8ptDxc6KBa,Mythic+ Season 3,Zero Effort,Knardrolan,Public,1751425341,"July 2, 2025 5:02 AM",2713571,an hour,0,1,0,0,0,0,0,0
9MPv63y2JTGB8RYX,Mythic+ Season 3,Personal Logs,Sidea,Public,1751410162,"July 2, 2025 12:49 AM",6336297,2 hours,0,1,0,0,0,0,0,0
Bt9PGZ2CqWxDHRrX,Mythic+ Season 3,Personal Logs,EX-WIND,Public,1754400611,"August 5, 2025 3:30 PM",8900849,2 hours,0,0,1,0,0,0,0,0
R2hCqkKYZGwdM6tN,Mythic+ Season 3,Personal Logs,JDedalus,Public,1754400040,"August 5, 2025 3:20 PM",2365260,39 minutes,0,0,1,0,0,0,0,0
PhMdZx2mGaVkB64H,ptr keys,Personal Logs,chantellope,Public,1754389642,"August 5, 2025 12:27 PM",36597751,10 hours,0,0,1,0,1,0,0,0
BwkhHFxLZzVNY8mg,Mythic+ Season 3,Personal Logs,vadan,Public,1754346282,"August 5, 2025 12:24 AM",3125230,an hour,0,0,1,0,0,0,0,0
GFjtkhNp61a3gqvd,14 gambit aug,Personal Logs,Nice,Public,1754344402,"August 4, 2025 11:53 PM",3190817,an hour,0,0,1,0,0,1,0,0
WbtjYc9XhRyaxd3T,FIX INVISIBLE WALLS IN HOA PLEASE!,Personal Logs,healsforcash,Public,1754339393,"August 4, 2025 10:29 PM",4409612,an hour,0,0,1,0,1,0,0,0
283HFx9qv6YznkKw,ptr keys,Personal Logs,Toonwire,Public,1754338893,"August 4, 2025 10:21 PM",4858368,an hour,0,0,1,0,0,1,0,0
13nZRPJ6tC2NkVFa,PTR,Personal Logs,Stentyg,Public,1754332431,"August 4, 2025 8:33 PM",15191581,4 hours,0,0,1,1,0,0,0,1
PqrWkCBGn7RVm49Y,Mythic+ Season 3,Personal Logs,kawayo,Public,1754326736,"August 4, 2025 6:58 PM",1275634,21 minutes,0,0,1,0,0,0,0,0
Agz48Vq3LymRNTta,m+,Personal Logs,Waalpen,Public,1754322766,"August 4, 2025 5:52 PM",5553034,2 hours,0,0,1,1,0,0,0,0
bJgrT6KwYf97mdV1,Mythic+ Season 3,Personal Logs,vadan,Public,1754322390,"August 4, 2025 5:46 PM",3719125,an hour,0,0,1,1,0,0,0,0
K79hWbcqG6PJRvXg,Mythic+ Season 3,Personal Logs,dblev,Public,1754321632,"August 4, 2025 5:33 PM",1999488,33 minutes,0,0,1,0,0,0,0,0
zyQZM3afxgYFj9vc,Mythic+ Season 3,Personal Logs,JayZonday,Public,1754316200,"August 4, 2025 4:03 PM",4112611,an hour,0,0,1,0,1,0,0,0
96AGrRh4vZKTL1Qf,Mythic+ Season 3,Personal Logs,vadan,Public,1754305886,"August 4, 2025 1:11 PM",11993080,3 hours,0,0,1,1,0,0,0,0
cbyvBT78D2taQAVg,Mythic+ Season 3,Personal Logs,vadan,Public,1754297455,"August 4, 2025 10:50 AM",3576527,an hour,0,0,1,0,0,0,0,0
mgYQ4BJ6xnVfkvzN,HoA PTR Route Testing,Personal Logs,yoloswagginzbdf,Public,1754279567,"August 4, 2025 5:52 AM",1843018,31 minutes,0,0,1,0,0,0,0,0
fj9FvbXKLHAPJ43m,250804 HOA +14 BM,Personal Logs,Umbrellas,Public,1754279300,"August 4, 2025 5:48 AM",1853075,31 minutes,0,0,1,0,0,0,0,0
bDgQZj6rwL4AqRFW,Mythic+ Season 3,Personal Logs,MadK0rts,Public,1754263229,"August 4, 2025 1:20 AM",2390652,40 minutes,0,0,1,0,0,0,0,0
D8GbHFdAqYJcRZ9x,Mythic+ Season 3,Count Cave,crippsys,Public,1754259989,"August 4, 2025 12:26 AM",4054210,an hour,0,0,1,0,0,0,0,0
Dh1rFZfbJ6MC3AH9,Mythic+ Season 3,Count Cave,crippsys,Public,1754259959,"August 4, 2025 12:25 AM",4054210,an hour,0,0,1,0,0,0,0,0
nxCyf1mga4p6JGZK,PTR LOGS POG?,Personal Logs,Bobdan,Public,1754256652,"August 3, 2025 11:30 PM",7365637,2 hours,0,0,1,0,0,0,1,0
N4TQm6h9PDcFY17L,16 halls cringe people lol,Personal Logs,Nice,Public,1754256631,"August 3, 2025 11:30 PM",5155605,an hour,0,0,1,0,0,0,0,1
Md1pBXfxJb4NT36q,Mythic+ Season 3,Personal Logs,healsforcash,Public,1754246182,"August 3, 2025 8:36 PM",2979683,an hour,0,0,1,0,0,0,0,0
WjR7mfXgVzQAdKwC,Mythic+ Season 3,Personal Logs,healsforcash,Public,1754241867,"August 3, 2025 7:24 PM",9642550,3 hours,0,0,1,0,0,0,0,0
JrbYPqGZdtL9RHKX,Mythic+ Season 3,Personal Logs,Jacqueas73,Public,1754241830,"August 3, 2025 7:23 PM",11333288,3 hours,0,0,1,0,1,0,1,0
KqH1pL2hay7rDT6m,Mythic+ Season 3,Personal Logs,vadan,Public,1754240527,"August 3, 2025 7:02 PM",11253694,3 hours,0,0,1,1,0,0,0,0
4apBwbDM1vjzPn9L,Mythic+ Season 3,Personal Logs,vadan,Public,1754240426,"August 3, 2025 7:00 PM",8937726,2 hours,0,0,1,1,0,0,1,0
x7M196GAK2Xk3Ymj,Mythic+ Season 3,Personal Logs,Gio_KW,Public,1754225955,"August 3, 2025 2:59 PM",10558550,3 hours,0,0,1,0,0,1,0,1
LtdP42vXgqGaYkyz,ptr blasters,Personal Logs,Deibe,Public,1754219786,"August 3, 2025 1:16 PM",4441671,an hour,0,0,1,0,0,1,0,0
PV8LKRAFbzGfpY9X,m+ ptr saturday night 02/08,Personal Logs,TomElvis,Public,1754219250,"August 3, 2025 1:07 PM",13585155,4 hours,0,0,1,1,0,0,0,1
thJm2ZH6A1MXPcFQ,Mythic+ Season 3,Personal Logs,EV0luti0nz,Public,1754215659,"August 3, 2025 12:07 PM",1761221,29 minutes,0,0,1,0,0,0,0,0
F8fK21T7WJjnvV9N,Mythic+ Season 3,Personal Logs,Voidmend,Public,1754205095,"August 3, 2025 9:11 AM",8239983,2 hours,0,0,1,0,1,1,0,0
1RGb4Z3dpWHPv6mw,DKT 17赎罪,Personal Logs,Windfire,Public,1754196978,"August 3, 2025 6:56 AM",2865216,an hour,0,0,1,0,0,0,0,0
CRHKh6aqZtkLP1f4,Mythic+ Season 3,Personal Logs,Shadowdash,Public,1754187016,"August 3, 2025 4:10 AM",13301884,4 hours,0,0,1,1,0,1,0,0
FwqyJVDZdGx3CktP,Mythic+ Season 3,Personal Logs,MioShimo,Public,1754172116,"August 3, 2025 12:01 AM",3276945,an hour,0,0,1,0,0,0,0,0
L4PcRKQ3fVhXk92H,Mythic+ Season 3,Personal Logs,Hwoarang,Public,1754167913,"August 2, 2025 10:51 PM",6866400,2 hours,0,0,1,1,0,0,0,0
AgBWLV3Rf4P7H2Zk,Mythic+ Season 3,Personal Logs,Hwoarang,Public,1754161050,"August 2, 2025 8:57 PM",2318626,39 minutes,0,0,1,0,0,0,0,0
H1Jw74GhvgZcbYDK,m+ ptr saturday 02/08,Personal Logs,TomElvis,Public,1754152228,"August 2, 2025 6:30 PM",10677734,3 hours,0,0,1,1,0,1,1,0
qrvfw92yd4XxnP83,Mythic+ Season 3,Personal Logs,healsforcash,Public,1754151841,"August 2, 2025 6:24 PM",3675664,an hour,0,0,1,0,0,0,0,0
a2HCV7D1ArhgPvdf,DKT 17宏图17赎罪,Personal Logs,Windfire,Public,1754150976,"August 2, 2025 6:09 PM",8481325,2 hours,0,0,1,1,0,1,0,0
PCqZjnXJdG9t7cY1,Mythic+ Season 3,Personal Logs,Hwoarang,Public,1754137356,"August 2, 2025 2:22 PM",2318626,39 minutes,0,0,1,0,0,0,0,0
ZBW8Qxnfw7H9crLD,Mythic+ Season 3,Personal Logs,vadan,Public,1754132785,"August 2, 2025 1:06 PM",1831882,31 minutes,0,0,1,0,0,0,0,0
p79avXJngy43K6cC,Mythic+ Season 3,Personal Logs,healsforcash,Public,1754132114,"August 2, 2025 12:55 PM",1489353,25 minutes,0,0,1,0,0,0,0,0
b9hgvmAGQz1ZfRCX,Mythic+ Season 3,Personal Logs,healsforcash,Public,1754132041,"August 2, 2025 12:54 PM",2058688,34 minutes,0,0,1,0,0,0,0,0
hNyDgZm63pfGRC1x,Mythic+ Season 3,Personal Logs,vadan,Public,1754129260,"August 2, 2025 12:07 PM",2398586,40 minutes,0,0,1,0,0,0,0,0
CpmhjNMDQYfqtZFn,DKT 15赎罪,Personal Logs,Windfire,Public,1754115451,"August 2, 2025 8:17 AM",2782502,an hour,0,0,1,0,0,0,0,0
7BZX6HGa9413qVyx,16 halls no time,Personal Logs,Nice,Public,1754103542,"August 2, 2025 4:59 AM",2254077,38 minutes,0,0,1,0,0,0,0,0
vdj2xLtG3MZF1ARW,Mythic+ Season 3,Personal Logs,MadK0rts,Public,1754102290,"August 2, 2025 4:38 AM",3719205,an hour,0,0,1,0,0,0,0,1
bF6GHVyNARr48Ljt,Mythic+ Season 3,Personal Logs,MadK0rts,Public,1754101432,"August 2, 2025 4:23 AM",2880890,an hour,0,0,1,0,0,0,0,0
nbKfMGy9cdPWA1VB,Mythic+ Season 3,Personal Logs,MadK0rts,Public,1754099855,"August 2, 2025 3:57 AM",1305319,22 minutes,0,0,1,0,0,0,0,0
aZCwJrtK8mbcjfQD,Mythic+ Season 3,Personal Logs,MioShimo,Public,1754098642,"August 2, 2025 3:37 AM",5603041,2 hours,0,0,1,1,0,0,0,0
wdHhgjQqBfNXt3rF,Mythic+ Season 3,Personal Logs,전멸입니다,Public,1754097713,"August 2, 2025 3:21 AM",1494045,25 minutes,0,0,1,0,0,0,0,0
zg8YQPmtZJa6BTq3,Mythic+ Season 3,Personal Logs,BudoBoy07,Public,1754092010,"August 2, 2025 1:46 AM",21904889,6 hours,0,0,1,0,0,1,1,0
vA1LKrY4zngHtkXR,Mythic+ Season 3,Personal Logs,Xeoo,Public,1754084951,"August 1, 2025 11:49 PM",11862746,3 hours,0,0,1,0,0,1,1,0
V8rdDz6FgT4Janvx,Mythic+ Season 3,Personal Logs,Allakatter,Public,1754081194,"August 1, 2025 10:46 PM",10396506,3 hours,0,0,1,0,1,0,0,1
PyG7LpHMmAXZJkQ8,Mythic+ Season 3,Personal Logs,vadan,Public,1754081141,"August 1, 2025 10:45 PM",6979684,2 hours,0,0,1,1,0,0,0,0
hnaFqHk3TjGZW4bC,Mythic+ Season 3,Personal Logs,healsforcash,Public,1754078325,"August 1, 2025 9:58 PM",2116380,35 minutes,0,0,1,0,0,0,0,0
HJn2kt6CPbZcgpNw,Mythic+ Season 3,Personal Logs,healsforcash,Public,1754075000,"August 1, 2025 9:03 PM",2158518,36 minutes,0,0,1,0,0,0,0,0
7kqCvgMQGANab94n,Mythic+ Season 3,Personal Logs,AJJ99,Public,1754073113,"August 1, 2025 8:31 PM",17938228,5 hours,0,0,1,0,1,0,0,1
A4rnkxgvdbMfwGDW,Mythic+ Season 3,Personal Logs,healsforcash,Public,1754066990,"August 1, 2025 6:49 PM",2007938,33 minutes,0,0,1,0,0,0,0,0
28zbhN9MqgJ4ypjV,Mythic+ Season 3,Personal Logs,vadan,Public,1754058637,"August 1, 2025 4:30 PM",19182558,5 hours,0,0,1,1,0,1,0,0
QNbDgaC3V6mypJYj,Mythic+ Season 3,Personal Logs,Hwoarang,Public,1754049611,"August 1, 2025 2:00 PM",1169119,19 minutes,0,0,1,0,0,0,0,0
2PdpVtACXLknZWDj,Mythic+ Season 3,Personal Logs,Korrigard,Public,1754048577,"August 1, 2025 1:42 PM",17174719,5 hours,0,0,1,0,0,1,1,1
3CFdTQY8VRgk9hKb,Mythic+ Season 3,Personal Logs,vadan,Public,1754043595,"August 1, 2025 12:19 PM",4349901,an hour,0,0,1,1,0,0,0,0
g6tyvcahqDzH7dkM,Mythic+ Season 3,Personal Logs,Idsapdat1,Public,1754024154,"August 1, 2025 6:55 AM",6819336,2 hours,0,0,1,0,0,1,0,0
W4KcyGRkn93CXN7b,DKT 16赎罪,Personal Logs,Windfire,Public,1754021174,"August 1, 2025 6:06 AM",2841260,an hour,0,0,1,0,1,0,0,0
gpd9D8MBYV4kCWaL,Mythic+ Season 3,Personal Logs,Wordpudding,Public,1754020500,"August 1, 2025 5:55 AM",2279337,38 minutes,0,0,1,0,0,0,0,0
f4dh9An6pgz8Z1qa,Mythic+ Season 3,Personal Logs,fyunxx,Public,1754004471,"August 1, 2025 1:27 AM",10349610,3 hours,0,0,1,1,0,0,0,0
ZvnYAr6NCjVK3g9H,Mythic+ Season 3,Personal Logs,Gio_KW,Public,1753999014,"July 31, 2025 11:56 PM",14600034,4 hours,0,0,1,1,0,0,1,1
BMWxFnmyG78DAwpY,Mythic+ Season 3,Personal Logs,Psifactor,Public,1753993810,"July 31, 2025 10:30 PM",8128473,2 hours,0,0,1,0,0,0,1,0
ZDmBq1zQdHMcYPKy,PTR Keys,Personal Logs,corrisx3,Public,1753989842,"July 31, 2025 9:24 PM",7807291,2 hours,0,0,1,0,0,0,1,1
bk91ynpGr4TCYMqH,DKT 16赎罪（脚踝不跳人点位）,Personal Logs,Windfire,Public,1753989562,"July 31, 2025 9:19 PM",3007896,an hour,0,0,1,0,0,0,0,0
Kn6LC9dMj3PyFkHQ,Mythic+ Season 3,Personal Logs,Arkanigth,Public,1753989428,"July 31, 2025 9:17 PM",20637377,6 hours,0,0,1,0,0,1,1,0
8TgVF1zDn49Z36dh,PTR Keys,Personal Logs,corrisx3,Public,1753988208,"July 31, 2025 8:56 PM",6174573,2 hours,0,0,1,0,0,0,1,1
aYXr3JDFZ4p9dRWB,Mythic+ Season 3,Personal Logs,Yechongyue,Public,1753982893,"July 31, 2025 7:28 PM",12186660,3 hours,0,0,1,0,1,0,0,1
1VtML8GDj7NQxTFg,Mythic+ Season 3,Personal Logs,yoloswagginzbdf,Public,1753980775,"July 31, 2025 6:52 PM",2920408,an hour,0,0,1,0,0,0,0,0
nXFBmvxhqC86R9L4,DKT 16赎罪,Personal Logs,Windfire,Public,1753979598,"July 31, 2025 6:33 PM",5835727,2 hours,0,0,1,0,0,0,0,0
LRkY2xT6KpN4AQb1,Mythic+ Season 3,Personal Logs,vadan,Public,1753979550,"July 31, 2025 6:32 PM",7427671,2 hours,0,0,1,1,0,0,0,0
ba8TCHxRZk7QVA6r,Mythic+ Season 3,Personal Logs,Hwoarang,Public,1753976024,"July 31, 2025 5:33 PM",1406472,23 minutes,0,0,1,0,0,0,0,0
vtra8JcRP1QmW27G,Mythic+ Season 3,Personal Logs,vadan,Public,1753974000,"July 31, 2025 5:00 PM",1809330,30 minutes,0,0,1,0,0,0,0,0
1Zcn6fHTgLxMKAzr,ptr 31/07/2025,Personal Logs,Trinitehh,Public,1753970782,"July 31, 2025 4:06 PM",6232725,2 hours,0,0,1,1,1,0,0,0
C9BqmyRQtwvLNY2x,Mythic+ Season 3,Personal Logs,Hwoarang,Public,1753969175,"July 31, 2025 3:39 PM",12564146,3 hours,0,0,1,0,0,0,0,1
8trq9Bfga6nbNdD4,Mythic+ Season 3,Personal Logs,Wordpudding,Public,1753959032,"July 31, 2025 12:50 PM",3667164,an hour,0,0,1,0,0,0,0,0
YNKgPkyFQ4aqZBMh,ptr,Personal Logs,misakisaya,Public,1753954940,"July 31, 2025 11:42 AM",1450944,24 minutes,0,0,1,0,0,0,0,0
kR42dYpTyq1XALWG,Mythic+ Season 3,Personal Logs,브론즈사슴쟝,Public,1753945734,"July 31, 2025 9:08 AM",15255127,4 hours,0,0,1,0,0,0,0,1
47TKLrz8CtHvbFdp,Mythic+ Season 3,Personal Logs,Seleucía,Public,1753942973,"July 31, 2025 8:22 AM",7647025,2 hours,0,0,1,0,0,0,0,0
tGgryhL8PA4vpWkm,16 HoA,Personal Logs,Thorrack,Public,1753933884,"July 31, 2025 5:51 AM",4113489,an hour,0,0,1,0,0,0,0,0
2A4FhBHYzJ3n9p1N,Mythic+ Season 3,Personal Logs,Zolur,Public,1753933217,"July 31, 2025 5:40 AM",6933757,2 hours,0,0,1,0,0,0,1,0
ZCzdxV8nF7m6BfPt,Mythic+ Season 3,Personal Logs,Dillywow,Public,1753932708,"July 31, 2025 5:31 AM",1731448,29 minutes,0,0,1,0,0,0,0,0
tymQndhJPBz87pCG,ptr xd xd xd6,Personal Logs,Nice,Public,1753930724,"July 31, 2025 4:58 AM",7686252,2 hours,0,0,1,0,0,0,1,0
Jd9h1kGy2Pcr8xvt,m+ ptr,Personal Logs,TomElvis,Public,1753911967,"July 30, 2025 11:46 PM",11203256,3 hours,0,0,1,0,0,1,1,1
zqrKmvBCHj9Nynw7,Mythic+ Season 3,Personal Logs,Volebear,Public,1753908408,"July 30, 2025 10:46 PM",9083719,3 hours,0,0,1,0,1,0,0,1
Fy7r3BTZ1h2fAnWp,Mythic+ Season 3,Personal Logs,Yechongyue,Public,1753902669,"July 30, 2025 9:11 PM",11701109,3 hours,0,0,1,1,0,0,0,1
TpfQ3hb7Hmja1W84,Mythic+ Season 3,Personal Logs,healsforcash,Public,1753898112,"July 30, 2025 7:55 PM",7578377,2 hours,0,0,1,0,1,0,0,0
RxvtZzwVc8pG9MQL,MM is nice,Personal Logs,Suwoop,Public,1753885663,"July 30, 2025 4:27 PM",1880267,31 minutes,0,0,1,0,0,0,0,0
Tq9VYb1PKd84ZxaA,DKT 17赎罪,Personal Logs,Windfire,Public,1753872403,"July 30, 2025 12:46 PM",11534358,3 hours,0,0,1,0,0,0,1,0
PxvR1HmwKzgDqJY2,xd?,Personal Logs,CyclrinWoW,Public,1753860391,"July 30, 2025 9:26 AM",2053789,34 minutes,0,0,1,0,0,0,0,0
xf3NWqBLX2Qc4VJ9,r,Personal Logs,Deezbuns,Public,1753855918,"July 30, 2025 8:11 AM",2157984,36 minutes,0,0,1,0,0,0,0,0
zf2dCBr6HDam8hWK,PTR Ariosto 7_29_25,Personal Logs,drahcir1302,Public,1753849652,"July 30, 2025 6:27 AM",3419991,an hour,0,0,1,0,1,0,0,0
3XxpzM2AZVHYKhG1,DKT 18赎罪（已通关！）,Personal Logs,Windfire,Public,1753846771,"July 30, 2025 5:39 AM",3595775,an hour,0,0,1,0,0,0,0,0
CvxZRMtKaVy9kNrb,ptr 29/07/2025,Personal Logs,Trinitehh,Public,1753813947,"July 29, 2025 8:32 PM",11750566,3 hours,0,0,1,0,0,0,0,0
V37qzyb8cGjAFKvC,Mythic+ Season 3,Personal Logs,Hwoarang,Public,1753788679,"July 29, 2025 1:31 PM",6164980,2 hours,0,0,1,0,0,1,0,0
t6HdmbgYLWBZ7wMp,DKT 15赎罪,Personal Logs,Windfire,Public,1753788565,"July 29, 2025 1:29 PM",6841092,2 hours,0,0,1,0,0,0,0,0
zC3gRw42jFdP7Qr8,Mythic+ Season 3,Personal Logs,Hwoarang,Public,1753786418,"July 29, 2025 12:53 PM",3768002,an hour,0,0,1,0,0,1,0,0
GCPX7cx2rKzmAYRa,Mythic+ Season 3,Personal Logs,Hwoarang,Public,1753786368,"July 29, 2025 12:52 PM",3768002,an hour,0,0,1,0,0,1,0,0
14M2nHzWxC6AXGyR,Mythic+ Season 3,Personal Logs,Hwoarang,Public,1753786329,"July 29, 2025 12:52 PM",3768002,an hour,0,0,1,0,0,1,0,0
dzfFhcZrjpwTtPA3,Mythic+ Season 3,Personal Logs,Gio_KW,Public,1753780926,"July 29, 2025 11:22 AM",5202665,an hour,0,0,1,0,0,0,0,0
1PfdaVZDkGpJH9ht,keys,Personal Logs,Fuzyy,Public,1753760221,"July 29, 2025 5:37 AM",6801014,2 hours,0,0,1,0,0,1,0,0
hcV79ZApBmw4HJKf,Mythic+ Season 3,Personal Logs,Fuzyy,Public,1753758171,"July 29, 2025 5:02 AM",4711753,an hour,0,0,1,0,0,0,0,0
LDfNzv4FKxq3WjQ8,Mythic+ Season 3,Personal Logs,Voidmend,Public,1753754193,"July 29, 2025 3:56 AM",2240132,37 minutes,0,0,1,0,0,0,0,0
Zy3dYxqR4DJ78AKz,29.07 - ptr,Personal Logs,ghurd,Public,1753753783,"July 29, 2025 3:49 AM",3262652,an hour,0,0,1,0,0,0,0,0
3VZPr2aAnpw1CKBN,ptr xd,Personal Logs,Nice,Public,1753746627,"July 29, 2025 1:50 AM",2990057,an hour,0,0,1,0,0,0,0,0
z2ADqBMR4JcKHn93,123,Personal Logs,Ultraaa,Public,1753745643,"July 29, 2025 1:34 AM",8387439,2 hours,0,0,1,0,0,1,1,0
d31tpArZBg9MQxPF,Mythic+ Season 3,Personal Logs,Vazox,Public,1753741072,"July 29, 2025 12:17 AM",5075320,an hour,0,0,1,0,0,1,0,0
48ABP9fyjJVgxdH7,Mythic+ Season 3,Personal Logs,Darragh,Public,1753735982,"July 28, 2025 10:53 PM",4657667,an hour,0,0,1,0,0,0,0,0
XwkdaVRbWBHTfhrp,Mythic+ Season 3,Personal Logs,MioShimo,Public,1753733224,"July 28, 2025 10:07 PM",9489001,3 hours,0,0,1,0,0,1,1,0
mKbaDfFQ6zZ2TyqL,Mythic+ Season 3,Personal Logs,Allakatter,Public,1753731323,"July 28, 2025 9:35 PM",8285867,2 hours,0,0,1,0,0,0,0,0
7KYWQdBNzV8DxX2a,ptr,Personal Logs,Nice,Public,1753730498,"July 28, 2025 9:21 PM",1847137,31 minutes,0,0,1,0,0,0,0,0
YMP2Vaz86htXWNTw,Mythic+ Season 3,Personal Logs,haywiire,Public,1753727284,"July 28, 2025 8:28 PM",5499297,2 hours,0,0,1,0,0,0,0,0
pvbq3CmPQrNjtLJY,Mythic+ Season 3,Personal Logs,haywiire,Public,1753725052,"July 28, 2025 7:50 PM",3261853,an hour,0,0,1,0,0,0,0,0
ZANQGwxJFCrkd6Y4,Mythic+ Season 3,Personal Logs,haywiire,Public,1753724288,"July 28, 2025 7:38 PM",2490994,42 minutes,0,0,1,0,0,0,0,0
V3wfJWAvRDNrkcpC,Mythic+ Season 3,Personal Logs,haywiire,Public,1753722387,"July 28, 2025 7:06 PM",557057,9 minutes,0,0,1,0,0,0,0,0
c36a87xqf2VLCygv,Mythic+ Season 3,Personal Logs,Kislogs,Public,1753721726,"July 28, 2025 6:55 PM",2292760,38 minutes,0,0,1,0,0,0,0,0
kMG4tbv3fChVdDz2,Mythic+ Season 3,Personal Logs,Hwoarang,Public,1753721190,"July 28, 2025 6:46 PM",807931,13 minutes,0,0,1,0,0,0,0,0
xF1QhqgVmz3MZrNj,Mythic+ Season 3,Personal Logs,ricardowarrior,Public,1753719984,"July 28, 2025 6:26 PM",14079625,4 hours,0,0,1,0,0,0,0,0
WrPAvHhNxYDRpcFb,Mythic+ Season 3,Personal Logs,fyunxx,Public,1753719810,"July 28, 2025 6:23 PM",6723288,2 hours,0,0,1,0,0,0,0,0
6XFvVYbDT31Awrkx,ptr M+ 28/07/2025,Personal Logs,Trinitehh,Public,1753713453,"July 28, 2025 4:37 PM",3650980,an hour,0,0,1,0,0,0,0,0
zdnkHK3gAyGcZ4NV,Mythic+ Season 3,Personal Logs,nimo4aken,Public,1753696034,"July 28, 2025 11:47 AM",1764639,29 minutes,0,0,1,0,0,0,0,0
ZxRAc7hLTabtqyB3,ptr M+ 27/07/2025,Personal Logs,Trinitehh,Public,1753690085,"July 28, 2025 10:08 AM",1883145,31 minutes,0,0,1,0,0,0,0,0
NCnFKWw24Hh1bmRA,DKT萨莱茵 14赎罪,Personal Logs,Windfire,Public,1753689884,"July 28, 2025 10:04 AM",2261196,38 minutes,0,0,1,0,0,0,0,0
bQK67RpnfW1qDV94,Halls + Streets,Personal Logs,Shawnzx,Public,1753680524,"July 28, 2025 7:28 AM",6663020,2 hours,0,0,1,0,0,0,1,0
2KZ4yHpv6zwfV9GB,熊 15赎罪,Personal Logs,Windfire,Public,1753678650,"July 28, 2025 6:57 AM",4321067,an hour,0,0,1,0,0,0,0,0
8NvKQnFz2pH79fPX,Mythic+ Season 3,Personal Logs,Zolur,Public,1753675885,"July 28, 2025 6:11 AM",8637809,2 hours,0,0,1,0,0,0,1,0
3FtxpTnNC6L19J4v,PTR Keys,Personal Logs,Fuzyy,Public,1753675856,"July 28, 2025 6:10 AM",9210161,3 hours,0,0,1,0,0,0,1,0
4dFMRPgLjrAJ1nCc,Mythic+ Season 3,Personal Logs,Stormkrait,Public,1753675206,"July 28, 2025 6:00 AM",5703655,2 hours,0,0,1,0,0,0,1,0
MprK7zkW9wj8ThHx,Mythic+ Season 3,Personal Logs,Voidmend,Public,1753669111,"July 28, 2025 4:18 AM",1871144,31 minutes,0,0,1,0,0,0,0,0
LpKMcV3FQvg4nTw9,Mythic+ Season 3,Personal Logs,Idsapdat1,Public,1753667633,"July 28, 2025 3:53 AM",6456026,2 hours,0,0,1,0,0,1,0,0
rB2ZhCTNyfvbGtkY,7-23-2025 PTR 7,Personal Logs,Nice,Public,1753663588,"July 28, 2025 2:46 AM",3339872,an hour,0,0,1,0,0,1,0,0
Dg8YNPGMRvWH9Zqd,Mythic+ Season 3,Personal Logs,Idsapdat1,Public,1753660407,"July 28, 2025 1:53 AM",2048803,34 minutes,0,0,1,0,0,0,0,0
JGkwjqbncMQvxPVz,SC Aug 7/27,Personal Logs,Idsapdat1,Public,1753660331,"July 28, 2025 1:52 AM",10717609,3 hours,0,0,1,0,0,0,0,0
R2F61Wh9AyqGZVdP,.,Personal Logs,Suhh7,Public,1753654728,"July 28, 2025 12:18 AM",2861681,an hour,0,0,1,0,0,0,0,0
mbGVzwT9HnQgk62A,SC Aug 7/27,Personal Logs,Idsapdat1,Public,1753654525,"July 28, 2025 12:15 AM",10717996,3 hours,0,0,1,0,0,0,0,0
kPpZhWDFNYBG4Xym,Mythic+ Season 3,Personal Logs,healsforcash,Public,1753652958,"July 27, 2025 11:49 PM",3809988,an hour,0,0,1,0,0,0,0,0
8D9vTfmwRHdrhpQ7,Mythic+ Season 3,Personal Logs,BrianG1017,Public,1753652360,"July 27, 2025 11:39 PM",5085956,an hour,0,0,1,0,0,0,0,0
3R6xg8cnJT1VrjF4,Mythic+ Season 3,Personal Logs,Idsapdat1,Public,1753650786,"July 27, 2025 11:13 PM",98322076,a day,0,0,1,0,0,1,0,0
VfBN4d6X8HMJhKAF,ptr 27/07/2025,Personal Logs,Trinitehh,Public,1753647318,"July 27, 2025 10:15 PM",8554804,2 hours,0,0,1,0,0,0,0,0
AyRGBzbj2qdk9whx,15shuzui,Personal Logs,美团搜担担面,Public,1753627713,"July 27, 2025 4:48 PM",2124357,35 minutes,0,0,1,0,0,0,0,0
TxjJVFyMm8zq9pLG,DKT 15赎罪残本,Personal Logs,Windfire,Public,1753627116,"July 27, 2025 4:38 PM",5798815,2 hours,0,0,1,0,0,0,0,0
Z9L7TKtzH1GVpAFm,26 Jul 2025_ptr tank test,Personal Logs,Grimfleur,Public,1753621328,"July 27, 2025 3:02 PM",2665506,44 minutes,0,0,1,0,0,0,0,0
86zJrTmjHAPqW1xC,27.07 - ptr,Personal Logs,ghurd,Public,1753617504,"July 27, 2025 1:58 PM",3079553,an hour,0,0,1,0,0,1,0,0
a7Q4rh2YnbqFcXvw,Mythic+ Season 3,Personal Logs,Seleucía,Public,1753599907,"July 27, 2025 9:05 AM",7846170,2 hours,0,0,1,0,0,1,1,0
3RDLAqzx2a14J6df,Mythic+ Season 3,Personal Logs,Zenogar,Public,1753598949,"July 27, 2025 8:49 AM",1210350,20 minutes,0,0,1,0,0,0,0,0
BhngcvYzwNbKW6Zt,Mythic+ Season 3,Personal Logs,Zycon_Gaming,Public,1753597056,"July 27, 2025 8:17 AM",7266915,2 hours,0,0,1,0,0,1,1,0
BPMGh8C3rkt79bmv,Mythic+ Season 3,xephs logs,xepheris,Public,1753573527,"July 27, 2025 1:45 AM",12239930,3 hours,0,0,1,0,0,0,0,0
Nj4WVdBh7c2wmbFq,12 Halls CW,Personal Logs,Idsapdat1,Public,1753571808,"July 27, 2025 1:16 AM",19253543,5 hours,0,0,1,0,0,0,0,0
RpJd9F2anrfYQAZw,Mythic+ Season 3,Personal Logs,Idsapdat1,Public,1753570535,"July 27, 2025 12:55 AM",18110289,5 hours,0,0,1,0,0,0,0,0
ak3b2PgmzXV94rR7,Mythic+ Season 3,Personal Logs,KodyNM,Public,1753570357,"July 27, 2025 12:52 AM",21723092,6 hours,0,0,1,0,0,0,0,0
cDzNHmxPkpgAVqLX,Mythic+ Season 3,Personal Logs,fyunxx,Public,1753569815,"July 27, 2025 12:43 AM",3603345,an hour,0,0,1,0,0,0,0,0
Tyn9z4HAbmhkYXfB,Mythic+ Season 3,Personal Logs,fyunxx,Public,1753567608,"July 27, 2025 12:06 AM",3603345,an hour,0,0,1,0,0,0,0,0
Zt7Yaf36JGgyAb8F,12515,Personal Logs,mellforce,Public,1753566958,"July 26, 2025 11:55 PM",12969075,4 hours,0,0,1,0,0,1,1,0
PFLk8QJVwtDZ3THa,Mythic+ Season 3,Personal Logs,Pilacolada,Public,1753566044,"July 26, 2025 11:40 PM",5601325,2 hours,0,0,1,0,0,1,0,0
Pdzcx9qZaBDbYrTW,Mythic+ Season 3,Personal Logs,Idsapdat1,Public,1753565657,"July 26, 2025 11:34 PM",13188820,4 hours,0,0,1,0,0,1,0,0
g89qyhtKBWJbGVAM,Mythic+ Season 3,xephs logs,xepheris,Public,1753565487,"July 26, 2025 11:31 PM",11200390,3 hours,0,0,1,0,0,1,1,0
dwqbyJCD6pQRWTx1,Mythic+ Season 3,Personal Logs,elpres,Public,1753563434,"July 26, 2025 10:57 PM",10377071,3 hours,0,0,1,0,0,0,0,0
paKfVFJ9bPwYtG7C,14 streets,Personal Logs,Thorrack,Public,1753563237,"July 26, 2025 10:53 PM",5189444,an hour,0,0,1,0,0,0,1,0
LGCDJratBg6ZMhRK,Mythic+ Season 3,Personal Logs,Pilacolada,Public,1753562943,"July 26, 2025 10:49 PM",2450800,41 minutes,0,0,1,0,0,0,0,0
GDzQmR4k2WtyBqJ1,Mythic+ Season 3,Personal Logs,Pilacolada,Public,1753562818,"July 26, 2025 10:46 PM",2450800,41 minutes,0,0,1,0,0,0,0,0
dH3hZ86xr2fMgtVC,熊 15赎罪没打完,Personal Logs,Windfire,Public,1753562171,"July 26, 2025 10:36 PM",3784293,an hour,0,0,1,0,0,0,0,0
P9xvCN7cbZWAwktX,Mythic+ Season 3,Personal Logs,Idsapdat1,Public,1753562161,"July 26, 2025 10:36 PM",9324804,3 hours,0,0,1,0,0,0,0,0
TRkAZcn43wrCam7P,Mythic+ Season 3,Personal Logs,Idsapdat1,Public,1753562037,"July 26, 2025 10:33 PM",9428817,3 hours,0,0,1,0,0,0,0,0
FcyrDRHvbp4hLWfX,14 hoa,Personal Logs,Thorrack,Public,1753561185,"July 26, 2025 10:19 PM",2440703,41 minutes,0,0,1,0,0,0,0,0
yTcBLAt9PVzGjYCJ,Mythic+ Season 3,Personal Logs,healsforcash,Public,1753560669,"July 26, 2025 10:11 PM",7114558,2 hours,0,0,1,0,0,1,0,0
a3g4bJBnTcVNyPhv,Mythic+ Season 3,Personal Logs,healsforcash,Public,1753560584,"July 26, 2025 10:09 PM",5080831,an hour,0,0,1,0,0,0,0,0
KtCHrkqQ8RdP3pJY,ptr key?,Personal Logs,Eldarill,Public,1753557505,"July 26, 2025 9:18 PM",7343725,2 hours,0,0,1,0,0,1,0,0
yFGv4kTZcQKHqjRC,Mythic+ Season 3,Personal Logs,vadan,Public,1753557154,"July 26, 2025 9:12 PM",4898950,an hour,0,0,1,0,0,0,1,0
3kgF2tGjZwKra9fm,ptr 26/07/2025 2,Personal Logs,Trinitehh,Public,1753556648,"July 26, 2025 9:04 PM",6584954,2 hours,0,0,1,0,0,0,0,0
yZqKvCxpYdaD9XQc,Mythic+ Season 3,Personal Logs,Idsapdat1,Public,1753554054,"July 26, 2025 8:20 PM",1591646,27 minutes,0,0,1,0,0,0,0,0
c9gTNtm2dw4vfQpB,Mythic+ Season 3,Personal Logs,KodyNM,Public,1753551109,"July 26, 2025 7:31 PM",21319148,6 hours,0,0,1,0,0,1,0,0
rWpyKcaPvnMmG14w,ptr logs 2,Reformed,grandmother_wow,Public,1753550368,"July 26, 2025 7:19 PM",3710081,an hour,0,0,1,0,0,0,0,0
Mtq1K7HxZdaRGYBp,ptr logs,Reformed,grandmother_wow,Public,1753550306,"July 26, 2025 7:18 PM",39802184,11 hours,0,0,1,0,0,0,0,0
4bfRhV3nvtayFwXp,Mythic+ Season 3,Personal Logs,jhord,Public,1753548053,"July 26, 2025 6:40 PM",511305,9 minutes,0,0,1,0,0,0,0,0
Y3ZBQrTR2kntWbpv,Mythic+ Season 3,Personal Logs,vadan,Public,1753547128,"July 26, 2025 6:25 PM",29019201,8 hours,0,0,1,0,0,1,1,0
VX6HWMjq9yRPGncd,ptr 26/07/2025,Personal Logs,Trinitehh,Public,1753544981,"July 26, 2025 5:49 PM",10257882,3 hours,0,0,1,0,0,0,0,0
FzYX1GPkaBJmLCyw,Mythic+ Season 3,Personal Logs,fyunxx,Public,1753541558,"July 26, 2025 4:52 PM",3612913,an hour,0,0,1,0,0,0,0,0
6HqgzWywJBCR7ja8,Mythic+ Season 3,Personal Logs,Hwoarang,Public,1753541038,"July 26, 2025 4:43 PM",411053,7 minutes,0,0,1,0,0,0,0,0
9nHjwMYQNAgchx8k,Mythic+ Season 3,Personal Logs,肘子斗鱼551069,Public,1753537151,"July 26, 2025 3:39 PM",8681787,2 hours,0,0,1,0,0,0,0,0
YbKn6phfkcwWdaxg,250726 HOA +15 MM,Personal Logs,Umbrellas,Public,1753534060,"July 26, 2025 2:47 PM",1758913,29 minutes,0,0,1,0,0,0,0,0
cFwqYkX8CPDZh2yN,Mythic+ Season 3,Personal Logs,fyunxx,Public,1753533072,"July 26, 2025 2:31 PM",1663147,28 minutes,0,0,1,0,0,0,0,0
2kC4aAwvW1cQ78bB,Mythic+ Season 3,Personal Logs,fyunxx,Public,1753532968,"July 26, 2025 2:29 PM",1623512,27 minutes,0,0,1,0,0,0,0,0
4yzCaMqwAcvL7rQX,Mythic+ Season 3,Personal Logs,Rasl,Public,1753529193,"July 26, 2025 1:26 PM",11458516,3 hours,0,0,1,0,0,0,0,0
XBMgWkrb1qa8cp9N,Mythic+ Season 3,Personal Logs,vadan,Public,1753527281,"July 26, 2025 12:54 PM",9269418,3 hours,0,0,1,0,0,0,1,0
YKpBZ62DgCNjdMLf,ptr 26/07/2025,Personal Logs,Trinitehh,Public,1753524913,"July 26, 2025 12:15 PM",2644106,44 minutes,0,0,1,0,0,0,0,0
GMBqRAZ4x8JVz9Qy,Mythic+ Season 3,Personal Logs,Wordpudding,Public,1753523981,"July 26, 2025 11:59 AM",6434250,2 hours,0,0,1,0,0,0,1,0
ZFLWNw3hp6vK7dyC,Mythic+ Season 3,Personal Logs,nimo4aken,Public,1753523097,"July 26, 2025 11:44 AM",2277058,38 minutes,0,0,1,0,0,0,0,0
AQB2qpVzCYjR6H4a,Mythic+ Season 3,Personal Logs,nimo4aken,Public,1753522993,"July 26, 2025 11:43 AM",1860314,31 minutes,0,0,1,0,0,0,0,0
qLYnxazfAjk7mDJt,Mythic+ Season 3,Personal Logs,Thealbatross,Public,1753519169,"July 26, 2025 10:39 AM",8082967,2 hours,0,0,1,0,0,1,0,0
B8hN3gdfVcRJ4H2a,Mythic+ Season 3,Personal Logs,Thealbatross,Public,1753519080,"July 26, 2025 10:38 AM",8082967,2 hours,0,0,1,0,0,1,0,0
2grcdYQ1K7XwAq3x,Mythic+ Season 3,Personal Logs,Tarrasche,Public,1753515894,"July 26, 2025 9:44 AM",6184805,2 hours,0,0,1,0,0,0,0,0
Wy1MHjTxabfn3vY2,Mythic+ Season 3,Personal Logs,Zenogar,Public,1753513591,"July 26, 2025 9:06 AM",8333282,2 hours,0,0,1,0,0,0,0,0
8W1mXaBbpVgN9LJ2,7-23-2025 PTR 2,Personal Logs,Nice,Public,1753511916,"July 26, 2025 8:38 AM",2711210,an hour,0,0,1,0,0,0,0,0
wjaZkVzXqr9A21Jt,Mythic+ Season 3,Personal Logs,healsforcash,Public,1753511909,"July 26, 2025 8:38 AM",2849928,an hour,0,0,1,0,0,0,0,0
rADWCjx8y4LVpF9a,Mythic+ Season 3,Personal Logs,Zenogar,Public,1753507089,"July 26, 2025 7:18 AM",1892042,32 minutes,0,0,1,0,0,0,0,0
ypjbKnf7xJ12B9cF,Mythic+ Season 3,Personal Logs,TwoSumos,Public,1753505151,"July 26, 2025 6:45 AM",3213353,an hour,0,0,1,0,0,0,0,0
xNCMqLY196HramV7,Hunters pet fucked off on Zogron,Personal Logs,Thorrack,Public,1753501637,"July 26, 2025 5:47 AM",9007094,3 hours,0,0,1,0,0,0,1,0
3QvbqL1z7wGfF4Bt,7-23-2025 PTR,Personal Logs,Nice,Public,1753500664,"July 26, 2025 5:31 AM",1921339,32 minutes,0,0,1,0,0,0,0,0
T86pCPtzGmdMXjyk,Mythic+ Season 3,Personal Logs,TwoSumos,Public,1753500022,"July 26, 2025 5:20 AM",5748794,2 hours,0,0,1,0,0,1,0,0
gCDcnwhaBNYjMqr6,Every mage pug dies on cd,Personal Logs,Thorrack,Public,1753498284,"July 26, 2025 4:51 AM",5590870,2 hours,0,0,1,0,0,0,0,0
ztjHGgRcdVw9xm17,D O T C,Personal Logs,Thorrack,Public,1753494667,"July 26, 2025 3:51 AM",2064911,34 minutes,0,0,1,0,0,0,0,0
BbfCmr1FPtLY9gaK,Mythic+ Season 3,Personal Logs,Duxk,Public,1753492235,"July 26, 2025 3:10 AM",2126504,35 minutes,0,0,1,0,0,0,0,0
Vj1zvngTbYLmrwCx,AUG IS BACK AGAIN,Personal Logs,corrisx3,Public,1753491104,"July 26, 2025 2:51 AM",3272764,an hour,0,0,1,0,0,0,0,0
1CQBNW7fFMpz4GyA,Mythic+ Season 3,Send it,PoohXanny,Public,1753469772,"July 25, 2025 8:56 PM",2427725,40 minutes,0,0,1,0,0,0,1,0
ndrLYFzbJ1AqavQ2,Mythic+ Season 3,Send it,PoohXanny,Public,1753468330,"July 25, 2025 8:32 PM",63711416,18 hours,0,0,1,0,0,1,1,0
mvfNx7DL1y3GYwnV,halls 12 priest,Personal Logs,LanaDelRandy,Public,1753463196,"July 25, 2025 7:06 PM",3854669,an hour,0,0,1,0,0,0,0,0
ZzqrLpDJ4wXA6FG8,DKT 15赎罪15天街,Personal Logs,Windfire,Public,1753462972,"July 25, 2025 7:02 PM",10257617,3 hours,0,0,1,0,0,0,1,0
8Kmfy9TJvxXPwM1C,Mythic+ Season 3,Personal Logs,vadan,Public,1753435830,"July 25, 2025 11:30 AM",1782831,30 minutes,0,0,1,0,0,0,0,0
6nBKZHmW1Cjd7f3F,Mythic+ Season 3,bili-Uiuan艺苑,hu19930209111,Public,1753434872,"July 25, 2025 11:14 AM",5378847,an hour,0,0,1,0,0,0,0,0
PnCyXkg64rQhK9zb,Mythic+ Season 3,Personal Logs,healsforcash,Public,1753426570,"July 25, 2025 8:56 AM",1428426,24 minutes,0,0,1,0,0,0,0,0
YpxLQ2KFnh4TtCAr,Mythic+ Season 3,Personal Logs,healsforcash,Public,1753426495,"July 25, 2025 8:54 AM",1951865,33 minutes,0,0,1,0,0,0,0,0
CmPn2ZvH3AWLzGMj,Mythic+ Season 3,Personal Logs,Voidmend,Public,1753424284,"July 25, 2025 8:18 AM",6460181,2 hours,0,0,1,0,0,1,1,0
BFPjGAXLc32wmQCY,Mythic+ Season 3,bili-Uiuan艺苑,hu19930209111,Public,1753415185,"July 25, 2025 5:46 AM",2656568,44 minutes,0,0,1,0,0,1,0,0
PNX7zMJF4DVrBLKR,15 HoA Dotc,Personal Logs,Thorrack,Public,1753401457,"July 25, 2025 1:57 AM",1929373,32 minutes,0,0,1,0,0,0,0,0
xzNLM9hrv3nXTbfG,Mythic+ Season 3,Personal Logs,MadK0rts,Public,1753385805,"July 24, 2025 9:36 PM",7484542,2 hours,0,0,1,0,0,0,1,0
hqaH9wmWxF4fzL7r,Mythic+ Season 3,Personal Logs,Allakatter,Public,1753383413,"July 24, 2025 8:56 PM",33054331,9 hours,0,0,1,0,0,1,1,0
w9g2vpPGRVCBNH64,Mythic+ Season 3,Personal Logs,TheMrCloven,Public,1753377511,"July 24, 2025 7:18 PM",3719430,an hour,0,0,1,0,0,0,0,0
PZ6tGgcwHTDnFAfx,yes,Personal Logs,galeuwu,Public,1753375731,"July 24, 2025 6:48 PM",27551159,8 hours,0,0,1,0,0,0,0,1
hfdYFqjxC6ygDK7k,Mythic+ Season 3,Personal Logs,Jacqueas73,Public,1753367610,"July 24, 2025 4:33 PM",12018283,3 hours,0,0,1,0,0,1,1,0
TB7mRLxvDrNGFhXM,Mythic+ Season 3,Personal Logs,MadK0rts,Public,1753357913,"July 24, 2025 1:51 PM",1890617,32 minutes,0,0,1,0,0,0,0,0
vqZTfamdQ67R4NJ1,Mythic+ Season 3,Personal Logs,MadK0rts,Public,1753357790,"July 24, 2025 1:49 PM",12890888,4 hours,0,0,1,0,0,0,0,0
MqQhZY7JRwxXt3T8,13shu zui,Personal Logs,美团搜担担面,Public,1753350544,"July 24, 2025 11:49 AM",5680717,2 hours,0,0,1,0,0,0,0,0
J7kQwx62MPZYcW89,DKT 15赎罪,Personal Logs,Windfire,Public,1753343792,"July 24, 2025 9:56 AM",8683162,2 hours,0,0,1,0,0,0,0,0
cnGmbTaQzwWYCDNV,PTR,Personal Logs,Bluenessie,Public,1753300957,"July 23, 2025 10:02 PM",5900250,2 hours,0,0,1,0,0,1,0,0
mznAhGpkNPHK9fLR,Halls runs - Bear,Personal Logs,healsforcash,Public,1753299261,"July 23, 2025 9:34 PM",8943278,2 hours,0,0,1,0,0,0,0,0
RZWFCaPYpm7bcHG4,halls12,Personal Logs,LanaDelRandy,Public,1753292226,"July 23, 2025 7:37 PM",2694746,an hour,0,0,1,0,0,0,0,0
Qzfh9KnpWYCwPxHd,mythic dungeons prog,Personal Logs,dr.wu,Public,1753291484,"July 23, 2025 7:24 PM",42476057,12 hours,0,0,1,0,0,1,1,0
jg2xJYwCd9at8h3c,Mythic+ Season 3,Personal Logs,MadK0rts,Public,1753289484,"July 23, 2025 6:51 PM",3241768,an hour,0,0,1,0,0,0,0,0
MLXBrdnfNj7tyzkh,Mythic+ Season 3,Personal Logs,Jacqueas73,Public,1753287517,"July 23, 2025 6:18 PM",14050943,4 hours,0,0,1,0,0,1,0,0
gY4KJwLckbT6Bymd,15h t,Personal Logs,美团搜担担面,Public,1753286467,"July 23, 2025 6:01 PM",10851509,3 hours,0,0,1,0,0,1,0,0
Mq1t9QhvbJAFpnVW,15h t,Personal Logs,美团搜担担面,Public,1753284459,"July 23, 2025 5:27 PM",8759368,2 hours,0,0,1,0,0,1,0,0
QtnXxFR1y9m2gzCG,DKT 15赎罪,Personal Logs,Windfire,Public,1753283413,"July 23, 2025 5:10 PM",6049179,2 hours,0,0,1,0,0,0,0,0
zNLQ7hwArFJxdWvC,15赎罪,Personal Logs,美团搜担担面,Public,1753281961,"July 23, 2025 4:46 PM",5246454,an hour,0,0,1,0,0,0,0,0
4xmPRrZ9acXWFANk,ptr 23/07/2025,Personal Logs,Trinitehh,Public,1753274869,"July 23, 2025 2:47 PM",1927203,32 minutes,0,0,1,0,0,0,0,0
G1nbhLAQ7k42WKBX,Mythic+ Season 3,Personal Logs,Hwoarang,Public,1753270338,"July 23, 2025 1:32 PM",2266699,38 minutes,0,0,1,0,0,0,0,0
jGQX6TR97c8g4VHv,Mythic+ Season 3,Personal Logs,Hwoarang,Public,1753268256,"July 23, 2025 12:57 PM",188284,3 minutes,0,0,1,0,0,0,0,0
9JKTnm1wbB3GCWQX,12赎罪,Personal Logs,美团搜担担面,Public,1753261434,"July 23, 2025 11:03 AM",5594379,2 hours,0,0,1,0,0,0,0,0
C9h7mw4MLQagGAbW,12赎罪,Personal Logs,美团搜担担面,Public,1753258297,"July 23, 2025 10:11 AM",2065432,34 minutes,0,0,1,0,0,0,0,0
LJ7RVWtwkXcaxAdr,Mythic+ Season 3,Personal Logs,Voidmend,Public,1753248691,"July 23, 2025 7:31 AM",6190689,2 hours,0,0,1,0,0,1,0,0
h9RXBpda3Z7LV1cx,14 HoA dotc,Personal Logs,Thorrack,Public,1753234706,"July 23, 2025 3:38 AM",12023635,3 hours,0,0,1,0,0,0,1,0
7kMv19TCnjAVbLy3,ptr m+ 3,Personal Logs,TomElvis,Public,1753223772,"July 23, 2025 12:36 AM",4092082,an hour,0,0,1,0,0,0,0,1
1hmQFWv8qnKjyVBD,m+ test,Personal Logs,Waalpen,Public,1753223214,"July 23, 2025 12:26 AM",2536501,42 minutes,0,0,1,0,0,0,0,0
MNgPn2YdKVLJhD61,Mythic+ Season 3,Personal Logs,MadK0rts,Public,1753223191,"July 23, 2025 12:26 AM",5106297,an hour,0,0,1,0,0,0,0,1
zQGyrZJVnHx6K4dY,Unfinished Keys Bear,Personal Logs,healsforcash,Public,1753220333,"July 22, 2025 11:38 PM",2145143,36 minutes,0,0,1,0,1,0,0,0
2QKAwvZPWRDN341J,Mythic+ Season 3,Personal Logs,stormscion,Public,1753049482,"July 21, 2025 12:11 AM",13683321,4 hours,0,0,1,0,0,1,1,0
w3VvptYr7mBkxWzd,Mythic+ Season 3,Personal Logs,randelrc,Public,1752777438,"July 17, 2025 8:37 PM",3297659,an hour,0,0,1,0,0,0,0,0
NjK2APJGdp9wDQYB,Mythic+ Season 3,Personal Logs,randelrc,Public,1752777255,"July 17, 2025 8:34 PM",10736219,3 hours,0,0,1,0,0,0,1,0
CZqQ17RxdTb3N4wf,Mythic+ Season 3,Personal Logs,MadK0rts,Public,1752753238,"July 17, 2025 1:53 PM",2872936,an hour,0,0,1,0,0,0,0,0
2BJYxbRdWaPCLKVA,Mythic+ Season 3,Personal Logs,Seleucía,Public,1752733870,"July 17, 2025 8:31 AM",8746192,2 hours,0,0,1,0,0,1,1,0
2jdW1RYNVbaL9qQT,Mythic+ Season 3,Personal Logs,Zolur,Public,1752731010,"July 17, 2025 7:43 AM",10735605,3 hours,0,0,1,0,0,1,1,0
QHZLzX6MBNcPV4Ck,Mythic+ Season 3,Personal Logs,春日影,Public,1752721535,"July 17, 2025 5:05 AM",5579208,2 hours,0,0,1,0,0,0,0,0
TAhMZb6gDRJ8QHvc,Mythic+ Season 3,Personal Logs,haywiire,Public,1752721059,"July 17, 2025 4:57 AM",13569247,4 hours,0,0,1,0,0,1,1,0
CrYPnMLZK7x1Bd8a,Mythic+ Season 3,Send it,PoohXanny,Public,1752714758,"July 17, 2025 3:12 AM",16697086,5 hours,0,0,1,0,0,1,1,0
rkd3T8HCN9KDVpyY,Mythic+ Season 3,Personal Logs,MioShimo,Public,1752710009,"July 17, 2025 1:53 AM",8797976,2 hours,0,0,1,0,0,1,0,0
gBNJm1K63Hb4akX8,Mythic+ Season 3,Personal Logs,MioShimo,Public,1752709839,"July 17, 2025 1:50 AM",8791458,2 hours,0,0,1,0,0,1,0,0
vf47jAwzGBKVp2qh,Mythic+ Season 3,Personal Logs,randelrc,Public,1752704453,"July 17, 2025 12:20 AM",2718491,an hour,0,0,1,0,0,0,0,0
BARQ8ptmxyHXWMdV,S PTR,Personal Logs,deaca,Public,1752698272,"July 16, 2025 10:37 PM",7904335,2 hours,0,0,1,0,0,0,1,0
jQ6X2RkKv7VHFJPB,Mythic+ Season 3,Personal Logs,Jacqueas73,Public,1752688364,"July 16, 2025 7:52 PM",20749320,6 hours,0,0,1,0,0,0,1,0
DNh8yZM34dAxgWrc,Mythic+ Season 3,Personal Logs,Rjzd,Public,1752687654,"July 16, 2025 7:40 PM",2120550,35 minutes,0,0,1,0,0,0,0,0
zNZqByY2MPfCrXhJ,DKT 15赎罪,Personal Logs,Windfire,Public,1752680061,"July 16, 2025 5:34 PM",5826430,2 hours,0,0,1,0,0,0,0,0
WhLkBzHMxpD1VgRJ,Mythic+ Season 3,Personal Logs,春日影,Public,1752672159,"July 16, 2025 3:22 PM",5557403,2 hours,0,0,1,0,0,0,0,0
dYRHqrQ4hFJ7cT6Z,Mythic+ Season 3,Personal Logs,Sidea,Public,1752668905,"July 16, 2025 2:28 PM",7729683,2 hours,0,0,1,0,0,0,0,0
mL7rC9kAWVDGMgF8,.,Personal Logs,Suhh7,Public,1752662331,"July 16, 2025 12:38 PM",5977416,2 hours,0,0,1,0,0,0,0,0
KJkD3NwzcvZ8bXfn,.,Personal Logs,Suhh7,Public,1752659398,"July 16, 2025 11:49 AM",3078063,an hour,0,0,1,0,0,0,0,0
qPH3BWKFrbN19JLj,Mythic+ Season 3,Personal Logs,fishgod,Public,1752658457,"July 16, 2025 11:34 AM",2445542,41 minutes,0,0,1,0,0,0,0,0
VHxK641nNw7zJWBR,Mythic+ Season 3,Personal Logs,Seleucía,Public,1752650177,"July 16, 2025 9:16 AM",9864897,3 hours,0,0,1,0,0,1,0,0
xBdNrjg8Qa26Jqch,Mythic+ Season 3,Personal Logs,Borrunir,Public,1752647102,"July 16, 2025 8:25 AM",2657620,44 minutes,0,0,1,0,0,0,0,0
CRQJzGygV9xf8H3X,Mythic+ Season 3,Personal Logs,Voidmend,Public,1752641372,"July 16, 2025 6:49 AM",2317693,39 minutes,0,0,1,0,0,0,0,0
hfqa9JRdkPTvVHbD,Mythic+ Season 3,Personal Logs,Plurl,Public,1752638891,"July 16, 2025 6:08 AM",5524922,2 hours,0,0,1,0,0,1,0,0
4V691MZ2jgnTtYKh,Mythic+ Season 3,Personal Logs,YoDaTV,Public,1752634669,"July 16, 2025 4:57 AM",16799520,5 hours,0,0,1,0,0,1,1,0
LWrRJZz62pCX81jm,Mythic+ Season 3,Personal Logs,MadK0rts,Public,1752622996,"July 16, 2025 1:43 AM",1464649,24 minutes,0,0,1,0,0,0,0,0
GcHXh2KNa3rBzJmq,attk,Personal Logs,Kessdh,Public,1752622786,"July 16, 2025 1:39 AM",6434045,2 hours,0,0,1,0,0,1,1,0
zYbtGHdFyjKZ9DMx,Mythic+ Season 3,Personal Logs,Rasl,Public,1752621916,"July 16, 2025 1:25 AM",9036148,3 hours,0,0,1,0,0,1,1,0
MLDJPf7XQF9hrGHN,Mythic+ Season 3,Personal Logs,MadK0rts,Public,1752620041,"July 16, 2025 12:54 AM",1604443,27 minutes,0,0,1,0,0,0,0,0
9AZbaFYGf4hd8x1C,tuesday ptr,Personal Logs,Zorjeff,Public,1752619484,"July 16, 2025 12:44 AM",32421019,9 hours,0,0,1,0,0,1,1,0
bQJk9FD3gajKHTpc,Mythic+ Season 3,Personal Logs,MadK0rts,Public,1752619040,"July 16, 2025 12:37 AM",607989,10 minutes,0,0,1,0,0,0,0,0
xQAJcDYVRMnLr31C,m+,Personal Logs,TomElvis,Public,1752607393,"July 15, 2025 9:23 PM",6459492,2 hours,0,0,1,0,0,1,1,0
J7w3xrM9tnF4gqKY,Mythic+ Season 3,Personal Logs,shiv613c,Public,1752601976,"July 15, 2025 7:52 PM",3359074,an hour,0,0,1,0,0,0,0,0
YRT4BGL7wkAHFxcp,쐐기,Personal Logs,SunU,Public,1752600987,"July 15, 2025 7:36 PM",1605645,27 minutes,0,0,1,0,0,0,0,0
3MAdjvQw4FLDypHg,a,Personal Logs,Juuuul,Public,1754397331,"August 5, 2025 2:35 PM",5690705,2 hours,0,0,0,1,0,0,0,1
fkaFY29wyXrbc1A6,DKT 17水闸,Personal Logs,Windfire,Public,1754388352,"August 5, 2025 12:05 PM",8316808,2 hours,0,0,0,1,0,0,0,0
CwpKRJ7mTDGvH4Wb,Mythic+ Season 3,Personal Logs,vadan,Public,1754383908,"August 5, 2025 10:51 AM",1763942,29 minutes,0,0,0,1,0,0,0,0
LnDbPa6xAZhkgjFp,Mythic+ Season 3,Personal Logs,Diolusion,Public,1754350833,"August 5, 2025 1:40 AM",5742813,2 hours,0,0,0,1,0,0,0,0
4ZqT8pW1bMwnrtPH,Mythic+ Season 3,Personal Logs,Yegu,Public,1754341065,"August 4, 2025 10:57 PM",3255595,an hour,0,0,0,1,0,0,0,0
x7KYm2gn8fMC1WTD,ptr,Personal Logs,corrisx3,Public,1754324152,"August 4, 2025 6:15 PM",10087082,3 hours,0,0,0,1,0,0,0,0
rhXnPC6MKqgBQRmV,a,Personal Logs,Juuuul,Public,1754322737,"August 4, 2025 5:52 PM",2300522,38 minutes,0,0,0,1,0,0,0,1
f3q6rGKAHh8cBpjL,250805 FLOOD +15 MM,Personal Logs,Umbrellas,Public,1754321605,"August 4, 2025 5:33 PM",1815657,30 minutes,0,0,0,1,0,0,0,0
B2mdgDKzQaJHpvYG,Mythic+ Season 3,Personal Logs,Juuuul,Public,1754320628,"August 4, 2025 5:17 PM",7302,a few seconds,0,0,0,1,0,0,0,0
XnKDZWGVaMJctRzj,15flood,Personal Logs,美团搜担担面,Public,1754278850,"August 4, 2025 5:40 AM",1797341,30 minutes,0,0,0,1,0,0,0,0
aBmHMbpF9VxhC68r,"17 Gambit, duo last boss",Personal Logs,Thorrack,Public,1754243577,"August 3, 2025 7:52 PM",9246376,3 hours,0,0,0,1,0,1,0,0
gZqnvC8Xx4c2kMYG,15 Floodgate Dotc,Personal Logs,Thorrack,Public,1754236757,"August 3, 2025 5:59 PM",2093055,35 minutes,0,0,0,1,0,0,0,0
WaygzMGXbD8hLfmA,test,Personal Logs,iluminos253,Public,1754224174,"August 3, 2025 2:29 PM",5767618,2 hours,0,0,0,1,0,0,0,0
JYwMbpXfkx6CPNaK,Mythic+ Season 3,Personal Logs,Sirnoob18,Public,1754214715,"August 3, 2025 11:51 AM",1997522,33 minutes,0,0,0,1,0,0,0,0
2nYCL7dGRKm69WzJ,Mythic+ Season 3,Personal Logs,Borrunir,Public,1754207522,"August 3, 2025 9:52 AM",7150989,2 hours,0,0,0,1,1,0,0,0
LP1hMDHxRaCdfwJK,14 Streets Ripweaving,Personal Logs,Thorrack,Public,1754203408,"August 3, 2025 8:43 AM",3173073,an hour,0,0,0,1,0,0,1,0
1pN4aPD2RfdFmtYZ,Brand Shenanigans,Personal Logs,yoloswagginzbdf,Public,1754195858,"August 3, 2025 6:37 AM",4474223,an hour,0,0,0,1,0,0,0,0
avZB81ApzWQY9RnX,Mythic+ Season 3,Personal Logs,PatrickMo,Public,1754181103,"August 3, 2025 2:31 AM",5343068,an hour,0,0,0,1,1,0,0,0
D2fnPMyzXHLwAYvK,Mythic+ Season 3,Personal Logs,MioShimo,Public,1754179232,"August 3, 2025 2:00 AM",2699629,an hour,0,0,0,1,0,0,0,0
3brNdnwPWj4xcBJk,Mythic+ Season 3,Personal Logs,MioShimo,Public,1754178926,"August 3, 2025 1:55 AM",2433397,41 minutes,0,0,0,1,0,0,0,0
azLfh7Rc6nD4vyHC,Mythic+ Season 3,Personal Logs,MadK0rts,Public,1754173371,"August 3, 2025 12:22 AM",1980065,33 minutes,0,0,0,1,1,0,0,0
aAN4xQ7J8ZtfhLPj,Mythic+ Season 3,Personal Logs,MadK0rts,Public,1754171957,"August 2, 2025 11:59 PM",596813,10 minutes,0,0,0,1,0,0,0,0
4RhkHW8Zdy2CqDzP,Mythic+ Season 3,Personal Logs,Hwoarang,Public,1754161609,"August 2, 2025 9:06 PM",560400,9 minutes,0,0,0,1,0,0,0,0
GJyhH1VPpdKLq4BW,Mythic+ Season 3,Personal Logs,Hwoarang,Public,1754161239,"August 2, 2025 9:00 PM",198485,3 minutes,0,0,0,1,0,0,0,0
cxYAjn8g6K1m3f2p,Mythic+ Season 3,Personal Logs,Kxin,Public,1754159160,"August 2, 2025 8:26 PM",5241572,an hour,0,0,0,1,0,0,0,1
PaTzx6N9m8MH4pcQ,Mythic+ Season 3,Personal Logs,Gio_KW,Public,1754154153,"August 2, 2025 7:02 PM",7929346,2 hours,0,0,0,1,0,1,0,0
Zf4FzY7PgyrBTbpC,Mythic+ Season 3,Personal Logs,Gio_KW,Public,1754154077,"August 2, 2025 7:01 PM",7929346,2 hours,0,0,0,1,0,1,0,0
n16bkfFhPcjR3d9z,16chuan,Personal Logs,美团搜担担面,Public,1754149452,"August 2, 2025 5:44 PM",6966979,2 hours,0,0,0,1,0,0,0,1
9VLFwDQyZqJR6NnA,Mythic+ Season 3,Personal Logs,Warlockshawn,Public,1754145756,"August 2, 2025 4:42 PM",3101789,an hour,0,0,0,1,0,0,0,0
TNZcawQyzF9HpgdB,15shui zha,Personal Logs,美团搜担担面,Public,1754144367,"August 2, 2025 4:19 PM",2057125,34 minutes,0,0,0,1,0,0,0,0
HTXr81kJgCMdRjm9,Mythic+ Season 3,Personal Logs,Leamonde,Public,1754115344,"August 2, 2025 8:15 AM",1832112,31 minutes,0,0,0,1,0,0,0,0
n7YgyxLVbmd1wfkJ,Mythic+ Season 3,Personal Logs,Idsapdat1,Public,1754086163,"August 2, 2025 12:09 AM",576915,10 minutes,0,0,0,1,0,0,0,0
3tXNpmfw4ynH1QGa,Mythic+ Season 3,Personal Logs,ricardowarrior,Public,1754082633,"August 1, 2025 11:10 PM",1744628,29 minutes,0,0,0,1,0,0,0,0
zH1QwjRPCL3tvKXm,Mythic+ Season 3,Personal Logs,Dillywow,Public,1754082320,"August 1, 2025 11:05 PM",16913100,5 hours,0,0,0,1,0,1,0,0
agZ2xkYyhw89tcpK,Mythic+ Season 3,Personal Logs,Saylar,Public,1754077271,"August 1, 2025 9:41 PM",23208305,6 hours,0,0,0,1,0,0,1,0
9pkZA38jhYaP2R7d,Mythic+ Season 3,Personal Logs,MioShimo,Public,1754064549,"August 1, 2025 6:09 PM",10596526,3 hours,0,0,0,1,0,0,0,1
1xACwnvpPGjTyf7D,Mythic+ Season 3,Personal Logs,Gio_KW,Public,1754054823,"August 1, 2025 3:27 PM",7461336,2 hours,0,0,0,1,0,1,0,0
dpWBA1LxwyJPzTgF,ptr,Personal Logs,SirHench,Public,1754054585,"August 1, 2025 3:23 PM",2286392,38 minutes,0,0,0,1,0,0,0,0
RCwG2AQ3YqK4XM9T,16 Flood Dotc,Personal Logs,Thorrack,Public,1753996410,"July 31, 2025 11:13 PM",2030776,34 minutes,0,0,0,1,0,0,0,0
ztfCNH6QRJcq1YkM,Mythic+ Season 3,Personal Logs,icewind322,Public,1753994710,"July 31, 2025 10:45 PM",8154993,2 hours,0,0,0,1,1,0,0,1
6YDMhT3PxVNbd8mR,Mythic+ Season 3,Personal Logs,Hwoarang,Public,1753976988,"July 31, 2025 5:49 PM",1106560,18 minutes,0,0,0,1,0,0,0,0
aHr4YQ2WcAykh7PJ,Mythic+ Season 3,Personal Logs,Hwoarang,Public,1753976063,"July 31, 2025 5:34 PM",674884,11 minutes,0,0,0,1,0,0,0,0
KCfGgdYyx9nhMWRj,Mythic+ Season 3,Personal Logs,vadan,Public,1753955104,"July 31, 2025 11:45 AM",5156252,an hour,0,0,0,1,0,0,0,0
Rcnfmt6vP9pbDBrw,Mythic+ Season 3,Personal Logs,Leamonde,Public,1753950560,"July 31, 2025 10:29 AM",5302214,an hour,0,0,0,1,0,1,1,0
kRqxGNABVLWC2nyf,Mythic+ Season 3,Personal Logs,Yechongyue,Public,1753943446,"July 31, 2025 8:30 AM",5344888,an hour,0,0,0,1,0,0,0,0
Ty8D3k4m9nVvZX1f,.,Personal Logs,Suhh7,Public,1753925868,"July 31, 2025 3:37 AM",3311626,an hour,0,0,0,1,0,1,0,0
KqYCbdJm9tzFALPR,Mythic+ Season 3,Personal Logs,JayZonday,Public,1753924133,"July 31, 2025 3:08 AM",34393896,10 hours,0,0,0,1,0,1,0,0
DfJMmC1nGXby69PH,15 Floodgate,Personal Logs,Thorrack,Public,1753912330,"July 30, 2025 11:52 PM",2480366,41 minutes,0,0,0,1,0,0,0,0
dGNzRB3ykn76vb48,Mythic+ Season 3,Personal Logs,Andronico,Public,1753895912,"July 30, 2025 7:18 PM",5163356,an hour,0,0,0,1,0,0,0,0
FWP1jYGDQkZ3NMt9,16zha,Personal Logs,美团搜担担面,Public,1753869540,"July 30, 2025 11:59 AM",6805869,2 hours,0,0,0,1,0,1,0,0
YvhVBJ7zcbN1xjrp,Mythic+ Season 3,Personal Logs,Dillywow,Public,1753841705,"July 30, 2025 4:15 AM",4062899,an hour,0,0,0,1,0,1,0,0
z7RmdM8kfJVv6pjn,Mythic+ Season 3,Personal Logs,Dillywow,Public,1753841669,"July 30, 2025 4:14 AM",4062899,an hour,0,0,0,1,0,1,0,0
wjaVm78kFGZANcMy,ptr 22/07/2025,Personal Logs,Trinitehh,Public,1753219292,"July 22, 2025 11:21 PM",3907772,an hour,0,0,0,1,1,0,0,0
hpx7yN6KHwb3djMB,Mythic+ Season 3,Personal Logs,vadan,Public,1753216563,"July 22, 2025 10:36 PM",1598493,27 minutes,0,0,0,1,0,0,0,0
Zmr7ajAhMfbtLXqk,Mythic+ Season 3,Personal Logs,vadan,Public,1753212292,"July 22, 2025 9:24 PM",1593612,27 minutes,0,0,0,1,0,0,0,0
c3VkCLqrFpXv1HnM,Mythic+ Season 3,Personal Logs,vadan,Public,1753188637,"July 22, 2025 2:50 PM",2401899,40 minutes,0,0,0,1,0,0,0,0
zVK9R4a7N2DcCrbB,Mythic+ Season 3,Personal Logs,MadK0rts,Public,1753182740,"July 22, 2025 1:12 PM",3481320,an hour,0,0,0,1,0,0,0,0
HzJF8RWNT6X4xGYv,Mythic+ Season 3,Personal Logs,ricardowarrior,Public,1753181459,"July 22, 2025 12:50 PM",1685116,28 minutes,0,0,0,1,0,0,0,0
pb7QFH9BxJmGZcRw,14 Floodgate Dotc Ripweaving,Personal Logs,Thorrack,Public,1753159392,"July 22, 2025 6:43 AM",1670381,28 minutes,0,0,0,1,0,0,0,0
74qpZxNdRAj9MF8W,Mythic+ Season 3,Personal Logs,Hwoarang,Public,1753134804,"July 21, 2025 11:53 PM",13528825,4 hours,0,0,0,1,0,0,0,0
VC24GnywdFBPtcpZ,ptr stuff 21/07/2025,Personal Logs,Trinitehh,Public,1753134486,"July 21, 2025 11:48 PM",3121717,an hour,0,0,0,1,0,0,0,0
PwKBV8nfDF7cXMt4,ptr stuff 21/07/2025,Personal Logs,Trinitehh,Public,1753127267,"July 21, 2025 9:47 PM",4691312,an hour,0,0,0,1,1,0,0,0
vW2k8TqQgVfAhJyC,ptr stuff 21/07/2025,Personal Logs,Trinitehh,Public,1753122611,"July 21, 2025 8:30 PM",3360816,an hour,0,0,0,1,1,0,0,0
BqZWF9ch4nkHCAgr,Mythic+ Season 3,Personal Logs,Jacqueas73,Public,1753112976,"July 21, 2025 5:49 PM",3731795,an hour,0,0,0,1,0,0,0,0
Zp6V2hARaxXtLjBg,Mythic+ Season 3,Personal Logs,Foolseal,Public,1753095627,"July 21, 2025 1:00 PM",8559685,2 hours,0,0,0,1,0,0,0,0
HCyTzpPBdw6aYmGA,Mythic+ Season 3,Personal Logs,Gio_KW,Public,1753037913,"July 20, 2025 8:58 PM",5244802,an hour,0,0,0,1,0,0,0,1
ZJx1MkNV4RyDAbwK,Floodgate and Dawnbreaker +14s Bear,Personal Logs,healsforcash,Public,1753037414,"July 20, 2025 8:50 PM",3516323,an hour,0,0,0,1,0,0,0,1
3yhTJXjgQPMD2ZBa,Mythic+ Season 3,Personal Logs,momokido,Public,1753034961,"July 20, 2025 8:09 PM",2112719,35 minutes,0,0,0,1,0,0,0,0
fnxcHzPNADjaqKYh,Mythic+ Season 3,Personal Logs,vadan,Public,1753033216,"July 20, 2025 7:40 PM",3806161,an hour,0,0,0,1,0,0,0,0
qmja9PczFxAr3WT1,Mythic+ Season 3,Count Cave,crippsys,Public,1753027425,"July 20, 2025 6:03 PM",1235655,21 minutes,0,0,0,1,0,0,0,0
rkJxWynKbqP9ALat,ptr day 2,Personal Logs,Trinitehh,Public,1753026209,"July 20, 2025 5:43 PM",2041834,34 minutes,0,0,0,1,0,0,0,0
YXJjRGLDkt2fpzhv,Mythic+ Season 3,Personal Logs,vadan,Public,1753024147,"July 20, 2025 5:09 PM",3725530,an hour,0,0,0,1,1,0,0,0
VkabpZhFr6TqR2MN,250720 FLOOD +15 MM,Personal Logs,Umbrellas,Public,1753024069,"July 20, 2025 5:07 PM",3958741,an hour,0,0,0,1,0,0,0,0
JVdjRZp7CBDWgm4G,Mythic+ Season 3,Personal Logs,jassxqt,Public,1753008395,"July 20, 2025 12:46 PM",5297575,an hour,0,0,0,1,0,0,0,1
Cg82t3RF9nLAx7Pw,Mythic+ Season 3,Personal Logs,Kigalion,Public,1752990579,"July 20, 2025 7:49 AM",4289124,an hour,0,0,0,1,0,0,0,0
V6CqD4w3r12cRXbv,Mythic+ Season 3,Personal Logs,Voidmend,Public,1752987686,"July 20, 2025 7:01 AM",1653186,28 minutes,0,0,0,1,0,0,0,0
QGXdTfFpkYgwrKPZ,ptr idk,Personal Logs,Trinitehh,Public,1752965980,"July 20, 2025 12:59 AM",10015085,3 hours,0,0,0,1,1,0,0,0
HpL2tGrJyM41KWXA,Mythic+ Season 3,Personal Logs,haywiire,Public,1752960472,"July 19, 2025 11:27 PM",17878139,5 hours,0,0,0,1,0,0,0,1
NACatHLmjp26Bb49,Mythic+ Season 3,Personal Logs,momokido,Public,1752932892,"July 19, 2025 3:48 PM",2665314,44 minutes,0,0,0,1,0,0,0,0
v94LFK3crXNWxhBn,Mythic+ Season 3,Personal Logs,bauer.ren.a,Public,1752905755,"July 19, 2025 8:15 AM",5176087,an hour,0,0,0,1,0,0,0,0
zkNwBaXCKcrQPWjY,no affix lmfao,Personal Logs,Thorrack,Public,1752891353,"July 19, 2025 4:15 AM",831549,14 minutes,0,0,0,1,0,0,0,0
PkV8ahdrfFZcpnTb,Mythic+ Season 3,Personal Logs,MadK0rts,Public,1752874694,"July 18, 2025 11:38 PM",494116,8 minutes,0,0,0,1,0,0,0,0
CQntTk7j9ywD384Z,.,Personal Logs,Suhh7,Public,1752858900,"July 18, 2025 7:15 PM",6520447,2 hours,0,0,0,1,1,0,0,0
f1dj6nHygMc7JRb3,0.0,Personal Logs,Yegu,Public,1752839901,"July 18, 2025 1:58 PM",3523906,an hour,0,0,0,1,0,0,0,0
cdD32QXz9P7gwGmT,Mythic+ Season 3,Personal Logs,Yegu,Public,1752839794,"July 18, 2025 1:56 PM",2331171,39 minutes,0,0,0,1,0,0,0,0
h93FwpAdqPRkfz46,Mythic+ Season 3,Personal Logs,Molemidezhu,Public,1752838894,"July 18, 2025 1:41 PM",1706615,28 minutes,0,0,0,1,0,0,0,0
qPzyZ9r782AmQ6TR,Mythic+ Season 3,Personal Logs,randelrc,Public,1752793874,"July 18, 2025 1:11 AM",2114008,35 minutes,0,0,0,1,0,0,0,0
jQnyLAv4tNgRzhPK,Mythic+ Season 3,Personal Logs,tyujrtuy,Public,1752334262,"July 12, 2025 5:31 PM",21151148,6 hours,0,0,0,1,1,0,0,1
fCgR8Vh2YdNwHqny,ptr,Personal Logs,Alfaburger,Public,1752155305,"July 10, 2025 3:48 PM",4953511,an hour,0,0,0,1,0,0,0,1
mPnjVAqgWzyBaXQK,Mythic+ Season 3,Personal Logs,Sidea,Public,1751991524,"July 8, 2025 6:18 PM",3064150,an hour,0,0,0,1,0,0,0,1
BQPaMCTvj2bJdRkp,fq,Personal Logs,jbw8229,Public,1751950281,"July 8, 2025 6:51 AM",28246796,8 hours,0,0,0,1,1,0,0,0
ArCY2MDBv3hf4Zdy,Mythic+ Season 3,Personal Logs,Foolseal,Public,1751939374,"July 8, 2025 3:49 AM",3129438,an hour,0,0,0,1,0,0,0,0
V6DhakKz4YZGNjcg,250708 FLOOD +12 MM,Personal Logs,Umbrellas,Public,1751938840,"July 8, 2025 3:40 AM",1888649,31 minutes,0,0,0,1,0,0,0,0
zfPJ4y8wnMrZqd12,Mythic+ Season 3,Personal Logs,ricardowarrior,Public,1751933512,"July 8, 2025 2:11 AM",6156336,2 hours,0,0,0,1,0,0,0,1
RMB24VWCnzPtdmAv,Mythic+ Season 3,Personal Logs,ricardowarrior,Public,1751933423,"July 8, 2025 2:10 AM",6156336,2 hours,0,0,0,1,0,0,0,1
qTyKxcWpdPXDagCG,12 Flood Brew,Personal Logs,Humble11278,Public,1751931132,"July 8, 2025 1:32 AM",1866464,31 minutes,0,0,0,1,0,0,0,0
XDGfktr4cv8gYaxz,m+ ptr,Personal Logs,TomElvis,Public,1751909577,"July 7, 2025 7:32 PM",2094164,35 minutes,0,0,0,1,0,0,0,0
v1Xq479B3GTWJNLn,Mythic+ Season 3,Chaotic Aftermath,mrbadman,Public,1751909471,"July 7, 2025 7:31 PM",7583641,2 hours,0,0,0,1,0,0,0,0
gxVt9FmzaMdchPvB,Mythic+ Season 3,Personal Logs,Wordpudding,Public,1751905574,"July 7, 2025 6:26 PM",6445252,2 hours,0,0,0,1,0,0,0,1
nQcyDWktYfPpjKqH,DKT 15破晨号15水闸,Personal Logs,Windfire,Public,1751905467,"July 7, 2025 6:24 PM",6629364,2 hours,0,0,0,1,0,0,0,1
pxDwgvCPQKJFdBWM,Mythic+ Season 3,Personal Logs,momokido,Public,1751905315,"July 7, 2025 6:21 PM",2794266,an hour,0,0,0,1,0,0,0,1
LCT8AVXNQzfcPxdH,Mythic+ Season 3,Personal Logs,ricardowarrior,Public,1751904294,"July 7, 2025 6:04 PM",13421078,4 hours,0,0,0,1,1,0,0,0
gGHr61zNCJw9xMbd,DKT 水闸14+1,Personal Logs,Windfire,Public,1751891535,"July 7, 2025 2:32 PM",2765021,an hour,0,0,0,1,0,0,0,0
qJP378yt94bHVkzM,Mythic+ Season 3,Personal Logs,juticed,Public,1751881753,"July 7, 2025 11:49 AM",2368113,39 minutes,0,0,0,1,0,0,0,0
HLZhmWkAqtKGMvdb,Mythic+ Season 3,Personal Logs,ifixxed,Public,1751868792,"July 7, 2025 8:13 AM",8661136,2 hours,0,0,0,1,1,0,0,1
YywrCxGXqzgbjMhA,Mythic+ Season 3,Personal Logs,Zeppe,Public,1751849719,"July 7, 2025 2:55 AM",1769777,29 minutes,0,0,0,1,0,0,0,0
d1nGfw8XkV4vBMCY,Mythic+ Season 3,Personal Logs,MadK0rts,Public,1754396655,"August 5, 2025 2:24 PM",11154738,3 hours,0,0,0,0,1,1,1,1
zydLC2jrWxXTKaG9,Mythic+ Season 3,Personal Logs,MadK0rts,Public,1754387510,"August 5, 2025 11:51 AM",1997101,33 minutes,0,0,0,0,1,0,0,0
mcPhar3fVM6tKJbg,Mythic+ Season 3,Personal Logs,MadK0rts,Public,1754273496,"August 4, 2025 4:11 AM",5229014,an hour,0,0,0,0,1,1,0,1
ACTDJPhK8F4a9BdL,Mythic+ Season 3,Personal Logs,MadK0rts,Public,1754271647,"August 4, 2025 3:40 AM",3377388,an hour,0,0,0,0,1,0,0,1
b4Z2T9dmQc8Ykjpg,Mythic+ Season 3,Personal Logs,Darragh,Public,1754250996,"August 3, 2025 9:56 PM",10365550,3 hours,0,0,0,0,1,1,1,1
GAHCFjDfYnhtX1Nk,Mythic+ Season 3,Personal Logs,Sirnoob18,Public,1754244850,"August 3, 2025 8:14 PM",1877146,31 minutes,0,0,0,0,1,0,0,0
M7vyBC6nV8PpxQ2m,DKT 13隐修院（萨莱茵割草）,Personal Logs,Windfire,Public,1754221826,"August 3, 2025 1:50 PM",1868026,31 minutes,0,0,0,0,1,0,0,0
hNK9LDvb3FC2ZA1x,Mythic+ Season 3,Personal Logs,jajimentol,Public,1754221354,"August 3, 2025 1:42 PM",17140867,5 hours,0,0,0,0,1,0,0,0
VHvBTzaqC2fdXbtQ,Mythic+ Season 3,Personal Logs,EV0luti0nz,Public,1754215450,"August 3, 2025 12:04 PM",7227025,2 hours,0,0,0,0,1,1,1,0
1HZ7ByqvM6xprNbF,Mythic+ Season 3,Personal Logs,Jacqueas73,Public,1754155647,"August 2, 2025 7:27 PM",21375285,6 hours,0,0,0,0,1,0,1,0
PNn8myRYkaTxb4BC,Mythic+ Season 3,Personal Logs,Stαbbyfaceδ,Public,1754155332,"August 2, 2025 7:22 PM",387009,6 minutes,0,0,0,0,1,0,0,0
4PMrB3pNqvbKZj7Q,16 priory xd take 2,Personal Logs,Nice,Public,1754123459,"August 2, 2025 10:30 AM",4123546,an hour,0,0,0,0,1,0,0,0
3FnzyKc1bqaNjR4J,16 priory,Personal Logs,Nice,Public,1754123413,"August 2, 2025 10:30 AM",4123546,an hour,0,0,0,0,1,0,0,0
Zt2YH4FVAz6Tpy9j,15 priory no afffix,Personal Logs,Nice,Public,1754120808,"August 2, 2025 9:46 AM",1630009,27 minutes,0,0,0,0,1,0,0,0
FDymGrn83qWVR7LY,Mythic+ Season 3,Bank of Kate,renanthera,Public,1754111959,"August 2, 2025 7:19 AM",2838878,an hour,0,0,0,0,1,0,0,0
rX3AKnT9ZWCHakPj,Mythic+ Season 3,Bank of Kate,renanthera,Public,1754111531,"August 2, 2025 7:12 AM",2380065,40 minutes,0,0,0,0,1,0,0,0
vdnkrFNahZQ8gqLY,Mythic+ Season 3,Personal Logs,Stormkrait,Public,1754041342,"August 1, 2025 11:42 AM",4382782,an hour,0,0,0,0,1,0,0,0
8BVK7djxkhAbapw4,Mythic+ Season 3,Personal Logs,Fracasso,Public,1754021388,"August 1, 2025 6:09 AM",9820957,3 hours,0,0,0,0,1,0,0,0
HbYAtWLDR7Xm6Bz1,Mythic+ Season 3,Personal Logs,Arkanigth,Public,1754021381,"August 1, 2025 6:09 AM",5985791,2 hours,0,0,0,0,1,0,1,0
tFm1rbHKAQa9jXzd,ptr 31/07/2025,Personal Logs,Trinitehh,Public,1753973451,"July 31, 2025 4:50 PM",1320401,22 minutes,0,0,0,0,1,0,0,0
2Xnmcy7qNBQbfRxa,15修道院,Personal Logs,美团搜担担面,Public,1753964571,"July 31, 2025 2:22 PM",1802154,30 minutes,0,0,0,0,1,0,0,0
JwWaA96mdxV1gXvY,Mythic+ Season 3,Personal Logs,Wordpudding,Public,1753958832,"July 31, 2025 12:47 PM",7858571,2 hours,0,0,0,0,1,1,0,1
6wdP4J9QKbrV27qW,Mythic+ Season 3,Personal Logs,Yechongyue,Public,1753956028,"July 31, 2025 12:00 PM",5724214,2 hours,0,0,0,0,1,0,0,1
bTFmxjQ78M1rnGCk,DKT 17隐修院,Personal Logs,Windfire,Public,1753951246,"July 31, 2025 10:40 AM",2187803,36 minutes,0,0,0,0,1,0,0,0
6zqHxaVNkCK7AMv9,Mythic+ Season 3,Personal Logs,Oleneboi,Public,1753895596,"July 30, 2025 7:13 PM",3648100,an hour,0,0,0,0,1,0,0,0
MfrQc7JDLnt6TCNV,ptr 16 priory,Personal Logs,TomElvis,Public,1753223567,"July 23, 2025 12:32 AM",2273435,38 minutes,0,0,0,0,1,0,0,0
gcB4MWmAGyR96wjq,14 suspicious priory dotc ripweaving,Personal Logs,Thorrack,Public,1753217244,"July 22, 2025 10:47 PM",2215160,37 minutes,0,0,0,0,1,0,0,0
cB9Ndy8ZDpAmaGt6,+14 Bear Priory,Personal Logs,healsforcash,Public,1753216873,"July 22, 2025 10:41 PM",2813287,an hour,0,0,0,0,1,0,0,0
A6zcXgvDbNdf3CTY,250722 PSF +16 MM,Personal Logs,Umbrellas,Public,1753178233,"July 22, 2025 11:57 AM",3291920,an hour,0,0,0,0,1,0,0,0
4J8GHCk9mTQdZvnX,testing brew talents,Daves Scuffed Pug Routes,otbdave,Public,1753155855,"July 22, 2025 5:44 AM",2806730,an hour,0,0,0,0,1,0,0,0
fvyJPVFM6rAKtBnm,Mythic+ Season 3,Personal Logs,Crazytotz,Public,1753116367,"July 21, 2025 6:46 PM",2415930,40 minutes,0,0,0,0,1,0,0,0
296zHqfp3KywdAxr,Mythic+ Season 3,Personal Logs,KodyNM,Public,1753041615,"July 20, 2025 10:00 PM",5759040,2 hours,0,0,0,0,1,0,0,0
aMmRYBcTj6ZAJ9rC,ptr day 2,Personal Logs,Trinitehh,Public,1753032389,"July 20, 2025 7:26 PM",1672481,28 minutes,0,0,0,0,1,0,0,0
Pdmh1y2t6Qk7WXVF,ptr day 2,Personal Logs,Trinitehh,Public,1753028264,"July 20, 2025 6:17 PM",2721273,an hour,0,0,0,0,1,0,0,0
z1w6Gfd4xDyHTLYv,PTR Priest,Personal Logs,Icolann,Public,1752967560,"July 20, 2025 1:26 AM",12791866,4 hours,0,0,0,0,1,0,0,0
trBRFzvxbGnTV3f1,Mythic+ Season 3,Personal Logs,Stormkrait,Public,1752963194,"July 20, 2025 12:13 AM",1324857,22 minutes,0,0,0,0,1,0,0,0
P7A9NGc2mkgDq4Rz,+14 Priory Bear,Personal Logs,healsforcash,Public,1752961235,"July 19, 2025 11:40 PM",2617041,44 minutes,0,0,0,0,1,0,0,0
DYk3JT2rqCw7KzgP,Mythic+ Season 3,Personal Logs,Asertop,Public,1752961011,"July 19, 2025 11:36 PM",4124084,an hour,0,0,0,0,1,0,0,0
T1HbhZJ2Bgz89wdG,Mythic+ Season 3,Personal Logs,healsforcash,Public,1752952688,"July 19, 2025 9:18 PM",5195718,an hour,0,0,0,0,1,0,0,1
nvrF7C82bT13yhNP,Mythic+ Season 3,Personal Logs,healsforcash,Public,1752934771,"July 19, 2025 4:19 PM",5412514,2 hours,0,0,0,0,1,0,0,0
qtdYaN8ApwjyLMG7,Mythic+ Season 3,Personal Logs,Zeppe,Public,1752888249,"July 19, 2025 3:24 AM",5283980,an hour,0,0,0,0,1,0,0,0
WRMXFyYw3fq9vZJa,Mythic+ Season 3,Personal Logs,Zeppe,Public,1752885012,"July 19, 2025 2:30 AM",2062204,34 minutes,0,0,0,0,1,0,0,0
cBFPZMpWK6yQfGbn,Mythic+ Season 3,Personal Logs,Zeppe,Public,1752881638,"July 19, 2025 1:33 AM",2161868,36 minutes,0,0,0,0,1,0,0,0
9C8AzDMgvtTZwQca,Mythic+ Season 3,Chaotic Aftermath,mrbadman,Public,1752861934,"July 18, 2025 8:05 PM",4594951,an hour,0,0,0,0,1,0,0,1
2Yp7vNmycBWHKwFb,Mythic+ Season 3,Personal Logs,healsforcash,Public,1752857985,"July 18, 2025 6:59 PM",2385219,40 minutes,0,0,0,0,1,0,0,0
KZHDpgzY29cfX7rT,Mythic+ Season 3,long1216,luo1216,Public,1752839027,"July 18, 2025 1:43 PM",4018847,an hour,0,0,0,0,1,0,0,1
M7mfYpKAacHdFhVk,Mythic+ Season 3,Personal Logs,KodyNM,Public,1752825996,"July 18, 2025 10:06 AM",1629470,27 minutes,0,0,0,0,1,0,0,0
r1KdNBHgA6Fch23Z,Mythic+ Season 3,Personal Logs,Foolseal,Public,1752822403,"July 18, 2025 9:06 AM",2476346,41 minutes,0,0,0,0,1,0,0,0
hCY3NABq4rxP8waF,Mythic+ Season 3,Personal Logs,Stormkrait,Public,1752802262,"July 18, 2025 3:31 AM",3408009,an hour,0,0,0,0,1,0,0,0
QCLHZ2zKhDFn4WJR,250708 PSF +12 MM,Personal Logs,Umbrellas,Public,1751952243,"July 8, 2025 7:24 AM",1321824,22 minutes,0,0,0,0,1,0,0,0
aKhrVXHJyMwBWzgG,Mythic+ Season 3,Personal Logs,Hwoarang,Public,1751903260,"July 7, 2025 5:47 PM",2291104,38 minutes,0,0,0,0,1,0,0,0
NzxK4DQnZHPTWMmt,DKT 隐修院15,Personal Logs,Windfire,Public,1751891424,"July 7, 2025 2:30 PM",5277782,an hour,0,0,0,0,1,0,0,0
nbpcvLM31aVtmXDH,Mythic+ Season 3,Personal Logs,Sirnoob18,Public,1754314337,"August 4, 2025 3:32 PM",2075877,35 minutes,0,0,0,0,0,1,0,0
ALjxVZqC1Knfc3QJ,Mythic+ Season 3,Personal Logs,Gio_KW,Public,1754253068,"August 3, 2025 10:31 PM",3541801,an hour,0,0,0,0,0,1,1,0
cVMw7tmgdP9WaGNk,Mythic+ Season 3,Personal Logs,jajimentol,Public,1754243074,"August 3, 2025 7:44 PM",1852143,31 minutes,0,0,0,0,0,1,0,0
Vj74HBa1XvkdhFRw,Mythic+ Season 3,Personal Logs,rappr,Public,1754231490,"August 3, 2025 4:31 PM",1814498,30 minutes,0,0,0,0,0,1,0,0
HAfygx7MXVY3BKTk,250803 GMBT +15 BM,Personal Logs,Umbrellas,Public,1754224911,"August 3, 2025 2:41 PM",4765229,an hour,0,0,0,0,0,1,0,0
xgK43aGd6Df8t9mh,18hong tu,Personal Logs,美团搜担担面,Public,1754216196,"August 3, 2025 12:16 PM",9288169,3 hours,0,0,0,0,0,1,1,0
FjAfY3G6whQmgrT4,Mythic+ Season 3,Personal Logs,EV0luti0nz,Public,1754215807,"August 3, 2025 12:10 PM",11087179,3 hours,0,0,0,0,0,1,1,0
M9XdxCQj1PR4Jtcg,18hong tu,Personal Logs,美团搜担担面,Public,1754210539,"August 3, 2025 10:42 AM",3681257,an hour,0,0,0,0,0,1,1,0
fhqWN2wLz7jgb4xr,Mythic+ Season 3,Personal Logs,Furinax Tribe,Public,1754203571,"August 3, 2025 8:46 AM",3384592,an hour,0,0,0,0,0,1,0,0
aR7pcVHB4zZhG29D,14 gambit,Personal Logs,Nice,Public,1754187516,"August 3, 2025 4:18 AM",3866225,an hour,0,0,0,0,0,1,0,0
MyWrF6Tbpgzn1j7K,Mythic+ Season 3,Personal Logs,Yegu,Public,1754168260,"August 2, 2025 10:57 PM",3386850,an hour,0,0,0,0,0,1,0,0
gpw7TN1LhtBD9ajv,17 Gambino,Personal Logs,Thorrack,Public,1754152882,"August 2, 2025 6:41 PM",2074089,35 minutes,0,0,0,0,0,1,0,0
Xp1bt2P7DhyYndrV,Mythic+ Season 3,Personal Logs,yoloswagginzbdf,Public,1754114657,"August 2, 2025 8:04 AM",20959905,6 hours,0,0,0,0,0,1,0,0
hDpaqWcdMFC6mfYN,Mythic+ Season 3,Personal Logs,Voidmend,Public,1754107550,"August 2, 2025 6:05 AM",4513573,an hour,0,0,0,0,0,1,0,1
1WtkVfKc7RGZLvAw,Mythic+ Season 3,Personal Logs,Shadowdash,Public,1754088636,"August 2, 2025 12:50 AM",3437728,an hour,0,0,0,0,0,1,0,0
nkLfhcK2P4YzAtwN,16 Dawn Dotc,Personal Logs,Thorrack,Public,1754087414,"August 2, 2025 12:30 AM",5948628,2 hours,0,0,0,0,0,1,0,1
1aW2kfvpMyNDwX3R,250802 GMBT +16 MM,Personal Logs,Umbrellas,Public,1754085560,"August 1, 2025 11:59 PM",1700339,28 minutes,0,0,0,0,0,1,0,0
mQV7TNGzDkxv2WMP,Mythic+ Season 3,Personal Logs,Dillywow,Public,1754077244,"August 1, 2025 9:40 PM",10975693,3 hours,0,0,0,0,0,1,0,0
bQkDJLdGfNTXVzpB,Mythic+ Season 3,Personal Logs,Dillywow,Public,1754077200,"August 1, 2025 9:40 PM",10975693,3 hours,0,0,0,0,0,1,0,0
ARJkzwjFvc163NWY,Mythic+ Season 3,Personal Logs,IceFresh,Public,1754034720,"August 1, 2025 9:52 AM",3805788,an hour,0,0,0,0,0,1,0,0
fMz3rTy2Ygxa68k9,DKT 16宏图,Personal Logs,Windfire,Public,1754028867,"August 1, 2025 8:14 AM",3008627,an hour,0,0,0,0,0,1,0,0
4hxWQM1pGZCzgm9t,ShamanKeys,House of Dragons,Suwoop,Public,1754003296,"August 1, 2025 1:08 AM",5906526,2 hours,0,0,0,0,0,1,0,1
Qcx9W4gKrAFDwN8Y,Mythic+ Season 3,Personal Logs,Idsapdat1,Public,1753987537,"July 31, 2025 8:45 PM",156202320,2 days,0,0,0,0,0,1,0,0
qTmJD63hNLAgxz4v,DKT 16天街,Personal Logs,Windfire,Public,1753973261,"July 31, 2025 4:47 PM",6850916,2 hours,0,0,0,0,0,1,1,0
AQdNM1hKfzFwabCt,DKT 17破晨17宏图,Personal Logs,Windfire,Public,1753951006,"July 31, 2025 10:36 AM",4246479,an hour,0,0,0,0,0,1,0,1
KhGtjFwZq9QWHvCy,Mythic+ Season 3,Personal Logs,AngryMidget,Public,1753915978,"July 31, 2025 12:52 AM",2071960,35 minutes,0,0,0,0,0,1,1,0
3ZJyXnMD2NV1RCvm,Mythic+ Season 3,Personal Logs,Zolur,Public,1753889556,"July 30, 2025 5:32 PM",5039351,an hour,0,0,0,0,0,1,0,0
WkcxdbaZCpVRTQM8,Mythic+ Season 3,Personal Logs,rappr,Public,1753888998,"July 30, 2025 5:23 PM",1567075,26 minutes,0,0,0,0,0,1,0,0
rgqFD3JmXB8b2Af6,Mythic+ Season 3,Personal Logs,Tristin68,Public,1753835976,"July 30, 2025 2:39 AM",5694414,2 hours,0,0,0,0,0,1,0,0
hRZFjBQmAHGdvanC,Mythic+ Season 3,Personal Logs,Darragh,Public,1753816940,"July 29, 2025 9:22 PM",1579340,26 minutes,0,0,0,0,0,1,0,0
QRMHnW7ZLmktz2GJ,Mythic+ Season 3,Personal Logs,JayZonday,Public,1753804620,"July 29, 2025 5:57 PM",930815,16 minutes,0,0,0,0,0,1,0,0
Tyn2D1cWtQfqz6RB,Mythic+ Season 3,Personal Logs,WallabyKingdom,Public,1753795856,"July 29, 2025 3:30 PM",7148112,2 hours,0,0,0,0,0,1,1,0
hyv2WVzp6kDY4da9,Mythic+ Season 3,Personal Logs,Hwoarang,Public,1753783472,"July 29, 2025 12:04 PM",940462,16 minutes,0,0,0,0,0,1,0,0
3HyDhf6naCFtTZVb,Mythic+ Season 3,Personal Logs,JDedalus,Public,1753774515,"July 29, 2025 9:35 AM",6863754,2 hours,0,0,0,0,0,1,1,0
gKpHGL2XaQvMVtfj,DKT 16宏图,Personal Logs,Windfire,Public,1753774026,"July 29, 2025 9:27 AM",5299022,an hour,0,0,0,0,0,1,1,0
fHgMjyxQF9XRNLmt,Mythic+ Season 3,Personal Logs,twidongyi,Public,1753773988,"July 29, 2025 9:26 AM",3414141,an hour,0,0,0,0,0,1,0,0
4nzJwyrM9hb7cKaB,Mythic+ Season 3,Personal Logs,playonbirds,Public,1753755373,"July 29, 2025 4:16 AM",3820360,an hour,0,0,0,0,0,1,1,0
ryVFap84HvYMJBfc,+12 gambit test,Personal Logs,swipe,Public,1753742527,"July 29, 2025 12:42 AM",1547027,26 minutes,0,0,0,0,0,1,0,0
2btN1fyw6C4hTmYc,Mythic+ Season 3,Personal Logs,slothlog,Public,1753687440,"July 28, 2025 9:24 AM",1155735,19 minutes,0,0,0,0,0,1,0,0
nHF3ftaKTm6gYvdZ,Mythic+ Season 3,Personal Logs,Borrunir,Public,1753682855,"July 28, 2025 8:07 AM",8245605,2 hours,0,0,0,0,0,1,1,0
PWxqN7hz6wKVF2Cb,250725 GMBT +12 BM,Personal Logs,Umbrellas,Public,1753682523,"July 28, 2025 8:02 AM",1331289,22 minutes,0,0,0,0,0,1,0,0
Dzak283NFwnYXrP1,Mythic+ Season 3,Personal Logs,Kevybevy,Public,1753679813,"July 28, 2025 7:16 AM",2798904,an hour,0,0,0,0,0,1,0,0
qp3yMQ62cbXhLaC9,Mythic+ Season 3,Personal Logs,shiv613c,Public,1753652282,"July 27, 2025 11:38 PM",1806657,30 minutes,0,0,0,0,0,1,0,0
79qj3kLJg81rmANC,Mythic+ Season 3,Personal Logs,BrianG1017,Public,1753650134,"July 27, 2025 11:02 PM",2866368,an hour,0,0,0,0,0,1,0,0
BTA6PDvdKfNGXHth,log,Reformed,grandmother_wow,Public,1753648382,"July 27, 2025 10:33 PM",1295695,22 minutes,0,0,0,0,0,1,0,0
fPdC74cDvGFXWQ9L,熊 15天街16宏图,Personal Logs,Windfire,Public,1753603663,"July 27, 2025 10:07 AM",8122960,2 hours,0,0,0,0,0,1,1,0
ZKh3xVzHPdFmCyW4,Mythic+ Season 3,Personal Logs,Wordpudding,Public,1753603425,"July 27, 2025 10:03 AM",7986837,2 hours,0,0,0,0,0,1,1,0
rg6ya2PqC4TBG3jd,Mythic+ Season 3,Personal Logs,killer2608,Public,1753576463,"July 27, 2025 2:34 AM",4047496,an hour,0,0,0,0,0,1,0,0
NmPc7LtgxfpDR4jX,Mythic+ Season 3,Personal Logs,shiv613c,Public,1753573775,"July 27, 2025 1:49 AM",1845466,31 minutes,0,0,0,0,0,1,0,0
R1vFXzMr8yZHPgcx,Mythic+ Season 3,Personal Logs,Idsapdat1,Public,1753569018,"July 27, 2025 12:30 AM",15484569,4 hours,0,0,0,0,0,1,0,0
ZVYcLmHdfTayrn7q,Mythic+ Season 3,Personal Logs,Voidmend,Public,1753567262,"July 27, 2025 12:01 AM",2597401,43 minutes,0,0,0,0,0,1,0,0
qxdVBMP4CQKmjh6D,ptrptrptrptrptrptrptrptrptrptrptrptrptrptrptrptrptrptrptrptrptr,Personal Logs,corrisx3,Public,1753565379,"July 26, 2025 11:29 PM",3597857,an hour,0,0,0,0,0,1,0,0
CLtfNR3VcbrD6p4n,Mythic+ Season 3,Personal Logs,tettles,Public,1753556624,"July 26, 2025 9:03 PM",4917943,an hour,0,0,0,0,0,1,1,0
1GZtnRAfhVKrpHQk,fc,Personal Logs,Thorrack,Public,1753546187,"July 26, 2025 6:09 PM",3242899,an hour,0,0,0,0,0,1,0,0
vZM2mc9fnrTqAhCy,Mythic+ Season 3,Personal Logs,Rasl,Public,1753535604,"July 26, 2025 3:13 PM",2245350,37 minutes,0,0,0,0,0,1,0,0
7RyvwdzqmW2ZjVLM,Mythic+ Season 3,Personal Logs,belquin,Public,1753535586,"July 26, 2025 3:13 PM",1236971,21 minutes,0,0,0,0,0,1,0,0
qNdwbQVgh3XFRWHv,Mythic+ Season 3,Personal Logs,slothlog,Public,1753535028,"July 26, 2025 3:03 PM",1411747,24 minutes,0,0,0,0,0,1,0,0
kjdwZp8XvG2W1A9Q,250726 GMBT +15 MM,Personal Logs,Umbrellas,Public,1753526158,"July 26, 2025 12:35 PM",1672360,28 minutes,0,0,0,0,0,1,0,0
xvHMpjGgh8VqdfLb,Mythic+ Season 3,Send it,PoohXanny,Public,1753498588,"July 26, 2025 4:56 AM",7678682,2 hours,0,0,0,0,0,1,0,0
8pgh1kTazJyvxbX6,Mythic+ Season 3,Personal Logs,TwoSumos,Public,1753496810,"July 26, 2025 4:26 AM",2485124,41 minutes,0,0,0,0,0,1,0,0
KRA2zXdxchntWrG3,aug key?,Personal Logs,Zorjeff,Public,1753472439,"July 25, 2025 9:40 PM",14944050,4 hours,0,0,0,0,0,1,1,0
4RydWxbNM73PkfYr,DKT 15天街,Personal Logs,Windfire,Public,1753469044,"July 25, 2025 8:44 PM",4518454,an hour,0,0,0,0,0,1,1,0
fXn4W7GF3myBYr1L,Mythic+ Season 3,Personal Logs,ricardowarrior,Public,1753452587,"July 25, 2025 4:09 PM",1356800,23 minutes,0,0,0,0,0,1,0,0
cXL2Dkj1QxKpPqMz,Mythic+ Season 3,Personal Logs,Voidmend,Public,1753419880,"July 25, 2025 7:04 AM",1405626,23 minutes,0,0,0,0,0,1,0,0
rbBFaqg6V9wWL8hC,Mythic+ Season 3,Personal Logs,MadK0rts,Public,1753403626,"July 25, 2025 2:33 AM",25232295,7 hours,0,0,0,0,0,1,0,0
3d4ztVH7aTXMxm1b,.,Personal Logs,Suhh7,Public,1753391077,"July 24, 2025 11:04 PM",2351764,39 minutes,0,0,0,0,0,1,1,0
DG8N9YtXW1xAhqZp,.,Personal Logs,Suhh7,Public,1753389743,"July 24, 2025 10:42 PM",2351764,39 minutes,0,0,0,0,0,1,1,0
qMxV74FdhQkzn3t1,.,Personal Logs,Suhh7,Public,1753389702,"July 24, 2025 10:41 PM",1683973,28 minutes,0,0,0,0,0,1,0,0
ktWDJKQr12T7dnCf,Mythic+ Season 3,Personal Logs,MadK0rts,Public,1753389229,"July 24, 2025 10:33 PM",10877738,3 hours,0,0,0,0,0,1,0,0
26fYWyN9a17RqTtL,.,Personal Logs,Suhh7,Public,1753323356,"July 24, 2025 4:15 AM",1683973,28 minutes,0,0,0,0,0,1,0,0
CGRYLdhwWF4m9Hxy,PTR Footage Capture,Personal Logs,Drex_,Public,1753301808,"July 23, 2025 10:16 PM",6096178,2 hours,0,0,0,0,0,1,1,0
kRVry1JnTAj8C2hv,Mythic+ Season 3,Send it,PoohXanny,Public,1753300919,"July 23, 2025 10:01 PM",3373063,an hour,0,0,0,0,0,1,0,0
hPv3pRJHqgV2dB8W,Mythic+ Season 3,Personal Logs,MadK0rts,Public,1753232113,"July 23, 2025 2:55 AM",6852238,2 hours,0,0,0,0,0,1,1,0
kd6z8HBwYcAFVD4R,Mythic+ Season 3,Personal Logs,MadK0rts,Public,1753228217,"July 23, 2025 1:50 AM",3316397,an hour,0,0,0,0,0,1,0,0
Ww4tf3YTAPrZxLjm,Mythic+ Season 3,Personal Logs,MadK0rts,Public,1753225350,"July 23, 2025 1:02 AM",7094069,2 hours,0,0,0,0,0,1,0,0
2f3hkFmnaAjTDGKR,Mythic+ Season 3,Personal Logs,EX-WIND,Public,1752960227,"July 19, 2025 11:23 PM",26063884,7 hours,0,0,0,0,0,1,1,0
PFcTMWz1pHKjZ8qf,key?,Personal Logs,Zorjeff,Public,1752850862,"July 18, 2025 5:01 PM",4092047,an hour,0,0,0,0,0,1,1,0
xN9ZApGBK83VmzQr,Mythic+ Season 3,Personal Logs,Jacqueas73,Public,1752772338,"July 17, 2025 7:12 PM",19640652,5 hours,0,0,0,0,0,1,1,0
ahBzbLqr8XMHZWVg,Mythic+ Season 3,Personal Logs,ricardowarrior,Public,1752760812,"July 17, 2025 4:00 PM",5496820,2 hours,0,0,0,0,0,1,1,0
VbZxXhya8jr6PLpY,fq,Personal Logs,jbw8229,Public,1752742868,"July 17, 2025 11:01 AM",2960861,an hour,0,0,0,0,0,1,0,0
njTwBxJQktXzZbWp,250717 GMBT +15 MM,Personal Logs,Umbrellas,Public,1752741129,"July 17, 2025 10:32 AM",2942675,an hour,0,0,0,0,0,1,0,0
MpwXayA2xHVq4bZ7,fq,Personal Logs,jbw8229,Public,1752741034,"July 17, 2025 10:30 AM",12911825,4 hours,0,0,0,0,0,1,1,0
vdZmt6GDVWxg1KNb,Mythic+ Season 3,Personal Logs,ricardowarrior,Public,1752725346,"July 17, 2025 6:09 AM",7681183,2 hours,0,0,0,0,0,1,1,0
RyhrW9YaQC8kGNB7,Mythic+ Season 3,Personal Logs,MioShimo,Public,1752709917,"July 17, 2025 1:51 AM",11477811,3 hours,0,0,0,0,0,1,1,0
yLgTKcCrvbwMtFZW,Mythic+ Season 3,Personal Logs,Aykes,Public,1752685165,"July 16, 2025 6:59 PM",6337797,2 hours,0,0,0,0,0,1,1,0
3yaVAkrc21GMfW4g,Mythic+ Season 3,Personal Logs,juticed,Public,1752647588,"July 16, 2025 8:33 AM",21845451,6 hours,0,0,0,0,0,1,0,0
BCXkJmYWwr9byj3Z,Mythic+ Season 3,Personal Logs,Voidmend,Public,1752641913,"July 16, 2025 6:58 AM",16166636,4 hours,0,0,0,0,0,1,0,0
NrkVxWLbK913Fp6R,Mythic+ Season 3,Personal Logs,smashlowbro,Public,1752603924,"July 15, 2025 8:25 PM",1497695,25 minutes,0,0,0,0,0,1,0,0
L3fDPVQpBxdvR6Nc,Mythic+ Season 3,Personal Logs,EX-WIND,Public,1752602653,"July 15, 2025 8:04 PM",26063884,7 hours,0,0,0,0,0,1,1,0
68bPcLQZhD2NyXAz,Mythic+ Season 3,Personal Logs,Jacqueas73,Public,1752593938,"July 15, 2025 5:38 PM",28097298,8 hours,0,0,0,0,0,1,0,0
jgCAaFtLqNKb2dwT,250715 GMBT +15 BM,Personal Logs,Umbrellas,Public,1752583155,"July 15, 2025 2:39 PM",1486270,25 minutes,0,0,0,0,0,1,0,0
t2zaj6dbFvn4NpMT,Mythic+ Season 3,Personal Logs,jkrawitz88,Public,1752548747,"July 15, 2025 5:05 AM",7180547,2 hours,0,0,0,0,0,1,1,0
AfnqjDWmGchzVkZx,Mythic+ Season 3,Personal Logs,Rayocell,Public,1752547545,"July 15, 2025 4:45 AM",7980104,2 hours,0,0,0,0,0,1,1,0
X89njV6ykBc7mhxZ,ptr log,Personal Logs,Zorjeff,Public,1752543458,"July 15, 2025 3:37 AM",34933365,10 hours,0,0,0,0,0,1,1,0
MYFfxBAV9C64TDRd,Mythic+ Season 3,Personal Logs,MadK0rts,Public,1752539411,"July 15, 2025 2:30 AM",672623,11 minutes,0,0,0,0,0,1,0,0
vhVtC8PT3m4BMXLk,Mythic+ Season 3,Personal Logs,Gio_KW,Public,1752520458,"July 14, 2025 9:14 PM",5348974,an hour,0,0,0,0,0,1,1,0
4Q1bxc6kV3qwp9Ta,Mythic+ Season 3,Personal Logs,Gio_KW,Public,1752520421,"July 14, 2025 9:13 PM",26211303,7 hours,0,0,0,0,0,1,1,0
mRyxKh7kVrQnpN4Z,.,Personal Logs,Suhh7,Public,1752518661,"July 14, 2025 8:44 PM",6358336,2 hours,0,0,0,0,0,1,1,0
aY14wdygmB7VPZct,Mythic+ Season 3,Personal Logs,covdova,Public,1752517034,"July 14, 2025 8:17 PM",1366649,23 minutes,0,0,0,0,0,1,0,0
QW9zq7kXAyahVdFv,ptr m+,Personal Logs,TomElvis,Public,1752512381,"July 14, 2025 6:59 PM",13568389,4 hours,0,0,0,0,0,1,1,0
mh3JB91d4LgjCT2n,Mythic+ Season 3,Personal Logs,MadK0rts,Public,1752508772,"July 14, 2025 5:59 PM",12211215,3 hours,0,0,0,0,0,1,1,0
vVTbDr4q72KnHAhW,Mythic+ Season 3,晓月终途,Rurutia,Public,1752508482,"July 14, 2025 5:54 PM",7820205,2 hours,0,0,0,0,0,1,1,0
A2wdNLxYBbzWHKp7,Mythic+ Season 3,Personal Logs,ricardowarrior,Public,1752506828,"July 14, 2025 5:27 PM",17456979,5 hours,0,0,0,0,0,1,1,0
W96aGQCYDgvVfbkF,Mythic+ Season 3,Personal Logs,Gio_KW,Public,1752500162,"July 14, 2025 3:36 PM",5348974,an hour,0,0,0,0,0,1,1,0
P1YJDXCf2r4yQv9m,Mythic+ Season 3,Personal Logs,Hwoarang,Public,1752486871,"July 14, 2025 11:54 AM",1573107,26 minutes,0,0,0,0,0,1,0,0
WT24ban7x9hyCkGw,ptr,Personal Logs,hugordito,Public,1752476904,"July 14, 2025 9:08 AM",16842795,5 hours,0,0,0,0,0,1,0,0
h3X89zANpdRP1BbH,Mythic+ Season 3,Personal Logs,vispo,Public,1752472240,"July 14, 2025 7:50 AM",3816522,an hour,0,0,0,0,0,1,1,0
KL1ZyYQTampxB4Hr,Mythic+ Season 3,Personal Logs,juticed,Public,1752468156,"July 14, 2025 6:42 AM",19573324,5 hours,0,0,0,0,0,1,1,0
jdAZyzXCfgwpmktJ,Mythic+ Season 3,Personal Logs,Zolur,Public,1752464046,"July 14, 2025 5:34 AM",18216425,5 hours,0,0,0,0,0,1,1,0
vjGCDMQZWPzpt7rF,Mythic+ Season 3,Personal Logs,jkrawitz88,Public,1752453041,"July 14, 2025 2:30 AM",5287984,an hour,0,0,0,0,0,1,1,0
4A6Q7WGpRnTCtMhD,Mythic+ Season 3,Personal Logs,quickwinterg,Public,1752451854,"July 14, 2025 2:10 AM",27247134,8 hours,0,0,0,0,0,1,1,0
JHMkpyb8LPKBTVcw,PTR M+12s,Personal Logs,Tassdrummer,Public,1752447917,"July 14, 2025 1:05 AM",7030971,2 hours,0,0,0,0,0,1,1,0
CwAchHB6FrnVfzaq,13.07 - ptr,Personal Logs,ghurd,Public,1752442503,"July 13, 2025 11:35 PM",10015449,3 hours,0,0,0,0,0,1,0,0
M8qyY4d62j7Z9Da3,Mythic+ Season 3,Personal Logs,MioShimo,Public,1752435644,"July 13, 2025 9:40 PM",8661529,2 hours,0,0,0,0,0,1,1,0
DbnPHdWyZCvj1RLB,Mythic+ Season 3,Personal Logs,MioShimo,Public,1752435601,"July 13, 2025 9:40 PM",8661529,2 hours,0,0,0,0,0,1,1,0
n3yJNFXwL8mBtp2Q,13.07 - ptr,Personal Logs,ghurd,Public,1752411684,"July 13, 2025 3:01 PM",9801889,3 hours,0,0,0,0,0,1,0,0
yp4r1QwFntNPWTjJ,Mythic+ Season 3,Personal Logs,Borrunir,Public,1752386750,"July 13, 2025 8:05 AM",3839124,an hour,0,0,0,0,0,1,1,0
RFBdKLjPmr9g7Xak,Mythic+ Season 3,Personal Logs,wraghelm,Public,1752384971,"July 13, 2025 7:36 AM",9526784,3 hours,0,0,0,0,0,1,0,0
81Pqgd67GkK9m4LH,Mythic+ Season 3,Personal Logs,quickwinterg,Public,1752378768,"July 13, 2025 5:52 AM",16781420,5 hours,0,0,0,0,0,1,1,0
qJ7vaz9ZtVfmAcDk,Mythic+ Season 3,Personal Logs,Reileigh,Public,1752364211,"July 13, 2025 1:50 AM",10675296,3 hours,0,0,0,0,0,1,1,0
fA12N97kzQYqGHBx,ptr log saturday,Personal Logs,Zorjeff,Public,1752362874,"July 13, 2025 1:27 AM",31897888,9 hours,0,0,0,0,0,1,1,0
BYJrAf1KGmy7FDnP,Mythic+ Season 3,Personal Logs,wraghelm,Public,1752355230,"July 12, 2025 11:20 PM",10033126,3 hours,0,0,0,0,0,1,1,0
w6mPxkCtVGH9AXyW,Mythic+ Season 3,Personal Logs,Deibe,Public,1752351035,"July 12, 2025 10:10 PM",11009217,3 hours,0,0,0,0,0,1,0,0
kgHcxJPCw2vRN9QK,DKT 15天街15宏图,Personal Logs,Windfire,Public,1752346588,"July 12, 2025 8:56 PM",8936670,2 hours,0,0,0,0,0,1,1,0
HNJ7FxZy1YdTCwbv,ptr m+,Personal Logs,TomElvis,Public,1752346359,"July 12, 2025 8:52 PM",19936858,6 hours,0,0,0,0,0,1,1,0
8LWDhmNfTa7XMAV2,aug ptr,Personal Logs,Pluto99,Public,1752344643,"July 12, 2025 8:24 PM",9598282,3 hours,0,0,0,0,0,1,0,0
m8GJvn2R6WAMyBND,aug ptr,Personal Logs,Pluto99,Public,1752336453,"July 12, 2025 6:07 PM",86466002,a day,0,0,0,0,0,1,0,0
kacVmd6KCnz1p8fL,Mythic+ Season 3,Personal Logs,tyujrtuy,Public,1752334080,"July 12, 2025 5:28 PM",20230098,6 hours,0,0,0,0,0,1,1,0
kzAKMVJhb23DfpL4,Mythic+ Season 3,Personal Logs,tyujrtuy,Public,1752333817,"July 12, 2025 5:23 PM",13558699,4 hours,0,0,0,0,0,1,0,0
qZGW6xYF4QL2CRAT,Mythic+ Season 3,Personal Logs,tyujrtuy,Public,1752333343,"July 12, 2025 5:15 PM",12505130,3 hours,0,0,0,0,0,1,0,0
8kw6Kbv1hVadCXqF,Mythic+ Season 3,Personal Logs,Musimoto,Public,1752331105,"July 12, 2025 4:38 PM",4951776,an hour,0,0,0,0,0,1,0,0
abc1NLXwP7rpGHtk,Mythic+ Season 3,Personal Logs,makoraa,Public,1752322814,"July 12, 2025 2:20 PM",2613620,44 minutes,0,0,0,0,0,1,0,0
PXr8jNfQdJ7Z6Gkh,250712 Tazavesh +12 MM,Personal Logs,Umbrellas,Public,1752317384,"July 12, 2025 12:49 PM",6160452,2 hours,0,0,0,0,0,1,1,0
rC3tKLkmJNTRaQj1,Mythic+ Season 3,Personal Logs,flamesc,Public,1752307398,"July 12, 2025 10:03 AM",7719755,2 hours,0,0,0,0,0,1,0,0
W2dCgpG4DTkv3ZN9,fq,Personal Logs,jbw8229,Public,1752298356,"July 12, 2025 7:32 AM",19519630,5 hours,0,0,0,0,0,1,1,0
nvAxgkbNq6MpTycY,Mythic+ Season 3,Personal Logs,Equinox,Public,1752292006,"July 12, 2025 5:46 AM",2729441,an hour,0,0,0,0,0,1,0,0
TpYLVzXh6tBMNmQP,Mythic+ Season 3,Personal Logs,Zolur,Public,1752286289,"July 12, 2025 4:11 AM",6629892,2 hours,0,0,0,0,0,1,0,0
gpGYV6yC9kZwhtcX,Gambito,Personal Logs,Shawnzx,Public,1752282528,"July 12, 2025 3:08 AM",2208161,37 minutes,0,0,0,0,0,1,0,0
QhpMRK3zZkPHXaqg,"mythic ptr test 4,5,6,7",Personal Logs,Zorjeff,Public,1752281834,"July 12, 2025 2:57 AM",50201983,14 hours,0,0,0,0,0,1,1,0
h9Qb6yw2mXYJpn8B,Mythic+ Season 3,Personal Logs,Stormkrait,Public,1752273290,"July 12, 2025 12:34 AM",23884084,7 hours,0,0,0,0,0,1,1,0
PV1Lz9HWtxnCDJ3h,Mythic+ Season 3,Personal Logs,highwawa11,Public,1752272679,"July 12, 2025 12:24 AM",6318357,2 hours,0,0,0,0,0,1,0,0
rQRHqL3hkcfa87Gm,Mythic+ Season 3,Personal Logs,Kromac,Public,1752266696,"July 11, 2025 10:44 PM",3729815,an hour,0,0,0,0,0,1,0,0
JawMvzXpQc1Gftk2,Mythic+ Season 3,Personal Logs,Kromac,Public,1752266517,"July 11, 2025 10:41 PM",1962443,33 minutes,0,0,0,0,0,1,0,0
kbQLKjR3Wrz6Jx17,Mythic+ Season 3,Personal Logs,quickwinterg,Public,1752257296,"July 11, 2025 8:08 PM",10077186,3 hours,0,0,0,0,0,1,1,0
QWtkDzGwXN6aMBjc,3434,Personal Logs,SunU,Public,1752252279,"July 11, 2025 6:44 PM",6081974,2 hours,0,0,0,0,0,1,1,0
69JNXQ4wCdm7Fkyh,3434,Personal Logs,SunU,Public,1752250330,"July 11, 2025 6:12 PM",3639573,an hour,0,0,0,0,0,1,1,0
qycYfCW32FkAdTrQ,Mythic+ Season 3,Personal Logs,EX-WIND,Public,1752249631,"July 11, 2025 6:00 PM",33496160,9 hours,0,0,0,0,0,1,1,0
rx9z7VWvfKAYqDwj,Mythic+ Season 3,Personal Logs,juticed,Public,1752249096,"July 11, 2025 5:51 PM",17038875,5 hours,0,0,0,0,0,1,1,0
bLcGtmJF4xDYv83d,Mythic+ Season 3,Personal Logs,Diolusion,Public,1752244859,"July 11, 2025 4:40 PM",1776134,30 minutes,0,0,0,0,0,1,0,0
j3z7xq4HaVBW1Mfr,DKT 宏图14+1,Personal Logs,Windfire,Public,1752243768,"July 11, 2025 4:22 PM",1642112,27 minutes,0,0,0,0,0,1,0,0
cDn6QK7ztZMBbghk,DKT 宏图16+2,Personal Logs,Windfire,Public,1752240143,"July 11, 2025 3:22 PM",2622167,44 minutes,0,0,0,0,0,1,0,0
4KLnZPDgBGxykYNC,Mythic+ Season 3,Personal Logs,flamesc,Public,1752231254,"July 11, 2025 12:54 PM",7141361,2 hours,0,0,0,0,0,1,0,0
gHDVBkzvGmRATdbJ,Mythic+ Season 3,Personal Logs,所遇皆良缘,Public,1752230506,"July 11, 2025 12:41 PM",6847678,2 hours,0,0,0,0,0,1,1,0
3cCxn7jfHXtbFZL6,M+,Personal Logs,Driney,Public,1752221871,"July 11, 2025 10:17 AM",10602922,3 hours,0,0,0,0,0,1,1,0
mTcpDHb9AGYRCxV1,Mythic+ Season 3,Personal Logs,Borrunir,Public,1752221001,"July 11, 2025 10:03 AM",7918380,2 hours,0,0,0,0,0,1,1,0
CaPZkJw6AdbjWgfQ,Mythic+ Season 3,Personal Logs,frydays,Public,1752219483,"July 11, 2025 9:38 AM",2695834,an hour,0,0,0,0,0,1,0,0
CjwzthFVBHqn7xGr,Mythic+ Season 3,Personal Logs,YoDaTV,Public,1752215962,"July 11, 2025 8:39 AM",20254658,6 hours,0,0,0,0,0,1,1,0
Z3qYxJRwBz4mrgMk,Mythic+ Season 3,Personal Logs,Drackdea,Public,1752209494,"July 11, 2025 6:51 AM",9652822,3 hours,0,0,0,0,0,1,0,0
AhR7y9aPgZGpxDFz,Mythic+ Season 3,Chaotic Aftermath,mrbadman,Public,1752197218,"July 11, 2025 3:26 AM",10624168,3 hours,0,0,0,0,0,1,1,0
6mJHaMjpg7h8ADvC,divers PTR,Personal Logs,Lugway,Public,1752194924,"July 11, 2025 2:48 AM",19559040,5 hours,0,0,0,0,0,1,1,0
nLJj4ph2Nz9VrMfR,"mythic raid test 1,2,3",Personal Logs,Zorjeff,Public,1752192582,"July 11, 2025 2:09 AM",30578430,8 hours,0,0,0,0,0,1,1,0
QJZKkPWLBYAzpRFC,Mythic+ Season 3,Personal Logs,ViviLouF,Public,1752188776,"July 11, 2025 1:06 AM",22759134,6 hours,0,0,0,0,0,1,1,0
wdXTJh4gDHZqLr91,Mythic+ Season 3,btw,itstiddles,Public,1752186221,"July 11, 2025 12:23 AM",3502595,an hour,0,0,0,0,0,1,0,0
wF2gTq9C8X6dNDZ3,Mythic+ Season 3,Personal Logs,Reileigh,Public,1752185856,"July 11, 2025 12:17 AM",2266375,38 minutes,0,0,0,0,0,1,0,0
W7VR9kBpQNw8DXjr,Mythic+ Season 3,Personal Logs,ricardowarrior,Public,1752183983,"July 10, 2025 11:46 PM",11425880,3 hours,0,0,0,0,0,1,0,0
kxAq4TXNtyJfMnHb,Mythic+ Season 3,Personal Logs,ricardowarrior,Public,1752183856,"July 10, 2025 11:44 PM",12965549,4 hours,0,0,0,0,0,1,0,0
AKQ8L4vYB3mXjFGw,Mythic+ Season 3,Chaotic Aftermath,mrbadman,Public,1752183412,"July 10, 2025 11:36 PM",18541754,5 hours,0,0,0,0,0,1,0,0
QCy19KdJ84BaRw7F,PTR raid testing,Simply Misfits,Zandulah,Public,1752182438,"July 10, 2025 11:20 PM",19107959,5 hours,0,0,0,0,0,1,0,0
JNhCmP8TV9dLr26j,Mythic+ Season 3,Personal Logs,EX-WIND,Public,1752169330,"July 10, 2025 7:42 PM",16497677,5 hours,0,0,0,0,0,1,1,0
wPtT9f7aLFjCdyWM,Mythic+ Season 3,Personal Logs,EX-WIND,Public,1752162582,"July 10, 2025 5:49 PM",9962359,3 hours,0,0,0,0,0,1,1,0
aQXkVpY1LnKtRhDw,Mythic+ Season 3,Personal Logs,MioShimo,Public,1752158927,"July 10, 2025 4:48 PM",1726885,29 minutes,0,0,0,0,0,1,0,0
m7cd9bD2X3RtFy6x,Mythic+ Season 3,Personal Logs,juticed,Public,1752144760,"July 10, 2025 12:52 PM",25955367,7 hours,0,0,0,0,0,1,1,0
cYwLVCvAKydN1q9Q,DKT 15宏图,Personal Logs,Windfire,Public,1752144678,"July 10, 2025 12:51 PM",5028875,an hour,0,0,0,0,0,1,0,0
VCgAWXrNGY9QBzRy,Mythic+ Season 3,Personal Logs,zimbita96,Public,1752143615,"July 10, 2025 12:33 PM",5499536,2 hours,0,0,0,0,0,1,1,0
Nt68rXzaLDb4Cqwh,Mythic+ Season 3,Personal Logs,Seleucía,Public,1752139100,"July 10, 2025 11:18 AM",23734148,7 hours,0,0,0,0,0,1,1,0
pj1QJTd9qtMFP3B6,Mythic+ Season 3,Personal Logs,Borrunir,Public,1752132589,"July 10, 2025 9:29 AM",4343629,an hour,0,0,0,0,0,1,0,0
yM8QDCzfZNmpvrBj,250710 GMBT +14 BM,Personal Logs,Umbrellas,Public,1752132461,"July 10, 2025 9:27 AM",4025014,an hour,0,0,0,0,0,1,0,0
kdAY98gnr4Kvfpaw,Mythic+ Season 3,Personal Logs,Squeenis,Public,1752128241,"July 10, 2025 8:17 AM",9841806,3 hours,0,0,0,0,0,1,1,0
WVjnJXMKAryPa9F6,Mythic+ Season 3,Personal Logs,Zolur,Public,1752118044,"July 10, 2025 5:27 AM",23766909,7 hours,0,0,0,0,0,1,1,0
MNqYAvpJ2P83LVDk,12 dotc gambino,Personal Logs,Thorrack,Public,1752112591,"July 10, 2025 3:56 AM",2975847,an hour,0,0,0,0,0,1,0,0
CyTAzv1qdakp732K,hehe,Personal Logs,Sense,Public,1752111714,"July 10, 2025 3:41 AM",6287238,2 hours,0,0,0,0,0,1,1,0
DWTxpQA62PBbZwva,Mythic+ Season 3,Personal Logs,ViviLouF,Public,1752108195,"July 10, 2025 2:43 AM",23937345,7 hours,0,0,0,0,0,1,0,0
A9LB2qyHZQTzN4tY,Mythic+ Season 3,Personal Logs,Abie78,Public,1752097544,"July 9, 2025 11:45 PM",4802249,an hour,0,0,0,0,0,1,0,0
P3JVc8GqtFrmjpQN,PTR 宏图天街,晓月终途,Rurutia,Public,1752085969,"July 9, 2025 8:32 PM",5365911,an hour,0,0,0,0,0,1,1,0
3zTgMBb7wn1dFv8K,防战 14天街14宏图,Personal Logs,Windfire,Public,1752085002,"July 9, 2025 8:16 PM",5563817,2 hours,0,0,0,0,0,1,1,0
z8qRghdNHWZa7L9p,fq,Personal Logs,jbw8229,Public,1752084491,"July 9, 2025 8:08 PM",4292377,an hour,0,0,0,0,0,1,1,0
nk8QXYxrRD3bGMVd,aasd,Personal Logs,Zandulah,Public,1752080528,"July 9, 2025 7:02 PM",6569267,2 hours,0,0,0,0,0,1,0,0
MHkLxpbcnTz6FQgR,Mythic+ Season 3,Personal Logs,Thielpro,Public,1752067638,"July 9, 2025 3:27 PM",1626764,27 minutes,0,0,0,0,0,1,0,0
PVrfxpMvwg3JBtjX,PTR,Personal Logs,Bluenessie,Public,1752053117,"July 9, 2025 11:25 AM",7103525,2 hours,0,0,0,0,0,1,0,0
6VFk3H4dcT8JgjKp,fq,Personal Logs,jbw8229,Public,1752049579,"July 9, 2025 10:26 AM",13953054,4 hours,0,0,0,0,0,1,1,0
jAdmLrgcxw9KbzvX,PTR,Personal Logs,Bluenessie,Public,1752046950,"July 9, 2025 9:42 AM",1009638,17 minutes,0,0,0,0,0,1,0,0
Pd7FcZM2kyDxYzBb,DKT 7/9 新本,Personal Logs,Windfire,Public,1752044687,"July 9, 2025 9:04 AM",25703927,7 hours,0,0,0,0,0,1,1,0
4jWcDJHt8wZaNfCK,Mythic+ Season 3,Chaotic Aftermath,mrbadman,Public,1752030299,"July 9, 2025 5:04 AM",15133225,4 hours,0,0,0,0,0,1,1,0
cgBfZ9nPm7aC6NjG,Thane S3 Ionizing Buffs W/ Colossus Compare,Personal Logs,yoloswagginzbdf,Public,1752022934,"July 9, 2025 3:02 AM",4435714,an hour,0,0,0,0,0,1,0,0
nLPcGBtRkJTrMfH8,Thane S3 Ionizing Buffs,Personal Logs,yoloswagginzbdf,Public,1752020562,"July 9, 2025 2:22 AM",2116723,35 minutes,0,0,0,0,0,1,0,0
1kJpaDZ9HGmjx8F7,build 4,Personal Logs,Fatpala,Public,1752019995,"July 9, 2025 2:13 AM",4466156,an hour,0,0,0,0,0,1,0,0
wg3H1nbKkQAPC6Zh,build 4,Personal Logs,Fatpala,Public,1752015096,"July 9, 2025 12:51 AM",2360184,39 minutes,0,0,0,0,0,1,0,0
jfc46287ZTpNGvrA,Mythic+ Season 3,Personal Logs,MadK0rts,Public,1754393484,"August 5, 2025 1:31 PM",7954561,2 hours,0,0,0,0,0,0,1,1
2g4yPYwRaVND6B7b,Mythic+ Season 3,Personal Logs,Leamonde,Public,1754310041,"August 4, 2025 2:20 PM",1883582,31 minutes,0,0,0,0,0,0,1,0
hVrdNcwb8mzZgGTD,Route Testing Night 3,Personal Logs,yoloswagginzbdf,Public,1754283247,"August 4, 2025 6:54 AM",5178747,an hour,0,0,0,0,0,0,1,0
RVmxGP26LchyMkX3,PTR streets,Personal Logs,Sathenus,Public,1754258356,"August 3, 2025 11:59 PM",1856155,31 minutes,0,0,0,0,0,0,1,0
rCFt2AvwxW9mMV7B,Mythic+ Season 3,Personal Logs,jajimentol,Public,1754249157,"August 3, 2025 9:25 PM",5581509,2 hours,0,0,0,0,0,0,1,0
ztgZnX681kbTQxNR,Mythic+ Season 3,Personal Logs,Allakatter,Public,1754232353,"August 3, 2025 4:45 PM",19629965,5 hours,0,0,0,0,0,0,1,0
BFGTkcXYgw4yHZRv,Mythic+ Season 3,Personal Logs,EV0luti0nz,Public,1754215740,"August 3, 2025 12:09 PM",1592745,27 minutes,0,0,0,0,0,0,1,0
fFyqn2dHGYRDVNZK,Mythic+ Season 3,Personal Logs,bekoo,Public,1754192371,"August 3, 2025 5:39 AM",128110,2 minutes,0,0,0,0,0,0,1,0
m89QvYXcZjrk31CB,Mythic+ Season 3,Personal Logs,MioShimo,Public,1754168129,"August 2, 2025 10:55 PM",15625652,4 hours,0,0,0,0,0,0,1,1
jnM4hzWy6LRtKN7x,Mythic+ Season 3,Personal Logs,AngryMidget,Public,1754165860,"August 2, 2025 10:17 PM",609910,10 minutes,0,0,0,0,0,0,1,0
C2J6Wn7mtqwHX3Kf,Mythic+ Season 3,Personal Logs,healsforcash,Public,1754152374,"August 2, 2025 6:32 PM",2432500,41 minutes,0,0,0,0,0,0,1,0
NTfMjCvWb9LGJnP2,test,Personal Logs,Thorrack,Public,1754149663,"August 2, 2025 5:47 PM",1454746,24 minutes,0,0,0,0,0,0,1,0
GABmYyFq4jr9W1RD,Mythic+ Season 3,Personal Logs,elpres,Public,1754071089,"August 1, 2025 7:58 PM",892949,15 minutes,0,0,0,0,0,0,1,0
C643zMt9rGNbapyV,Mythic+ Season 3,Personal Logs,Saylar,Public,1754070000,"August 1, 2025 7:40 PM",17941710,5 hours,0,0,0,0,0,0,1,0
BF3R9Q8ptdjJ2vML,ptr-key,Personal Logs,myrmaaj,Public,1754025862,"August 1, 2025 7:24 AM",2202023,37 minutes,0,0,0,0,0,0,1,0
Rk19aKCjBNWh6cXF,Mythic+ Season 3,Personal Logs,Fracasso,Public,1754017615,"August 1, 2025 5:06 AM",6081509,2 hours,0,0,0,0,0,0,1,0
XNdGrAJ8abM7qPYV,Mythic+ Season 3,Personal Logs,ricardowarrior,Public,1754015195,"August 1, 2025 4:26 AM",6036670,2 hours,0,0,0,0,0,0,1,0
BhTznfbrmGcHx9tj,zzzzzzzzzzzzzzzzzzzzz,Personal Logs,mentlol,Public,1753957187,"July 31, 2025 12:19 PM",466466,8 minutes,0,0,0,0,0,0,1,0
y83faAWMBNYgdD9T,ptr pwar test,Personal Logs,mentlol,Public,1753955995,"July 31, 2025 11:59 AM",372530,6 minutes,0,0,0,0,0,0,1,0
GYKBjcmP34R1ah9x,ptr pwar test,Personal Logs,mentlol,Public,1753955968,"July 31, 2025 11:59 AM",372530,6 minutes,0,0,0,0,0,0,1,0
HZNKdQy36tRMPTaf,Mythic+ Season 3,Personal Logs,Leamonde,Public,1753884648,"July 30, 2025 4:10 PM",3349772,an hour,0,0,0,0,0,0,1,0
Bkcd7HWjDwhtnCXm,Mythic+ Season 3,Personal Logs,KITTILSEN,Public,1753778174,"July 29, 2025 10:36 AM",2590742,43 minutes,0,0,0,0,0,0,1,0
N43THrd2aLMKpzmX,28.07 - ptr,Personal Logs,ghurd,Public,1753740693,"July 29, 2025 12:11 AM",1914026,32 minutes,0,0,0,0,0,0,1,0
1XzjQw3ZLKJn9NdF,Mythic+ Season 3,Logs,ReapEr9130,Public,1753737657,"July 28, 2025 11:20 PM",13042333,4 hours,0,0,0,0,0,0,1,0
Qrq1nVwgbhxpB2T9,Mythic+ Season 3,Personal Logs,slothlog,Public,1753704434,"July 28, 2025 2:07 PM",1208300,20 minutes,0,0,0,0,0,0,1,0
WzjKArpb81ZadXwV,Mythic+ Season 3,Personal Logs,slothlog,Public,1753697429,"July 28, 2025 12:10 PM",2028431,34 minutes,0,0,0,0,0,0,1,0
xNjgwkWcL1dbrPm6,is my details bugged,Personal Logs,sknitton,Public,1753661173,"July 28, 2025 2:06 AM",2156056,36 minutes,0,0,0,0,0,0,1,0
q9w3rKdyjNmnxhRF,test,Personal Logs,Thorrack,Public,1753649644,"July 27, 2025 10:54 PM",251957,4 minutes,0,0,0,0,0,0,1,0
pCQbRTdjth7zKm8x,Havoc Halls +12 PTR,House of Dragons,Suwoop,Public,1753642660,"July 27, 2025 8:57 PM",2330520,39 minutes,0,0,0,0,0,0,1,0
aHPNd46Q2CyXVq1f,PTR,Personal Logs,Bluenessie,Public,1753637681,"July 27, 2025 7:34 PM",4093048,an hour,0,0,0,0,0,0,1,0
PnjdAqtMYcCkXzrR,Mythic+ Season 3,Personal Logs,qudsjh,Public,1753631482,"July 27, 2025 5:51 PM",1782311,30 minutes,0,0,0,0,0,0,1,0
rVTGqWHxgnMbyQ9A,250727 STRT +15 MM,Personal Logs,Umbrellas,Public,1753624465,"July 27, 2025 3:54 PM",1924194,32 minutes,0,0,0,0,0,0,1,0
LfCpnkRYgmD72z1j,250727 STRT +15 BM,Personal Logs,Umbrellas,Public,1753619955,"July 27, 2025 2:39 PM",4708662,an hour,0,0,0,0,0,0,1,0
cP82QRjdYHh1qWL9,Mythic+ Season 3,bili-Uiuan艺苑,hu19930209111,Public,1753608731,"July 27, 2025 11:32 AM",2156999,36 minutes,0,0,0,0,0,0,1,0
tKBw2Cz69TvhmL3J,Mythic+ Season 3,Personal Logs,IceFresh,Public,1753564256,"July 26, 2025 11:10 PM",6914804,2 hours,0,0,0,0,0,0,1,0
Cf6Z1y9gHJpcRtwN,Mythic+ Season 3,Personal Logs,EdisonSean,Public,1753550077,"July 26, 2025 7:14 PM",5924131,2 hours,0,0,0,0,0,0,1,0
7D2jHV1LyaNBZgYt,Mythic+ Season 3,Personal Logs,Thealbatross,Public,1753544998,"July 26, 2025 5:49 PM",2761175,an hour,0,0,0,0,0,0,1,0
hYwRPvKWVCZBAzFf,a,Personal Logs,Wujachar,Public,1753529519,"July 26, 2025 1:31 PM",342497,6 minutes,0,0,0,0,0,0,1,0
1adGZHMbX9CnpY2g,ptrptrptrptrptrptrptrptrptrptrptr,Personal Logs,corrisx3,Public,1753523727,"July 26, 2025 11:55 AM",703383,12 minutes,0,0,0,0,0,0,1,0
VFL9br2xtHnQZqB6,熊 天街15,Personal Logs,Windfire,Public,1753520705,"July 26, 2025 11:05 AM",2970563,an hour,0,0,0,0,0,0,1,0
1WcaPQTxFLtRMpYJ,Mythic+ Season 3,Send it,PoohXanny,Public,1753490865,"July 26, 2025 2:47 AM",2247967,37 minutes,0,0,0,0,0,0,1,0
4xVCb2TY1pvtrf6K,Mythic+ Season 3,Personal Logs,MadK0rts,Public,1753395490,"July 25, 2025 12:18 AM",17097648,5 hours,0,0,0,0,0,0,1,0
9rMQ1fDBdHFTN2Ap,Mythic+ Season 3,Personal Logs,MadK0rts,Public,1753382553,"July 24, 2025 8:42 PM",4298412,an hour,0,0,0,0,0,0,1,0
TFdwfyQzrnAtq3N8,Mythic+ Season 3,Personal Logs,MadK0rts,Public,1753379851,"July 24, 2025 7:57 PM",1481953,25 minutes,0,0,0,0,0,0,1,0
wKcVRYb8a9Jg6L23,Mythic+ Season 3,Personal Logs,normanp77,Public,1753327142,"July 24, 2025 5:19 AM",6313951,2 hours,0,0,0,0,0,0,1,0
WQThGnJgHv9wfVta,.,Personal Logs,Suhh7,Public,1753323279,"July 24, 2025 4:14 AM",1093386,18 minutes,0,0,0,0,0,0,1,0
2x1K3cQnrCjZGMkD,12 streets dotc,Personal Logs,Thorrack,Public,1753225141,"July 23, 2025 12:59 AM",2485442,41 minutes,0,0,0,0,0,0,1,0
fxQjcpZLd61zwBM3,250717 STRT +14 MM,Personal Logs,Umbrellas,Public,1752743096,"July 17, 2025 11:04 AM",1630334,27 minutes,0,0,0,0,0,0,1,0
HMWAyqLJ4x7XYBCG,Mythic+ Season 3,Personal Logs,ricardowarrior,Public,1752718517,"July 17, 2025 4:15 AM",2492315,42 minutes,0,0,0,0,0,0,1,0
9mpFMtJv1rAhc3fg,Mythic+ Season 3,Personal Logs,Rjzd,Public,1752687390,"July 16, 2025 7:36 PM",1848534,31 minutes,0,0,0,0,0,0,1,0
hzHt8qrC3yMpkjWc,250716 STRT +15 BM,Personal Logs,Umbrellas,Public,1752662488,"July 16, 2025 12:41 PM",1916577,32 minutes,0,0,0,0,0,0,1,0
axLX3yHZgKPbjTq6,DKT 14天街14赎罪,Personal Logs,Windfire,Public,1752599649,"July 15, 2025 7:14 PM",6722528,2 hours,0,0,0,0,0,0,1,0
LjW1YR9rB6k3TbdK,Test1,Personal Logs,skippi_wl,Public,1752592305,"July 15, 2025 5:11 PM",2284728,38 minutes,0,0,0,0,0,0,1,0
fNbKv4LARnxzrjcM,Mythic+ Season 3,Personal Logs,slothlog,Public,1752591890,"July 15, 2025 5:04 PM",5305437,an hour,0,0,0,0,0,0,1,0
qH6jJbGYnmM9z1Zh,DKT 15赎罪15天街,Personal Logs,Windfire,Public,1752583036,"July 15, 2025 2:37 PM",9507704,3 hours,0,0,0,0,0,0,1,0
DJwzb7ZPVC8vMHNf,Mythic+ Season 3,Personal Logs,MadK0rts,Public,1752574559,"July 15, 2025 12:15 PM",7752249,2 hours,0,0,0,0,0,0,1,0
ntCXrhKPaMp1z92g,Mythic+ Season 3,Personal Logs,ricardowarrior,Public,1752539820,"July 15, 2025 2:37 AM",2378184,40 minutes,0,0,0,0,0,0,1,0
bcZXJdv1K7H4jRTD,Mythic+ Season 3,Personal Logs,morjiq,Public,1752515121,"July 14, 2025 7:45 PM",1694168,28 minutes,0,0,0,0,0,0,1,0
LgvzrqbfxnA617hk,Mythic+ Season 3,Personal Logs,MioShimo,Public,1752505407,"July 14, 2025 5:03 PM",3507490,an hour,0,0,0,0,0,0,1,0
r2TcxkaRwW139P7p,Mythic+ Season 3,Personal Logs,Molemidezhu,Public,1752505380,"July 14, 2025 5:03 PM",7077596,2 hours,0,0,0,0,0,0,1,0
2Rh8npNT1kZXyHzb,250714 STRT +15 BM,Personal Logs,Umbrellas,Public,1752499669,"July 14, 2025 3:27 PM",3138732,an hour,0,0,0,0,0,0,1,0
JqKPD6a1ZbfMQjz7,Mythic+ Season 3,Personal Logs,juticed,Public,1752468589,"July 14, 2025 6:49 AM",16551575,5 hours,0,0,0,0,0,0,1,0
vBbfPat1y7HJ3Gmk,Mythic+ Season 3,Personal Logs,juticed,Public,1752467948,"July 14, 2025 6:39 AM",1939087,32 minutes,0,0,0,0,0,0,1,0
YXBnxKmV3gypbzaZ,PTR,Personal Logs,Icolann,Public,1752435276,"July 13, 2025 9:34 PM",8089362,2 hours,0,0,0,0,0,0,1,0
XWaDQkZtjc7rgv12,Mythic+ Season 3,Personal Logs,quickwinterg,Public,1752430155,"July 13, 2025 8:09 PM",3294835,an hour,0,0,0,0,0,0,1,0
ZM9d6DVtHxRcQ7AC,Mythic+ Season 3,Personal Logs,Dillywow,Public,1752430043,"July 13, 2025 8:07 PM",34266427,10 hours,0,0,0,0,0,0,1,0
acxHnPXZCD7rK4VQ,frost dk1,Personal Logs,derokker,Public,1752427510,"July 13, 2025 7:25 PM",1494639,25 minutes,0,0,0,0,0,0,1,0
2MCwKtc3VDAT8RbP,Mythic+ Season 3,Personal Logs,shiv613c,Public,1752412961,"July 13, 2025 3:22 PM",1239461,21 minutes,0,0,0,0,0,0,1,0
TcPpJ2NFZt3Ava4j,Mythic+ Season 3,Personal Logs,gbload,Public,1752403433,"July 13, 2025 12:43 PM",10494094,3 hours,0,0,0,0,0,0,1,0
vcHAJ9q6wmDgfG7k,DKT 15天街,Personal Logs,Windfire,Public,1752352036,"July 12, 2025 10:27 PM",4989459,an hour,0,0,0,0,0,0,1,0
HqXYPcnd14GkzRJ6,Mythic+ Season 3,Personal Logs,wraghelm,Public,1752348403,"July 12, 2025 9:26 PM",3122919,an hour,0,0,0,0,0,0,1,0
cQa9qLWfdrFgz7ND,Mythic+ Season 3,Personal Logs,jhord,Public,1752340265,"July 12, 2025 7:11 PM",2495694,42 minutes,0,0,0,0,0,0,1,0
jKXp2J3xn7dNCTWk,Mythic+ Season 3,Personal Logs,EX-WIND,Public,1752338405,"July 12, 2025 6:40 PM",10717450,3 hours,0,0,0,0,0,0,1,0
vxKYPhgta3qkb4HR,Mythic+ Season 3,Personal Logs,jhord,Public,1752338334,"July 12, 2025 6:38 PM",577816,10 minutes,0,0,0,0,0,0,1,0
ypb8Rtmx1jLfvBwV,Mythic+ Season 3,Personal Logs,Seleucía,Public,1752299575,"July 12, 2025 7:52 AM",9496354,3 hours,0,0,0,0,0,0,1,0
X8GzbQMnBrcCY3KZ,Halls of Atonement,Personal Logs,Shawnzx,Public,1752279337,"July 12, 2025 2:15 AM",4211913,an hour,0,0,0,0,0,0,1,0
AzkmHR17QGbCBTP6,Halls of Atonement,Personal Logs,Shawnzx,Public,1752279194,"July 12, 2025 2:13 AM",736589,12 minutes,0,0,0,0,0,0,1,0
4bjvZzFMTJnwhamf,Mythic+ Season 3,btw,itstiddles,Public,1752259280,"July 11, 2025 8:41 PM",2599835,43 minutes,0,0,0,0,0,0,1,0
C7cQMRamWjyrAfB1,DKT 15宏图14赎罪,Personal Logs,Windfire,Public,1752256777,"July 11, 2025 7:59 PM",12401601,3 hours,0,0,0,0,0,0,1,0
yB9qxXAVkQn7M6vK,Mythic+ Season 3,Personal Logs,Keyroii,Public,1752251309,"July 11, 2025 6:28 PM",5133540,an hour,0,0,0,0,0,0,1,0
2BCxkhczGMJZKtaP,Mythic+ Season 3,Personal Logs,quickwinterg,Public,1752247216,"July 11, 2025 5:20 PM",3624664,an hour,0,0,0,0,0,0,1,0
Cv9jLtVT8Mpcax7g,Mythic+ Season 3,Personal Logs,flamesc,Public,1752231342,"July 11, 2025 12:55 PM",5404725,2 hours,0,0,0,0,0,0,1,0
CP8RbQG1LTnjwWVp,Mythic+ Season 3,Personal Logs,所遇皆良缘,Public,1752230388,"July 11, 2025 12:39 PM",2272055,38 minutes,0,0,0,0,0,0,1,0
QgpmCXHZYyAT2Mnt,250711 STRT +14 MM,Personal Logs,Umbrellas,Public,1752230187,"July 11, 2025 12:36 PM",2059348,34 minutes,0,0,0,0,0,0,1,0
gnf9GM7VtZDKpNdz,DKT 12赎罪12天街,Personal Logs,Windfire,Public,1752191815,"July 11, 2025 1:56 AM",7716670,2 hours,0,0,0,0,0,0,1,0
JzbHDjG4Mwth987g,Mythic+ Season 3,Personal Logs,Larvaja,Public,1752182681,"July 10, 2025 11:24 PM",18690731,5 hours,0,0,0,0,0,0,1,0
37gyKhfqxt4Q9Gj6,星界触须测试,Personal Logs,Windfire,Public,1752177419,"July 10, 2025 9:56 PM",332378,6 minutes,0,0,0,0,0,0,1,0
dqQKaw7W9RmVJA6z,keystone,Personal Logs,corrisx3,Public,1752173187,"July 10, 2025 8:46 PM",3513966,an hour,0,0,0,0,0,0,1,0
YPwjMBWtkHJby1A3,Mythic+ Season 3,Personal Logs,Seleucía,Public,1752036739,"July 9, 2025 6:52 AM",12637006,4 hours,0,0,0,0,0,0,1,0
gtT8zN6j2WJfc9qn,250709 STRT +12 BM,Personal Logs,Umbrellas,Public,1752035681,"July 9, 2025 6:34 AM",4034668,an hour,0,0,0,0,0,0,1,0
VmDPpqW8NfvK3Fb2,x,Reformed,grandmother_wow,Public,1752023662,"July 9, 2025 3:14 AM",4867974,an hour,0,0,0,0,0,0,1,0
PtX7WQRphDbNj6qw,sdaxczxc,Reformed,grandmother_wow,Public,1752020099,"July 9, 2025 2:14 AM",3555872,an hour,0,0,0,0,0,0,1,0
v4LNMPVg26YBW3mw,16 db aug,Personal Logs,Nice,Public,1754352753,"August 5, 2025 2:12 AM",2603630,43 minutes,0,0,0,0,0,0,0,1
ptVKYH3JjvmqDfgX,Mythic+ Season 3,Personal Logs,Yegu,Public,1754342666,"August 4, 2025 11:24 PM",4558693,an hour,0,0,0,0,0,0,0,1
X2pjwgG6x74hDfPV,Mythic+ Season 3,Personal Logs,JDedalus,Public,1754322972,"August 4, 2025 5:56 PM",3039042,an hour,0,0,0,0,0,0,0,1
p67X9MyvAqnYTtQc,Mythic+ Season 3,Personal Logs,Yechongyue,Public,1754218225,"August 3, 2025 12:50 PM",2157462,36 minutes,0,0,0,0,0,0,0,1
mwDgAqPrnMyHhBNJ,Mythic+ Season 3,Personal Logs,jajimentol,Public,1754218189,"August 3, 2025 12:49 PM",12997728,4 hours,0,0,0,0,0,0,0,1
4YWjCgJpca9hnZTM,DKT 17破晨,Personal Logs,Windfire,Public,1754211345,"August 3, 2025 10:55 AM",3242666,an hour,0,0,0,0,0,0,0,1
aFtWXGJ8MyrZpmKQ,Mythic+ Season 3,Personal Logs,PatrickMo,Public,1754206407,"August 3, 2025 9:33 AM",1862914,31 minutes,0,0,0,0,0,0,0,1
TRyJXcLpFxAZKvwH,Mythic+ Season 3,Personal Logs,Shadhuun,Public,1754169224,"August 2, 2025 11:13 PM",1687250,28 minutes,0,0,0,0,0,0,0,1
MDaABwh7k23CFb1L,Mythic+ Season 3,Personal Logs,Warlockshawn,Public,1754134602,"August 2, 2025 1:36 PM",9196483,3 hours,0,0,0,0,0,0,0,1
Jctdb3KAnDP6GRTF,Mythic+ Season 3,Personal Logs,Warlockshawn,Public,1754132122,"August 2, 2025 12:55 PM",6988694,2 hours,0,0,0,0,0,0,0,1
GWkHXcvyZKhYDBfq,Mythic+ Season 3,Personal Logs,Fracasso,Public,1754105923,"August 2, 2025 5:38 AM",2047513,34 minutes,0,0,0,0,0,0,0,1
3Kw6BVA24gTzcQHG,Mythic+ Season 3,Personal Logs,Fracasso,Public,1754105831,"August 2, 2025 5:37 AM",2047513,34 minutes,0,0,0,0,0,0,0,1
TwNmpcWyKgxHvbhA,Mythic+ Season 3,Personal Logs,Fracasso,Public,1754100734,"August 2, 2025 4:12 AM",3757920,an hour,0,0,0,0,0,0,0,1
4Tq6FzgmpPnL3ZfH,Mythic+ Season 3,Personal Logs,healsforcash,Public,1754088654,"August 2, 2025 12:50 AM",3092917,an hour,0,0,0,0,0,0,0,1
MVZtXFraD3qj7Rh1,17 DAWNY B,Personal Logs,Nice,Public,1754087168,"August 2, 2025 12:26 AM",2852685,an hour,0,0,0,0,0,0,0,1
Tc4ZKVhzGHq8nkdA,Mythic+ Season 3,Personal Logs,momokido,Public,1754066822,"August 1, 2025 6:47 PM",2792365,an hour,0,0,0,0,0,0,0,1
aNBygQV3TMJkA14Y,Mythic+ Season 3,Personal Logs,전멸입니다,Public,1754053728,"August 1, 2025 3:08 PM",4396139,an hour,0,0,0,0,0,0,0,1
PcBWnX1Qa6gvhtVp,250801 DAWN +14 MM,Personal Logs,Umbrellas,Public,1754013111,"August 1, 2025 3:51 AM",1686232,28 minutes,0,0,0,0,0,0,0,1
JymjCVKqcTGr1nL8,Mythic+ Season 3,Personal Logs,icewind322,Public,1754012875,"August 1, 2025 3:47 AM",5424869,2 hours,0,0,0,0,0,0,0,1
nVYQXxwkvMqB2FNz,Mythic+ Season 3,Personal Logs,Oleneboi,Public,1754008863,"August 1, 2025 2:41 AM",2387044,40 minutes,0,0,0,0,0,0,0,1
r3LZR2QWD8BVhbYG,m+ ptr,Personal Logs,TomElvis,Public,1753994833,"July 31, 2025 10:47 PM",1832521,31 minutes,0,0,0,0,0,0,0,1
pLNGA8m72bKwxhdY,Mythic+ Season 3,Personal Logs,asger0101,Public,1753993122,"July 31, 2025 10:18 PM",15925838,4 hours,0,0,0,0,0,0,0,1
w7jnNRQPDzG92WbY,Mythic+ Season 3,Personal Logs,asger0101,Public,1753987238,"July 31, 2025 8:40 PM",5385766,an hour,0,0,0,0,0,0,0,1
MwyxP38jKApY2VXZ,Mythic+ Season 3,Personal Logs,Saylar,Public,1753971304,"July 31, 2025 4:15 PM",4043906,an hour,0,0,0,0,0,0,0,1
XN4tR8AHPCmLJBwd,Mythic+ Season 3,Personal Logs,Korrigard,Public,1753947963,"July 31, 2025 9:46 AM",4169813,an hour,0,0,0,0,0,0,0,1
NmF7bfajzGTp48n2,Mythic+ Season 3,Personal Logs,yoloswagginzbdf,Public,1753945338,"July 31, 2025 9:02 AM",5272249,an hour,0,0,0,0,0,0,0,1
2GL9bfAhwCDVRyKY,ptr xd xd xd,Personal Logs,Nice,Public,1753858358,"July 30, 2025 8:52 AM",3186305,an hour,0,0,0,0,0,0,0,1
MqGKrn8Jw16dkAYh,Mythic+ Season 3,Personal Logs,WallabyKingdom,Public,1753281030,"July 23, 2025 4:30 PM",3097757,an hour,0,0,0,0,0,0,0,1
qt1kBwhCGPfmnHzV,Mythic+ Season 3,Personal Logs,MadK0rts,Public,1753214527,"July 22, 2025 10:02 PM",1522331,25 minutes,0,0,0,0,0,0,0,1
mrP8cDCT47zXYLj1,Mythic+ Season 3,Personal Logs,MadK0rts,Public,1753187693,"July 22, 2025 2:34 PM",8768625,2 hours,0,0,0,0,0,0,0,1
RDQvK2YTXrnZmdLC,Mythic+ Season 3,Personal Logs,Thealbatross,Public,1753159475,"July 22, 2025 6:44 AM",4395721,an hour,0,0,0,0,0,0,0,1
azC8cDhy41bMYN7X,Mythic+ Season 3,Personal Logs,Yegu,Public,1753127807,"July 21, 2025 9:56 PM",7841117,2 hours,0,0,0,0,0,0,0,1
1pBDCwvLg7HrFacR,Mythic+ Season 3,Personal Logs,momokido,Public,1753119112,"July 21, 2025 7:31 PM",5298839,an hour,0,0,0,0,0,0,0,1
bVQGzKFLtZq6v8MC,.,Personal Logs,Suhh7,Public,1753086728,"July 21, 2025 10:32 AM",1679920,28 minutes,0,0,0,0,0,0,0,1
rNDG9FWqKagdtML4,Mythic+ Season 3,Personal Logs,Borrunir,Public,1753073577,"July 21, 2025 6:52 AM",1711593,29 minutes,0,0,0,0,0,0,0,1
VxQKhdRcCFz8rqNj,Mythic+ Season 3,Personal Logs,Voidmend,Public,1753067086,"July 21, 2025 5:04 AM",2343729,39 minutes,0,0,0,0,0,0,0,1
VYrCnqBTbFDWJw16,ptr day 2,Personal Logs,Trinitehh,Public,1753043914,"July 20, 2025 10:38 PM",1853055,31 minutes,0,0,0,0,0,0,0,1
yVb6qnLvpdYTrawG,ptr keys,Personal Logs,corrisx3,Public,1753022508,"July 20, 2025 4:41 PM",2004786,33 minutes,0,0,0,0,0,0,0,1
aP9AFJXnxgd34mKH,250720 DAWN +14 SV,Personal Logs,Umbrellas,Public,1753015090,"July 20, 2025 2:38 PM",2636444,44 minutes,0,0,0,0,0,0,0,1
qQ7YjvL1pNGVn8bX,Mythic+ Season 3,Personal Logs,vadan,Public,1753007758,"July 20, 2025 12:35 PM",7664124,2 hours,0,0,0,0,0,0,0,1
rY3tFqjCzh2xb1JP,Mythic+ Season 3,Personal Logs,playonbirds,Public,1752975556,"July 20, 2025 3:39 AM",1797921,30 minutes,0,0,0,0,0,0,0,1
16r2RTDxzGtgZcf3,Mythic+ Season 3,Personal Logs,vispo,Public,1752957942,"July 19, 2025 10:45 PM",2571567,43 minutes,0,0,0,0,0,0,0,1
7TD28qmPJ3aYnM9y,PTR XD?,Personal Logs,SchmidiGames,Public,1752919210,"July 19, 2025 12:00 PM",1697162,28 minutes,0,0,0,0,0,0,0,1
Ntc3pxqym8dfnDJa,250719 DAWN +15 BM,Personal Logs,Umbrellas,Public,1752914223,"July 19, 2025 10:37 AM",1740739,29 minutes,0,0,0,0,0,0,0,1
46LyPV2MDK9rgqnX,Mythic+ Season 3,Personal Logs,Foolseal,Public,1752912978,"July 19, 2025 10:16 AM",9501927,3 hours,0,0,0,0,0,0,0,1
gWLK8r13dAGbDh4J,250719 DAWN +15 MM,Personal Logs,Umbrellas,Public,1752890489,"July 19, 2025 4:01 AM",2670068,an hour,0,0,0,0,0,0,0,1
XL3FxZYr4Wd7RKgH,Mythic+ Season 3,Personal Logs,Molemidezhu,Public,1752876461,"July 19, 2025 12:07 AM",11436480,3 hours,0,0,0,0,0,0,0,1
fQ7rdZbpn8v3zBqC,Mythic+ Season 3,Personal Logs,春日影,Public,1752829370,"July 18, 2025 11:02 AM",12445699,3 hours,0,0,0,0,0,0,0,1
adKq8XnAw6L9HRmv,Mythic+ Season 3,Personal Logs,春日影,Public,1752818744,"July 18, 2025 8:05 AM",1891373,32 minutes,0,0,0,0,0,0,0,1
1JtDK32H8BXmAPZa,Mythic+ Season 3,Personal Logs,frydays,Public,1752816730,"July 18, 2025 7:32 AM",1402397,23 minutes,0,0,0,0,0,0,0,1
2wBgDcq7vkZdG4N8,Mythic+ Season 3,Personal Logs,slothlog,Public,1751973478,"July 8, 2025 1:17 PM",2152042,36 minutes,0,0,0,0,0,0,0,1
kHXDPqz6Na3QBc8v,ptr1,Personal Logs,kalu74,Public,1751956665,"July 8, 2025 8:37 AM",1621466,27 minutes,0,0,0,0,0,0,0,1
cPaLynAB6X1TWvq3,Mythic+ Season 3,Personal Logs,ricardowarrior,Public,1751928000,"July 8, 2025 12:40 AM",1665201,28 minutes,0,0,0,0,0,0,0,1
KVg6k1WNhrb3mTxQ,Mythic+ Season 3,Personal Logs,PainVx,Public,1751926040,"July 8, 2025 12:07 AM",2467734,41 minutes,0,0,0,0,0,0,0,1
c3GqACxjfnmp28hk,Mythic+ Season 3,Personal Logs,healsforcash,Public,1751913462,"July 7, 2025 8:37 PM",2961054,an hour,0,0,0,0,0,0,0,1
Tar16wZv8VF7QmBq,250707 DAWN +12 MM,Personal Logs,Umbrellas,Public,1751899556,"July 7, 2025 4:45 PM",2460451,41 minutes,0,0,0,0,0,0,0,1
8AxwGpCKNFvdPk7Y,Mythic+ Season 3,Personal Logs,haywiire,Public,1751872140,"July 7, 2025 9:09 AM",1468332,24 minutes,0,0,0,0,0,0,0,1
