uploader,dungeon,key_level,duration,timestamp,completion,IsScoreUpgrade,death1,death2,death3,death4,death5,death6,death7,death8,death9,death10,death11,death12,death13,death14,death15,death16,death17,death18,death19,death20,player1_name,player1_class,player1_spec,player1_ilvl,player1_role,player1_damage_amount,player1_dps,player1_damage_pct,player1_healing_amount,player1_hps,player1_deaths,player1_potions,player1_healthstones,player2_name,player2_class,player2_spec,player2_ilvl,player2_role,player2_damage_amount,player2_dps,player2_damage_pct,player2_healing_amount,player2_hps,player2_deaths,player2_potions,player2_healthstones,player3_name,player3_class,player3_spec,player3_ilvl,player3_role,player3_damage_amount,player3_dps,player3_damage_pct,player3_healing_amount,player3_hps,player3_deaths,player3_potions,player3_healthstones,player4_name,player4_class,player4_spec,player4_ilvl,player4_role,player4_damage_amount,player4_dps,player4_damage_pct,player4_healing_amount,player4_hps,player4_deaths,player4_potions,player4_healthstones,player5_name,player5_class,player5_spec,player5_ilvl,player5_role,player5_damage_amount,player5_dps,player5_damage_pct,player5_healing_amount,player5_hps,player5_deaths,player5_potions,player5_healthstones
BudoBoy07,Maisara Caverns,22,31:23,2026-06-17 17:10,1,12,Devourer Demon Hunter: Final Pursuit (21:55),,,,,,,,,,,,,,,,,,,,Bodljica,Druid,Guardian,289,Tank,243.48m (129.3k),"129,743.3",15.19%,166.00m (88.2k),"88,453.3",0,6,1,Powerpegging,Evoker,Augmentation,291,DPS,403.82m (214.5k),"215,181.8",25.20%,17.97m (9.5k),"9,574.3",0,7,0,Valacircà,Death Knight,Unholy,290,DPS,443.87m (235.7k),"236,521.8",27.70%,11.34m (6.0k),"6,042.7",0,5,1,Posometa,Demon Hunter,Devourer,291,DPS,408.11m (216.7k),"217,465.9",25.47%,19.42m (10.3k),"10,350.4",1,6,3,Nàiro,Monk,Mistweaver,289,Healer,103.18m (54.8k),"54,980.4",6.44%,209.74m (111.4k),"111,760.1",0,3,0
BudoBoy07,Pit of Saron,22,29:53,2026-06-09 01:28,1,3,Augmentation Evoker: Curse of Torment (6:20),Mistweaver Monk: Ice Barrage (27:47),,,,,,,,,,,,,,,,,,,Feelspoonman,Druid,Guardian,290,Tank,246.11m (137.3k),"138,854.0",16.16%,159.31m (88.9k),"89,882.0",0,6,2,Powerpegging,Evoker,Augmentation,290,DPS,356.81m (199.0k),"201,310.3",23.43%,18.27m (10.2k),"10,306.8",1,6,2,Keduu,Death Knight,Unholy,290,DPS,391.12m (218.1k),"220,667.3",25.68%,13.09m (7.3k),"7,387.1",0,5,2,Hubbsi,Demon Hunter,Devourer,290,DPS,440.00m (245.4k),"248,248.9",28.89%,22.40m (12.5k),"12,639.8",0,6,0,Disabldmist,Monk,Mistweaver,288,Healer,88.72m (49.5k),"50,055.1",5.83%,225.50m (125.8k),"127,226.0",1,5,1
BudoBoy07,Pit of Saron,22,2:50,2026-06-09 01:25,0,0,Devourer Demon Hunter: Shadow Bolt (0:29),Guardian Druid: Icy Blast (0:44),,,,,,,,,,,,,,,,,,,Feelspoonman,Druid,Guardian,290,Tank,15.33m (90.2k),"89,994.8",22.07%,6.44m (37.9k),"37,837.7",1,1,0,Powerpegging,Evoker,Augmentation,290,DPS,18.57m (109.2k),"109,051.1",26.74%,1.50m (8.8k),"8,813.2",0,1,0,Keduu,Death Knight,Unholy,290,DPS,32.44m (190.8k),"190,450.8",46.71%,628.8k (3.7k),"3,691.7",0,1,1,Hubbsi,Demon Hunter,Devourer,290,DPS,1.28m (7.5k),"7,494.3",1.84%,32.4k (190.6),190.3,1,1,0,Disabldmist,Monk,Mistweaver,288,Healer,1.83m (10.8k),"10,727.3",2.63%,2.78m (16.4k),"16,337.3",0,2,0
BudoBoy07,Pit of Saron,22,19:28,2026-06-09 01:05,0,0,Guardian Druid: Frostbane Slash (8:00),Devourer Demon Hunter: Dark Rupture (8:34),Mistweaver Monk: Ice Bolt (17:08),Devourer Demon Hunter: Permeating Cold (17:12),Guardian Druid: Blight Smash (17:18),Augmentation Evoker: Permeating Cold (17:18),Unholy Death Knight: Melee (17:19),,,,,,,,,,,,,,Feelspoonman,Druid,Guardian,290,Tank,160.86m (137.7k),"137,672.5",16.31%,106.99m (91.6k),"91,569.1",2,4,2,Powerpegging,Evoker,Augmentation,290,DPS,234.89m (201.1k),"201,036.9",23.81%,10.08m (8.6k),"8,628.1",1,5,2,Keduu,Death Knight,Unholy,290,DPS,270.16m (231.3k),"231,221.2",27.39%,9.04m (7.7k),"7,740.1",1,3,1,Hubbsi,Demon Hunter,Devourer,290,DPS,262.21m (224.5k),"224,416.1",26.58%,12.71m (10.9k),"10,875.3",2,4,0,Disabldmist,Monk,Mistweaver,288,Healer,58.37m (50.0k),"49,959.5",5.92%,133.28m (114.1k),"114,068.3",1,4,0
BudoBoy07,Nexus-Point Xenas,22,2:38,2026-06-01 11:42,0,0,Guardian Druid: Melee (2:00),Devourer Demon Hunter: Umbra Bolt (2:18),Unholy Death Knight: Arcane Explosion (2:20),Mistweaver Monk: Umbra Bolt (2:22),,,,,,,,,,,,,,,,,Drchance,Druid,Guardian,290,Tank,22.70m (143.7k),"143,287.2",15.17%,12.88m (81.5k),"81,290.1",1,2,0,Powerpegging,Evoker,Augmentation,290,DPS,40.95m (259.2k),"258,479.7",27.36%,1.34m (8.5k),"8,457.8",0,0,0,Siox,Death Knight,Unholy,290,DPS,38.84m (245.8k),"245,206.7",25.95%,483.0k (3.1k),"3,049.2",1,1,1,Sisora,Demon Hunter,Devourer,290,DPS,41.40m (262.0k),"261,333.6",27.66%,526.5k (3.3k),"3,323.6",1,1,2,Xhszoàz,Monk,Mistweaver,290,Healer,5.79m (36.6k),"36,567.6",3.87%,14.00m (88.6k),"88,356.6",1,2,0
BudoBoy07,Maisara Caverns,21,31:45,2026-05-31 20:53,1,0,,,,,,,,,,,,,,,,,,,,,Drbear,Druid,Guardian,287,Tank,200.72m (105.4k),"104,879.8",14.07%,176.54m (92.7k),"92,243.3",0,4,4,Powerpegging,Evoker,Augmentation,290,DPS,381.10m (200.1k),"199,130.3",26.71%,21.42m (11.2k),"11,193.5",0,0,0,Kerrin,Death Knight,Unholy,287,DPS,410.96m (215.7k),"214,730.8",28.81%,16.16m (8.5k),"8,445.3",0,1,6,Простогодикс,Demon Hunter,Devourer,290,DPS,385.46m (202.3k),"201,407.0",27.02%,26.05m (13.7k),"13,614.0",0,1,7,Донгелыч,Shaman,Restoration,289,Healer,48.38m (25.4k),"25,278.3",3.39%,182.67m (95.9k),"95,446.1",0,4,0
BudoBoy07,Maisara Caverns,21,22:17,2026-05-31 20:06,0,0,Mistweaver Monk: Barrage (9:12),Guardian Druid: Final Pursuit (20:49),Demonology Warlock: Unmake (20:54),Unholy Death Knight: Melee (21:02),Guardian Druid: Melee (21:48),Mistweaver Monk: Melee (22:02),Augmentation Evoker: Melee (22:07),Demonology Warlock: Melee (22:16),,,,,,,,,,,,,Simmut,Druid,Guardian,289,Tank,171.98m (128.6k),"128,626.1",13.95%,106.00m (79.3k),"79,278.1",2,3,4,Powerpegging,Evoker,Augmentation,290,DPS,308.99m (231.1k),"231,103.3",25.06%,11.80m (8.8k),"8,823.6",1,2,6,Zyrok,Death Knight,Unholy,290,DPS,365.17m (273.1k),"273,121.9",29.62%,8.76m (6.6k),"6,548.6",1,4,2,Moonwitçh,Warlock,Demonology,290,DPS,318.32m (238.1k),"238,079.9",25.82%,11.96m (8.9k),"8,947.7",2,4,6,Klorciemist,Monk,Mistweaver,289,Healer,68.53m (51.3k),"51,253.8",5.56%,128.79m (96.3k),"96,322.1",2,3,0
BudoBoy07,Maisara Caverns,21,3:22,2026-05-31 20:02,0,0,Guardian Druid: Melee (2:16),Unholy Death Knight: Melee (2:18),Mistweaver Monk: Melee (2:19),,,,,,,,,,,,,,,,,,Simmut,Druid,Guardian,289,Tank,29.70m (147.0k),"146,621.1",14.88%,16.66m (82.5k),"82,258.3",1,2,0,Powerpegging,Evoker,Augmentation,290,DPS,51.44m (254.7k),"253,943.0",25.78%,1.22m (6.0k),"5,999.5",0,1,2,Zyrok,Death Knight,Unholy,290,DPS,54.76m (271.1k),"270,339.5",27.44%,1.59m (7.9k),"7,849.8",1,1,0,Moonwitçh,Warlock,Demonology,290,DPS,53.69m (265.8k),"265,079.0",26.90%,1.79m (8.9k),"8,834.3",0,1,0,Klorciemist,Monk,Mistweaver,289,Healer,9.98m (49.4k),"49,251.7",5.00%,24.13m (119.5k),"119,115.3",1,2,0
BudoBoy07,Maisara Caverns,21,7:56,2026-05-31 19:55,0,0,Mistweaver Monk: Vile Potatoad (5:06),Demonology Warlock: Searing Presence (6:53),,,,,,,,,,,,,,,,,,,Simmut,Druid,Guardian,289,Tank,70.39m (147.9k),"147,671.7",14.93%,40.27m (84.6k),"84,481.5",0,2,1,Powerpegging,Evoker,Augmentation,290,DPS,118.00m (247.9k),"247,558.9",25.02%,3.69m (7.8k),"7,738.2",0,2,2,Zyrok,Death Knight,Unholy,290,DPS,136.22m (286.2k),"285,794.4",28.89%,2.00m (4.2k),"4,186.1",0,1,0,Moonwitçh,Warlock,Demonology,290,DPS,122.99m (258.4k),"258,039.2",26.08%,3.01m (6.3k),"6,322.0",1,1,0,Klorciemist,Monk,Mistweaver,289,Healer,23.99m (50.4k),"50,325.1",5.09%,45.33m (95.2k),"95,106.3",1,2,0
BudoBoy07,Maisara Caverns,21,14:56,2026-05-28 15:23,0,0,Mistweaver Monk: Melee (1:36),Frost Mage: Fetid Quillstorm (10:07),Augmentation Evoker: Spirit Rend (14:16),Guardian Druid: Melee (14:43),Mistweaver Monk: Melee (14:45),Frost Mage: Melee (14:46),Demonology Warlock: Spirit Rend (14:47),Augmentation Evoker: Melee (14:55),,,,,,,,,,,,,Liryajosé,Druid,Guardian,290,Tank,114.39m (127.7k),"127,610.9",14.56%,77.47m (86.5k),"86,423.1",1,0,0,Powerpegging,Evoker,Augmentation,290,DPS,193.47m (215.9k),"215,835.7",24.63%,7.91m (8.8k),"8,826.4",2,4,6,Jackicek,Mage,Frost,289,DPS,172.76m (192.8k),"192,730.1",22.00%,8.24m (9.2k),"9,187.6",2,3,5,Søulz,Warlock,Demonology,290,DPS,251.42m (280.6k),"280,481.7",32.01%,7.91m (8.8k),"8,825.4",1,3,3,Yoshimonk,Monk,Mistweaver,287,Healer,53.35m (59.5k),"59,515.3",6.79%,112.63m (125.7k),"125,645.6",2,3,0
BudoBoy07,Maisara Caverns,21,14:55,2026-05-28 14:57,0,0,Discipline Priest: Dread Slash (13:13),Demonology Warlock: Spirit Rend (13:34),Discipline Priest: Spirit Rend (13:58),Brewmaster Monk: Melee (14:08),Unholy Death Knight: Melee (14:08),Augmentation Evoker: Umbral Vortex (14:10),Demonology Warlock: Spirit Rend (14:11),,,,,,,,,,,,,,Tuzzamonk,Monk,Brewmaster,289,Tank,115.48m (129.0k),"128,952.9",14.70%,92.05m (102.8k),"102,793.0",1,4,3,Powerpegging,Evoker,Augmentation,290,DPS,196.75m (219.8k),"219,709.1",25.05%,7.45m (8.3k),"8,315.7",1,3,4,Cricridk,Death Knight,Unholy,290,DPS,237.12m (264.9k),"264,788.9",30.19%,6.07m (6.8k),"6,783.0",1,3,0,Søulz,Warlock,Demonology,290,DPS,221.79m (247.8k),"247,664.7",28.24%,5.94m (6.6k),"6,629.5",2,4,2,Dabble,Priest,Discipline,290,Healer,14.34m (16.0k),"16,011.8",1.83%,85.14m (95.1k),"95,076.4",2,2,1
BudoBoy07,Maisara Caverns,21,7:29,2026-05-28 14:49,0,0,Brewmaster Monk: Melee (4:28),Unholy Death Knight: Melee (4:29),Demonology Warlock: Melee (4:31),Discipline Priest: Melee (4:40),Augmentation Evoker: Rending Gore (4:43),,,,,,,,,,,,,,,,Tuzzamonk,Monk,Brewmaster,289,Tank,46.88m (104.4k),"104,186.5",14.12%,35.29m (78.6k),"78,420.2",1,3,2,Powerpegging,Evoker,Augmentation,290,DPS,88.82m (197.8k),"197,381.7",26.75%,3.12m (6.9k),"6,928.2",1,2,0,Cricridk,Death Knight,Unholy,290,DPS,96.92m (215.9k),"215,383.8",29.19%,2.27m (5.1k),"5,038.2",1,1,1,Søulz,Warlock,Demonology,290,DPS,92.16m (205.3k),"204,810.5",27.76%,2.34m (5.2k),"5,192.4",1,3,0,Dabble,Priest,Discipline,290,Healer,7.22m (16.1k),"16,053.6",2.17%,37.03m (82.5k),"82,292.6",1,1,1
BudoBoy07,Maisara Caverns,21,19:30,2026-05-28 14:26,0,0,Demonology Warlock: Melee (15:51),Unholy Death Knight: Piercing Screech (18:27),Brewmaster Monk: Melee (19:00),Demonology Warlock: Melee (19:04),Unholy Death Knight: Shadowfrost Blast (19:16),Brewmaster Monk: Spectral Strikes (19:23),Augmentation Evoker: Shadowfrost Blast (19:27),Discipline Priest: Melee (19:29),,,,,,,,,,,,,Tuzzamonk,Monk,Brewmaster,289,Tank,165.93m (141.8k),"141,701.8",16.27%,133.96m (114.5k),"114,395.6",2,4,1,Powerpegging,Evoker,Augmentation,290,DPS,256.57m (219.3k),"219,101.8",25.15%,8.54m (7.3k),"7,290.3",1,4,2,Cricridk,Death Knight,Unholy,290,DPS,284.00m (242.7k),"242,527.8",27.84%,7.09m (6.1k),"6,055.5",2,3,1,Søulz,Warlock,Demonology,290,DPS,289.61m (247.5k),"247,315.3",28.39%,7.86m (6.7k),"6,712.7",2,3,3,Dabble,Priest,Discipline,290,Healer,23.98m (20.5k),"20,475.8",2.35%,123.11m (105.2k),"105,133.0",1,1,2
BudoBoy07,Maisara Caverns,22,7:53,2026-05-28 02:38,0,0,Devourer Demon Hunter: Throw Spear (1:10),Guardian Druid: Melee (3:13),Devourer Demon Hunter: Melee (3:14),Mistweaver Monk: Melee (6:01),Unholy Death Knight: Melee (7:29),Mistweaver Monk: Melee (7:31),Guardian Druid: Melee (7:38),Augmentation Evoker: Sear (7:41),Devourer Demon Hunter: Shrink (7:43),,,,,,,,,,,,Frexa,Druid,Guardian,290,Tank,75.08m (158.7k),"158,537.3",13.41%,52.20m (110.4k),"110,226.2",2,2,1,Powerpegging,Evoker,Augmentation,290,DPS,137.76m (291.2k),"290,875.6",24.60%,3.71m (7.8k),"7,836.4",1,2,1,Metalicana,Death Knight,Unholy,290,DPS,167.13m (353.3k),"352,883.8",29.85%,3.41m (7.2k),"7,196.3",1,3,2,Kidh,Demon Hunter,Devourer,290,DPS,153.19m (323.9k),"323,464.7",27.36%,2.89m (6.1k),"6,095.2",3,2,1,Xaigrus,Monk,Mistweaver,289,Healer,26.80m (56.7k),"56,581.9",4.79%,58.02m (122.7k),"122,514.7",2,2,0
BudoBoy07,Skyreach,21,2:59,2026-05-28 01:55,0,0,Devourer Demon Hunter: Blade Rush (0:35),Guardian Druid:  (0:48),Unholy Death Knight:  (0:50),Mistweaver Monk: Melee (0:51),Augmentation Evoker: Melee (0:52),Mistweaver Monk: Melee (1:03),,,,,,,,,,,,,,,Frexa,Druid,Guardian,290,Tank,19.51m (109.0k),"108,400.4",21.79%,8.48m (47.4k),"47,110.6",1,1,0,Powerpegging,Evoker,Augmentation,290,DPS,21.50m (120.1k),"119,446.4",24.02%,1.51m (8.4k),"8,377.1",1,2,0,Metalicana,Death Knight,Unholy,290,DPS,37.02m (206.8k),"205,668.4",41.35%,1.02m (5.7k),"5,646.9",1,1,0,Kidh,Demon Hunter,Devourer,290,DPS,8.10m (45.3k),"45,002.9",9.05%,95.8k (535.2),532.5,1,1,0,Xaigrus,Monk,Mistweaver,289,Healer,3.39m (18.9k),"18,838.7",3.79%,9.71m (54.2k),"53,947.3",2,1,0
BudoBoy07,Skyreach,21,2:43,2026-05-28 01:41,0,0,Augmentation Evoker: Melee (2:10),Devourer Demon Hunter: Blade Rush (2:30),,,,,,,,,,,,,,,,,,,Bodljica,Druid,Guardian,288,Tank,30.38m (186.4k),"186,216.1",18.15%,22.78m (139.8k),"139,643.7",0,2,0,Powerpegging,Evoker,Augmentation,290,DPS,40.03m (245.6k),"245,394.8",23.91%,3.17m (19.4k),"19,402.3",1,2,1,Çuz,Demon Hunter,Devourer,287,DPS,49.04m (300.9k),"300,601.9",29.29%,2.16m (13.3k),"13,224.0",1,2,1,Mangomacka,Hunter,Survival,289,DPS,43.45m (266.6k),"266,323.8",25.95%,,,0,1,0,Holyfring,Shaman,Restoration,288,Healer,4.52m (27.7k),"27,691.2",2.70%,18.41m (112.9k),"112,846.9",0,1,0
BudoBoy07,Skyreach,22,20:30,2026-05-28 01:10,0,0,Augmentation Evoker: Chakram Vortex (5:40),Retribution Paladin: Solar Bolt (7:07),Augmentation Evoker: Solar Flame (8:18),Guardian Druid: Melee (20:26),Retribution Paladin: Melee (20:27),Devourer Demon Hunter: Melee (20:28),Augmentation Evoker: Solar Barrier (20:30),Restoration Shaman: Melee (20:30),,,,,,,,,,,,,Nepholdru,Druid,Guardian,288,Tank,113.37m (92.2k),"92,099.9",15.13%,93.89m (76.3k),"76,273.8",1,3,3,Powerpegging,Evoker,Augmentation,290,DPS,185.28m (150.6k),"150,516.4",24.72%,13.17m (10.7k),"10,696.0",3,4,0,Jamesv,Demon Hunter,Devourer,288,DPS,214.36m (174.3k),"174,142.1",28.60%,17.15m (13.9k),"13,935.6",1,5,0,Zazzïn,Paladin,Retribution,290,DPS,204.09m (165.9k),"165,796.2",27.23%,9.68m (7.9k),"7,866.2",2,4,1,Alextotem,Shaman,Restoration,286,Healer,32.31m (26.3k),"26,249.8",4.31%,119.53m (97.2k),"97,108.4",1,1,0
BudoBoy07,Skyreach,22,5:44,2026-05-28 01:04,0,0,Guardian Druid: Melee (0:34),Devourer Demon Hunter: Melee (0:35),Augmentation Evoker: Melee (0:38),Restoration Shaman: Melee (0:39),Retribution Paladin: Melee (0:46),,,,,,,,,,,,,,,,Nepholdru,Druid,Guardian,288,Tank,5.29m (15.4k),"15,373.7",10.51%,4.39m (12.8k),"12,757.5",1,2,0,Powerpegging,Evoker,Augmentation,290,DPS,14.74m (42.8k),"42,847.6",29.29%,1.15m (3.3k),"3,354.1",1,3,0,Jamesv,Demon Hunter,Devourer,288,DPS,9.86m (28.7k),"28,660.6",19.60%,1.09m (3.2k),"3,169.5",1,3,0,Zazzïn,Paladin,Retribution,290,DPS,19.80m (57.6k),"57,524.5",39.35%,337.3k (980.5),980.3,1,3,0,Alextotem,Shaman,Restoration,286,Healer,626.4k (1.8k),"1,820.3",1.24%,3.80m (11.0k),"11,053.3",1,2,0
BudoBoy07,Magisters' Terrace,22,33:02,2026-05-28 00:17,1,15,Augmentation Evoker: Cosmic Sting (24:52),,,,,,,,,,,,,,,,,,,,Nepholdru,Druid,Guardian,288,Tank,252.94m (127.6k),"127,988.4",15.33%,155.08m (78.2k),"78,470.1",0,6,4,Powerpegging,Evoker,Augmentation,289,DPS,406.19m (204.9k),"205,531.5",24.61%,24.51m (12.4k),"12,401.7",1,7,3,Jamesv,Demon Hunter,Devourer,288,DPS,486.44m (245.4k),"246,142.5",29.47%,29.76m (15.0k),"15,060.2",0,6,1,Zazzïn,Paladin,Retribution,290,DPS,443.17m (223.6k),"224,246.8",26.85%,19.35m (9.8k),"9,789.1",0,7,3,Alextotem,Shaman,Restoration,286,Healer,61.65m (31.1k),"31,194.2",3.74%,193.42m (97.6k),"97,870.3",0,1,2
BudoBoy07,Skyreach,21,27:07,2026-05-27 21:38,1,0,,,,,,,,,,,,,,,,,,,,,Wernerzigler,Druid,Guardian,288,Tank,160.85m (98.9k),"98,357.4",15.53%,137.38m (84.4k),"84,005.5",0,6,2,Powerpegging,Evoker,Augmentation,289,DPS,258.60m (158.9k),"158,137.1",24.97%,16.78m (10.3k),"10,262.7",0,6,1,Eyyoo,Death Knight,Unholy,288,DPS,266.93m (164.1k),"163,227.0",25.77%,10.53m (6.5k),"6,439.2",0,6,0,Bódeguita,Demon Hunter,Devourer,290,DPS,301.39m (185.2k),"184,299.5",29.10%,22.27m (13.7k),"13,617.1",0,6,1,Lovefatgirls,Shaman,Restoration,288,Healer,47.94m (29.5k),"29,315.6",4.63%,162.72m (100.0k),"99,506.1",0,3,3
BudoBoy07,Skyreach,21,9:50,2026-05-27 21:20,0,0,Augmentation Evoker: Chakram Vortex (3:36),Unholy Death Knight: Solar Flame (9:31),,,,,,,,,,,,,,,,,,,Dinoboy,Druid,Guardian,290,Tank,72.12m (122.2k),"122,158.9",14.62%,50.36m (85.4k),"85,312.1",0,2,1,Powerpegging,Evoker,Augmentation,289,DPS,127.63m (216.3k),"216,187.7",25.88%,6.90m (11.7k),"11,695.3",1,0,0,Grp,Death Knight,Unholy,290,DPS,111.36m (188.7k),"188,622.9",22.58%,3.52m (6.0k),"5,960.2",1,1,1,Sisora,Demon Hunter,Devourer,289,DPS,148.91m (252.4k),"252,233.9",30.20%,7.91m (13.4k),"13,397.8",0,1,3,Vennymw,Monk,Mistweaver,290,Healer,33.13m (56.2k),"56,122.6",6.72%,77.65m (131.6k),"131,532.8",0,2,0
BudoBoy07,Skyreach,21,19:45,2026-05-27 16:11,0,0,Mistweaver Monk: Chakram Vortex (5:28),Guardian Druid: Shear (19:42),Unholy Death Knight: Melee (19:43),Devourer Demon Hunter: Melee (19:44),Mistweaver Monk: Melee (19:45),Augmentation Evoker: Melee (19:45),,,,,,,,,,,,,,,Abumiaw,Druid,Guardian,290,Tank,113.77m (96.0k),"95,949.7",14.96%,73.08m (61.7k),"61,629.4",1,4,0,Powerpegging,Evoker,Augmentation,289,DPS,194.90m (164.5k),"164,365.7",25.63%,9.94m (8.4k),"8,385.8",1,4,0,Kinkul,Death Knight,Unholy,290,DPS,205.76m (173.6k),"173,522.3",27.06%,10.17m (8.6k),"8,573.5",1,4,3,Ripbiggus,Demon Hunter,Devourer,287,DPS,194.12m (163.8k),"163,708.6",25.52%,13.88m (11.7k),"11,708.2",1,4,1,Vennymw,Monk,Mistweaver,290,Healer,51.96m (43.8k),"43,816.1",6.83%,146.99m (124.0k),"123,962.4",2,4,0
BudoBoy07,Skyreach,21,3:16,2026-05-27 16:08,0,0,Augmentation Evoker: Wrathful Wind (2:14),,,,,,,,,,,,,,,,,,,,Abumiaw,Druid,Guardian,290,Tank,33.77m (172.3k),"171,688.9",16.81%,18.34m (93.6k),"93,260.8",0,1,0,Powerpegging,Evoker,Augmentation,289,DPS,48.66m (248.3k),"247,423.5",24.22%,1.87m (9.5k),"9,507.8",1,2,0,Kinkul,Death Knight,Unholy,290,DPS,59.08m (301.4k),"300,396.8",29.41%,1.78m (9.1k),"9,040.6",0,1,0,Ripbiggus,Demon Hunter,Devourer,287,DPS,47.99m (244.8k),"244,035.9",23.89%,1.91m (9.7k),"9,714.8",0,1,1,Vennymw,Monk,Mistweaver,290,Healer,11.40m (58.2k),"57,974.3",5.67%,26.00m (132.7k),"132,210.5",0,2,0
BudoBoy07,Skyreach,21,23:46,2026-05-27 15:21,0,0,Guardian Druid: Melee (7:46),Devourer Demon Hunter: Solar Flame (9:30),Unholy Death Knight: Melee (13:34),,,,,,,,,,,,,,,,,,Tigrimir,Druid,Guardian,289,Tank,149.02m (104.5k),"104,488.3",15.39%,110.57m (77.5k),"77,530.2",1,5,3,Powerpegging,Evoker,Augmentation,289,DPS,243.41m (170.7k),"170,671.0",25.13%,13.34m (9.4k),"9,352.7",0,5,2,Nazokiko,Death Knight,Unholy,289,DPS,266.37m (186.8k),"186,769.6",27.50%,10.11m (7.1k),"7,089.2",1,4,3,Benndh,Demon Hunter,Devourer,290,DPS,274.07m (192.2k),"192,168.7",28.30%,19.18m (13.5k),"13,451.8",1,5,1,Damies,Priest,Discipline,290,Healer,35.60m (25.0k),"24,959.0",3.68%,158.09m (110.9k),"110,847.3",0,1,1
BudoBoy07,Skyreach,21,8:58,2026-05-27 15:11,0,0,Devourer Demon Hunter: Solar Bolt (7:51),,,,,,,,,,,,,,,,,,,,Tigrimir,Druid,Guardian,289,Tank,48.62m (90.4k),"90,276.9",13.54%,40.23m (74.8k),"74,696.8",0,3,0,Powerpegging,Evoker,Augmentation,290,DPS,89.51m (166.4k),"166,203.0",24.93%,4.39m (8.2k),"8,157.7",0,2,0,Nazokiko,Death Knight,Unholy,289,DPS,103.70m (192.8k),"192,534.8",28.88%,2.97m (5.5k),"5,509.7",0,2,0,Benndh,Demon Hunter,Devourer,290,DPS,103.53m (192.4k),"192,224.3",28.83%,5.83m (10.8k),"10,821.2",1,2,0,Damies,Priest,Discipline,290,Healer,13.72m (25.5k),"25,477.5",3.82%,56.17m (104.4k),"104,299.4",0,1,1
BudoBoy07,Windrunner Spire,21,34:04,2026-05-27 14:25,0,0,Devourer Demon Hunter: Melee (5:50),Devourer Demon Hunter: Phial Toss (11:12),Unholy Death Knight: Arrow Rain (32:15),Devourer Demon Hunter: Bolt Gale (32:47),Devourer Demon Hunter: Squall Leap (32:54),,,,,,,,,,,,,,,,Drbear,Druid,Guardian,289,Tank,196.20m (96.0k),"96,965.9",14.53%,148.89m (72.8k),"73,584.6",0,5,3,Powerpegging,Evoker,Augmentation,290,DPS,348.68m (170.6k),"172,319.7",25.82%,16.98m (8.3k),"8,390.1",0,0,0,Nazokiko,Death Knight,Unholy,289,DPS,370.24m (181.1k),"182,977.3",27.42%,10.13m (5.0k),"5,004.5",1,1,6,Cosmiicstar,Demon Hunter,Devourer,289,DPS,380.19m (186.0k),"187,893.7",28.15%,21.87m (10.7k),"10,810.6",4,1,6,Damies,Priest,Discipline,290,Healer,55.13m (27.0k),"27,245.3",4.08%,229.68m (112.4k),"113,509.7",0,4,1
BudoBoy07,Windrunner Spire,21,11:06,2026-05-27 14:14,0,0,Augmentation Evoker: Acidic Demise (3:30),Discipline Priest: Ignited Embers (8:56),Unholy Death Knight:  (9:06),Guardian Druid: Flaming Twisters (9:08),Augmentation Evoker:  (9:11),Devourer Demon Hunter:  (9:13),,,,,,,,,,,,,,,Drbear,Druid,Guardian,289,Tank,67.42m (101.2k),"101,168.5",14.06%,48.77m (73.2k),"73,185.8",1,2,2,Powerpegging,Evoker,Augmentation,290,DPS,123.58m (185.6k),"185,459.6",25.78%,6.19m (9.3k),"9,294.8",2,0,0,Nazokiko,Death Knight,Unholy,289,DPS,127.64m (191.7k),"191,547.0",26.62%,3.99m (6.0k),"5,985.9",1,1,2,Cosmiicstar,Demon Hunter,Devourer,289,DPS,146.71m (220.3k),"220,158.4",30.60%,6.96m (10.5k),"10,449.7",1,1,2,Damies,Priest,Discipline,290,Healer,14.09m (21.2k),"21,139.8",2.94%,54.25m (81.5k),"81,406.2",1,2,0
BudoBoy07,Nexus-Point Xenas,21,22:00,2026-05-26 22:38,0,0,Unholy Death Knight: Dark Beckoning (11:37),Devourer Demon Hunter: Melee (21:39),Discipline Priest: Melee (21:40),Unholy Death Knight: Burning Radiance (21:41),Augmentation Evoker: Burning Radiance (21:42),Unholy Death Knight: Holy Bolt (22:00),,,,,,,,,,,,,,,Jindr,Druid,Guardian,289,Tank,165.11m (125.1k),"125,003.4",15.69%,103.93m (78.7k),"78,686.4",0,3,1,Powerpegging,Evoker,Augmentation,290,DPS,285.69m (216.4k),"216,286.8",27.15%,10.68m (8.1k),"8,082.0",1,3,2,Avenrisdead,Death Knight,Unholy,288,DPS,262.87m (199.1k),"199,009.9",24.98%,6.89m (5.2k),"5,217.2",3,3,2,Crozen,Demon Hunter,Devourer,289,DPS,299.93m (227.2k),"227,067.9",28.50%,8.25m (6.2k),"6,247.8",1,4,0,Damies,Priest,Discipline,290,Healer,38.73m (29.3k),"29,319.7",3.68%,145.57m (110.3k),"110,209.6",1,3,2
BudoBoy07,Magisters' Terrace,21,20:50,2026-05-26 17:49,0,0,Retribution Paladin: Crowd Dispersal (4:18),Augmentation Evoker: Runic Glaive (9:23),Arms Warrior: Holy Fire (9:50),Retribution Paladin: Runic Glaive (11:03),Arms Warrior: Melee (20:19),Restoration Shaman: Shadow Bolt (20:20),Retribution Paladin: Dimensional Shred (20:21),Guardian Druid: Melee (20:21),Augmentation Evoker: Consuming Void (20:25),,,,,,,,,,,,Нэлиар,Druid,Guardian,289,Tank,154.95m (124.0k),"123,955.2",17.54%,102.07m (81.7k),"81,652.4",1,4,0,Powerpegging,Evoker,Augmentation,290,DPS,230.94m (184.8k),"184,744.2",26.14%,15.71m (12.6k),"12,570.3",2,3,2,Luriol,Paladin,Retribution,288,DPS,229.61m (183.7k),"183,685.2",25.99%,14.75m (11.8k),"11,798.2",3,4,3,Arvandoor,Warrior,Arms,288,DPS,233.81m (187.0k),"187,043.8",26.47%,10.85m (8.7k),"8,678.0",2,5,1,Holyfring,Shaman,Restoration,288,Healer,34.08m (27.3k),"27,266.7",3.86%,114.84m (91.9k),"91,869.0",1,1,0
BudoBoy07,Windrunner Spire,21,7:06,2026-05-26 17:20,0,0,Mistweaver Monk: Ignited Embers (6:24),Unholy Death Knight: Flaming Twisters (6:44),Guardian Druid: Melee (7:04),Demonology Warlock: Ignited Embers (7:04),Mistweaver Monk: Ignited Embers (7:06),Augmentation Evoker: Ignited Embers (7:06),,,,,,,,,,,,,,,Bloodsport,Druid,Guardian,290,Tank,62.54m (146.8k),"146,504.5",13.40%,27.65m (64.9k),"64,769.0",1,2,0,Powerpegging,Evoker,Augmentation,290,DPS,114.49m (268.8k),"268,208.1",24.53%,5.43m (12.7k),"12,716.0",1,2,0,Mooshdk,Death Knight,Unholy,290,DPS,119.98m (281.6k),"281,061.6",25.70%,2.22m (5.2k),"5,192.1",1,2,2,Narzissa,Warlock,Demonology,290,DPS,139.33m (327.1k),"326,391.6",29.85%,3.89m (9.1k),"9,116.2",1,2,1,Rainbet,Monk,Mistweaver,287,Healer,30.44m (71.5k),"71,315.8",6.52%,47.54m (111.6k),"111,368.1",2,2,1
BudoBoy07,Magisters' Terrace,22,30:11,2026-05-26 16:03,0,0,Mistweaver Monk: Null Reaction (15:31),Augmentation Evoker: Devouring Strike (29:37),Mistweaver Monk: Devouring Strike (30:11),,,,,,,,,,,,,,,,,,Dailo,Druid,Guardian,290,Tank,259.62m (143.4k),"143,329.6",16.71%,118.72m (65.6k),"65,541.4",0,6,0,Powerpegging,Evoker,Augmentation,289,DPS,351.07m (193.9k),"193,815.9",22.60%,16.87m (9.3k),"9,311.9",1,6,0,Kànki,Death Knight,Unholy,289,DPS,430.95m (238.0k),"237,913.7",27.74%,10.43m (5.8k),"5,760.5",0,5,1,Nymphanf,Demon Hunter,Devourer,289,DPS,415.70m (229.5k),"229,493.0",26.76%,18.58m (10.3k),"10,259.9",0,6,2,Goltcz,Monk,Mistweaver,288,Healer,96.14m (53.1k),"53,075.7",6.19%,193.71m (107.0k),"106,940.0",2,4,2
BudoBoy07,Nexus-Point Xenas,21,3:36,2026-05-26 15:16,0,0,Guardian Druid: Arcane Zap (3:20),Unholy Death Knight: Melee (3:22),Augmentation Evoker: Suppression Field (3:25),Discipline Priest: Erratic Zap (3:28),,,,,,,,,,,,,,,,,Säxxa,Druid,Guardian,288,Tank,25.96m (120.2k),"120,148.3",13.18%,19.53m (90.4k),"90,390.2",1,1,0,Powerpegging,Evoker,Augmentation,290,DPS,53.65m (248.4k),"248,269.3",27.24%,1.93m (8.9k),"8,912.7",1,1,1,Lilpusztulat,Death Knight,Unholy,290,DPS,50.81m (235.2k),"235,122.3",25.80%,1.68m (7.8k),"7,785.5",1,0,1,Zbl,Priest,Shadow,290,DPS,62.06m (287.3k),"287,192.4",31.51%,4.01m (18.6k),"18,538.7",0,1,0,Damies,Priest,Discipline,290,Healer,4.46m (20.6k),"20,627.6",2.26%,25.96m (120.2k),"120,146.8",1,1,1
BudoBoy07,Nexus-Point Xenas,21,23:11,2026-05-26 14:53,0,0,Augmentation Evoker: Reflux Charge (7:04),Guardian Druid: Arcane Zap (20:50),Guardian Druid: Melee (21:08),Discipline Priest: Melee (21:10),Unholy Death Knight: Searing Rend (21:16),Discipline Priest: Blistering Smite (21:28),,,,,,,,,,,,,,,Säxxa,Druid,Guardian,288,Tank,117.51m (84.5k),"84,456.2",12.60%,92.64m (66.6k),"66,582.3",2,2,0,Powerpegging,Evoker,Augmentation,290,DPS,259.47m (186.5k),"186,485.6",27.82%,11.36m (8.2k),"8,163.3",1,4,2,Lilpusztulat,Death Knight,Unholy,290,DPS,273.82m (196.9k),"196,800.6",29.36%,5.02m (3.6k),"3,605.8",1,4,1,Zbl,Priest,Shadow,290,DPS,247.56m (178.0k),"177,930.8",26.55%,24.20m (17.4k),"17,391.4",0,3,2,Damies,Priest,Discipline,290,Healer,34.21m (24.6k),"24,591.1",3.67%,141.14m (101.5k),"101,440.9",2,3,2
BudoBoy07,Nexus-Point Xenas,21,1:30,2026-05-26 14:27,0,0,Protection Warrior: Melee (1:22),Shadow Priest: Melee (1:23),Feral Druid: Melee (1:27),Augmentation Evoker: Melee (1:27),Restoration Shaman: Melee (1:30),,,,,,,,,,,,,,,,Gublins,Warrior,Protection,289,Tank,12.34m (137.1k),"135,637.5",11.75%,4.69m (52.1k),"51,581.7",1,1,1,Powerpegging,Evoker,Augmentation,290,DPS,26.36m (292.9k),"289,689.3",25.09%,2.12m (23.6k),"23,339.4",1,1,1,Zzet,Druid,Feral,290,DPS,23.49m (261.0k),"258,200.0",22.36%,1.49m (16.6k),"16,402.7",1,1,1,Yulai,Priest,Shadow,290,DPS,40.95m (455.0k),"450,094.1",38.98%,3.31m (36.8k),"36,413.4",1,0,0,Thôrem,Shaman,Restoration,286,Healer,1.92m (21.3k),"21,149.7",1.83%,11.74m (130.4k),"128,984.6",1,1,0
BudoBoy07,Nexus-Point Xenas,21,5:26,2026-05-26 14:22,0,0,Restoration Shaman: Umbra Bolt (3:40),Feral Druid: Suppression Field (3:42),Shadow Priest: Umbra Bolt (3:55),Protection Warrior: Null Sunder (4:00),Augmentation Evoker: Arcing Mana (4:01),,,,,,,,,,,,,,,,Gublins,Warrior,Protection,289,Tank,35.19m (107.9k),"107,930.0",14.73%,13.11m (40.2k),"40,207.1",1,2,1,Powerpegging,Evoker,Augmentation,290,DPS,57.75m (177.1k),"177,118.3",24.18%,3.55m (10.9k),"10,879.6",1,1,1,Zzet,Druid,Feral,290,DPS,62.36m (191.3k),"191,226.7",26.11%,2.61m (8.0k),"7,996.8",1,1,1,Yulai,Priest,Shadow,290,DPS,75.66m (232.1k),"232,031.8",31.68%,7.91m (24.3k),"24,269.6",1,0,0,Thôrem,Shaman,Restoration,286,Healer,7.89m (24.2k),"24,203.3",3.30%,19.68m (60.4k),"60,365.3",1,1,0
BudoBoy07,Nexus-Point Xenas,21,6:05,2026-05-26 14:16,0,0,Restoration Shaman: Erratic Zap (2:17),Shadow Priest: Arcane Explosion (4:03),Augmentation Evoker: Arcing Mana (4:03),Feral Druid: Arcing Mana (4:03),Restoration Shaman: Corespark Overload (4:19),Protection Warrior: Corespark Overload (4:21),,,,,,,,,,,,,,,Gublins,Warrior,Protection,289,Tank,40.85m (111.9k),"111,823.7",16.74%,12.65m (34.7k),"34,640.3",1,2,0,Powerpegging,Evoker,Augmentation,290,DPS,55.33m (151.6k),"151,458.7",22.67%,4.38m (12.0k),"11,996.9",1,1,0,Zzet,Druid,Feral,290,DPS,69.97m (191.7k),"191,537.1",28.67%,4.28m (11.7k),"11,710.5",1,1,1,Yulai,Priest,Shadow,290,DPS,69.75m (191.1k),"190,926.9",28.58%,7.10m (19.5k),"19,436.1",1,0,0,Thôrem,Shaman,Restoration,286,Healer,8.14m (22.3k),"22,291.2",3.34%,24.78m (67.9k),"67,826.5",2,1,1
BudoBoy07,Nexus-Point Xenas,21,2:52,2026-05-26 14:13,0,0,Protection Warrior: Arcing Mana (1:10),Feral Druid: Melee (1:10),Shadow Priest: Melee (1:12),Augmentation Evoker: Melee (1:15),Restoration Shaman: Melee (1:19),,,,,,,,,,,,,,,,Gublins,Warrior,Protection,289,Tank,10.46m (60.8k),"60,766.6",10.28%,3.16m (18.4k),"18,371.4",1,2,1,Powerpegging,Evoker,Augmentation,290,DPS,28.01m (162.8k),"162,776.4",27.51%,1.41m (8.2k),"8,210.7",1,1,2,Zzet,Druid,Feral,290,DPS,26.76m (155.6k),"155,508.1",26.29%,576.7k (3.4k),"3,351.1",1,1,1,Yulai,Priest,Shadow,290,DPS,33.51m (194.8k),"194,719.4",32.92%,2.80m (16.3k),"16,244.3",1,0,0,Thôrem,Shaman,Restoration,286,Healer,3.06m (17.8k),"17,787.2",3.01%,10.66m (62.0k),"61,943.5",1,1,0
BudoBoy07,Windrunner Spire,21,33:11,2026-05-26 13:28,1,0,Shadow Priest: Phial Toss (14:05),Marksmanship Hunter: Shadow Bolt (16:20),Mistweaver Monk: Falling Rubble (24:47),,,,,,,,,,,,,,,,,,Katadruid,Druid,Guardian,289,Tank,194.85m (97.9k),"99,683.6",14.67%,129.51m (65.0k),"66,259.1",0,7,0,Powerpegging,Evoker,Augmentation,290,DPS,318.84m (160.1k),"163,119.1",24.01%,19.36m (9.7k),"9,903.9",0,6,3,Залпсмерти,Hunter,Marksmanship,289,DPS,342.66m (172.1k),"175,305.5",25.80%,3.85m (1.9k),"1,969.7",1,6,2,Yulai,Priest,Shadow,290,DPS,387.09m (194.4k),"198,035.9",29.14%,33.47m (16.8k),"17,120.9",1,6,3,Glatzmatz,Monk,Mistweaver,288,Healer,84.72m (42.6k),"43,343.1",6.38%,230.87m (116.0k),"118,114.0",1,2,0
BudoBoy07,Maisara Caverns,21,29:13,2026-05-26 02:25,0,0,Devourer Demon Hunter: Melee (1:15),Discipline Priest: Final Pursuit (21:21),Discipline Priest: Ritual Drums (26:10),Devourer Demon Hunter: Deathgorged Vessel (28:49),Discipline Priest: Crush Souls (28:50),Augmentation Evoker: Soulbind (28:59),Unholy Death Knight: Soulbind (29:06),Guardian Druid: Crush Souls (29:13),,,,,,,,,,,,,Nyzutank,Druid,Guardian,288,Tank,199.01m (113.5k),"113,472.4",14.15%,134.43m (76.7k),"76,651.3",1,5,3,Powerpegging,Evoker,Augmentation,290,DPS,379.64m (216.6k),"216,460.6",27.00%,18.79m (10.7k),"10,713.0",1,0,0,Aimfacka,Death Knight,Unholy,289,DPS,395.57m (225.7k),"225,543.8",28.13%,12.03m (6.9k),"6,859.4",1,1,6,Ээма,Demon Hunter,Devourer,288,DPS,395.37m (225.5k),"225,429.3",28.12%,18.15m (10.4k),"10,350.2",2,1,5,Dabble,Priest,Discipline,289,Healer,36.61m (20.9k),"20,874.1",2.60%,193.01m (110.1k),"110,050.9",3,4,2
BudoBoy07,Algeth'ar Academy,21,28:59,2026-05-25 23:47,0,0,Elemental Shaman: Germinate (5:14),Elemental Shaman: Melee (25:00),Elemental Shaman: Arcane Smash (25:03),Elemental Shaman: Astral Whirlwind (25:33),,,,,,,,,,,,,,,,,Dvigo,Druid,Guardian,289,Tank,209.53m (120.5k),"120,477.2",17.25%,129.58m (74.5k),"74,507.6",0,5,0,Powerpegging,Evoker,Augmentation,290,DPS,297.61m (171.1k),"171,119.9",24.50%,12.36m (7.1k),"7,109.1",0,4,2,Gigamehh,Priest,Shadow,290,DPS,336.33m (193.4k),"193,382.7",27.69%,23.52m (13.5k),"13,522.5",0,5,2,Disterm,Shaman,Elemental,289,DPS,289.97m (166.7k),"166,725.2",23.87%,5.63m (3.2k),"3,236.5",4,5,0,Gâwain,Monk,Mistweaver,289,Healer,81.16m (46.7k),"46,663.4",6.68%,147.06m (84.6k),"84,554.7",0,4,0
BudoBoy07,Algeth'ar Academy,21,15:10,2026-05-25 23:24,0,0,Unholy Death Knight: Melee (3:06),Mistweaver Monk: Blistering Fire (14:14),Devourer Demon Hunter: Blistering Fire (14:22),Mistweaver Monk: Melee (14:52),Guardian Druid: Melee (14:56),Devourer Demon Hunter: Melee (14:57),Augmentation Evoker: Melee (14:58),Unholy Death Knight: Vicious Lunge (15:10),,,,,,,,,,,,,Sorins,Druid,Guardian,290,Tank,114.80m (126.2k),"126,036.7",16.08%,63.11m (69.4k),"69,289.0",1,3,1,Powerpegging,Evoker,Augmentation,290,DPS,180.71m (198.6k),"198,395.8",25.30%,6.85m (7.5k),"7,520.1",1,3,1,Nisayx,Death Knight,Unholy,290,DPS,184.88m (203.2k),"202,969.7",25.89%,5.32m (5.8k),"5,840.1",2,3,1,Psychobunny,Demon Hunter,Devourer,289,DPS,200.71m (220.6k),"220,349.5",28.11%,6.57m (7.2k),"7,211.2",2,2,1,Deltachaos,Monk,Mistweaver,289,Healer,33.04m (36.3k),"36,273.4",4.63%,70.97m (78.0k),"77,920.3",2,1,0
BudoBoy07,Algeth'ar Academy,21,17:25,2026-05-25 22:52,0,0,Guardian Druid: Melee (2:17),Devourer Demon Hunter: Melee (16:54),Devourer Demon Hunter: Surge (17:07),Augmentation Evoker: Surge (17:22),Unholy Death Knight: Surge (17:23),Guardian Druid: Spellbound Weapon (17:24),Mistweaver Monk: Melee (17:25),,,,,,,,,,,,,,Sorins,Druid,Guardian,290,Tank,125.98m (120.6k),"120,450.3",13.81%,84.41m (80.8k),"80,701.8",2,3,1,Powerpegging,Evoker,Augmentation,290,DPS,216.50m (207.2k),"206,986.0",23.74%,7.43m (7.1k),"7,100.3",1,3,2,Nisayx,Death Knight,Unholy,290,DPS,254.31m (243.4k),"243,139.9",27.89%,6.41m (6.1k),"6,131.8",1,3,1,Imbeam,Demon Hunter,Devourer,289,DPS,266.33m (254.9k),"254,625.8",29.21%,8.38m (8.0k),"8,009.8",2,3,0,Maxxmonk,Monk,Mistweaver,288,Healer,48.81m (46.7k),"46,662.3",5.35%,101.79m (97.4k),"97,314.1",1,3,0
BudoBoy07,Algeth'ar Academy,21,14:27,2026-05-25 18:59,0,0,Augmentation Evoker: Deafening Screech (13:47),Mistweaver Monk: Deafening Screech (13:50),Devourer Demon Hunter: Deafening Screech (13:53),Augmentation Evoker: Deafening Screech (14:10),Mistweaver Monk: Deafening Screech (14:11),Unholy Death Knight: Deafening Screech (14:15),,,,,,,,,,,,,,,Quagmirran,Druid,Guardian,289,Tank,91.84m (105.9k),"105,926.4",13.01%,56.92m (65.7k),"65,655.0",0,3,0,Powerpegging,Evoker,Augmentation,290,DPS,173.94m (200.6k),"200,624.8",24.65%,5.78m (6.7k),"6,662.0",2,3,1,Keoudk,Death Knight,Unholy,288,DPS,196.35m (226.5k),"226,462.4",27.82%,3.76m (4.3k),"4,332.7",1,3,1,Neorek,Demon Hunter,Devourer,289,DPS,200.84m (231.6k),"231,641.8",28.46%,5.97m (6.9k),"6,881.5",1,3,1,Rostmonk,Monk,Mistweaver,289,Healer,42.81m (49.4k),"49,374.1",6.07%,75.54m (87.1k),"87,122.7",2,3,1
BudoBoy07,Algeth'ar Academy,21,31:16,2026-05-25 18:02,0,0,Guardian Druid: Vile Bite (1:38),Devourer Demon Hunter: Vicious Lunge (20:32),Augmentation Evoker: Arcane Smash (24:55),,,,,,,,,,,,,,,,,,Grootkin,Druid,Guardian,289,Tank,193.09m (102.9k),"104,975.6",14.52%,118.63m (63.2k),"64,496.1",1,5,0,Powerpegging,Evoker,Augmentation,290,DPS,329.71m (175.8k),"179,247.2",24.80%,15.67m (8.4k),"8,518.1",1,6,3,Enjiexdk,Death Knight,Unholy,289,DPS,361.72m (192.8k),"196,654.1",27.20%,8.62m (4.6k),"4,686.8",0,6,1,Hofidh,Demon Hunter,Devourer,289,DPS,365.60m (194.9k),"198,761.4",27.49%,11.85m (6.3k),"6,444.3",1,6,1,Âskelele,Monk,Mistweaver,289,Healer,79.61m (42.4k),"43,279.6",5.99%,171.44m (91.4k),"93,203.0",0,5,1
BudoBoy07,Magisters' Terrace,21,5:17,2026-05-25 17:48,0,0,Mistweaver Monk: Arcane Expulsion (4:55),Unholy Death Knight: Ignition (5:10),Mistweaver Monk: Ignition (5:13),Devourer Demon Hunter: Arcane Beam (5:13),Augmentation Evoker: Ignition (5:15),Guardian Druid: Melee (5:17),,,,,,,,,,,,,,,Marionavarro,Druid,Guardian,287,Tank,39.13m (123.4k),"123,258.3",15.94%,22.92m (72.3k),"72,205.9",1,2,0,Powerpegging,Evoker,Augmentation,290,DPS,71.91m (226.8k),"226,527.8",29.29%,3.38m (10.7k),"10,660.0",1,2,0,Manolodk,Death Knight,Unholy,288,DPS,61.47m (193.9k),"193,628.3",25.03%,1.92m (6.1k),"6,059.0",1,1,0,Xhì,Demon Hunter,Devourer,289,DPS,54.56m (172.1k),"171,868.2",22.22%,3.01m (9.5k),"9,467.4",1,1,0,Coshomonk,Monk,Mistweaver,289,Healer,18.47m (58.3k),"58,169.5",7.52%,35.81m (113.0k),"112,799.9",2,1,0
BudoBoy07,Algeth'ar Academy,21,19:29,2026-05-25 17:16,0,0,Guardian Druid: Savage Peck (14:41),Mistweaver Monk: Melee (15:26),Devourer Demon Hunter: Surge (18:32),Guardian Druid: Melee (19:15),Unholy Death Knight: Melee (19:16),Mistweaver Monk: Spellbound Weapon (19:17),Augmentation Evoker: Spellbound Weapon (19:25),Devourer Demon Hunter: Melee (19:29),,,,,,,,,,,,,City,Druid,Guardian,288,Tank,122.28m (104.6k),"104,585.5",12.68%,75.09m (64.2k),"64,220.0",2,2,2,Powerpegging,Evoker,Augmentation,290,DPS,241.14m (206.3k),"206,236.6",25.01%,10.29m (8.8k),"8,796.7",1,3,1,Metaslavedk,Death Knight,Unholy,290,DPS,274.27m (234.6k),"234,577.6",28.44%,6.67m (5.7k),"5,702.7",1,3,0,Serahz,Demon Hunter,Devourer,289,DPS,275.03m (235.3k),"235,228.4",28.52%,10.52m (9.0k),"8,993.5",2,3,0,Sluttybests,Monk,Mistweaver,288,Healer,51.51m (44.1k),"44,058.0",5.34%,94.07m (80.5k),"80,459.6",2,1,1
BudoBoy07,Algeth'ar Academy,21,17:38,2026-05-25 16:55,0,0,Guardian Druid: Spellbound Weapon (17:10),Devourer Demon Hunter: Melee (17:23),Unholy Death Knight: Melee (17:27),Mistweaver Monk: Surge (17:29),Guardian Druid: Spellbound Weapon (17:37),Augmentation Evoker: Melee (17:38),,,,,,,,,,,,,,,City,Druid,Guardian,288,Tank,119.08m (112.6k),"112,542.2",13.73%,80.87m (76.4k),"76,433.4",2,1,1,Powerpegging,Evoker,Augmentation,290,DPS,218.60m (206.6k),"206,599.0",25.20%,8.00m (7.6k),"7,558.2",1,3,0,Metaslavedk,Death Knight,Unholy,290,DPS,254.25m (240.3k),"240,288.2",29.31%,7.17m (6.8k),"6,778.8",1,3,0,Serahz,Demon Hunter,Devourer,289,DPS,236.68m (223.7k),"223,686.5",27.28%,8.91m (8.4k),"8,420.1",1,3,2,Sluttybests,Monk,Mistweaver,288,Healer,38.93m (36.8k),"36,788.5",4.49%,81.60m (77.1k),"77,118.0",1,0,0
BudoBoy07,Algeth'ar Academy,21,2:12,2026-05-25 16:53,0,0,Devourer Demon Hunter: Melee (0:45),Guardian Druid: Melee (1:15),Unholy Death Knight: Melee (1:17),Augmentation Evoker: Melee (1:18),,,,,,,,,,,,,,,,,City,Druid,Guardian,288,Tank,15.50m (117.4k),"117,343.9",39.46%,8.68m (65.8k),"65,690.7",1,0,0,Powerpegging,Evoker,Augmentation,290,DPS,16.28m (123.3k),"123,191.2",41.45%,999.4k (7.6k),"7,564.7",1,1,0,Metaslavedk,Death Knight,Unholy,290,DPS,7.12m (53.9k),"53,884.9",18.13%,663.4k (5.0k),"5,021.3",1,0,0,Serahz,Demon Hunter,Devourer,289,DPS,159.0k (1.2k),"1,203.8",0.40%,,,1,0,0,Sluttybests,Monk,Mistweaver,288,Healer,221.5k (1.7k),"1,676.4",0.56%,2.33m (17.7k),"17,619.0",0,0,0
BudoBoy07,Algeth'ar Academy,21,4:41,2026-05-25 16:48,0,0,Guardian Druid: Melee (3:14),Devourer Demon Hunter: Melee (3:15),Unholy Death Knight: Germinate (3:28),Augmentation Evoker: Melee (3:38),,,,,,,,,,,,,,,,,City,Druid,Guardian,288,Tank,44.25m (157.5k),"156,930.8",14.75%,22.32m (79.4k),"79,171.3",1,1,1,Powerpegging,Evoker,Augmentation,290,DPS,79.15m (281.7k),"280,720.8",26.38%,1.86m (6.6k),"6,603.2",1,1,0,Metaslavedk,Death Knight,Unholy,290,DPS,87.22m (310.4k),"309,323.3",29.07%,1.28m (4.6k),"4,527.4",1,1,0,Serahz,Demon Hunter,Devourer,289,DPS,78.32m (278.7k),"277,777.8",26.10%,1.59m (5.7k),"5,642.8",1,1,0,Sluttybests,Monk,Mistweaver,288,Healer,11.14m (39.6k),"39,495.5",3.71%,16.60m (59.1k),"58,873.0",0,0,0
BudoBoy07,Algeth'ar Academy,21,1:55,2026-05-25 16:46,0,0,Mistweaver Monk: Melee (0:50),Guardian Druid: Vile Bite (0:59),Augmentation Evoker: Melee (1:01),Unholy Death Knight: Melee (1:16),,,,,,,,,,,,,,,,,City,Druid,Guardian,288,Tank,3.25m (28.3k),"28,039.4",60.46%,2.30m (20.0k),"19,897.2",1,0,0,Powerpegging,Evoker,Augmentation,290,DPS,572.8k (5.0k),"4,948.1",10.66%,748.6k (6.5k),"6,467.1",1,0,0,Metaslavedk,Death Knight,Unholy,290,DPS,950.5k (8.3k),"8,211.8",17.68%,232.3k (2.0k),"2,007.2",1,0,0,Serahz,Demon Hunter,Devourer,289,DPS,577.6k (5.0k),"4,989.5",10.74%,317.6k (2.8k),"2,743.4",0,0,0,Sluttybests,Monk,Mistweaver,288,Healer,24.9k (216.5),215.0,0.46%,798.3k (6.9k),"6,896.7",1,0,0
BudoBoy07,Algeth'ar Academy,21,19:44,2026-05-25 16:26,0,0,Guardian Druid: Melee (16:31),Mistweaver Monk: Melee (17:23),Guardian Druid: Spellbound Weapon (17:46),Devourer Demon Hunter: Melee (17:49),Mistweaver Monk: Melee (17:53),Unholy Death Knight: Surge (17:59),,,,,,,,,,,,,,,City,Druid,Guardian,288,Tank,113.93m (96.2k),"96,216.0",13.25%,75.74m (64.0k),"63,958.8",2,3,1,Powerpegging,Evoker,Augmentation,290,DPS,210.97m (178.2k),"178,159.4",24.54%,8.43m (7.1k),"7,119.4",0,3,2,Metaslavedk,Death Knight,Unholy,290,DPS,239.26m (202.1k),"202,049.6",27.84%,7.14m (6.0k),"6,031.7",1,3,0,Serahz,Demon Hunter,Devourer,289,DPS,250.31m (211.4k),"211,385.2",29.12%,8.25m (7.0k),"6,967.2",1,3,0,Sluttybests,Monk,Mistweaver,288,Healer,45.09m (38.1k),"38,081.0",5.25%,94.85m (80.1k),"80,103.1",2,1,1
BudoBoy07,Algeth'ar Academy,21,8:38,2026-05-25 15:35,0,0,Devourer Demon Hunter: Melee (8:26),Mistweaver Monk: Melee (8:28),Unholy Death Knight: Melee (8:32),Guardian Druid: Gust (8:38),,,,,,,,,,,,,,,,,Despervitus,Druid,Guardian,285,Tank,66.38m (128.1k),"128,093.8",11.96%,32.67m (63.1k),"63,036.5",1,0,0,Powerpegging,Evoker,Augmentation,290,DPS,141.13m (272.5k),"272,318.6",25.42%,2.53m (4.9k),"4,874.9",0,2,0,Chuchos,Death Knight,Unholy,287,DPS,144.98m (279.9k),"279,754.2",26.11%,2.12m (4.1k),"4,090.4",1,2,0,Merlindh,Demon Hunter,Devourer,289,DPS,169.57m (327.4k),"327,193.7",30.54%,3.75m (7.2k),"7,240.1",1,2,0,Triogodx,Monk,Mistweaver,289,Healer,33.18m (64.1k),"64,032.3",5.98%,42.38m (81.8k),"81,776.8",1,2,0
BudoBoy07,Algeth'ar Academy,21,30:22,2026-05-25 00:16,1,7,Augmentation Evoker: Arcane Smash (24:10),Augmentation Evoker: Arcane Smash (24:33),,,,,,,,,,,,,,,,,,,Dvigo,Druid,Guardian,289,Tank,209.32m (114.9k),"116,227.0",15.79%,137.77m (75.6k),"76,495.2",0,6,1,Powerpegging,Evoker,Augmentation,290,DPS,338.26m (185.7k),"187,819.6",25.52%,14.82m (8.1k),"8,229.2",2,6,1,Gigamehh,Priest,Shadow,290,DPS,355.97m (195.4k),"197,653.1",26.85%,26.43m (14.5k),"14,672.9",0,6,1,Disterm,Shaman,Elemental,289,DPS,330.55m (181.4k),"183,541.4",24.94%,7.91m (4.3k),"4,394.4",0,5,2,Gâwain,Monk,Mistweaver,289,Healer,91.42m (50.2k),"50,760.4",6.90%,166.27m (91.3k),"92,324.4",0,5,0
BudoBoy07,Magisters' Terrace,21,30:41,2026-05-24 23:22,1,0,Mistweaver Monk: Cosmic Radiation (20:18),Mistweaver Monk: Entropy Orb (28:16),,,,,,,,,,,,,,,,,,,Seita,Druid,Guardian,290,Tank,237.50m (129.0k),"130,528.7",15.23%,130.91m (71.1k),"71,948.5",0,5,2,Powerpegging,Evoker,Augmentation,290,DPS,392.90m (213.4k),"215,932.0",25.20%,16.82m (9.1k),"9,246.2",0,7,0,Nizeedkd,Death Knight,Unholy,290,DPS,410.12m (222.8k),"225,397.3",26.31%,13.18m (7.2k),"7,244.0",0,7,3,Trumpettadh,Demon Hunter,Devourer,290,DPS,439.89m (238.9k),"241,756.4",28.22%,22.23m (12.1k),"12,218.7",0,6,2,Mistmoad,Monk,Mistweaver,281,Healer,78.51m (42.6k),"43,148.1",5.04%,183.59m (99.7k),"100,897.9",2,5,3
BudoBoy07,Windrunner Spire,21,4:49,2026-05-24 23:10,0,0,Guardian Druid: Sporecharged (4:32),Unholy Death Knight: Melee (4:33),Mistweaver Monk: Spore Dispersal (4:38),,,,,,,,,,,,,,,,,,Bearmínimum,Druid,Guardian,289,Tank,43.79m (151.5k),"151,153.6",14.81%,21.80m (75.4k),"75,240.5",1,1,0,Powerpegging,Evoker,Augmentation,290,DPS,77.19m (267.1k),"266,463.7",26.11%,2.08m (7.2k),"7,190.5",0,2,0,Lazydeadge,Death Knight,Unholy,290,DPS,75.67m (261.8k),"261,210.0",25.60%,809.7k (2.8k),"2,795.2",1,1,0,Whodares,Demon Hunter,Devourer,289,DPS,79.97m (276.7k),"276,055.5",27.05%,2.12m (7.3k),"7,324.2",0,1,0,Athul,Monk,Mistweaver,290,Healer,18.98m (65.7k),"65,526.5",6.42%,37.38m (129.3k),"129,029.9",1,1,0
BudoBoy07,Algeth'ar Academy,20,23:03,2026-05-24 19:40,0,0,Devourer Demon Hunter: Expel Intruders (6:10),Demonology Warlock: Mana Bomb (20:53),Holy Paladin: Mana Bomb (20:53),Guardian Druid: Melee (22:54),Devourer Demon Hunter: Melee (22:56),Holy Paladin: Mana Bomb (23:02),Demonology Warlock: Mana Bomb (23:02),Augmentation Evoker: Arcane Orb (23:02),,,,,,,,,,,,,Softdudu,Druid,Guardian,288,Tank,146.89m (106.2k),"106,205.4",15.15%,86.30m (62.4k),"62,399.1",1,4,2,Powerpegging,Evoker,Augmentation,290,DPS,258.09m (186.6k),"186,610.7",26.63%,9.81m (7.1k),"7,096.4",1,3,2,Valaqk,Demon Hunter,Devourer,290,DPS,269.63m (195.0k),"194,957.3",27.82%,10.44m (7.5k),"7,547.2",2,3,1,Guldañ,Warlock,Demonology,289,DPS,276.64m (200.0k),"200,023.3",28.54%,9.15m (6.6k),"6,617.2",2,4,7,Firetorch,Paladin,Holy,288,Healer,18.10m (13.1k),"13,089.0",1.87%,103.34m (74.7k),"74,722.4",2,0,0
BudoBoy07,Magisters' Terrace,21,33:28,2026-05-24 19:01,1,0,Mistweaver Monk: Void Destruction (31:38),Augmentation Evoker: Void Destruction (31:41),,,,,,,,,,,,,,,,,,,Kronasty,Druid,Guardian,288,Tank,245.62m (122.3k),"123,630.6",15.38%,131.33m (65.4k),"66,106.2",0,5,1,Powerpegging,Evoker,Augmentation,290,DPS,405.53m (202.0k),"204,119.6",25.39%,19.36m (9.6k),"9,742.7",1,7,3,Chromodk,Death Knight,Unholy,289,DPS,433.28m (215.8k),"218,086.9",27.13%,16.22m (8.1k),"8,165.5",0,6,4,Navinna,Demon Hunter,Devourer,287,DPS,416.99m (207.7k),"209,889.5",26.11%,22.99m (11.4k),"11,574.3",0,7,3,Éxclusive,Monk,Mistweaver,286,Healer,95.90m (47.8k),"48,270.5",6.00%,229.65m (114.4k),"115,595.1",1,6,3
BudoBoy07,Pit of Saron,21,27:57,2026-05-24 18:18,1,11,Mistweaver Monk: Dread Pulse (5:53),,,,,,,,,,,,,,,,,,,,Jugthefuse,Druid,Guardian,286,Tank,177.41m (105.8k),"106,117.4",13.60%,121.66m (72.5k),"72,769.7",0,0,1,Powerpegging,Evoker,Augmentation,290,DPS,326.72m (194.8k),"195,431.1",25.05%,15.35m (9.2k),"9,179.7",0,0,0,Sakana,Death Knight,Unholy,289,DPS,358.95m (214.0k),"214,708.5",27.52%,12.72m (7.6k),"7,611.1",0,1,6,Kurodh,Demon Hunter,Devourer,287,DPS,365.42m (217.9k),"218,575.9",28.01%,17.86m (10.6k),"10,683.2",0,1,5,Monwhee,Monk,Mistweaver,289,Healer,75.90m (45.3k),"45,400.3",5.82%,186.47m (111.2k),"111,539.0",1,2,1
BudoBoy07,Pit of Saron,21,2:18,2026-05-24 18:04,0,0,Guardian Druid: Melee (2:02),Devourer Demon Hunter: Melee (2:03),Unholy Death Knight: Melee (2:04),,,,,,,,,,,,,,,,,,Softdudu,Druid,Guardian,288,Tank,32.33m (234.3k),"233,551.5",16.38%,17.39m (126.0k),"125,665.4",1,1,1,Powerpegging,Evoker,Augmentation,290,DPS,53.75m (389.5k),"388,328.0",27.23%,2.00m (14.5k),"14,447.7",0,2,0,Adinorx,Death Knight,Unholy,290,DPS,61.17m (443.3k),"441,927.0",30.99%,924.2k (6.7k),"6,677.0",1,1,0,Nerfdevourer,Demon Hunter,Devourer,288,DPS,45.94m (332.9k),"331,872.6",23.27%,732.0k (5.3k),"5,288.6",1,1,0,Yonuts,Shaman,Restoration,289,Healer,4.22m (30.6k),"30,495.9",2.14%,10.54m (76.4k),"76,147.5",0,1,0
BudoBoy07,Algeth'ar Academy,21,22:09,2026-05-24 17:25,0,0,Demonology Warlock: Melee (5:22),Mistweaver Monk: Surge (17:12),Demonology Warlock: Mana Bomb (20:38),Mistweaver Monk: Arcane Fissure (21:42),Guardian Druid: Arcane Expulsion (21:52),Unholy Death Knight: Melee (21:55),Demonology Warlock: Corrupted Mana (22:00),Augmentation Evoker: Corrupted Mana (22:08),,,,,,,,,,,,,Delanu,Druid,Guardian,290,Tank,167.35m (125.9k),"125,886.6",15.23%,94.49m (71.1k),"71,076.8",1,4,1,Powerpegging,Evoker,Augmentation,290,DPS,265.89m (200.1k),"200,015.9",24.19%,10.40m (7.8k),"7,823.3",1,4,4,Artresto,Death Knight,Unholy,290,DPS,312.48m (235.1k),"235,059.0",28.43%,8.41m (6.3k),"6,326.1",1,4,6,Hardtek,Warlock,Demonology,290,DPS,281.64m (211.9k),"211,859.6",25.62%,10.53m (7.9k),"7,918.3",3,4,4,Vampiré,Monk,Mistweaver,289,Healer,71.74m (54.0k),"53,962.9",6.53%,140.05m (105.4k),"105,355.1",2,1,1
BudoBoy07,Skyreach,21,27:24,2026-05-24 16:38,1,9,Mistweaver Monk: Falling (17:48),Mistweaver Monk: Falling (17:49),Mistweaver Monk: Shear (18:38),,,,,,,,,,,,,,,,,,Nyxthebear,Druid,Guardian,288,Tank,139.29m (84.7k),"86,657.7",13.80%,97.22m (59.1k),"60,484.9",0,4,2,Powerpegging,Evoker,Augmentation,290,DPS,243.00m (147.8k),"151,178.9",24.07%,14.92m (9.1k),"9,279.9",0,6,1,Zuckø,Death Knight,Unholy,288,DPS,273.94m (166.6k),"170,427.0",27.14%,13.17m (8.0k),"8,194.1",0,5,2,Pezemdh,Demon Hunter,Devourer,290,DPS,283.25m (172.3k),"176,215.9",28.06%,16.52m (10.0k),"10,278.1",0,6,1,Stargiirll,Monk,Mistweaver,288,Healer,69.97m (42.6k),"43,532.7",6.93%,183.45m (111.6k),"114,128.1",3,5,0
BudoBoy07,Skyreach,21,6:53,2026-05-24 16:27,0,0,Unholy Death Knight: Melee (6:32),Mistweaver Monk: Solar Bolt (6:43),,,,,,,,,,,,,,,,,,,Volvicwater,Druid,Guardian,290,Tank,48.16m (116.6k),"116,506.1",16.23%,31.61m (76.5k),"76,463.6",0,3,0,Powerpegging,Evoker,Augmentation,290,DPS,69.18m (167.5k),"167,362.6",23.32%,3.68m (8.9k),"8,898.7",0,2,0,Zyrok,Death Knight,Unholy,289,DPS,80.37m (194.6k),"194,428.9",27.09%,3.76m (9.1k),"9,091.7",1,2,1,Serahz,Demon Hunter,Devourer,289,DPS,77.94m (188.7k),"188,543.7",26.27%,4.85m (11.7k),"11,740.0",0,2,0,Ghernsiná,Monk,Mistweaver,289,Healer,21.01m (50.9k),"50,824.4",7.08%,47.10m (114.0k),"113,955.3",1,1,0
BudoBoy07,Pit of Saron,21,30:19,2026-05-24 15:50,0,0,Retribution Paladin: Melee (3:24),Restoration Shaman: Dark Rupture (9:04),,,,,,,,,,,,,,,,,,,Zxro,Druid,Guardian,287,Tank,218.16m (119.9k),"121,341.0",15.58%,169.41m (93.1k),"94,226.8",0,5,1,Powerpegging,Evoker,Augmentation,290,DPS,336.50m (185.0k),"187,161.3",24.02%,18.38m (10.1k),"10,221.1",0,6,1,Wzdkx,Death Knight,Unholy,289,DPS,427.87m (235.2k),"237,980.5",30.55%,14.43m (7.9k),"8,026.9",0,6,1,Yurnéro,Paladin,Retribution,288,DPS,365.03m (200.7k),"203,028.6",26.06%,16.87m (9.3k),"9,381.1",1,6,0,Meahea,Shaman,Restoration,288,Healer,53.12m (29.2k),"29,542.5",3.79%,165.57m (91.0k),"92,087.1",1,4,1
BudoBoy07,Pit of Saron,21,7:09,2026-05-24 15:43,0,0,Guardian Druid: Icy Blast (0:25),Unholy Death Knight: Melee (0:28),Mistweaver Monk: Shadow Bolt (0:33),Guardian Druid: Melee (0:35),,,,,,,,,,,,,,,,,Patmesama,Druid,Guardian,288,Tank,6.44m (15.0k),"15,005.8",24.67%,3.15m (7.3k),"7,337.5",2,1,0,Powerpegging,Evoker,Augmentation,290,DPS,8.89m (20.7k),"20,715.7",34.06%,766.7k (1.8k),"1,786.9",0,2,1,Neopepehands,Death Knight,Unholy,290,DPS,6.27m (14.6k),"14,609.2",24.02%,325.0k (757.6),757.4,1,1,0,Menschenfres,Demon Hunter,Devourer,289,DPS,3.13m (7.3k),"7,305.7",11.99%,265.1k (617.9),617.8,0,1,1,Biffenjutsu,Monk,Mistweaver,290,Healer,1.37m (3.2k),"3,204.4",5.25%,4.03m (9.4k),"9,400.4",1,1,0
BudoBoy07,Magisters' Terrace,20,33:30,2026-05-24 14:42,1,0,Devourer Demon Hunter: Melee (1:10),Restoration Druid: Feedback (14:19),Retribution Paladin: Shadow Bolt (20:21),Augmentation Evoker: Dimensional Shred (27:47),,,,,,,,,,,,,,,,,Druidîdikus,Druid,Guardian,290,Tank,261.27m (130.0k),"133,390.6",19.04%,131.92m (65.6k),"67,351.4",0,6,0,Powerpegging,Evoker,Augmentation,290,DPS,364.20m (181.2k),"185,939.3",26.54%,21.02m (10.5k),"10,734.0",1,6,3,Subwaymbappe,Demon Hunter,Devourer,289,DPS,349.24m (173.8k),"178,303.2",25.45%,21.27m (10.6k),"10,858.3",1,6,0,Palingore,Paladin,Retribution,289,DPS,380.93m (189.5k),"194,479.3",27.76%,22.11m (11.0k),"11,288.0",1,6,1,Boubdrood,Druid,Restoration,287,Healer,16.71m (8.3k),"8,530.1",1.22%,169.25m (84.2k),"86,411.4",1,3,0
BudoBoy07,Magisters' Terrace,20,19:39,2026-05-24 14:05,0,0,Augmentation Evoker: Holy Fire (10:22),Devourer Demon Hunter: Runic Glaive (12:15),Restoration Druid: Shadow Bolt (18:47),Augmentation Evoker: Dimensional Shred (18:53),Devourer Demon Hunter: Shadow Bolt (18:59),Retribution Paladin: Dimensional Shred (19:10),Restoration Druid: Consuming Shadows (19:17),Devourer Demon Hunter: Consuming Shadows (19:19),Augmentation Evoker: Dimensional Shred (19:26),Guardian Druid: Melee (19:31),,,,,,,,,,,Grillieren,Druid,Guardian,289,Tank,150.26m (127.4k),"127,385.0",19.94%,82.31m (69.8k),"69,776.4",1,3,0,Powerpegging,Evoker,Augmentation,290,DPS,186.94m (158.6k),"158,482.8",24.80%,13.90m (11.8k),"11,784.6",3,2,2,Skodh,Demon Hunter,Devourer,286,DPS,180.32m (152.9k),"152,871.1",23.93%,11.04m (9.4k),"9,362.7",3,3,1,Palingore,Paladin,Retribution,289,DPS,226.73m (192.3k),"192,209.5",30.08%,16.52m (14.0k),"14,006.0",1,4,1,Boubdrood,Druid,Restoration,287,Healer,9.43m (8.0k),"7,993.7",1.25%,117.79m (99.9k),"99,856.6",2,1,0
BudoBoy07,Magisters' Terrace,20,7:09,2026-05-24 13:58,0,0,Devourer Demon Hunter: Holy Fire (4:02),Restoration Druid: Crowd Dispersal (4:28),Retribution Paladin: Crowd Dispersal (4:28),Devourer Demon Hunter: Crowd Dispersal (4:28),Augmentation Evoker: Holy Fire (4:35),,,,,,,,,,,,,,,,Grillieren,Druid,Guardian,289,Tank,38.77m (90.4k),"90,162.9",18.16%,21.98m (51.2k),"51,123.0",0,3,0,Powerpegging,Evoker,Augmentation,290,DPS,62.79m (146.4k),"146,035.4",29.41%,3.49m (8.1k),"8,105.0",1,1,0,Skodh,Demon Hunter,Devourer,286,DPS,47.48m (110.7k),"110,413.7",22.24%,2.02m (4.7k),"4,686.6",2,3,0,Palingore,Paladin,Retribution,289,DPS,62.63m (146.0k),"145,664.7",29.33%,2.99m (7.0k),"6,943.4",1,1,0,Boubdrood,Druid,Restoration,287,Healer,1.83m (4.3k),"4,256.0",0.86%,23.96m (55.9k),"55,723.7",1,0,0
BudoBoy07,Algeth'ar Academy,21,6:50,2026-05-24 02:53,0,0,Devourer Demon Hunter: Melee (1:03),Guardian Druid: Melee (5:41),Shadow Priest: Melee (5:41),Devourer Demon Hunter: Melee (5:45),Mistweaver Monk: Splinterbark (6:03),Augmentation Evoker: Melee (6:11),,,,,,,,,,,,,,,Buckbeast,Druid,Guardian,289,Tank,82.39m (201.0k),"200,918.1",18.34%,28.21m (68.8k),"68,788.1",1,1,0,Powerpegging,Evoker,Augmentation,290,DPS,113.76m (277.5k),"277,423.0",25.32%,3.68m (9.0k),"8,982.3",1,1,0,Òcdh,Demon Hunter,Devourer,288,DPS,117.57m (286.8k),"286,716.2",26.17%,3.79m (9.2k),"9,242.6",2,1,0,Vertigoawayy,Priest,Shadow,289,DPS,109.91m (268.1k),"268,022.2",24.47%,6.06m (14.8k),"14,788.7",1,2,0,Maxxmonk,Monk,Mistweaver,288,Healer,25.59m (62.4k),"62,393.2",5.70%,34.91m (85.1k),"85,138.7",1,1,0
BudoBoy07,Maisara Caverns,18,27:35,2026-05-24 02:10,1,0,,,,,,,,,,,,,,,,,,,,,Salytbrew,Monk,Brewmaster,287,Tank,190.45m (115.1k),"114,457.8",15.95%,129.64m (78.3k),"77,909.4",0,4,1,Powerpegging,Evoker,Augmentation,289,DPS,296.15m (178.9k),"177,979.7",24.81%,14.31m (8.6k),"8,601.6",0,3,5,Shadezxc,Rogue,Outlaw,286,DPS,313.99m (189.7k),"188,702.3",26.30%,12.10m (7.3k),"7,270.2",0,0,3,Oiledbody,Warlock,Destruction,290,DPS,352.43m (212.9k),"211,802.9",29.52%,17.14m (10.4k),"10,301.2",0,2,7,Polcadin,Paladin,Holy,290,Healer,40.68m (24.6k),"24,447.3",3.41%,130.27m (78.7k),"78,287.9",0,0,0
BudoBoy07,Algeth'ar Academy,21,16:06,2026-05-24 01:10,0,0,Guardian Druid: Roving Cyclone (12:00),Devourer Demon Hunter: Deafening Screech (15:13),Augmentation Evoker: Vicious Ambush (15:53),Guardian Druid: Melee (16:03),Mistweaver Monk: Melee (16:03),Unholy Death Knight: Melee (16:05),,,,,,,,,,,,,,,Overdozzed,Druid,Guardian,282,Tank,112.72m (116.7k),"116,630.7",15.27%,65.09m (67.4k),"67,351.3",2,2,1,Powerpegging,Evoker,Augmentation,290,DPS,177.82m (184.1k),"183,992.4",24.10%,7.68m (8.0k),"7,944.0",1,0,0,Соуния,Death Knight,Unholy,289,DPS,206.08m (213.3k),"213,234.6",27.93%,6.27m (6.5k),"6,492.7",1,1,3,Phònk,Demon Hunter,Devourer,290,DPS,196.95m (203.9k),"203,786.5",26.69%,7.55m (7.8k),"7,815.2",1,1,3,Shampea,Monk,Mistweaver,287,Healer,44.37m (45.9k),"45,905.8",6.01%,93.71m (97.0k),"96,961.9",1,1,0
BudoBoy07,Magisters' Terrace,20,19:15,2026-05-24 00:21,0,0,Restoration Shaman: Crowd Dispersal (4:06),Restoration Shaman: Runic Glaive (11:32),Demonology Warlock: Runic Glaive (11:34),Augmentation Evoker: Runic Glaive (11:52),Demonology Warlock: Terror Wave (19:02),Restoration Shaman: Terror Wave (19:02),Unholy Death Knight: Terror Wave (19:02),Augmentation Evoker: Consuming Void (19:06),,,,,,,,,,,,,Ашенар,Druid,Guardian,287,Tank,134.46m (116.4k),"116,381.3",15.97%,82.72m (71.6k),"71,595.3",0,4,6,Powerpegging,Evoker,Augmentation,290,DPS,219.95m (190.4k),"190,369.2",26.12%,15.05m (13.0k),"13,024.6",2,2,7,Soulrendr,Death Knight,Unholy,288,DPS,221.82m (192.1k),"191,993.6",26.34%,10.97m (9.5k),"9,491.1",1,4,3,Iwarlock,Warlock,Demonology,286,DPS,228.03m (197.4k),"197,368.4",27.08%,12.41m (10.7k),"10,744.5",2,3,12,Thôrem,Shaman,Restoration,286,Healer,37.73m (32.7k),"32,654.0",4.48%,102.14m (88.4k),"88,408.2",3,0,3
BudoBoy07,Algeth'ar Academy,21,4:58,2026-05-24 00:08,0,0,Guardian Druid: Vile Bite (1:37),Mistweaver Monk: Vile Bite (1:41),Guardian Druid: Melee (4:36),Unholy Death Knight: Melee (4:45),Demonology Warlock: Branch Out (4:52),Mistweaver Monk: Melee (4:54),Augmentation Evoker: Splinterbark (4:58),,,,,,,,,,,,,,Sorins,Druid,Guardian,290,Tank,57.88m (194.2k),"193,688.0",15.13%,32.51m (109.1k),"108,792.4",2,1,3,Powerpegging,Evoker,Augmentation,290,DPS,94.56m (317.3k),"316,432.5",24.72%,2.89m (9.7k),"9,667.0",1,1,0,Valcorion,Death Knight,Unholy,289,DPS,107.79m (361.7k),"360,687.8",28.18%,975.4k (3.3k),"3,264.0",1,1,0,Zubica,Warlock,Demonology,289,DPS,104.19m (349.6k),"348,652.0",27.24%,2.54m (8.5k),"8,503.0",1,1,0,Idiotfk,Monk,Mistweaver,286,Healer,18.10m (60.7k),"60,562.7",4.73%,25.10m (84.2k),"84,000.2",2,1,0
BudoBoy07,Nexus-Point Xenas,21,29:25,2026-05-23 23:27,1,35,Devourer Demon Hunter: Erratic Zap (3:11),Devourer Demon Hunter: Reflux Charge (7:12),Guardian Druid: Melee (17:40),,,,,,,,,,,,,,,,,,Feelspoonman,Druid,Guardian,287,Tank,173.33m (98.2k),"100,227.4",14.44%,120.60m (68.3k),"69,735.4",1,6,4,Powerpegging,Evoker,Augmentation,290,DPS,330.26m (187.1k),"190,968.6",27.52%,13.72m (7.8k),"7,936.4",0,4,2,Besttáco,Death Knight,Unholy,290,DPS,324.00m (183.6k),"187,348.9",27.00%,8.68m (4.9k),"5,019.0",0,5,4,Shädézz,Demon Hunter,Devourer,287,DPS,297.45m (168.5k),"171,999.9",24.79%,9.51m (5.4k),"5,501.4",2,5,1,Yaavi,Monk,Mistweaver,289,Healer,75.05m (42.5k),"43,396.5",6.25%,199.46m (113.0k),"115,336.4",0,5,3
BudoBoy07,Nexus-Point Xenas,21,2:10,2026-05-23 23:25,0,0,Guardian Druid: Melee (0:47),Devourer Demon Hunter: Null Sunder (0:54),Unholy Death Knight: Arcane Zap (0:56),,,,,,,,,,,,,,,,,,Feelspoonman,Druid,Guardian,287,Tank,5.07m (39.0k),"38,715.6",10.04%,4.44m (34.2k),"33,913.2",1,2,0,Powerpegging,Evoker,Augmentation,290,DPS,14.81m (113.9k),"113,222.0",29.32%,1.45m (11.2k),"11,064.4",0,0,0,Besttáco,Death Knight,Unholy,290,DPS,16.62m (127.8k),"127,037.0",32.90%,527.2k (4.1k),"4,029.7",1,1,1,Shädézz,Demon Hunter,Devourer,287,DPS,11.72m (90.2k),"89,610.7",23.20%,243.3k (1.9k),"1,859.7",1,1,1,Yaavi,Monk,Mistweaver,289,Healer,2.29m (17.6k),"17,497.3",4.53%,6.00m (46.2k),"45,821.8",0,1,0
BudoBoy07,The Seat of the Triumvirate,21,32:41,2026-05-23 21:53,1,30,Unholy Death Knight: Melee (1:44),Augmentation Evoker: Umbral Nova (16:56),Devourer Demon Hunter: Phase Dash (16:56),,,,,,,,,,,,,,,,,,Raystar,Druid,Guardian,290,Tank,206.34m (105.2k),"107,202.7",14.89%,136.15m (69.4k),"70,735.7",0,7,1,Powerpegging,Evoker,Augmentation,290,DPS,368.92m (188.1k),"191,667.2",26.63%,19.82m (10.1k),"10,299.2",1,5,3,Zuckø,Death Knight,Unholy,288,DPS,353.59m (180.3k),"183,702.8",25.52%,16.95m (8.6k),"8,808.2",1,6,4,Zerhos,Demon Hunter,Devourer,288,DPS,376.68m (192.1k),"195,701.7",27.19%,19.94m (10.2k),"10,361.3",1,5,1,Reimist,Monk,Mistweaver,290,Healer,79.87m (40.7k),"41,498.1",5.77%,241.79m (123.3k),"125,621.7",0,3,2
BudoBoy07,The Seat of the Triumvirate,21,5:27,2026-05-23 21:48,0,0,Mistweaver Monk: Melee (0:16),Devourer Demon Hunter: Rupture (0:35),Guardian Druid: Melee (0:53),Unholy Death Knight: Melee (0:54),Mistweaver Monk: Melee (0:55),Augmentation Evoker: Melee (1:02),,,,,,,,,,,,,,,Raystar,Druid,Guardian,290,Tank,33.88m (103.6k),"103,425.3",22.21%,12.69m (38.8k),"38,732.3",1,2,0,Powerpegging,Evoker,Augmentation,290,DPS,35.04m (107.2k),"106,990.6",22.97%,2.00m (6.1k),"6,093.2",1,1,1,Zuckø,Death Knight,Unholy,288,DPS,57.29m (175.2k),"174,912.0",37.55%,1.53m (4.7k),"4,665.7",1,2,1,Zerhos,Demon Hunter,Devourer,288,DPS,21.53m (65.8k),"65,732.3",14.11%,560.5k (1.7k),"1,711.2",1,2,0,Reimist,Monk,Mistweaver,290,Healer,4.82m (14.7k),"14,724.7",3.16%,12.23m (37.4k),"37,340.1",2,2,0
BudoBoy07,The Seat of the Triumvirate,21,25:08,2026-05-23 21:22,0,0,Devourer Demon Hunter: Pulsing Void (12:59),Devourer Demon Hunter: Void Expulsion (13:06),Devourer Demon Hunter: Void Expulsion (13:14),Mistweaver Monk: Umbral Waves (21:05),Devourer Demon Hunter: Umbral Waves (22:07),Augmentation Evoker: Void Storm (22:24),Unholy Death Knight: Void Storm (22:26),Guardian Druid: Melee (22:27),Mistweaver Monk: Umbral Bolt (22:27),,,,,,,,,,,,Raystar,Druid,Guardian,290,Tank,185.95m (123.3k),"123,251.9",15.52%,123.75m (82.1k),"82,023.6",1,4,1,Powerpegging,Evoker,Augmentation,290,DPS,297.54m (197.3k),"197,218.5",24.83%,14.77m (9.8k),"9,793.1",1,5,2,Zuckø,Death Knight,Unholy,288,DPS,337.33m (223.7k),"223,593.3",28.15%,13.71m (9.1k),"9,090.2",1,5,3,Zerhos,Demon Hunter,Devourer,288,DPS,313.29m (207.8k),"207,660.6",26.14%,15.88m (10.5k),"10,524.2",4,5,2,Reimist,Monk,Mistweaver,290,Healer,64.29m (42.6k),"42,616.5",5.36%,179.67m (119.1k),"119,092.9",2,5,1
BudoBoy07,Skyreach,21,27:30,2026-05-23 20:43,0,0,Guardian Druid: Solar Barrier (7:36),Augmentation Evoker: Solar Flame (9:18),Mistweaver Monk:  (18:09),Devourer Demon Hunter: Blade Rush (22:54),Devourer Demon Hunter: Dread Wind (23:51),Unholy Death Knight:  (26:51),Guardian Druid: Solar Blast (27:18),Devourer Demon Hunter: Melee (27:22),Augmentation Evoker: Blazing Ground (27:29),Mistweaver Monk: Melee (27:29),,,,,,,,,,,Jugthefuse,Druid,Guardian,285,Tank,139.13m (84.3k),"84,277.4",13.72%,118.04m (71.5k),"71,507.3",2,0,3,Powerpegging,Evoker,Augmentation,290,DPS,249.29m (151.1k),"151,008.6",24.58%,14.17m (8.6k),"8,582.8",2,0,0,Sakana,Death Knight,Unholy,289,DPS,280.25m (169.8k),"169,767.3",27.63%,11.53m (7.0k),"6,983.4",1,1,5,Serahz,Demon Hunter,Devourer,289,DPS,274.62m (166.4k),"166,357.3",27.08%,16.90m (10.2k),"10,235.7",3,1,5,Vennymw,Monk,Mistweaver,288,Healer,70.99m (43.0k),"43,004.8",7.00%,202.49m (122.7k),"122,663.7",2,5,2
BudoBoy07,Skyreach,21,5:30,2026-05-23 20:37,0,0,Devourer Demon Hunter: Ricocheting Chakram (1:48),Guardian Druid: Melee (1:50),Mistweaver Monk: Melee (1:52),Unholy Death Knight: Melee (1:52),Augmentation Evoker:  (2:03),,,,,,,,,,,,,,,,Jugthefuse,Druid,Guardian,285,Tank,21.20m (64.2k),"64,152.1",13.52%,15.52m (47.0k),"46,957.2",1,0,1,Powerpegging,Evoker,Augmentation,290,DPS,41.48m (125.7k),"125,520.1",26.46%,1.05m (3.2k),"3,183.9",1,0,0,Sakana,Death Knight,Unholy,289,DPS,45.55m (138.0k),"137,827.0",29.05%,851.1k (2.6k),"2,575.2",1,1,2,Serahz,Demon Hunter,Devourer,289,DPS,41.03m (124.3k),"124,137.6",26.17%,2.03m (6.2k),"6,135.2",1,1,1,Oziach,Monk,Mistweaver,287,Healer,7.53m (22.8k),"22,784.4",4.80%,16.64m (50.4k),"50,351.9",1,0,0
BudoBoy07,Skyreach,21,3:14,2026-05-23 20:34,0,0,Devourer Demon Hunter: Dread Wind (1:17),Mistweaver Monk: Melee (1:46),Guardian Druid: Melee (1:48),Unholy Death Knight:  (1:53),Augmentation Evoker: Blade Rush (1:59),,,,,,,,,,,,,,,,Jugthefuse,Druid,Guardian,285,Tank,18.46m (95.2k),"95,098.1",12.82%,12.64m (65.2k),"65,098.2",1,0,0,Powerpegging,Evoker,Augmentation,290,DPS,37.40m (192.8k),"192,617.6",25.97%,2.35m (12.1k),"12,097.3",1,0,0,Sakana,Death Knight,Unholy,289,DPS,46.46m (239.5k),"239,290.4",32.26%,895.7k (4.6k),"4,613.3",1,1,2,Serahz,Demon Hunter,Devourer,289,DPS,35.67m (183.9k),"183,721.6",24.77%,2.93m (15.1k),"15,104.5",1,1,1,Oziach,Monk,Mistweaver,287,Healer,6.04m (31.1k),"31,110.0",4.19%,14.05m (72.4k),"72,360.4",1,1,0
BudoBoy07,Skyreach,21,1:16,2026-05-23 19:40,0,0,Unholy Death Knight:  (0:34),Unholy Death Knight: Wrathful Wind (0:51),Augmentation Evoker: Ricocheting Chakram (1:07),Demonology Warlock: Dire Screech (1:07),Guardian Druid: Melee (1:14),Mistweaver Monk: Melee (1:16),,,,,,,,,,,,,,,Sýth,Druid,Guardian,289,Tank,24.63m (324.1k),"323,108.1",22.79%,16.78m (220.8k),"220,152.3",1,2,0,Powerpegging,Evoker,Augmentation,290,DPS,25.04m (329.5k),"328,517.8",23.17%,2.62m (34.5k),"34,372.4",1,2,0,Grâvêyârd,Death Knight,Unholy,290,DPS,8.58m (112.9k),"112,499.5",7.94%,911.5k (12.0k),"11,957.3",2,2,1,Idano,Warlock,Demonology,290,DPS,43.82m (576.6k),"574,771.1",40.55%,908.1k (11.9k),"11,912.8",1,1,0,Сугробикх,Monk,Mistweaver,289,Healer,6.00m (78.9k),"78,733.5",5.55%,13.75m (180.9k),"180,331.3",1,1,0
BudoBoy07,Magisters' Terrace,20,11:35,2026-05-23 02:26,0,0,Enhancement Shaman: Melee (7:50),Unholy Death Knight: Energy Release (8:17),Brewmaster Monk: Melee (10:22),Augmentation Evoker: Runic Glaive (10:30),Mistweaver Monk: Runic Glaive (11:19),Augmentation Evoker: Runic Glaive (11:21),,,,,,,,,,,,,,,Pøingé,Monk,Brewmaster,288,Tank,82.11m (118.1k),"118,095.5",16.03%,47.14m (67.8k),"67,793.0",1,2,0,Powerpegging,Evoker,Augmentation,290,DPS,120.32m (173.1k),"173,035.1",23.49%,7.14m (10.3k),"10,268.9",2,2,1,Jééy,Death Knight,Unholy,288,DPS,135.05m (194.3k),"194,220.2",26.37%,3.79m (5.5k),"5,448.2",1,2,1,Exuri,Shaman,Enhancement,290,DPS,143.67m (206.7k),"206,626.4",28.05%,3.27m (4.7k),"4,699.4",1,2,1,Stealthsama,Monk,Mistweaver,286,Healer,30.96m (44.5k),"44,519.5",6.05%,73.39m (105.6k),"105,553.0",1,1,1
BudoBoy07,Magisters' Terrace,20,2:53,2026-05-23 02:23,0,0,Enhancement Shaman: Arcane Blade (0:28),Enhancement Shaman: Crowd Dispersal (0:40),,,,,,,,,,,,,,,,,,,Pøingé,Monk,Brewmaster,288,Tank,4.66m (26.9k),"26,805.8",8.65%,1.62m (9.4k),"9,333.4",0,0,0,Powerpegging,Evoker,Augmentation,290,DPS,17.73m (102.5k),"101,889.5",32.89%,1.12m (6.5k),"6,452.0",0,2,0,Jééy,Death Knight,Unholy,288,DPS,15.60m (90.2k),"89,691.0",28.94%,88.3k (510.4),507.6,0,1,0,Exuri,Shaman,Enhancement,290,DPS,13.37m (77.3k),"76,824.0",24.81%,214.9k (1.2k),"1,235.3",2,1,0,Stealthsama,Monk,Mistweaver,286,Healer,2.54m (14.7k),"14,615.7",4.71%,3.09m (17.9k),"17,773.1",0,0,0
BudoBoy07,Magisters' Terrace,20,1:52,2026-05-23 02:14,0,0,Brewmaster Monk: Arcane Blade (1:46),Enhancement Shaman: Melee (1:48),Unholy Death Knight: Arcane Blade (1:51),Augmentation Evoker: Arcane Blade (1:52),Mistweaver Monk: Arcane Blade (1:52),,,,,,,,,,,,,,,,Bréwtality,Monk,Brewmaster,288,Tank,13.90m (124.1k),"123,557.7",13.01%,10.07m (89.9k),"89,556.9",1,0,0,Powerpegging,Evoker,Augmentation,290,DPS,31.25m (279.0k),"277,845.1",29.25%,1.80m (16.1k),"15,976.0",1,2,0,Jééy,Death Knight,Unholy,288,DPS,24.42m (218.0k),"217,069.3",22.86%,372.5k (3.3k),"3,311.9",1,1,0,Exuri,Shaman,Enhancement,290,DPS,32.12m (286.8k),"285,531.8",30.07%,183.5k (1.6k),"1,631.2",1,1,0,Stealthsama,Monk,Mistweaver,286,Healer,5.13m (45.8k),"45,568.1",4.80%,10.56m (94.3k),"93,901.5",1,0,0
BudoBoy07,Magisters' Terrace,20,4:04,2026-05-23 01:52,0,0,Mistweaver Monk: Falling (2:31),Augmentation Evoker: Ignition (2:46),Mistweaver Monk: Holy Fire (3:52),,,,,,,,,,,,,,,,,,Алексендлеер,Paladin,Protection,286,Tank,28.83m (118.2k),"118,069.3",14.52%,12.54m (51.4k),"51,328.2",0,2,1,Powerpegging,Evoker,Augmentation,290,DPS,57.61m (236.1k),"235,905.0",29.02%,2.97m (12.2k),"12,177.1",1,1,1,Jééy,Death Knight,Unholy,288,DPS,53.41m (218.9k),"218,705.4",26.90%,1.39m (5.7k),"5,685.2",0,1,1,Exuri,Shaman,Enhancement,290,DPS,48.14m (197.3k),"197,134.4",24.25%,1.33m (5.5k),"5,459.2",0,1,1,Stealthsama,Monk,Mistweaver,286,Healer,10.56m (43.3k),"43,241.1",5.32%,20.30m (83.2k),"83,138.4",2,0,0
BudoBoy07,Magisters' Terrace,20,32:39,2026-05-23 01:09,0,0,Devourer Demon Hunter: Blink (4:58),Devourer Demon Hunter: Unstable Energy (8:14),Unholy Death Knight: Melee (11:45),Devourer Demon Hunter: Melee (29:18),Devourer Demon Hunter: Entropy Orb (31:38),Devourer Demon Hunter: Void Destruction (32:00),Mistweaver Monk: Void Destruction (32:18),Augmentation Evoker: Void Destruction (32:22),Guardian Druid: Hulking Fragment (32:35),Unholy Death Knight: Entropy Blast (32:36),Devourer Demon Hunter: Entropy Blast (32:39),,,,,,,,,,Furrytrac,Druid,Guardian,290,Tank,194.81m (99.4k),"99,403.6",14.40%,105.56m (53.9k),"53,860.2",1,6,0,Powerpegging,Evoker,Augmentation,290,DPS,367.57m (187.6k),"187,556.1",27.18%,18.19m (9.3k),"9,280.2",1,5,3,Jééy,Death Knight,Unholy,288,DPS,362.01m (184.8k),"184,716.4",26.77%,11.28m (5.8k),"5,758.0",2,5,3,Voidzerker,Demon Hunter,Devourer,289,DPS,342.05m (174.6k),"174,533.8",25.29%,17.27m (8.8k),"8,810.8",6,6,3,Stealthsama,Monk,Mistweaver,286,Healer,86.02m (43.9k),"43,893.5",6.36%,187.37m (95.6k),"95,604.6",1,0,1
BudoBoy07,Skyreach,21,8:00,2026-05-23 00:27,0,0,Mistweaver Monk: Ricocheting Chakram (2:14),Devourer Demon Hunter: Chakram Vortex (5:49),Mistweaver Monk:  (6:10),Augmentation Evoker: Gale Surge (7:08),Unholy Death Knight: Fan of Blades (7:53),,,,,,,,,,,,,,,,Thrbndruid,Druid,Guardian,287,Tank,42.29m (88.1k),"88,042.3",14.98%,34.93m (72.8k),"72,731.4",0,2,1,Powerpegging,Evoker,Augmentation,290,DPS,78.67m (163.9k),"163,778.9",27.86%,5.96m (12.4k),"12,400.4",1,2,2,Veythar,Death Knight,Unholy,289,DPS,86.60m (180.4k),"180,304.0",30.67%,6.17m (12.9k),"12,852.8",1,2,1,Kabaday,Demon Hunter,Devourer,289,DPS,61.34m (127.8k),"127,709.6",21.72%,6.17m (12.9k),"12,840.1",1,3,1,Nelfmonk,Monk,Mistweaver,288,Healer,13.47m (28.1k),"28,046.1",4.77%,42.06m (87.6k),"87,561.7",2,1,0
BudoBoy07,Skyreach,21,14:57,2026-05-23 00:12,0,0,Guardian Druid: Fiery Talon (7:54),Unholy Death Knight: Melee (7:56),Devourer Demon Hunter: Fiery Talon (8:00),Mistweaver Monk: Melee (8:05),Augmentation Evoker: Solar Flare (8:08),Devourer Demon Hunter: Solar Barrier (8:11),Guardian Druid: Solar Bolt (8:13),,,,,,,,,,,,,,Thrbndruid,Druid,Guardian,287,Tank,50.33m (56.1k),"56,046.7",14.22%,40.40m (45.0k),"44,993.9",2,3,1,Powerpegging,Evoker,Augmentation,290,DPS,93.31m (104.0k),"103,911.0",26.36%,5.95m (6.6k),"6,623.7",1,4,0,Veythar,Death Knight,Unholy,289,DPS,102.10m (113.8k),"113,692.9",28.84%,4.18m (4.7k),"4,659.9",1,2,2,Kabaday,Demon Hunter,Devourer,289,DPS,88.15m (98.3k),"98,161.4",24.90%,7.77m (8.7k),"8,652.2",2,4,1,Nelfmonk,Monk,Mistweaver,288,Healer,20.15m (22.5k),"22,438.1",5.69%,58.79m (65.5k),"65,463.6",1,2,0
BudoBoy07,Skyreach,21,3:53,2026-05-23 00:04,0,0,Unholy Death Knight: Dread Wind (0:57),Mistweaver Monk: Gale Surge (3:30),Unholy Death Knight: Wind Chakram (3:42),Devourer Demon Hunter:  (3:49),Augmentation Evoker:  (3:50),,,,,,,,,,,,,,,,Thrbndruid,Druid,Guardian,287,Tank,29.99m (128.7k),"128,549.8",13.04%,23.49m (100.8k),"100,683.4",0,1,0,Powerpegging,Evoker,Augmentation,290,DPS,57.52m (246.9k),"246,565.5",25.01%,2.65m (11.4k),"11,369.5",1,2,0,Miyabifeetz,Death Knight,Unholy,289,DPS,68.37m (293.4k),"293,071.4",29.73%,2.92m (12.5k),"12,528.1",2,1,1,Kabaday,Demon Hunter,Devourer,289,DPS,63.34m (271.8k),"271,477.1",27.54%,5.28m (22.7k),"22,652.9",1,2,1,Nelfmonk,Monk,Mistweaver,288,Healer,10.74m (46.1k),"46,024.8",4.67%,24.90m (106.9k),"106,710.4",1,1,0
BudoBoy07,Windrunner Spire,21,32:32,2026-05-22 22:50,1,14,Devourer Demon Hunter: Poison Spray (3:25),Guardian Druid: Ferocious Pounce (4:13),,,,,,,,,,,,,,,,,,,Scammer,Druid,Guardian,288,Tank,196.84m (100.8k),"101,899.0",14.80%,128.03m (65.6k),"66,277.4",1,3,0,Powerpegging,Evoker,Augmentation,290,DPS,341.75m (175.1k),"176,914.8",25.70%,18.83m (9.6k),"9,749.6",0,6,2,Цезарьгодх,Death Knight,Unholy,288,DPS,365.52m (187.3k),"189,217.9",27.49%,12.16m (6.2k),"6,296.7",0,6,3,Humlanjr,Demon Hunter,Devourer,288,DPS,331.05m (169.6k),"171,373.9",24.89%,17.04m (8.7k),"8,820.1",1,7,0,Pampampempem,Monk,Mistweaver,290,Healer,94.63m (48.5k),"48,990.1",7.12%,217.73m (111.5k),"112,711.3",0,4,0
BudoBoy07,Nexus-Point Xenas,20,20:56,2026-05-22 22:17,0,0,Guardian Druid: Melee (9:08),Discipline Priest: Melee (13:28),Devourer Demon Hunter: Melee (14:45),Guardian Druid: Melee (19:49),Unholy Death Knight: Melee (19:51),Devourer Demon Hunter: Blistering Smite (20:07),Augmentation Evoker: Melee (20:17),Unholy Death Knight: Melee (20:19),Discipline Priest: Blistering Smite (20:32),Guardian Druid: Melee (20:44),Devourer Demon Hunter: Melee (20:46),Unholy Death Knight: Arcane Explosion (20:48),Discipline Priest: Arcane Explosion (20:50),,,,,,,,Drlaser,Druid,Guardian,290,Tank,129.04m (102.7k),"102,720.1",15.11%,82.60m (65.8k),"65,752.1",3,2,0,Powerpegging,Evoker,Augmentation,290,DPS,231.84m (184.6k),"184,554.2",27.15%,9.69m (7.7k),"7,714.1",1,4,1,Notsosmall,Death Knight,Unholy,289,DPS,251.90m (200.6k),"200,524.9",29.50%,6.70m (5.3k),"5,329.6",3,4,1,Necrovael,Demon Hunter,Devourer,289,DPS,204.28m (162.6k),"162,618.4",23.92%,7.22m (5.7k),"5,748.2",3,4,0,Pimedan,Priest,Discipline,287,Healer,36.79m (29.3k),"29,289.4",4.31%,122.18m (97.3k),"97,260.0",3,2,0
BudoBoy07,Nexus-Point Xenas,20,22:27,2026-05-22 21:48,0,0,Devourer Demon Hunter: Arcane Spill (6:20),Devourer Demon Hunter: Leyline Array (6:51),Devourer Demon Hunter: Nullify (9:11),Discipline Priest: Melee (20:53),Guardian Druid:  (22:17),Augmentation Evoker: Melee (22:23),Unholy Death Knight: Burning Radiance (22:24),Discipline Priest: Burning Radiance (22:24),,,,,,,,,,,,,Drlaser,Druid,Guardian,290,Tank,147.35m (109.4k),"109,362.4",15.40%,93.30m (69.3k),"69,248.8",1,3,0,Powerpegging,Evoker,Augmentation,290,DPS,259.92m (193.0k),"192,913.3",27.17%,11.84m (8.8k),"8,786.6",1,4,1,Notsosmall,Death Knight,Unholy,289,DPS,290.64m (215.8k),"215,715.8",30.38%,6.73m (5.0k),"4,991.6",1,4,1,Stân,Demon Hunter,Devourer,289,DPS,218.05m (161.9k),"161,839.7",22.79%,9.35m (6.9k),"6,943.4",3,3,1,Pimedan,Priest,Discipline,287,Healer,40.68m (30.2k),"30,196.5",4.25%,140.35m (104.2k),"104,172.2",2,0,0
BudoBoy07,Pit of Saron,22,5:43,2026-05-22 21:26,0,0,Mistweaver Monk: Curse of Torment (0:20),Mistweaver Monk: Dread Pulse (0:47),Mistweaver Monk: Curse of Torment (1:22),Guardian Druid: Melee (5:26),Mistweaver Monk: Melee (5:28),Unholy Death Knight: Melee (5:31),Devourer Demon Hunter: Melee (5:32),Guardian Druid: Melee (5:38),Augmentation Evoker: Melee (5:43),,,,,,,,,,,,Thrbndruid,Druid,Guardian,287,Tank,65.97m (192.3k),"192,063.6",17.72%,45.70m (133.2k),"133,037.0",2,1,1,Powerpegging,Evoker,Augmentation,290,DPS,86.75m (252.9k),"252,555.5",23.30%,4.13m (12.0k),"12,014.2",1,1,1,Decembeerdk,Death Knight,Unholy,289,DPS,111.12m (324.0k),"323,510.7",29.85%,2.10m (6.1k),"6,119.9",1,2,0,Kabaday,Demon Hunter,Devourer,289,DPS,93.56m (272.8k),"272,376.6",25.13%,2.37m (6.9k),"6,900.3",1,2,1,Nelfmonk,Monk,Mistweaver,288,Healer,14.92m (43.5k),"43,428.0",4.01%,34.70m (101.2k),"101,026.7",4,2,1
BudoBoy07,Magisters' Terrace,21,32:58,2026-05-22 20:46,1,12,Augmentation Evoker: Runic Glaive (12:01),Mistweaver Monk: Dimensional Shred (16:49),Devourer Demon Hunter: Melee (18:22),,,,,,,,,,,,,,,,,,Thrbndruid,Druid,Guardian,287,Tank,251.54m (127.2k),"129,525.1",16.71%,125.37m (63.4k),"64,554.8",0,2,0,Powerpegging,Evoker,Augmentation,290,DPS,365.95m (185.0k),"188,438.6",24.31%,19.42m (9.8k),"10,000.2",1,6,3,Decembeerdk,Death Knight,Unholy,289,DPS,434.81m (219.8k),"223,896.0",28.88%,14.42m (7.3k),"7,425.9",0,6,1,Kabaday,Demon Hunter,Devourer,289,DPS,371.56m (187.8k),"191,329.5",24.68%,21.77m (11.0k),"11,208.6",1,7,1,Nelfmonk,Monk,Mistweaver,288,Healer,81.78m (41.3k),"42,112.7",5.43%,187.10m (94.6k),"96,343.8",1,0,2
BudoBoy07,Pit of Saron,21,27:35,2026-05-22 15:48,0,0,Devourer Demon Hunter: Festering Pulse (26:40),Restoration Shaman: Festering Pulse (26:40),Unholy Death Knight: Festering Pulse (26:42),Restoration Shaman: Festering Pulse (26:48),Devourer Demon Hunter: Festering Pulse (26:50),Augmentation Evoker: Festering Pulse (26:50),Guardian Druid: Plague Bolt (27:01),,,,,,,,,,,,,,Bulldozerul,Druid,Guardian,290,Tank,185.91m (112.3k),"112,281.1",13.96%,144.37m (87.2k),"87,190.8",1,4,0,Powerpegging,Evoker,Augmentation,290,DPS,313.79m (189.6k),"189,512.1",23.56%,16.49m (10.0k),"9,960.3",1,4,2,Clarr,Death Knight,Unholy,289,DPS,407.16m (246.0k),"245,905.4",30.57%,12.69m (7.7k),"7,662.0",1,5,1,Demontimmar,Demon Hunter,Devourer,290,DPS,391.13m (236.3k),"236,223.1",29.37%,21.44m (13.0k),"12,949.9",2,5,0,Wonskki,Shaman,Restoration,289,Healer,33.73m (20.4k),"20,368.6",2.53%,148.16m (89.5k),"89,483.8",2,0,1
BudoBoy07,Windrunner Spire,20,7:23,2026-05-22 14:12,0,0,Demonology Warlock: Fire Breath (6:56),Demonology Warlock: Flaming Twisters (7:03),Mistweaver Monk: Flaming Updraft (7:13),Guardian Druid: Searing Beak (7:17),Elemental Shaman: Melee (7:19),Augmentation Evoker: Melee (7:22),,,,,,,,,,,,,,,Dpsfox,Druid,Guardian,287,Tank,63.83m (144.1k),"144,064.5",15.26%,32.49m (73.3k),"73,345.5",1,2,0,Powerpegging,Evoker,Augmentation,290,DPS,105.55m (238.3k),"238,238.0",25.23%,6.98m (15.8k),"15,748.6",1,1,3,Zapzten,Shaman,Elemental,290,DPS,114.87m (259.3k),"259,282.0",27.46%,1.83m (4.1k),"4,134.7",1,2,1,Yenn,Warlock,Demonology,288,DPS,109.18m (246.5k),"246,430.8",26.10%,4.33m (9.8k),"9,778.9",2,2,2,Mostlymisty,Monk,Mistweaver,288,Healer,24.91m (56.2k),"56,216.4",5.95%,49.89m (112.6k),"112,621.0",1,1,1
BudoBoy07,Windrunner Spire,20,2:34,2026-05-22 14:09,0,0,Mistweaver Monk: Spirit Bolt (0:40),Augmentation Evoker: Arcane Salvo (1:01),Elemental Shaman: Melee (1:02),Demonology Warlock: Melee (1:04),,,,,,,,,,,,,,,,,Dpsfox,Druid,Guardian,287,Tank,7.98m (51.8k),"51,571.7",11.80%,4.87m (31.6k),"31,505.7",0,1,0,Powerpegging,Evoker,Augmentation,290,DPS,16.22m (105.3k),"104,841.4",23.98%,1.11m (7.2k),"7,156.7",1,1,0,Zapzten,Shaman,Elemental,290,DPS,29.16m (189.4k),"188,507.6",43.12%,320.5k (2.1k),"2,071.9",1,1,0,Yenn,Warlock,Demonology,288,DPS,12.65m (82.1k),"81,772.7",18.70%,1.02m (6.6k),"6,595.1",1,1,1,Mostlymisty,Monk,Mistweaver,288,Healer,1.62m (10.5k),"10,489.6",2.40%,5.55m (36.0k),"35,898.3",1,0,0
BudoBoy07,Windrunner Spire,20,2:52,2026-05-22 14:06,0,0,Elemental Shaman: Melee (0:39),Demonology Warlock: Spirit Bolt (0:42),Mistweaver Monk: Arcane Salvo (1:02),,,,,,,,,,,,,,,,,,Dpsfox,Druid,Guardian,287,Tank,7.48m (43.5k),"43,454.4",13.18%,4.22m (24.5k),"24,544.9",0,1,0,Powerpegging,Evoker,Augmentation,290,DPS,17.02m (99.0k),"98,909.8",29.99%,2.07m (12.0k),"12,006.7",0,0,2,Zapzten,Shaman,Elemental,290,DPS,18.20m (105.8k),"105,775.8",32.07%,340.0k (2.0k),"1,975.2",1,1,0,Yenn,Warlock,Demonology,288,DPS,8.79m (51.1k),"51,082.0",15.49%,528.0k (3.1k),"3,067.9",1,1,0,Mostlymisty,Monk,Mistweaver,288,Healer,5.26m (30.6k),"30,551.2",9.27%,10.45m (60.8k),"60,700.5",1,1,0
BudoBoy07,Windrunner Spire,20,4:07,2026-05-22 14:02,0,0,Mistweaver Monk: Melee (2:19),,,,,,,,,,,,,,,,,,,,Dpsfox,Druid,Guardian,287,Tank,21.80m (88.3k),"87,904.7",16.37%,13.16m (53.3k),"53,067.0",0,2,0,Powerpegging,Evoker,Augmentation,290,DPS,35.46m (143.6k),"143,004.5",26.63%,2.65m (10.7k),"10,670.7",0,2,2,Zapzten,Shaman,Elemental,290,DPS,33.15m (134.2k),"133,698.5",24.89%,414.7k (1.7k),"1,672.2",0,0,0,Yenn,Warlock,Demonology,288,DPS,34.21m (138.5k),"137,961.1",25.69%,1.73m (7.0k),"6,987.2",0,1,2,Mostlymisty,Monk,Mistweaver,288,Healer,8.56m (34.7k),"34,539.5",6.43%,16.88m (68.3k),"68,058.2",1,0,0
BudoBoy07,Windrunner Spire,20,25:23,2026-05-22 13:11,0,0,Augmentation Evoker: Flaming Twisters (7:36),Elemental Shaman:  (9:31),Retribution Paladin: Fetid Bile (12:47),Retribution Paladin: Gunk Splatter (16:53),Discipline Priest: Arrow Rain (20:21),Discipline Priest: Falling Rubble (23:10),Discipline Priest: Falling Rubble (25:10),Elemental Shaman: Reckless Leap (25:13),Retribution Paladin: Reckless Leap (25:18),Guardian Druid: Rampage (25:23),Augmentation Evoker: Melee (25:23),,,,,,,,,,Dpsfox,Druid,Guardian,287,Tank,164.74m (108.2k),"108,123.2",15.14%,106.22m (69.7k),"69,717.4",1,4,0,Powerpegging,Evoker,Augmentation,290,DPS,282.65m (185.6k),"185,508.5",25.98%,14.51m (9.5k),"9,523.9",2,3,2,Palingore,Paladin,Retribution,289,DPS,280.73m (184.3k),"184,247.4",25.80%,16.37m (10.7k),"10,746.9",3,4,1,Zapzten,Shaman,Elemental,290,DPS,329.81m (216.6k),"216,459.2",30.31%,4.54m (3.0k),"2,977.7",2,4,3,Calrisa,Priest,Discipline,289,Healer,30.04m (19.7k),"19,714.4",2.76%,148.98m (97.8k),"97,779.2",3,2,2
BudoBoy07,Windrunner Spire,20,6:21,2026-05-22 13:05,0,0,Guardian Druid: Acidic Demise (3:40),Elemental Shaman: Puncturing Bite (3:52),Retribution Paladin: Soul Torment (3:53),Augmentation Evoker: Melee (3:56),Discipline Priest: Melee (3:57),,,,,,,,,,,,,,,,Dpsfox,Druid,Guardian,287,Tank,39.61m (104.0k),"103,718.9",15.41%,18.15m (47.6k),"47,525.5",1,3,0,Powerpegging,Evoker,Augmentation,290,DPS,63.48m (166.6k),"166,227.8",24.70%,3.29m (8.6k),"8,624.3",1,3,0,Palingore,Paladin,Retribution,289,DPS,73.70m (193.4k),"192,996.8",28.68%,3.14m (8.2k),"8,232.4",1,1,0,Zapzten,Shaman,Elemental,290,DPS,75.55m (198.3k),"197,850.1",29.40%,816.7k (2.1k),"2,138.8",1,1,0,Calrisa,Priest,Discipline,289,Healer,4.67m (12.3k),"12,240.1",1.82%,25.04m (65.7k),"65,571.1",1,0,0
BudoBoy07,Maisara Caverns,21,29:08,2026-05-22 01:48,1,20,Mistweaver Monk: Infected Pinions (7:59),Mistweaver Monk: Lingering Dread (20:10),,,,,,,,,,,,,,,,,,,Delanu,Druid,Guardian,290,Tank,215.01m (123.0k),"124,447.3",14.16%,124.45m (71.2k),"72,034.3",0,6,1,Powerpegging,Evoker,Augmentation,290,DPS,382.94m (219.1k),"221,651.6",25.22%,16.12m (9.2k),"9,327.6",0,0,0,Deavdk,Death Knight,Unholy,290,DPS,400.83m (229.3k),"232,001.7",26.40%,11.16m (6.4k),"6,458.1",0,1,6,Rotiyo,Demon Hunter,Devourer,290,DPS,425.23m (243.3k),"246,130.0",28.01%,15.73m (9.0k),"9,105.2",0,1,6,Sygmâ,Monk,Mistweaver,289,Healer,94.10m (53.8k),"54,465.3",6.20%,214.57m (122.8k),"124,196.2",2,5,0
BudoBoy07,Maisara Caverns,21,21:30,2026-05-22 01:26,0,0,Unholy Death Knight: Shadow Bolt (1:17),Unholy Death Knight: Necrotic Wave (5:24),Augmentation Evoker: Soulstorms (16:52),Guardian Druid: Melee (16:58),Devourer Demon Hunter: Melee (17:06),Mistweaver Monk: Melee (17:15),Unholy Death Knight: Shrink (17:21),Guardian Druid: Melee (17:22),,,,,,,,,,,,,Delanu,Druid,Guardian,290,Tank,172.98m (134.1k),"134,090.1",15.71%,88.94m (68.9k),"68,946.6",2,4,2,Powerpegging,Evoker,Augmentation,290,DPS,264.26m (204.9k),"204,845.5",23.99%,10.89m (8.4k),"8,440.4",1,0,0,Deavdk,Death Knight,Unholy,290,DPS,291.69m (226.1k),"226,106.9",26.49%,6.15m (4.8k),"4,767.8",3,1,4,Rotiyo,Demon Hunter,Devourer,290,DPS,304.80m (236.3k),"236,270.0",27.68%,6.03m (4.7k),"4,677.7",1,1,3,Sygmâ,Monk,Mistweaver,289,Healer,67.59m (52.4k),"52,390.4",6.14%,135.53m (105.1k),"105,056.5",1,2,0
BudoBoy07,Windrunner Spire,21,23:29,2026-05-22 01:23,0,0,Unholy Death Knight: Phial Toss (14:33),Discipline Priest: Throw Axe (23:14),Augmentation Evoker: Throw Axe (23:17),Discipline Priest: Throw Axe (23:24),Unholy Death Knight: Throw Axe (23:25),Guardian Druid: Shred Flesh (23:27),Devourer Demon Hunter: Melee (23:29),,,,,,,,,,,,,,Hayró,Druid,Guardian,288,Tank,176.14m (125.0k),"124,980.5",15.15%,98.34m (69.8k),"69,776.1",1,3,0,Powerpegging,Evoker,Augmentation,290,DPS,293.12m (208.0k),"207,976.5",25.21%,14.51m (10.3k),"10,292.1",1,4,2,Nexdeath,Death Knight,Unholy,289,DPS,340.64m (241.8k),"241,695.4",29.30%,11.89m (8.4k),"8,437.2",2,4,2,Kyokã,Demon Hunter,Devourer,290,DPS,314.90m (223.5k),"223,432.0",27.09%,14.10m (10.0k),"10,004.0",1,5,2,Vuhbo,Priest,Discipline,289,Healer,37.72m (26.8k),"26,766.6",3.24%,157.56m (111.8k),"111,791.2",2,2,1
BudoBoy07,Maisara Caverns,21,3:12,2026-05-22 01:23,0,0,Devourer Demon Hunter: Rain of Toads (0:32),,,,,,,,,,,,,,,,,,,,Delanu,Druid,Guardian,290,Tank,18.85m (98.2k),"98,017.0",21.43%,6.99m (36.4k),"36,347.4",0,2,0,Powerpegging,Evoker,Augmentation,290,DPS,21.55m (112.2k),"112,073.5",24.50%,529.9k (2.8k),"2,755.6",0,0,0,Deavdk,Death Knight,Unholy,290,DPS,41.09m (214.0k),"213,684.3",46.72%,40.9k (213.0),212.8,0,1,2,Rotiyo,Demon Hunter,Devourer,290,DPS,2.01m (10.5k),"10,438.7",2.29%,8.5k (44.3),44.0,1,1,1,Sygmâ,Monk,Mistweaver,289,Healer,4.45m (23.2k),"23,150.4",5.06%,7.16m (37.3k),"37,246.2",0,2,0
BudoBoy07,Magisters' Terrace,20,27:34,2026-05-22 00:45,1,0,,,,,,,,,,,,,,,,,,,,,Feelspoonman,Druid,Guardian,287,Tank,191.22m (115.6k),"115,004.1",14.54%,88.15m (53.3k),"53,014.1",0,6,1,Powerpegging,Evoker,Augmentation,290,DPS,341.42m (206.4k),"205,338.6",25.96%,14.83m (9.0k),"8,919.4",0,5,2,Nexdeath,Death Knight,Unholy,289,DPS,390.65m (236.2k),"234,944.0",29.71%,8.72m (5.3k),"5,243.3",0,5,0,Poisongrim,Death Knight,Unholy,290,DPS,348.62m (210.8k),"209,667.6",26.51%,8.76m (5.3k),"5,267.3",0,5,0,Vuhbo,Priest,Discipline,289,Healer,43.12m (26.1k),"25,935.8",3.28%,166.12m (100.4k),"99,906.0",0,2,1
BudoBoy07,Magisters' Terrace,20,3:17,2026-05-22 00:28,0,0,Restoration Druid: Melee (2:21),Demonology Warlock: Ignition (2:33),Augmentation Evoker: Ignition (2:59),Unholy Death Knight: Ignition (3:16),Guardian Druid: Arcane Volley (3:17),Restoration Druid: Arcane Volley (3:17),,,,,,,,,,,,,,,Restitutors,Druid,Guardian,287,Tank,19.77m (100.4k),"99,985.7",14.38%,14.03m (71.2k),"70,973.8",1,1,2,Powerpegging,Evoker,Augmentation,290,DPS,43.96m (223.1k),"222,308.3",31.97%,2.58m (13.1k),"13,049.9",1,2,2,Xerthus,Death Knight,Unholy,290,DPS,32.11m (163.0k),"162,386.3",23.35%,1.92m (9.7k),"9,699.4",1,1,2,Jotarô,Warlock,Demonology,289,DPS,40.01m (203.1k),"202,341.3",29.10%,1.55m (7.9k),"7,855.6",1,1,1,Pongrácz,Druid,Restoration,286,Healer,1.64m (8.3k),"8,298.1",1.19%,15.88m (80.6k),"80,327.5",2,1,0
BudoBoy07,Magisters' Terrace,20,5:43,2026-05-21 23:55,0,0,Demonology Warlock: Arcane Expulsion (5:13),Frost Mage: Blink (5:27),Restoration Shaman: Pyroblast (5:28),Augmentation Evoker: Holy Fire (5:31),Vengeance Demon Hunter: Ignition (5:42),,,,,,,,,,,,,,,,Søbbøc,Demon Hunter,Vengeance,288,Tank,39.27m (114.5k),"114,335.1",15.48%,27.06m (78.9k),"78,776.1",1,0,4,Powerpegging,Evoker,Augmentation,290,DPS,74.44m (217.0k),"216,739.0",29.35%,4.99m (14.5k),"14,541.8",1,1,3,Maggez,Mage,Frost,288,DPS,57.72m (168.3k),"168,052.7",22.76%,2.02m (5.9k),"5,880.4",1,2,1,Scarslock,Warlock,Demonology,290,DPS,73.20m (213.4k),"213,135.3",28.86%,3.16m (9.2k),"9,208.0",1,2,2,Ginjuk,Shaman,Restoration,285,Healer,8.98m (26.2k),"26,144.3",3.54%,29.37m (85.6k),"85,510.4",1,1,0
BudoBoy07,Magisters' Terrace,20,6:05,2026-05-21 23:43,0,0,Augmentation Evoker: Arcane Beam (5:39),Frost Mage: Ethereal Shackles (5:43),Devourer Demon Hunter: Crowd Dispersal (5:50),Restoration Shaman: Crowd Dispersal (5:50),Vengeance Demon Hunter: Arcane Eruption (6:05),,,,,,,,,,,,,,,,Søbbøc,Demon Hunter,Vengeance,288,Tank,40.76m (111.7k),"111,497.4",16.22%,25.62m (70.2k),"70,094.6",1,2,1,Powerpegging,Evoker,Augmentation,290,DPS,74.45m (204.0k),"203,681.9",29.63%,4.49m (12.3k),"12,292.1",1,1,1,Nheji,Demon Hunter,Devourer,286,DPS,67.49m (184.9k),"184,633.6",26.86%,2.80m (7.7k),"7,662.6",1,0,0,Maggez,Mage,Frost,288,DPS,60.87m (166.8k),"166,518.8",24.23%,2.70m (7.4k),"7,390.8",1,2,1,Føurset,Druid,Restoration,237,Healer,,,,,,0,0,0
BudoBoy07,Magisters' Terrace,20,4:32,2026-05-21 23:39,0,0,Devourer Demon Hunter: Melee (1:14),Devourer Demon Hunter: Melee (2:16),Augmentation Evoker: Melee (2:24),,,,,,,,,,,,,,,,,,Søbbøc,Demon Hunter,Vengeance,288,Tank,19.96m (73.4k),"73,191.9",16.26%,8.67m (31.9k),"31,790.1",0,2,0,Powerpegging,Evoker,Augmentation,290,DPS,36.15m (132.9k),"132,576.0",29.44%,1.80m (6.6k),"6,590.5",1,2,0,Nheji,Demon Hunter,Devourer,286,DPS,31.15m (114.5k),"114,249.6",25.37%,1.00m (3.7k),"3,670.2",2,0,0,Maggez,Mage,Frost,288,DPS,32.30m (118.7k),"118,443.9",26.31%,1.04m (3.8k),"3,804.6",0,1,1,Ginjuk,Shaman,Restoration,285,Healer,3.23m (11.9k),"11,842.7",2.63%,8.20m (30.1k),"30,076.3",0,0,0
BudoBoy07,Magisters' Terrace,20,5:57,2026-05-21 21:48,0,0,Mistweaver Monk: Holy Fire (5:03),Devourer Demon Hunter: Pyroblast (5:38),,,,,,,,,,,,,,,,,,,Ayvera,Druid,Guardian,286,Tank,38.51m (107.9k),"107,692.1",14.22%,23.95m (67.1k),"66,970.0",0,2,0,Powerpegging,Evoker,Augmentation,290,DPS,73.76m (206.6k),"206,305.0",27.24%,3.00m (8.4k),"8,392.7",0,2,2,Idrisbaba,Demon Hunter,Devourer,289,DPS,66.92m (187.5k),"187,170.7",24.72%,2.48m (6.9k),"6,924.7",1,1,0,Voidsuit,Warlock,Demonology,290,DPS,74.98m (210.0k),"209,701.9",27.69%,3.24m (9.1k),"9,062.7",0,2,2,Lucibuffmw,Monk,Mistweaver,285,Healer,16.59m (46.5k),"46,399.1",6.13%,35.40m (99.2k),"98,998.2",1,2,0
BudoBoy07,Maisara Caverns,21,33:06,2026-05-21 18:05,0,0,Mistweaver Monk: Fetid Quillstorm (11:54),Mistweaver Monk: Coalesced Death (23:45),Mistweaver Monk: Soulstorms (26:02),Devourer Demon Hunter: Deathgorged Vessel (28:13),Unholy Death Knight: Volatile Essence (28:20),,,,,,,,,,,,,,,,Римурумонк,Monk,Brewmaster,285,Tank,208.71m (105.1k),"108,711.6",14.26%,166.81m (84.0k),"86,888.5",0,7,3,Powerpegging,Evoker,Augmentation,290,DPS,370.10m (186.4k),"192,778.4",25.30%,17.66m (8.9k),"9,201.1",0,6,2,Sngmtokos,Death Knight,Unholy,290,DPS,381.85m (192.3k),"198,900.4",26.10%,12.40m (6.2k),"6,460.4",1,8,2,Менябьётмама,Demon Hunter,Devourer,290,DPS,419.85m (211.4k),"218,691.3",28.70%,17.53m (8.8k),"9,131.8",1,5,3,Embiire,Monk,Mistweaver,289,Healer,82.59m (41.6k),"43,022.0",5.64%,215.78m (108.7k),"112,395.9",3,4,0
BudoBoy07,The Seat of the Triumvirate,20,29:25,2026-05-21 17:09,1,0,,,,,,,,,,,,,,,,,,,,,Smörisse,Druid,Guardian,287,Tank,192.26m (108.9k),"108,399.0",15.20%,111.54m (63.2k),"62,887.1",0,4,0,Powerpegging,Evoker,Augmentation,290,DPS,309.16m (175.2k),"174,306.9",24.44%,16.36m (9.3k),"9,224.9",0,6,5,Nørskenrmt,Demon Hunter,Devourer,288,DPS,329.80m (186.9k),"185,948.1",26.07%,17.65m (10.0k),"9,949.4",0,5,0,Benafflíc,Warlock,Demonology,290,DPS,343.23m (194.5k),"193,518.5",27.13%,16.27m (9.2k),"9,172.1",0,5,6,Snowblast,Monk,Mistweaver,288,Healer,90.69m (51.4k),"51,130.6",7.17%,207.00m (117.3k),"116,711.4",0,3,3
BudoBoy07,The Seat of the Triumvirate,20,21:30,2026-05-21 16:48,0,0,Mistweaver Monk: Devouring Frenzy (7:38),Devourer Demon Hunter: Melee (10:22),Mistweaver Monk: Void Bomb (16:34),Demonology Warlock: Phase Dash (16:49),Augmentation Evoker: Shadow Pounce (17:13),Devourer Demon Hunter: Shadow Pounce (17:38),Guardian Druid: Melee (17:42),,,,,,,,,,,,,,Smörisse,Druid,Guardian,287,Tank,132.39m (102.6k),"102,626.7",14.84%,96.04m (74.4k),"74,450.5",1,3,1,Powerpegging,Evoker,Augmentation,290,DPS,210.53m (163.2k),"163,197.1",23.60%,12.07m (9.4k),"9,359.5",1,5,4,Nørskenrmt,Demon Hunter,Devourer,288,DPS,240.34m (186.3k),"186,300.0",26.94%,13.90m (10.8k),"10,778.4",2,4,5,Benafflíc,Warlock,Demonology,290,DPS,248.50m (192.6k),"192,625.0",27.86%,10.24m (7.9k),"7,937.2",1,3,3,Snowblast,Monk,Mistweaver,288,Healer,60.29m (46.7k),"46,735.9",6.76%,142.52m (110.5k),"110,477.7",2,3,0
BudoBoy07,The Seat of the Triumvirate,20,4:19,2026-05-21 16:35,0,0,Devourer Demon Hunter: Dark Expulsion (4:08),Retribution Paladin: Dark Expulsion (4:10),,,,,,,,,,,,,,,,,,,Smörisse,Druid,Guardian,287,Tank,63.98m (247.0k),"246,372.5",20.62%,30.97m (119.6k),"119,244.6",0,1,1,Powerpegging,Evoker,Augmentation,290,DPS,80.23m (309.8k),"308,920.2",25.85%,3.88m (15.0k),"14,930.5",0,1,0,Nørskenrmt,Demon Hunter,Devourer,288,DPS,86.18m (332.7k),"331,832.7",27.77%,3.70m (14.3k),"14,257.7",1,1,1,Androidus,Paladin,Retribution,290,DPS,63.18m (243.9k),"243,272.7",20.36%,3.42m (13.2k),"13,158.2",1,1,1,Snowblast,Monk,Mistweaver,288,Healer,16.77m (64.7k),"64,556.1",5.40%,33.22m (128.3k),"127,930.7",0,2,1
BudoBoy07,The Seat of the Triumvirate,20,0:40,2026-05-21 16:23,0,0,Brewmaster Monk: Melee (0:21),Devourer Demon Hunter: Melee (0:28),Demonology Warlock: Pulsing Void (0:33),,,,,,,,,,,,,,,,,,Samatai,Monk,Brewmaster,290,Tank,7.84m (196.0k),"193,093.0",13.88%,8.37m (209.2k),"206,266.4",1,1,0,Powerpegging,Evoker,Augmentation,290,DPS,18.48m (462.0k),"455,361.4",32.73%,1.02m (25.5k),"25,020.2",0,1,0,Alukahr,Demon Hunter,Devourer,288,DPS,9.14m (228.5k),"225,267.2",16.19%,519.6k (13.0k),"12,800.0",1,1,0,Шепотнаушки,Warlock,Demonology,290,DPS,19.93m (498.2k),"490,965.3",35.29%,1.04m (26.0k),"25,649.5",1,2,1,Koorshaman,Shaman,Restoration,285,Healer,1.08m (27.0k),"26,561.8",1.91%,3.81m (95.2k),"93,833.6",0,0,0
BudoBoy07,The Seat of the Triumvirate,20,0:15,2026-05-21 16:10,0,0,Guardian Druid: Melee (0:10),,,,,,,,,,,,,,,,,,,,Sgtdonowitz,Druid,Guardian,288,Tank,39.3k (2.6k),"2,535.0",20.96%,3.2k (213.3),204.8,1,0,0,Powerpegging,Evoker,Augmentation,290,DPS,111.8k (7.5k),"7,216.7",59.63%,,,0,0,0,Alukahr,Demon Hunter,Devourer,288,DPS,13.7k (913.3),883.6,7.31%,,,0,0,0,Шепотнаушки,Warlock,Demonology,290,DPS,22.7k (1.5k),"1,463.2",12.11%,112.2k (7.5k),"7,243.7",0,0,0,Lickmafury,Shaman,Restoration,289,Healer,,,,5.6k (373.3),360.7,0,0,0
BudoBoy07,The Seat of the Triumvirate,20,2:15,2026-05-21 16:08,0,0,Guardian Druid: Melee (0:30),Devourer Demon Hunter: Melee (0:32),Demonology Warlock: Melee (0:35),Augmentation Evoker: Rupture (0:37),Restoration Shaman: Melee (0:37),Guardian Druid: Relentless Pursuit (0:39),,,,,,,,,,,,,,,Sgtdonowitz,Druid,Guardian,288,Tank,7.93m (58.7k),"58,316.7",10.90%,5.21m (38.6k),"38,335.0",2,1,0,Powerpegging,Evoker,Augmentation,290,DPS,19.75m (146.3k),"145,234.7",27.14%,705.9k (5.2k),"5,191.6",1,2,0,Alukahr,Demon Hunter,Devourer,288,DPS,15.03m (111.3k),"110,544.8",20.65%,556.6k (4.1k),"4,093.5",1,1,0,Шепотнаушки,Warlock,Demonology,290,DPS,28.98m (214.7k),"213,131.2",39.82%,506.3k (3.8k),"3,723.8",1,1,0,Lickmafury,Shaman,Restoration,289,Healer,1.09m (8.1k),"8,041.9",1.50%,4.90m (36.3k),"36,007.6",1,0,0
BudoBoy07,The Seat of the Triumvirate,20,1:25,2026-05-21 16:06,0,0,Guardian Druid: Melee (0:18),Devourer Demon Hunter: Melee (0:20),Restoration Shaman: Melee (0:20),Guardian Druid: Melee (0:21),,,,,,,,,,,,,,,,,Sgtdonowitz,Druid,Guardian,288,Tank,1.28m (15.1k),"15,069.0",22.86%,887.9k (10.4k),"10,430.6",2,2,0,Powerpegging,Evoker,Augmentation,290,DPS,2.04m (24.0k),"23,919.4",36.44%,343.0k (4.0k),"4,029.2",0,2,0,Alukahr,Demon Hunter,Devourer,288,DPS,887.5k (10.4k),"10,425.1",15.85%,92.7k (1.1k),"1,089.3",1,0,0,Шепотнаушки,Warlock,Demonology,290,DPS,1.22m (14.4k),"14,300.2",21.79%,221.4k (2.6k),"2,600.4",0,1,0,Lickmafury,Shaman,Restoration,289,Healer,171.2k (2.0k),"2,011.6",3.06%,436.8k (5.1k),"5,131.6",1,0,0
BudoBoy07,Windrunner Spire,21,34:10,2026-05-21 15:21,0,0,Retribution Paladin: Flaming Twisters (8:25),Retribution Paladin: Fetid Bile (13:28),Mistweaver Monk: Falling Rubble (23:56),Mistweaver Monk: Bullseye Windblast (30:12),Retribution Paladin: Billowing Wind (31:21),,,,,,,,,,,,,,,,Scammer,Druid,Guardian,288,Tank,213.56m (104.2k),"107,619.2",15.74%,114.43m (55.8k),"57,667.7",0,3,1,Powerpegging,Evoker,Augmentation,290,DPS,337.27m (164.5k),"169,962.9",24.87%,15.89m (7.8k),"8,008.0",0,6,1,Bingling,Death Knight,Unholy,290,DPS,392.83m (191.6k),"197,963.4",28.96%,10.98m (5.4k),"5,533.1",0,6,2,Abwilliams,Paladin,Retribution,289,DPS,314.66m (153.5k),"158,569.7",23.20%,12.75m (6.2k),"6,424.3",3,6,0,Chiwaters,Monk,Mistweaver,287,Healer,98.07m (47.8k),"49,421.0",7.23%,223.72m (109.1k),"112,742.9",2,6,0
BudoBoy07,The Seat of the Triumvirate,20,31:30,2026-05-21 00:16,1,0,Holy Paladin: Umbral Waves (25:06),,,,,,,,,,,,,,,,,,,,Lunatiç,Monk,Brewmaster,288,Tank,188.48m (99.7k),"100,053.1",15.58%,144.33m (76.4k),"76,619.2",0,5,3,Powerpegging,Evoker,Augmentation,290,DPS,333.45m (176.4k),"177,015.3",27.56%,17.84m (9.4k),"9,467.9",0,5,3,Ezbeamer,Demon Hunter,Devourer,289,DPS,320.29m (169.5k),"170,025.7",26.47%,25.40m (13.4k),"13,482.4",0,5,5,Guldañ,Warlock,Demonology,289,DPS,337.33m (178.5k),"179,070.9",27.88%,17.53m (9.3k),"9,303.4",0,6,15,Павлупа,Paladin,Holy,287,Healer,30.57m (16.2k),"16,227.6",2.53%,185.68m (98.2k),"98,569.1",1,6,0
BudoBoy07,The Seat of the Triumvirate,20,6:58,2026-05-21 00:09,0,0,Unholy Death Knight: Chains of Subjugation (0:25),Unholy Death Knight: Chains of Subjugation (1:50),Holy Paladin: Umbral Bolt (1:52),Devourer Demon Hunter: Umbral Bolt (1:58),,,,,,,,,,,,,,,,,Lunatiç,Monk,Brewmaster,288,Tank,25.59m (61.2k),"61,187.0",15.14%,24.95m (59.7k),"59,657.4",0,2,0,Powerpegging,Evoker,Augmentation,290,DPS,46.71m (111.7k),"111,664.8",27.64%,1.58m (3.8k),"3,787.8",0,3,1,Semulegryn,Death Knight,Unholy,289,DPS,32.53m (77.8k),"77,773.7",19.25%,2.23m (5.3k),"5,327.7",2,1,1,Ezbeamer,Demon Hunter,Devourer,289,DPS,61.28m (146.6k),"146,514.7",36.26%,2.61m (6.2k),"6,237.6",1,3,0,Павлупа,Paladin,Holy,287,Healer,2.90m (6.9k),"6,939.4",1.72%,16.19m (38.7k),"38,699.2",1,3,1
BudoBoy07,The Seat of the Triumvirate,20,32:47,2026-05-20 23:02,0,0,Shadow Priest: Void Expulsion (8:59),Holy Paladin: Overload (13:27),Unholy Death Knight: Discordant Beam (29:30),Unholy Death Knight: Discordant Beam (31:40),Shadow Priest: Discordant Beam (31:40),Holy Paladin: Dirge of Despair (32:29),Augmentation Evoker: Dirge of Despair (32:33),Unholy Death Knight: Dirge of Despair (32:37),Brewmaster Monk: Abyssal Lance (32:47),,,,,,,,,,,,Lunatiç,Monk,Brewmaster,288,Tank,202.31m (102.9k),"102,812.5",16.57%,150.00m (76.3k),"76,227.0",1,5,2,Powerpegging,Evoker,Augmentation,290,DPS,329.80m (167.7k),"167,599.5",27.01%,19.95m (10.1k),"10,139.1",1,3,1,Nerzx,Death Knight,Unholy,287,DPS,348.07m (177.0k),"176,885.3",28.51%,13.09m (6.7k),"6,653.7",3,6,3,Prico,Priest,Shadow,289,DPS,305.70m (155.4k),"155,351.0",25.04%,33.08m (16.8k),"16,808.9",2,5,1,Павлупа,Paladin,Holy,287,Healer,31.68m (16.1k),"16,100.9",2.59%,182.53m (92.8k),"92,761.6",2,6,1
BudoBoy07,The Seat of the Triumvirate,20,14:18,2026-05-20 22:44,0,0,Shadow Priest: Umbral Bolt (2:20),Shadow Priest: Devouring Frenzy (9:14),Shadow Priest: Pulsing Void (9:35),Brewmaster Monk: Void Bomb (13:59),Shadow Priest: Melee (14:01),Holy Paladin: Overload (14:04),Augmentation Evoker: Overload (14:08),Unholy Death Knight: Swoop (14:17),Brewmaster Monk: Void Burst (14:17),,,,,,,,,,,,Lunatiç,Monk,Brewmaster,288,Tank,118.55m (138.2k),"138,032.9",17.26%,103.20m (120.3k),"120,155.9",2,3,2,Powerpegging,Evoker,Augmentation,290,DPS,171.45m (199.8k),"199,617.3",24.96%,8.35m (9.7k),"9,716.2",1,3,1,Nerzx,Death Knight,Unholy,287,DPS,207.01m (241.3k),"241,020.2",30.14%,7.16m (8.3k),"8,339.6",1,3,3,Prico,Priest,Shadow,289,DPS,172.28m (200.8k),"200,583.1",25.08%,18.75m (21.9k),"21,831.4",4,3,2,Nuxxia,Druid,Restoration,283,Healer,,,,,,0,0,0
BudoBoy07,The Seat of the Triumvirate,20,4:52,2026-05-20 22:40,0,0,Brewmaster Monk: Umbral Bolt (0:28),Unholy Death Knight: Melee (0:30),Augmentation Evoker: Melee (0:30),Shadow Priest: Umbral Bolt (0:32),Augmentation Evoker: Melee (0:39),,,,,,,,,,,,,,,,Lunatiç,Monk,Brewmaster,288,Tank,3.92m (13.4k),"13,407.6",13.48%,4.56m (15.6k),"15,570.9",1,2,0,Powerpegging,Evoker,Augmentation,290,DPS,12.08m (41.4k),"41,295.8",41.55%,817.7k (2.8k),"2,794.6",2,2,0,Nerzx,Death Knight,Unholy,287,DPS,7.58m (26.0k),"25,903.4",26.07%,1.05m (3.6k),"3,587.4",1,1,1,Prico,Priest,Shadow,289,DPS,5.22m (17.9k),"17,854.7",17.95%,722.2k (2.5k),"2,468.1",1,0,0,Павлупа,Paladin,Holy,287,Healer,273.0k (934.9),932.9,0.94%,4.50m (15.4k),"15,382.7",0,2,0
BudoBoy07,The Seat of the Triumvirate,20,24:37,2026-05-20 22:11,0,0,Augmentation Evoker: Void Sludge (4:26),Unholy Death Knight: Umbral Waves (21:43),Brewmaster Monk: Mind Blast (23:19),Holy Paladin: Mind Flay (23:26),Shadow Priest: Mind Flay (23:27),Unholy Death Knight: Mind Flay (23:35),Augmentation Evoker: Void Storm (23:39),Brewmaster Monk: Void Storm (23:39),,,,,,,,,,,,,Lunatiç,Monk,Brewmaster,288,Tank,170.03m (115.1k),"115,039.4",16.53%,138.22m (93.6k),"93,515.7",2,2,3,Powerpegging,Evoker,Augmentation,290,DPS,279.21m (189.0k),"188,910.1",27.14%,18.00m (12.2k),"12,180.4",2,3,2,Nerzx,Death Knight,Unholy,287,DPS,291.33m (197.2k),"197,112.2",28.32%,9.76m (6.6k),"6,606.7",2,5,2,Prico,Priest,Shadow,289,DPS,260.58m (176.4k),"176,309.3",25.33%,27.71m (18.8k),"18,751.0",1,4,2,Павлупа,Paladin,Holy,287,Healer,26.39m (17.9k),"17,852.1",2.57%,133.44m (90.3k),"90,282.4",1,3,0
BudoBoy07,The Seat of the Triumvirate,20,25:49,2026-05-20 21:45,0,0,Augmentation Evoker: Abyssal Enhancement (20:14),Augmentation Evoker: Abyssal Enhancement (20:19),Unholy Death Knight: Abyssal Enhancement (20:24),Shadow Priest: Pulsing Void (20:34),Holy Paladin: Pulsing Void (20:40),Brewmaster Monk: Umbral Bolt (20:45),,,,,,,,,,,,,,,Lunatiç,Monk,Brewmaster,288,Tank,160.44m (103.6k),"103,532.1",17.18%,133.65m (86.3k),"86,244.4",1,3,2,Powerpegging,Evoker,Augmentation,290,DPS,247.04m (159.5k),"159,416.3",26.46%,16.14m (10.4k),"10,415.4",2,4,2,Nerzx,Death Knight,Unholy,287,DPS,263.43m (170.1k),"169,992.0",28.21%,8.57m (5.5k),"5,528.6",1,5,3,Prico,Priest,Shadow,289,DPS,241.52m (155.9k),"155,850.6",25.86%,29.69m (19.2k),"19,156.0",1,4,2,Павлупа,Paladin,Holy,287,Healer,20.33m (13.1k),"13,121.9",2.18%,124.66m (80.5k),"80,442.4",1,2,1
BudoBoy07,The Seat of the Triumvirate,20,1:42,2026-05-20 21:38,0,0,Brewmaster Monk: Melee (1:29),Unholy Death Knight: Melee (1:30),Mistweaver Monk: Melee (1:32),Augmentation Evoker: Chains of Subjugation (1:39),Shadow Priest: Umbral Bolt (1:39),,,,,,,,,,,,,,,,Lunatiç,Monk,Brewmaster,288,Tank,17.55m (172.1k),"171,012.9",11.53%,14.37m (140.9k),"140,020.5",1,1,1,Powerpegging,Evoker,Augmentation,290,DPS,44.99m (441.1k),"438,465.6",29.55%,1.56m (15.3k),"15,171.3",1,1,0,Nerzx,Death Knight,Unholy,287,DPS,47.45m (465.2k),"462,407.9",31.16%,845.9k (8.3k),"8,243.9",1,1,0,Prico,Priest,Shadow,289,DPS,35.36m (346.7k),"344,652.9",23.22%,4.51m (44.2k),"43,950.9",1,1,0,Nelfmw,Monk,Mistweaver,285,Healer,6.91m (67.7k),"67,298.7",4.54%,16.93m (166.0k),"165,046.6",1,1,0
BudoBoy07,The Seat of the Triumvirate,20,13:27,2026-05-20 21:25,0,0,Guardian Druid: Void Slash (5:30),Devourer Demon Hunter: Melee (5:32),,,,,,,,,,,,,,,,,,,Justboom,Druid,Guardian,289,Tank,50.50m (62.6k),"62,512.9",14.19%,39.14m (48.5k),"48,445.8",1,0,1,Powerpegging,Evoker,Augmentation,290,DPS,85.33m (105.7k),"105,633.1",23.98%,4.89m (6.1k),"6,050.2",0,2,1,Nockel,Demon Hunter,Devourer,290,DPS,112.81m (139.8k),"139,645.2",31.70%,4.44m (5.5k),"5,496.1",1,2,0,Prico,Priest,Shadow,289,DPS,88.94m (110.2k),"110,092.4",25.00%,7.22m (8.9k),"8,939.5",0,1,1,Nelfmw,Monk,Mistweaver,285,Healer,17.30m (21.4k),"21,409.9",4.86%,44.72m (55.4k),"55,353.6",0,1,0
BudoBoy07,The Seat of the Triumvirate,20,1:13,2026-05-20 21:24,0,0,Guardian Druid: Relentless Pursuit (0:18),Shadow Priest: Melee (0:19),Augmentation Evoker: Chains of Subjugation (0:21),Mistweaver Monk: Melee (0:23),Guardian Druid: Umbral Bolt (0:29),,,,,,,,,,,,,,,,Justboom,Druid,Guardian,289,Tank,1.18m (16.2k),"16,122.3",33.47%,1.48m (20.3k),"20,204.1",2,0,0,Powerpegging,Evoker,Augmentation,290,DPS,2.04m (27.9k),"27,706.8",57.87%,245.1k (3.4k),"3,337.4",1,1,0,Nockel,Demon Hunter,Devourer,290,DPS,107.9k (1.5k),"1,468.3",3.06%,215.6k (3.0k),"2,935.0",0,1,0,Prico,Priest,Shadow,289,DPS,197.5k (2.7k),"2,689.4",5.60%,6.6k (90.4),90.1,1,0,0,Nelfmw,Monk,Mistweaver,285,Healer,,,,561.6k (7.7k),"7,645.9",1,0,0
BudoBoy07,The Seat of the Triumvirate,20,3:01,2026-05-20 21:21,0,0,Shadow Priest: Melee (0:16),Mistweaver Monk: Chains of Subjugation (0:29),Shadow Priest: Chains of Subjugation (0:34),Augmentation Evoker: Leeching Void (0:42),Shadow Priest: Chains of Subjugation (0:47),Guardian Druid: Relentless Pursuit (0:53),,,,,,,,,,,,,,,Justboom,Druid,Guardian,289,Tank,17.64m (97.5k),"97,055.6",20.09%,13.26m (73.3k),"72,996.5",1,1,0,Powerpegging,Evoker,Augmentation,290,DPS,21.22m (117.2k),"116,765.8",24.16%,1.30m (7.2k),"7,138.4",1,1,0,Nockel,Demon Hunter,Devourer,290,DPS,38.77m (214.2k),"213,343.3",44.14%,2.17m (12.0k),"11,926.3",0,2,0,Prico,Priest,Shadow,289,DPS,10.02m (55.4k),"55,163.6",11.41%,3.10m (17.1k),"17,066.0",3,1,1,Nelfmw,Monk,Mistweaver,285,Healer,176.7k (976.2),972.2,0.20%,2.47m (13.6k),"13,616.0",1,0,0
BudoBoy07,Nexus-Point Xenas,20,13:30,2026-05-14 21:16,0,0,Demonology Warlock: Erratic Zap (4:22),Brewmaster Monk: Melee (10:13),Devourer Demon Hunter: Melee (10:16),Devourer Demon Hunter: Melee (11:38),Demonology Warlock: Entropic Leech (13:16),,,,,,,,,,,,,,,,Fatmonka,Monk,Brewmaster,285,Tank,67.16m (82.9k),"82,831.3",13.06%,57.08m (70.5k),"70,404.3",1,0,3,Powerpegging,Evoker,Augmentation,287,DPS,135.69m (167.5k),"167,360.3",26.39%,7.94m (9.8k),"9,797.3",0,2,4,Psychobunny,Demon Hunter,Devourer,287,DPS,143.24m (176.8k),"176,672.8",27.86%,5.18m (6.4k),"6,394.7",2,2,0,Lockinabox,Warlock,Demonology,287,DPS,152.39m (188.1k),"187,956.7",29.64%,7.73m (9.5k),"9,535.7",2,3,8,Cleanlight,Priest,Discipline,286,Healer,15.65m (19.3k),"19,301.9",3.04%,90.53m (111.8k),"111,658.7",0,2,1
BudoBoy07,Nexus-Point Xenas,20,2:28,2026-05-14 21:13,0,0,Brewmaster Monk: Melee (1:04),Devourer Demon Hunter: Suppression Field (1:12),Discipline Priest: Arcing Mana (1:13),Demonology Warlock: Melee (1:14),Augmentation Evoker: Arcane Spill (1:16),,,,,,,,,,,,,,,,Fatmonka,Monk,Brewmaster,285,Tank,8.19m (55.3k),"55,153.6",10.37%,4.93m (33.3k),"33,220.7",1,0,1,Powerpegging,Evoker,Augmentation,287,DPS,21.67m (146.4k),"145,986.6",27.44%,927.9k (6.3k),"6,249.8",1,1,0,Psychobunny,Demon Hunter,Devourer,287,DPS,21.05m (142.2k),"141,788.7",26.66%,752.7k (5.1k),"5,070.1",1,2,0,Lockinabox,Warlock,Demonology,287,DPS,25.98m (175.5k),"174,998.1",32.90%,605.4k (4.1k),"4,078.0",1,1,0,Cleanlight,Priest,Discipline,286,Healer,2.07m (14.0k),"13,920.0",2.62%,9.06m (61.2k),"61,053.3",1,2,0
BudoBoy07,Nexus-Point Xenas,20,22:54,2026-05-14 20:36,0,0,Discipline Priest: Umbra Bolt (6:50),Brewmaster Monk: Melee (21:35),Brewmaster Monk: Umbral Lash (22:37),Devourer Demon Hunter: Melee (22:40),Discipline Priest: Melee (22:43),Demonology Warlock: Melee (22:45),Augmentation Evoker: Nullify (22:47),Brewmaster Monk: Melee (22:54),,,,,,,,,,,,,Soohm,Monk,Brewmaster,285,Tank,111.86m (81.4k),"81,390.6",12.66%,83.18m (60.5k),"60,521.9",3,5,6,Powerpegging,Evoker,Augmentation,287,DPS,240.63m (175.1k),"175,085.0",27.24%,12.26m (8.9k),"8,922.1",1,2,3,Shadowfiendh,Demon Hunter,Devourer,286,DPS,245.22m (178.5k),"178,424.9",27.76%,9.05m (6.6k),"6,581.5",1,4,2,Lockinabox,Warlock,Demonology,287,DPS,257.15m (187.2k),"187,111.4",29.11%,10.29m (7.5k),"7,487.8",1,4,6,Cleanlight,Priest,Discipline,286,Healer,28.60m (20.8k),"20,806.7",3.24%,138.26m (100.6k),"100,601.7",2,3,3
BudoBoy07,Nexus-Point Xenas,20,3:23,2026-05-14 20:33,0,0,Augmentation Evoker: Suppression Field (1:59),Brewmaster Monk: Arcane Zap (2:09),Devourer Demon Hunter: Melee (2:10),Demonology Warlock: Umbra Bolt (2:11),Discipline Priest: Melee (2:13),,,,,,,,,,,,,,,,Soohm,Monk,Brewmaster,285,Tank,12.20m (60.1k),"60,068.5",8.64%,12.57m (61.9k),"61,906.3",1,1,2,Powerpegging,Evoker,Augmentation,287,DPS,35.79m (176.3k),"176,201.0",25.35%,2.28m (11.2k),"11,213.8",1,1,2,Shadowfiendh,Demon Hunter,Devourer,286,DPS,49.96m (246.1k),"245,955.4",35.38%,475.0k (2.3k),"2,338.5",1,1,0,Lockinabox,Warlock,Demonology,287,DPS,40.73m (200.6k),"200,512.3",28.85%,1.29m (6.4k),"6,332.0",1,1,1,Cleanlight,Priest,Discipline,286,Healer,2.51m (12.4k),"12,350.2",1.78%,18.09m (89.1k),"89,055.4",1,2,0
BudoBoy07,Nexus-Point Xenas,20,4:36,2026-05-14 20:28,0,0,Discipline Priest: Corespark Overload (2:38),Demonology Warlock: Corespark Overload (2:38),Devourer Demon Hunter: Corespark Overload (2:38),Augmentation Evoker: Corespark Overload (2:39),Brewmaster Monk: Corespark Overload (2:41),,,,,,,,,,,,,,,,Soohm,Monk,Brewmaster,285,Tank,19.98m (72.4k),"72,318.5",12.03%,13.12m (47.5k),"47,496.3",1,1,2,Powerpegging,Evoker,Augmentation,287,DPS,45.86m (166.2k),"166,011.4",27.60%,1.25m (4.5k),"4,509.7",1,1,0,Shadowfiendh,Demon Hunter,Devourer,286,DPS,52.67m (190.8k),"190,660.0",31.70%,1.13m (4.1k),"4,076.4",1,1,1,Lockinabox,Warlock,Demonology,287,DPS,43.69m (158.3k),"158,155.0",26.30%,987.6k (3.6k),"3,575.3",1,1,1,Cleanlight,Priest,Discipline,286,Healer,3.95m (14.3k),"14,288.1",2.38%,18.22m (66.0k),"65,970.0",1,2,0
BudoBoy07,Nexus-Point Xenas,20,9:05,2026-05-14 20:19,0,0,Discipline Priest: Umbra Bolt (6:29),Augmentation Evoker: Corespark Overload (6:33),Devourer Demon Hunter: Umbra Bolt (6:33),Demonology Warlock: Corespark Overload (6:34),Brewmaster Monk: Corespark Overload (6:37),,,,,,,,,,,,,,,,Soohm,Monk,Brewmaster,285,Tank,45.91m (84.2k),"84,111.7",13.42%,33.69m (61.8k),"61,725.5",1,2,3,Powerpegging,Evoker,Augmentation,287,DPS,91.08m (167.1k),"166,853.7",26.63%,5.21m (9.6k),"9,545.3",1,1,2,Shadowfiendh,Demon Hunter,Devourer,286,DPS,92.05m (168.9k),"168,626.7",26.91%,1.99m (3.7k),"3,637.2",1,2,0,Lockinabox,Warlock,Demonology,287,DPS,104.25m (191.3k),"190,984.5",30.48%,3.19m (5.9k),"5,845.0",1,2,2,Cleanlight,Priest,Discipline,286,Healer,8.79m (16.1k),"16,108.8",2.57%,42.66m (78.3k),"78,154.2",1,2,0
BudoBoy07,Nexus-Point Xenas,20,6:18,2026-05-14 20:13,0,0,Devourer Demon Hunter: Melee (0:49),Brewmaster Monk: Melee (1:43),Devourer Demon Hunter: Melee (1:44),Demonology Warlock: Melee (1:45),Augmentation Evoker: Melee (1:47),Discipline Priest: Erratic Surge (1:48),,,,,,,,,,,,,,,Soohm,Monk,Brewmaster,285,Tank,11.70m (31.0k),"30,939.3",15.91%,10.92m (28.9k),"28,880.9",1,1,2,Powerpegging,Evoker,Augmentation,287,DPS,20.59m (54.5k),"54,454.3",28.00%,1.80m (4.8k),"4,751.1",1,1,2,Shadowfiendh,Demon Hunter,Devourer,286,DPS,13.62m (36.0k),"36,028.7",18.52%,1.19m (3.1k),"3,135.7",2,1,1,Lockinabox,Warlock,Demonology,287,DPS,25.48m (67.4k),"67,389.8",34.65%,1.01m (2.7k),"2,684.1",1,1,0,Cleanlight,Priest,Discipline,286,Healer,2.14m (5.7k),"5,657.2",2.91%,17.27m (45.7k),"45,690.8",1,2,0
BudoBoy07,Nexus-Point Xenas,20,2:45,2026-05-14 20:10,0,0,Devourer Demon Hunter: Arcane Explosion (1:21),Demonology Warlock: Arcane Explosion (1:21),Augmentation Evoker: Arcane Spill (1:29),Brewmaster Monk: Melee (1:38),Demonology Warlock: Suppression Field (1:39),Discipline Priest: Arcane Explosion (1:39),,,,,,,,,,,,,,,Soohm,Monk,Brewmaster,285,Tank,10.20m (61.8k),"61,592.9",11.78%,9.32m (56.5k),"56,304.5",1,1,2,Powerpegging,Evoker,Augmentation,287,DPS,22.50m (136.4k),"135,882.0",25.98%,1.18m (7.2k),"7,100.0",1,0,0,Shadowfiendh,Demon Hunter,Devourer,286,DPS,25.63m (155.3k),"154,836.8",29.59%,223.4k (1.4k),"1,349.2",1,1,0,Lockinabox,Warlock,Demonology,287,DPS,25.86m (156.7k),"156,171.6",29.86%,667.4k (4.0k),"4,031.0",2,1,0,Cleanlight,Priest,Discipline,286,Healer,2.42m (14.7k),"14,610.5",2.79%,11.52m (69.8k),"69,595.6",1,2,0
BudoBoy07,Nexus-Point Xenas,20,4:22,2026-05-14 19:37,0,0,Mistweaver Monk: Erratic Zap (1:04),Augmentation Evoker: Arcane Explosion (3:50),Devourer Demon Hunter: Arcane Explosion (4:11),Mistweaver Monk: Arcane Explosion (4:11),Unholy Death Knight: Arcane Explosion (4:12),Brewmaster Monk: Erratic Zap (4:14),,,,,,,,,,,,,,,Pablomonk,Monk,Brewmaster,286,Tank,25.19m (96.1k),"96,086.6",11.84%,26.35m (100.6k),"100,504.8",1,1,1,Powerpegging,Evoker,Augmentation,287,DPS,44.40m (169.5k),"169,393.3",20.87%,3.41m (13.0k),"13,015.8",1,0,1,Arrês,Death Knight,Unholy,290,DPS,64.47m (246.1k),"245,957.5",30.30%,4.01m (15.3k),"15,306.4",1,1,1,Mesom,Demon Hunter,Devourer,287,DPS,65.04m (248.2k),"248,131.9",30.57%,1.97m (7.5k),"7,525.8",1,1,1,Mïniø,Monk,Mistweaver,284,Healer,13.65m (52.1k),"52,053.7",6.42%,35.01m (133.6k),"133,552.9",2,0,0
BudoBoy07,Nexus-Point Xenas,20,5:03,2026-05-14 19:32,0,0,Brewmaster Monk: Arcane Zap (3:40),Unholy Death Knight: Melee (3:42),Devourer Demon Hunter: Melee (3:50),Mistweaver Monk: Melee (3:52),Augmentation Evoker: Melee (3:55),,,,,,,,,,,,,,,,Pablomonk,Monk,Brewmaster,286,Tank,27.88m (92.0k),"91,937.6",12.16%,20.86m (68.8k),"68,798.2",1,1,1,Powerpegging,Evoker,Augmentation,287,DPS,61.37m (202.5k),"202,385.1",26.76%,3.98m (13.1k),"13,129.4",1,0,1,Arrês,Death Knight,Unholy,290,DPS,63.23m (208.7k),"208,511.0",27.57%,2.60m (8.6k),"8,576.8",1,1,1,Mesom,Demon Hunter,Devourer,287,DPS,63.64m (210.0k),"209,864.7",27.75%,2.24m (7.4k),"7,376.0",1,1,0,Mïniø,Monk,Mistweaver,284,Healer,13.21m (43.6k),"43,574.9",5.76%,29.30m (96.7k),"96,618.5",1,0,0
BudoBoy07,Nexus-Point Xenas,20,25:45,2026-05-14 16:52,0,0,Mistweaver Monk: Erratic Zap (0:47),Mistweaver Monk: Dark Beckoning (11:18),Augmentation Evoker: Brilliant Dispersion (23:40),Augmentation Evoker: Core Exposure (25:30),Mistweaver Monk: Divine Guile (25:30),Devourer Demon Hunter: Divine Guile (25:30),Unholy Death Knight: Divine Guile (25:32),Brewmaster Monk: Searing Rend (25:45),,,,,,,,,,,,,Кикё,Monk,Brewmaster,286,Tank,143.58m (92.9k),"92,879.9",13.80%,128.34m (83.1k),"83,018.3",1,4,0,Powerpegging,Evoker,Augmentation,287,DPS,271.17m (175.5k),"175,418.0",26.06%,11.46m (7.4k),"7,411.1",2,3,1,Bubatzlegal,Death Knight,Unholy,288,DPS,273.93m (177.3k),"177,203.6",26.32%,8.93m (5.8k),"5,773.7",1,5,1,Dxh,Demon Hunter,Devourer,287,DPS,289.42m (187.3k),"187,218.5",27.81%,10.06m (6.5k),"6,508.3",1,3,0,Pajùka,Monk,Mistweaver,282,Healer,62.60m (40.5k),"40,493.3",6.02%,163.65m (105.9k),"105,863.9",3,3,2
BudoBoy07,Nexus-Point Xenas,20,2:37,2026-05-14 16:49,0,0,Brewmaster Monk: Null Sunder (0:57),Unholy Death Knight: Melee (1:00),Devourer Demon Hunter: Melee (1:01),Mistweaver Monk: Erratic Zap (1:05),Augmentation Evoker: Null Sunder (1:09),,,,,,,,,,,,,,,,Кикё,Monk,Brewmaster,286,Tank,4.85m (30.9k),"30,715.8",5.96%,6.02m (38.3k),"38,104.9",1,1,0,Powerpegging,Evoker,Augmentation,287,DPS,21.11m (134.5k),"133,707.3",25.95%,1.38m (8.8k),"8,728.3",1,1,0,Bubatzlegal,Death Knight,Unholy,288,DPS,27.67m (176.2k),"175,251.0",34.01%,734.2k (4.7k),"4,650.8",1,1,0,Dxh,Demon Hunter,Devourer,287,DPS,24.93m (158.8k),"157,883.5",30.64%,263.6k (1.7k),"1,669.9",1,1,0,Pajùka,Monk,Mistweaver,282,Healer,2.80m (17.8k),"17,711.1",3.44%,6.25m (39.8k),"39,591.2",1,1,0
BudoBoy07,Nexus-Point Xenas,20,22:50,2026-05-14 16:20,0,0,Demonology Warlock: Lightscar Flare (17:46),Demonology Warlock: Lightscar Flare (18:33),Devourer Demon Hunter: Melee (21:33),Demonology Warlock: Blistering Smite (21:47),Augmentation Evoker: Burning Radiance (22:12),Demonology Warlock: Holy Bolt (22:27),Mistweaver Monk: Holy Bolt (22:30),Devourer Demon Hunter: Burning Radiance (22:34),Brewmaster Monk: Melee (22:46),Augmentation Evoker: Holy Bolt (22:50),,,,,,,,,,,Кикё,Monk,Brewmaster,286,Tank,122.31m (89.3k),"89,237.6",12.80%,110.17m (80.4k),"80,378.3",1,3,0,Powerpegging,Evoker,Augmentation,287,DPS,248.98m (181.7k),"181,652.4",26.06%,12.55m (9.2k),"9,155.1",2,4,4,Dxh,Demon Hunter,Devourer,287,DPS,267.23m (195.1k),"194,965.3",27.97%,9.75m (7.1k),"7,113.8",2,3,0,Zoxistyle,Warlock,Demonology,284,DPS,258.06m (188.4k),"188,279.2",27.01%,10.50m (7.7k),"7,658.3",4,4,6,Pajùka,Monk,Mistweaver,282,Healer,58.70m (42.8k),"42,824.8",6.14%,157.66m (115.1k),"115,023.5",1,3,1
BudoBoy07,Nexus-Point Xenas,20,21:28,2026-05-14 15:23,0,0,Windwalker Monk: Leyline Array (7:45),Restoration Shaman: Leyline Array (7:46),Windwalker Monk: Melee (10:28),Restoration Shaman: Nullify (18:17),Guardian Druid: Melee (20:26),Windwalker Monk: Melee (20:28),Shadow Priest: Melee (20:31),Restoration Shaman: Lightscar Flare (20:38),Augmentation Evoker: Umbral Lash (21:03),,,,,,,,,,,,Милкганстер,Druid,Guardian,287,Tank,89.61m (69.6k),"69,546.0",10.73%,91.62m (71.1k),"71,107.1",1,1,2,Powerpegging,Evoker,Augmentation,287,DPS,259.21m (201.2k),"201,177.3",31.04%,15.63m (12.1k),"12,129.0",1,2,3,Uldreht,Death Knight,Unholy,281,DPS,46.6k (36.2),36.2,0.01%,266.0 (0.2),0.2,0,0,0,Zyntharen,Monk,Windwalker,288,DPS,233.98m (181.7k),"181,592.8",28.02%,4.28m (3.3k),"3,318.0",3,4,1,Nitchi,Priest,Shadow,288,DPS,223.36m (173.4k),"173,352.2",26.75%,25.21m (19.6k),"19,565.1",1,4,2
BudoBoy07,Nexus-Point Xenas,20,13:14,2026-05-14 15:04,0,0,Windwalker Monk: Corespark Detonation (8:41),Survival Hunter: Arcane Spill (8:52),Brewmaster Monk: Nullwark Blast (12:27),Windwalker Monk: Dreadbellow (12:46),Mistweaver Monk: Melee (12:53),Survival Hunter: Nullwark Blast (12:55),,,,,,,,,,,,,,,Adoroo,Monk,Brewmaster,288,Tank,65.47m (82.5k),"82,419.8",13.67%,52.09m (65.6k),"65,576.5",1,4,2,Powerpegging,Evoker,Augmentation,287,DPS,120.28m (151.5k),"151,426.9",25.11%,6.85m (8.6k),"8,619.0",0,3,1,Berrybad,Hunter,Survival,286,DPS,120.96m (152.3k),"152,284.0",25.25%,1.06m (1.3k),"1,338.9",2,2,1,Zyntharen,Monk,Windwalker,288,DPS,139.64m (175.9k),"175,791.8",29.15%,2.21m (2.8k),"2,776.3",2,3,1,Lebonpseudal,Monk,Mistweaver,284,Healer,32.72m (41.2k),"41,193.8",6.83%,82.49m (103.9k),"103,844.5",1,0,0
BudoBoy07,Nexus-Point Xenas,20,1:36,2026-05-14 14:55,0,0,Demonology Warlock: Corespark Overload (1:28),Guardian Druid: Melee (1:31),Mistweaver Monk: Null Sunder (1:33),Survival Hunter: Corespark Overload (1:34),,,,,,,,,,,,,,,,,Spritelfie,Druid,Guardian,285,Tank,15.32m (159.6k),"158,498.6",14.64%,11.90m (124.0k),"123,096.3",1,0,0,Powerpegging,Evoker,Augmentation,287,DPS,25.30m (263.5k),"261,778.4",24.19%,2.07m (21.6k),"21,379.9",0,1,0,Berrybad,Hunter,Survival,286,DPS,25.14m (261.9k),"260,100.8",24.03%,186.3k (1.9k),"1,927.3",1,1,0,Devilnectarr,Warlock,Demonology,287,DPS,33.63m (350.3k),"348,016.4",32.15%,906.1k (9.4k),"9,375.6",1,1,0,Lebonpseudal,Monk,Mistweaver,284,Healer,5.22m (54.4k),"53,981.3",4.99%,16.97m (176.8k),"175,549.0",1,0,0
BudoBoy07,Nexus-Point Xenas,20,2:22,2026-05-14 14:52,0,0,Mistweaver Monk: Erratic Zap (0:55),Guardian Druid: Melee (1:00),Survival Hunter: Melee (1:01),Demonology Warlock: Arcane Zap (1:03),Augmentation Evoker: Melee (1:06),,,,,,,,,,,,,,,,Spritelfie,Druid,Guardian,285,Tank,12.23m (86.1k),"85,627.6",15.83%,7.82m (55.1k),"54,785.6",1,0,1,Powerpegging,Evoker,Augmentation,287,DPS,20.15m (141.9k),"141,091.3",26.08%,1.46m (10.3k),"10,231.6",1,1,0,Berrybad,Hunter,Survival,286,DPS,19.74m (139.0k),"138,252.9",25.55%,,,1,1,0,Devilnectarr,Warlock,Demonology,287,DPS,22.52m (158.6k),"157,683.8",29.14%,706.3k (5.0k),"4,946.4",1,1,0,Lebonpseudal,Monk,Mistweaver,284,Healer,2.63m (18.5k),"18,418.1",3.40%,8.64m (60.8k),"60,472.0",1,0,0
BudoBoy07,Nexus-Point Xenas,20,1:05,2026-05-14 14:45,0,0,Survival Hunter: Melee (0:49),Windwalker Monk: Arcane Zap (1:01),Augmentation Evoker: Arcane Explosion (1:03),Brewmaster Monk: Arcane Explosion (1:05),Mistweaver Monk: Null Sunder (1:05),,,,,,,,,,,,,,,,Slaytera,Monk,Brewmaster,287,Tank,4.14m (63.7k),"63,092.0",7.97%,7.15m (110.0k),"108,990.9",1,0,0,Powerpegging,Evoker,Augmentation,287,DPS,14.96m (230.2k),"228,214.0",28.79%,1.18m (18.2k),"17,945.7",1,0,0,Berrybad,Hunter,Survival,286,DPS,14.07m (216.5k),"214,559.5",27.08%,,,1,1,0,Zyntharen,Monk,Windwalker,288,DPS,16.03m (246.6k),"244,473.4",30.85%,302.5k (4.7k),"4,614.2",1,1,0,Lisha,Monk,Mistweaver,286,Healer,2.76m (42.5k),"42,157.3",5.31%,11.47m (176.5k),"174,944.3",1,0,0
BudoBoy07,Nexus-Point Xenas,20,2:45,2026-05-14 14:42,0,0,Windwalker Monk: Null Sunder (0:36),Brewmaster Monk: Suppression Field (1:15),Survival Hunter: Melee (1:16),Mistweaver Monk: Melee (1:16),Augmentation Evoker: Melee (1:18),Windwalker Monk: Melee (1:19),,,,,,,,,,,,,,,Slaytera,Monk,Brewmaster,287,Tank,6.00m (36.4k),"36,223.9",10.41%,7.67m (46.5k),"46,278.2",1,0,0,Powerpegging,Evoker,Augmentation,287,DPS,17.30m (104.8k),"104,421.3",30.00%,1.62m (9.8k),"9,789.9",1,0,0,Berrybad,Hunter,Survival,286,DPS,23.85m (144.5k),"143,949.6",41.36%,207.8k (1.3k),"1,254.4",1,1,1,Zyntharen,Monk,Windwalker,288,DPS,6.58m (39.9k),"39,730.5",11.41%,140.5k (851.5),848.3,2,0,0,Lisha,Monk,Mistweaver,286,Healer,3.93m (23.8k),"23,737.5",6.82%,11.32m (68.6k),"68,314.6",1,0,0
BudoBoy07,Nexus-Point Xenas,20,5:00,2026-05-14 14:37,0,0,Brewmaster Monk: Arcane Zap (1:54),Windwalker Monk: Melee (2:05),,,,,,,,,,,,,,,,,,,Psychedelic,Monk,Brewmaster,287,Tank,14.41m (48.0k),"48,027.9",12.82%,12.20m (40.7k),"40,651.2",1,1,1,Powerpegging,Evoker,Augmentation,287,DPS,30.64m (102.1k),"102,117.9",27.25%,586.6k (2.0k),"1,955.1",0,1,0,Berrybad,Hunter,Survival,286,DPS,28.21m (94.0k),"94,035.5",25.09%,837.0 (2.8),2.8,0,1,0,Zyntharen,Monk,Windwalker,288,DPS,35.05m (116.8k),"116,837.7",31.18%,158.4k (528.0),527.8,1,1,0,Lisha,Monk,Mistweaver,286,Healer,4.11m (13.7k),"13,702.1",3.66%,10.63m (35.4k),"35,418.5",0,0,0
BudoBoy07,Nexus-Point Xenas,20,1:43,2026-05-14 14:30,0,0,Survival Hunter: Melee (0:46),Discipline Priest: Erratic Zap (1:31),Augmentation Evoker: Suppression Field (1:40),Brewmaster Monk: Arcane Explosion (1:41),Windwalker Monk: Arcane Explosion (1:43),Survival Hunter: Arcane Explosion (1:43),,,,,,,,,,,,,,,Psychedelic,Monk,Brewmaster,287,Tank,11.22m (108.9k),"107,965.9",13.54%,9.89m (96.0k),"95,169.1",1,1,1,Powerpegging,Evoker,Augmentation,287,DPS,22.39m (217.4k),"215,427.6",27.02%,1.51m (14.7k),"14,533.7",1,0,1,Berrybad,Hunter,Survival,286,DPS,7.03m (68.3k),"67,682.5",8.48%,,,2,1,0,Zyntharen,Monk,Windwalker,288,DPS,39.07m (379.3k),"375,977.8",47.15%,528.1k (5.1k),"5,082.1",1,1,0,Сфериель,Priest,Discipline,286,Healer,3.16m (30.7k),"30,436.7",3.81%,12.55m (121.8k),"120,731.5",1,1,0
BudoBoy07,Nexus-Point Xenas,20,3:13,2026-05-14 14:27,0,0,Discipline Priest: Melee (1:42),Brewmaster Monk: Melee (1:46),Augmentation Evoker: Arcane Zap (1:48),Windwalker Monk: Melee (1:50),Survival Hunter: Melee (1:52),,,,,,,,,,,,,,,,Psychedelic,Monk,Brewmaster,287,Tank,13.28m (68.8k),"68,638.2",12.10%,8.32m (43.1k),"42,972.6",1,1,0,Powerpegging,Evoker,Augmentation,287,DPS,29.01m (150.3k),"149,911.6",26.42%,954.5k (4.9k),"4,932.2",1,2,0,Berrybad,Hunter,Survival,286,DPS,29.62m (153.5k),"153,064.5",26.98%,471.0 (2.4),2.4,1,1,0,Zyntharen,Monk,Windwalker,288,DPS,35.35m (183.2k),"182,654.4",32.20%,551.4k (2.9k),"2,849.3",1,1,1,Сфериель,Priest,Discipline,286,Healer,2.53m (13.1k),"13,048.7",2.30%,10.89m (56.4k),"56,262.7",1,1,0
BudoBoy07,Nexus-Point Xenas,21,21:53,2026-05-14 12:19,0,0,Windwalker Monk: Erratic Zap (3:02),Windwalker Monk: Arcane Spill (10:26),Restoration Shaman: Eclipsing Step (20:24),Brewmaster Monk: Melee (20:34),Windwalker Monk: Melee (20:38),Retribution Paladin: Nullify (20:48),Augmentation Evoker: Melee (20:51),,,,,,,,,,,,,,Skayri,Monk,Brewmaster,286,Tank,141.02m (107.4k),"107,362.3",15.74%,111.17m (84.7k),"84,641.4",1,4,1,Powerpegging,Evoker,Augmentation,287,DPS,231.34m (176.2k),"176,130.5",25.82%,11.98m (9.1k),"9,120.6",1,5,2,Эльпочита,Monk,Windwalker,287,DPS,240.36m (183.1k),"182,995.2",26.83%,4.86m (3.7k),"3,700.9",3,4,2,Лайндра,Paladin,Retribution,288,DPS,249.95m (190.4k),"190,295.6",27.90%,8.54m (6.5k),"6,498.3",1,4,2,Lebranjames,Shaman,Restoration,286,Healer,33.23m (25.3k),"25,299.6",3.71%,102.62m (78.2k),"78,132.7",1,4,3
BudoBoy07,The Seat of the Triumvirate,20,33:02,2026-05-14 11:13,1,0,Mistweaver Monk: Chains of Subjugation (12:36),Devourer Demon Hunter: Mind Flay (24:02),Unholy Death Knight: Umbral Waves (26:10),,,,,,,,,,,,,,,,,,Jajfurion,Druid,Guardian,285,Tank,161.24m (81.4k),"82,843.2",13.31%,124.24m (62.7k),"63,833.0",0,0,1,Powerpegging,Evoker,Augmentation,287,DPS,322.64m (162.8k),"165,771.4",26.63%,19.77m (10.0k),"10,158.3",0,5,1,Frostvane,Death Knight,Unholy,285,DPS,312.27m (157.6k),"160,445.3",25.77%,12.46m (6.3k),"6,402.9",1,6,3,Baelroug,Demon Hunter,Devourer,288,DPS,333.79m (168.4k),"171,497.1",27.55%,21.90m (11.0k),"11,254.0",1,6,1,Kholer,Monk,Mistweaver,283,Healer,81.81m (41.3k),"42,035.6",6.75%,240.64m (121.4k),"123,639.5",1,6,3
BudoBoy07,The Seat of the Triumvirate,20,1:23,2026-05-14 10:58,0,0,Restoration Shaman: Leeching Void (0:32),Fury Warrior: Leeching Void (0:40),,,,,,,,,,,,,,,,,,,Jajfurion,Druid,Guardian,285,Tank,23.84m (287.2k),"284,134.4",16.89%,17.38m (209.4k),"207,078.0",0,0,0,Powerpegging,Evoker,Augmentation,287,DPS,36.87m (444.2k),"439,345.4",26.12%,2.26m (27.2k),"26,893.1",0,1,1,Frostvane,Death Knight,Unholy,285,DPS,58.97m (710.5k),"702,698.7",41.78%,1.96m (23.6k),"23,299.5",0,1,1,Kevln,Warrior,Fury,290,DPS,20.74m (249.9k),"247,121.7",14.70%,1.20m (14.5k),"14,245.5",1,1,0,Devestor,Shaman,Restoration,286,Healer,711.6k (8.6k),"8,480.3",0.50%,5.14m (61.9k),"61,216.4",1,0,0
BudoBoy07,The Seat of the Triumvirate,20,1:34,2026-05-14 10:51,0,0,Restoration Shaman: Chains of Subjugation (0:57),Unholy Death Knight: Leeching Void (1:06),,,,,,,,,,,,,,,,,,,Jajfurion,Druid,Guardian,285,Tank,23.13m (246.1k),"244,444.3",15.94%,16.49m (175.4k),"174,252.9",0,0,1,Powerpegging,Evoker,Augmentation,287,DPS,39.32m (418.3k),"415,557.0",27.09%,1.35m (14.4k),"14,234.6",0,2,1,Sngmtokos,Death Knight,Unholy,287,DPS,43.23m (459.9k),"456,923.9",29.78%,1.10m (11.7k),"11,589.4",1,1,0,Kevln,Warrior,Fury,290,DPS,36.02m (383.2k),"380,738.0",24.82%,1.56m (16.6k),"16,490.2",0,1,0,Devestor,Shaman,Restoration,286,Healer,3.45m (36.7k),"36,500.6",2.38%,11.19m (119.0k),"118,283.7",1,0,1
BudoBoy07,The Seat of the Triumvirate,20,3:08,2026-05-14 10:47,0,0,Restoration Shaman: Leeching Void (0:34),Restoration Shaman: Rupture (0:36),Fury Warrior: Leeching Void (1:00),Guardian Druid: Relentless Pursuit (1:10),Augmentation Evoker: Chains of Subjugation (1:10),Unholy Death Knight: Chains of Subjugation (1:11),Fury Warrior: Chains of Subjugation (1:12),Restoration Shaman: Chains of Subjugation (1:12),,,,,,,,,,,,,Jajfurion,Druid,Guardian,285,Tank,25.48m (135.5k),"134,854.2",20.31%,15.60m (83.0k),"82,528.2",1,0,0,Powerpegging,Evoker,Augmentation,287,DPS,32.48m (172.8k),"171,883.2",25.89%,2.31m (12.3k),"12,227.6",1,2,0,Sngmtokos,Death Knight,Unholy,287,DPS,46.23m (245.9k),"244,608.4",36.85%,1.61m (8.6k),"8,494.2",1,1,0,Kevln,Warrior,Fury,290,DPS,19.35m (102.9k),"102,372.2",15.43%,1.75m (9.3k),"9,273.7",2,1,1,Devestor,Shaman,Restoration,286,Healer,1.90m (10.1k),"10,045.1",1.51%,7.45m (39.6k),"39,429.6",3,1,0
BudoBoy07,The Seat of the Triumvirate,20,4:57,2026-05-14 10:37,0,0,Guardian Druid: Void Sludge (4:51),Arms Warrior: Void Slash (4:52),Unholy Death Knight: Melee (4:55),Augmentation Evoker: Void Sludge (4:55),Restoration Shaman: Melee (4:57),,,,,,,,,,,,,,,,Jajfurion,Druid,Guardian,285,Tank,36.13m (121.6k),"121,625.0",14.44%,31.79m (107.0k),"106,997.5",1,0,1,Powerpegging,Evoker,Augmentation,287,DPS,65.99m (222.2k),"222,106.9",26.37%,4.23m (14.2k),"14,234.8",1,1,1,Sngmtokos,Death Knight,Unholy,287,DPS,78.61m (264.7k),"264,598.9",31.41%,4.07m (13.7k),"13,686.7",1,1,0,Zàmilio,Warrior,Arms,288,DPS,61.85m (208.2k),"208,167.0",24.71%,2.88m (9.7k),"9,680.6",1,1,0,Simar,Shaman,Restoration,282,Healer,7.69m (25.9k),"25,884.8",3.07%,30.73m (103.5k),"103,449.2",1,1,0
BudoBoy07,The Seat of the Triumvirate,20,2:26,2026-05-14 10:35,0,0,Restoration Shaman: Rupture (0:34),Arms Warrior: Pulsing Void (0:37),Guardian Druid: Relentless Pursuit (1:03),Unholy Death Knight: Melee (1:04),Augmentation Evoker: Melee (1:07),,,,,,,,,,,,,,,,Jajfurion,Druid,Guardian,285,Tank,24.86m (170.3k),"169,652.9",21.00%,12.06m (82.6k),"82,264.7",1,0,0,Powerpegging,Evoker,Augmentation,287,DPS,30.99m (212.3k),"211,456.9",26.18%,2.52m (17.3k),"17,185.4",1,1,1,Sngmtokos,Death Knight,Unholy,287,DPS,42.42m (290.5k),"289,403.7",35.84%,1.42m (9.7k),"9,661.8",1,1,0,Zàmilio,Warrior,Arms,288,DPS,18.34m (125.6k),"125,120.0",15.49%,656.2k (4.5k),"4,477.2",1,1,0,Simar,Shaman,Restoration,282,Healer,1.76m (12.1k),"12,006.9",1.49%,8.40m (57.5k),"57,286.8",1,2,0
BudoBoy07,The Seat of the Triumvirate,20,3:19,2026-05-14 10:32,0,0,Unholy Death Knight: Chains of Subjugation (0:48),Augmentation Evoker: Umbral Bolt (0:52),Guardian Druid: Melee (1:19),Arms Warrior: Melee (1:20),Unholy Death Knight: Melee (1:21),Restoration Shaman: Leeching Void (1:26),,,,,,,,,,,,,,,Jajfurion,Druid,Guardian,285,Tank,27.95m (140.5k),"140,121.9",17.38%,18.30m (92.0k),"91,755.7",1,0,0,Powerpegging,Evoker,Augmentation,287,DPS,34.85m (175.1k),"174,731.1",21.67%,2.75m (13.8k),"13,773.9",1,2,1,Sngmtokos,Death Knight,Unholy,287,DPS,56.11m (282.0k),"281,310.6",34.89%,1.60m (8.0k),"8,038.6",2,1,0,Zàmilio,Warrior,Arms,288,DPS,39.25m (197.2k),"196,783.8",24.41%,1.96m (9.8k),"9,815.1",1,1,0,Simar,Shaman,Restoration,282,Healer,2.66m (13.4k),"13,322.7",1.65%,11.56m (58.1k),"57,945.1",1,2,0
BudoBoy07,The Seat of the Triumvirate,20,14:09,2026-05-14 10:04,0,0,Unholy Death Knight: Void Expulsion (9:51),Augmentation Evoker: Backstab (13:51),Unholy Death Knight: Shadow Pounce (14:00),Brewmaster Monk: Melee (14:06),Arms Warrior: Melee (14:07),Restoration Shaman: Melee (14:08),,,,,,,,,,,,,,,Totemonk,Monk,Brewmaster,287,Tank,123.23m (145.1k),"144,989.0",16.45%,105.32m (124.1k),"123,907.9",1,4,1,Powerpegging,Evoker,Augmentation,287,DPS,187.04m (220.3k),"220,061.0",24.97%,12.06m (14.2k),"14,189.5",1,2,3,Sngmtokos,Death Knight,Unholy,287,DPS,209.73m (247.0k),"246,756.1",27.99%,8.63m (10.2k),"10,155.8",2,4,0,Zàmilio,Warrior,Arms,288,DPS,207.61m (244.5k),"244,261.9",27.71%,8.55m (10.1k),"10,063.2",1,2,0,Simar,Shaman,Restoration,284,Healer,21.57m (25.4k),"25,378.5",2.88%,91.03m (107.2k),"107,096.6",1,1,1
BudoBoy07,The Seat of the Triumvirate,20,2:56,2026-05-14 10:01,0,0,Restoration Shaman: Melee (0:18),,,,,,,,,,,,,,,,,,,,Totemonk,Monk,Brewmaster,287,Tank,7.71m (43.8k),"43,694.7",80.99%,7.71m (43.8k),"43,728.0",0,1,0,Powerpegging,Evoker,Augmentation,287,DPS,4.4k (25.0),24.9,0.05%,,,0,0,0,Sngmtokos,Death Knight,Unholy,287,DPS,939.6k (5.3k),"5,325.6",9.87%,84.3k (479.0),477.6,0,1,0,Zàmilio,Warrior,Arms,288,DPS,770.2k (4.4k),"4,365.3",8.09%,214.1k (1.2k),"1,213.7",0,0,0,Simar,Shaman,Restoration,284,Healer,95.2k (540.9),539.4,1.00%,1.51m (8.6k),"8,570.6",1,0,0
BudoBoy07,Pit of Saron,20,30:00,2026-05-13 18:28,1,0,Discipline Priest: Shadow Bolt (6:32),,,,,,,,,,,,,,,,,,,,Foxalo,Monk,Brewmaster,286,Tank,193.59m (107.5k),"107,919.3",16.04%,155.83m (86.6k),"86,866.9",0,5,0,Powerpegging,Evoker,Augmentation,284,DPS,284.85m (158.2k),"158,791.7",23.61%,19.69m (10.9k),"10,977.8",0,3,6,Dkstos,Death Knight,Unholy,287,DPS,322.69m (179.3k),"179,889.5",26.74%,12.17m (6.8k),"6,786.4",0,5,3,Warmor,Warlock,Demonology,288,DPS,371.40m (206.3k),"207,038.7",30.78%,18.46m (10.3k),"10,293.0",0,6,18,Stheall,Priest,Discipline,286,Healer,34.17m (19.0k),"19,047.0",2.83%,190.21m (105.7k),"106,031.9",1,1,2
BudoBoy07,Pit of Saron,20,24:36,2026-05-13 17:57,0,0,Augmentation Evoker: Torrent of Misery (9:27),Augmentation Evoker: Permeating Cold (9:45),Discipline Priest: Ice Chunk (23:33),Unholy Death Knight: Dread Pulse (23:38),Augmentation Evoker: Permeating Cold (24:08),,,,,,,,,,,,,,,,Foxalo,Monk,Brewmaster,286,Tank,192.75m (130.6k),"130,582.6",18.11%,149.30m (101.2k),"101,143.8",0,3,2,Powerpegging,Evoker,Augmentation,284,DPS,245.14m (166.1k),"166,075.1",23.03%,15.29m (10.4k),"10,359.2",3,2,4,Krimser,Death Knight,Unholy,284,DPS,334.97m (226.9k),"226,930.2",31.47%,6.90m (4.7k),"4,674.2",1,4,4,Effendì,Warrior,Fury,283,DPS,265.89m (180.1k),"180,129.7",24.98%,10.78m (7.3k),"7,300.5",0,5,0,Stheall,Priest,Discipline,286,Healer,25.51m (17.3k),"17,279.3",2.40%,154.59m (104.7k),"104,728.7",1,1,2
BudoBoy07,Pit of Saron,21,13:34,2026-05-13 17:35,0,0,Discipline Priest: Shadow Bolt (0:51),Augmentation Evoker: Curse of Torment (6:47),Augmentation Evoker: Ice Bolt (8:09),Discipline Priest: Siphoning Chill (10:01),Augmentation Evoker: Siphoning Chill (12:29),Discipline Priest: Cryostomp (13:29),Unholy Death Knight: Siphoning Chill (13:29),Devourer Demon Hunter: Siphoning Chill (13:33),,,,,,,,,,,,,Foxalo,Monk,Brewmaster,286,Tank,99.01m (121.6k),"121,628.2",15.02%,96.34m (118.4k),"118,345.8",0,3,0,Powerpegging,Evoker,Augmentation,284,DPS,148.79m (182.8k),"182,781.4",22.57%,11.13m (13.7k),"13,677.5",3,2,2,Bubatzlegal,Death Knight,Unholy,287,DPS,190.98m (234.6k),"234,605.0",28.97%,7.20m (8.8k),"8,844.4",1,2,3,Quankk,Demon Hunter,Devourer,288,DPS,207.37m (254.8k),"254,739.4",31.45%,10.01m (12.3k),"12,300.0",1,3,1,Stheall,Priest,Discipline,286,Healer,13.15m (16.2k),"16,149.5",1.99%,88.04m (108.2k),"108,152.7",3,1,1
BudoBoy07,Maisara Caverns,20,32:32,2026-05-13 16:53,1,0,Devourer Demon Hunter: Volatile Essence (30:15),Devourer Demon Hunter: Shattered Totem (30:32),Discipline Priest: Shattered Totem (30:32),Unholy Death Knight: Cries of the Fallen (30:50),,,,,,,,,,,,,,,,,Foxalo,Monk,Brewmaster,286,Tank,203.79m (104.4k),"107,214.3",15.79%,167.15m (85.6k),"87,939.2",0,5,0,Powerpegging,Evoker,Augmentation,284,DPS,326.30m (167.2k),"171,666.9",25.28%,20.02m (10.3k),"10,534.7",0,5,3,Bubatzlegal,Death Knight,Unholy,287,DPS,376.05m (192.6k),"197,843.5",29.13%,12.67m (6.5k),"6,666.7",1,6,1,Jeffnippard,Demon Hunter,Devourer,288,DPS,351.81m (180.2k),"185,091.5",27.25%,16.25m (8.3k),"8,550.7",2,6,0,Stheall,Priest,Discipline,285,Healer,33.00m (16.9k),"17,362.9",2.56%,170.14m (87.2k),"89,511.4",1,1,2
BudoBoy07,Maisara Caverns,20,3:49,2026-05-13 16:49,0,0,Discipline Priest: Shredding Talons (1:49),Unholy Death Knight: Throw Spear (1:59),Devourer Demon Hunter: Ritual Firebrand (2:05),,,,,,,,,,,,,,,,,,Foxalo,Monk,Brewmaster,286,Tank,20.01m (87.4k),"87,079.6",13.30%,19.22m (83.9k),"83,625.7",0,2,0,Powerpegging,Evoker,Augmentation,284,DPS,36.79m (160.7k),"160,095.9",24.46%,2.13m (9.3k),"9,253.2",0,2,0,Bubatzlegal,Death Knight,Unholy,287,DPS,43.35m (189.3k),"188,632.2",28.82%,1.53m (6.7k),"6,664.7",1,1,1,Jeffnippard,Demon Hunter,Devourer,288,DPS,47.74m (208.5k),"207,739.1",31.74%,1.62m (7.1k),"7,036.1",1,1,1,Stheall,Priest,Discipline,285,Healer,2.52m (11.0k),"10,978.7",1.68%,15.33m (66.9k),"66,730.9",1,0,0
BudoBoy07,Pit of Saron,10,17:59,2026-05-13 13:58,0,0,,,,,,,,,,,,,,,,,,,,,Lynaza,Monk,Brewmaster,272,Tank,74.56m (69.1k),"68,578.9",16.42%,34.83m (32.3k),"32,037.5",0,0,1,Powerpegging,Evoker,Preservation,284,Healer,22.88m (21.2k),"21,047.2",5.04%,64.78m (60.0k),"59,587.5",0,0,0,Baldfatnugly,Death Knight,Unholy,286,DPS,157.90m (146.3k),"145,234.5",34.78%,3.34m (3.1k),"3,075.8",0,0,0,Belyis,Rogue,Outlaw,255,DPS,77.50m (71.8k),"71,284.6",17.07%,2.15m (2.0k),"1,978.0",0,0,0,Incineration,Warlock,Demonology,272,DPS,121.13m (112.3k),"111,413.2",26.68%,3.84m (3.6k),"3,535.4",0,4,3
BudoBoy07,Pit of Saron,12,19:51,2026-05-13 13:18,1,0,Fury Warrior: Ore Chunks (7:17),,,,,,,,,,,,,,,,,,,,Myyuu,Demon Hunter,Vengeance,281,Tank,113.66m (95.4k),"95,867.0",20.95%,45.11m (37.9k),"38,049.0",0,0,1,Powerpegging,Evoker,Preservation,284,Healer,20.22m (17.0k),"17,056.7",3.73%,77.45m (65.0k),"65,326.8",0,0,2,Konaba,Rogue,Outlaw,283,DPS,171.01m (143.6k),"144,243.7",31.53%,4.28m (3.6k),"3,607.3",0,0,2,Incineration,Warlock,Demonology,272,DPS,140.61m (118.1k),"118,598.8",25.92%,5.86m (4.9k),"4,941.2",0,4,1,Cax,Warrior,Fury,278,DPS,96.91m (81.4k),"81,742.8",17.87%,4.56m (3.8k),"3,847.9",1,0,0
BudoBoy07,Magisters' Terrace,12,19:31,2026-05-13 12:46,0,0,Demonology Warlock: Melee (0:57),,,,,,,,,,,,,,,,,,,,Munkgodx,Monk,Brewmaster,283,Tank,76.81m (65.6k),"65,905.1",12.30%,33.02m (28.2k),"28,331.8",0,4,1,Powerpegging,Evoker,Devastation,284,DPS,181.87m (155.3k),"156,038.1",29.11%,5.28m (4.5k),"4,529.7",0,2,0,Belnadesz,Mage,Frost,285,DPS,178.98m (152.8k),"153,557.0",28.65%,4.41m (3.8k),"3,787.1",0,0,0,Incineration,Warlock,Demonology,272,DPS,161.12m (137.6k),"138,234.6",25.79%,5.49m (4.7k),"4,707.4",1,4,0,Лекарьотбога,Priest,Discipline,285,Healer,25.91m (22.1k),"22,232.5",4.15%,86.62m (74.0k),"74,317.4",0,0,0
BudoBoy07,Maisara Caverns,20,19:07,2026-05-13 11:32,0,0,Guardian Druid: Crunch Armor (8:48),Restoration Shaman: Barrage (12:50),Guardian Druid: Melee (17:24),Frost Mage: Melee (17:27),Unholy Death Knight: Melee (17:38),Augmentation Evoker: Melee (17:39),Restoration Shaman: Dread Slash (17:46),Frost Mage: Melee (17:47),Augmentation Evoker: Melee (17:50),Guardian Druid: Melee (17:50),,,,,,,,,,,Krisiis,Druid,Guardian,278,Tank,102.06m (89.0k),"88,975.6",12.50%,86.15m (75.1k),"75,102.6",3,2,0,Powerpegging,Evoker,Augmentation,284,DPS,219.42m (191.3k),"191,290.5",26.88%,11.89m (10.4k),"10,363.8",2,4,1,Elypsia,Death Knight,Unholy,284,DPS,241.11m (210.2k),"210,204.9",29.54%,9.88m (8.6k),"8,612.4",1,3,2,Æasy,Mage,Frost,284,DPS,233.09m (203.2k),"203,207.0",28.56%,6.86m (6.0k),"5,977.8",2,3,1,Koorshaman,Shaman,Restoration,282,Healer,20.53m (17.9k),"17,902.7",2.52%,94.46m (82.4k),"82,352.9",2,0,0
BudoBoy07,Maisara Caverns,20,5:03,2026-05-13 11:21,0,0,Devourer Demon Hunter: Crunch Armor (1:20),Guardian Druid: Melee (4:43),Unholy Death Knight: Necrotic Wave (4:51),Devourer Demon Hunter: Vile Potatoad (4:52),,,,,,,,,,,,,,,,,Krisiis,Druid,Guardian,278,Tank,38.42m (126.8k),"126,525.1",14.37%,25.23m (83.3k),"83,108.0",1,1,0,Powerpegging,Evoker,Augmentation,284,DPS,66.85m (220.6k),"220,165.9",25.01%,3.57m (11.8k),"11,761.3",0,1,1,Elypsia,Death Knight,Unholy,284,DPS,85.96m (283.7k),"283,098.5",32.16%,2.75m (9.1k),"9,073.4",1,1,0,Pinki,Demon Hunter,Devourer,283,DPS,70.83m (233.8k),"233,284.7",26.50%,2.08m (6.9k),"6,837.1",2,1,0,Koorshaman,Shaman,Restoration,282,Healer,5.23m (17.3k),"17,215.4",1.96%,26.60m (87.8k),"87,594.9",0,0,0
BudoBoy07,Maisara Caverns,20,2:26,2026-05-13 11:19,0,0,Restoration Shaman: Vile Potatoad (1:14),,,,,,,,,,,,,,,,,,,,Krisiis,Druid,Guardian,278,Tank,17.09m (117.1k),"116,952.5",15.48%,7.08m (48.5k),"48,464.8",0,2,0,Powerpegging,Evoker,Augmentation,284,DPS,27.01m (185.0k),"184,869.1",24.46%,669.4k (4.6k),"4,581.0",0,1,0,Elypsia,Death Knight,Unholy,284,DPS,36.72m (251.5k),"251,318.4",33.25%,507.4k (3.5k),"3,472.4",0,1,0,Pinki,Demon Hunter,Devourer,283,DPS,28.22m (193.3k),"193,128.2",25.55%,128.9k (882.9),882.3,0,1,0,Koorshaman,Shaman,Restoration,282,Healer,1.39m (9.5k),"9,518.8",1.26%,5.84m (40.0k),"39,966.0",1,0,0
BudoBoy07,Maisara Caverns,20,1:48,2026-05-13 11:17,0,0,Guardian Druid: Melee (0:12),,,,,,,,,,,,,,,,,,,,Krisiis,Druid,Guardian,278,Tank,121.9k (1.1k),"1,128.1",75.29%,17.1k (158.3),158.6,1,2,0,Powerpegging,Evoker,Augmentation,284,DPS,,,,136.0k (1.3k),"1,258.4",0,0,0,Pinki,Demon Hunter,Devourer,283,DPS,40.0k (370.4),370.3,24.71%,,,0,0,0,Koorshaman,Shaman,Restoration,282,Healer,,,,,,0,0,0,,,,,,,,,,,,,
BudoBoy07,Maisara Caverns,20,1:38,2026-05-13 11:16,0,0,Guardian Druid: Melee (0:13),,,,,,,,,,,,,,,,,,,,Krisiis,Druid,Guardian,278,Tank,137.3k (1.4k),"1,395.1",26.32%,321.9k (3.3k),"3,270.6",1,2,0,Powerpegging,Evoker,Augmentation,284,DPS,98.9k (1.0k),"1,004.7",18.96%,7.2k (73.5),73.1,0,0,0,Pinki,Demon Hunter,Devourer,283,DPS,285.2k (2.9k),"2,897.3",54.68%,,,0,0,0,Koorshaman,Shaman,Restoration,282,Healer,224.0 (2.3),2.3,0.04%,141.5k (1.4k),"1,437.3",0,0,0,,,,,,,,,,,,,
BudoBoy07,Maisara Caverns,20,15:33,2026-05-13 11:00,0,0,Restoration Shaman: Vile Potatoad (8:31),Guardian Druid: Melee (8:42),,,,,,,,,,,,,,,,,,,Krisiis,Druid,Guardian,278,Tank,74.77m (80.1k),"80,093.1",12.88%,65.72m (70.4k),"70,395.0",1,2,0,Powerpegging,Evoker,Augmentation,284,DPS,148.23m (158.9k),"158,782.2",25.54%,8.30m (8.9k),"8,891.2",0,2,1,Elypsia,Death Knight,Unholy,284,DPS,172.34m (184.7k),"184,599.7",29.69%,6.77m (7.3k),"7,250.5",0,2,1,Pinki,Demon Hunter,Devourer,283,DPS,172.20m (184.6k),"184,459.5",29.67%,9.67m (10.4k),"10,358.3",0,2,1,Koorshaman,Shaman,Restoration,282,Healer,12.89m (13.8k),"13,806.4",2.22%,74.11m (79.4k),"79,387.8",1,0,2
BudoBoy07,Maisara Caverns,20,14:34,2026-05-13 10:39,0,0,Augmentation Evoker: Barrage (12:19),Brewmaster Monk: Melee (14:14),Unholy Death Knight: Melee (14:14),Devourer Demon Hunter: Melee (14:22),Augmentation Evoker: Ritual Sacrifice (14:25),Restoration Shaman: Melee (14:29),,,,,,,,,,,,,,,Bossmin,Monk,Brewmaster,284,Tank,98.14m (112.3k),"112,271.9",16.12%,93.95m (107.5k),"107,474.0",1,2,2,Powerpegging,Evoker,Augmentation,284,DPS,151.90m (173.8k),"173,771.8",24.95%,9.09m (10.4k),"10,397.1",2,2,2,Elypsia,Death Knight,Unholy,284,DPS,182.13m (208.4k),"208,357.4",29.91%,4.86m (5.6k),"5,558.2",1,3,2,Pinki,Demon Hunter,Devourer,283,DPS,163.00m (186.5k),"186,471.6",26.77%,8.61m (9.9k),"9,849.9",1,3,2,Koorshaman,Shaman,Restoration,282,Healer,13.74m (15.7k),"15,716.9",2.26%,69.96m (80.0k),"80,031.6",1,0,0
BudoBoy07,Maisara Caverns,20,9:08,2026-05-13 10:30,0,0,Augmentation Evoker: Deafening Roar (6:37),Unholy Death Knight: Throw Spear (6:45),Devourer Demon Hunter: Deafening Roar (7:02),,,,,,,,,,,,,,,,,,Bossmin,Monk,Brewmaster,284,Tank,67.50m (123.2k),"122,986.5",16.44%,58.56m (106.9k),"106,699.4",0,3,0,Powerpegging,Evoker,Augmentation,284,DPS,103.28m (188.5k),"188,166.6",25.16%,5.95m (10.9k),"10,844.5",1,2,1,Elypsia,Death Knight,Unholy,284,DPS,121.00m (220.8k),"220,454.1",29.47%,3.43m (6.3k),"6,256.8",1,2,1,Pinki,Demon Hunter,Devourer,283,DPS,110.54m (201.7k),"201,403.6",26.93%,5.24m (9.6k),"9,552.1",1,2,1,Koorshaman,Shaman,Restoration,282,Healer,8.20m (15.0k),"14,932.2",2.00%,39.65m (72.4k),"72,247.1",0,0,1
BudoBoy07,Maisara Caverns,20,2:20,2026-05-13 10:18,0,0,Protection Warrior: Melee (2:02),Unholy Death Knight: Melee (2:03),Devourer Demon Hunter: Melee (2:05),Augmentation Evoker: Melee (2:08),Restoration Shaman: Melee (2:09),,,,,,,,,,,,,,,,Keÿ,Warrior,Protection,284,Tank,20.70m (147.9k),"147,034.6",13.63%,8.93m (63.8k),"63,442.8",1,1,1,Powerpegging,Evoker,Augmentation,284,DPS,41.76m (298.3k),"296,610.5",27.49%,1.57m (11.2k),"11,180.4",1,1,0,Elypsia,Death Knight,Unholy,284,DPS,46.70m (333.6k),"331,662.9",30.75%,983.7k (7.0k),"6,986.9",1,1,0,Pinki,Demon Hunter,Devourer,283,DPS,39.82m (284.4k),"282,834.3",26.22%,1.03m (7.4k),"7,312.7",1,1,0,Андромедаа,Shaman,Restoration,284,Healer,2.91m (20.8k),"20,693.9",1.92%,13.27m (94.8k),"94,280.1",1,0,0
BudoBoy07,Maisara Caverns,20,3:19,2026-05-13 10:15,0,0,Protection Warrior: Melee (2:00),Devourer Demon Hunter: Melee (2:02),Unholy Death Knight: Melee (2:02),Restoration Shaman: Melee (2:05),Augmentation Evoker: Sear (2:06),,,,,,,,,,,,,,,,Keÿ,Warrior,Protection,284,Tank,23.37m (117.4k),"117,405.6",15.27%,9.06m (45.5k),"45,517.7",1,1,1,Powerpegging,Evoker,Augmentation,284,DPS,37.14m (186.6k),"186,565.3",24.26%,2.70m (13.6k),"13,577.3",1,0,1,Elypsia,Death Knight,Unholy,284,DPS,46.09m (231.6k),"231,555.5",30.11%,876.6k (4.4k),"4,404.1",1,1,0,Pinki,Demon Hunter,Devourer,283,DPS,43.89m (220.6k),"220,483.5",28.67%,979.5k (4.9k),"4,921.1",1,1,0,Андромедаа,Shaman,Restoration,284,Healer,2.59m (13.0k),"13,024.3",1.69%,10.93m (54.9k),"54,902.1",1,0,0
BudoBoy07,Maisara Caverns,20,15:32,2026-05-13 09:50,0,0,Retribution Paladin: Crunch Armor (4:45),Restoration Shaman: Fetid Quillstorm (13:40),Guardian Druid: Melee (15:24),Devourer Demon Hunter: Melee (15:28),,,,,,,,,,,,,,,,,Jakiez,Druid,Guardian,282,Tank,135.30m (145.2k),"145,168.8",18.30%,86.23m (92.5k),"92,517.7",1,3,0,Powerpegging,Evoker,Augmentation,284,DPS,185.51m (199.0k),"199,039.2",25.10%,9.92m (10.6k),"10,641.5",0,3,0,Pinki,Demon Hunter,Devourer,283,DPS,219.05m (235.0k),"235,019.0",29.63%,10.17m (10.9k),"10,915.0",1,3,0,Zapsadin,Paladin,Retribution,284,DPS,173.95m (186.6k),"186,632.6",23.53%,8.43m (9.0k),"9,047.6",1,3,0,Андромедаа,Shaman,Restoration,284,Healer,25.39m (27.2k),"27,236.5",3.43%,78.44m (84.2k),"84,157.9",1,2,0
BudoBoy07,Maisara Caverns,20,1:58,2026-05-13 09:48,0,0,Guardian Druid: Melee (0:24),Devourer Demon Hunter: Melee (0:27),,,,,,,,,,,,,,,,,,,Jakiez,Druid,Guardian,282,Tank,745.8k (6.3k),"6,285.9",11.38%,1.57m (13.3k),"13,243.1",1,1,0,Powerpegging,Evoker,Augmentation,284,DPS,4.84m (41.0k),"40,834.2",73.87%,249.5k (2.1k),"2,102.8",0,2,0,Pinki,Demon Hunter,Devourer,283,DPS,516.0k (4.4k),"4,349.1",7.88%,,,1,1,0,Zapsadin,Paladin,Retribution,284,DPS,,,,2.0k (16.9),16.7,0,0,0,Андромедаа,Shaman,Restoration,284,Healer,450.1k (3.8k),"3,793.5",6.87%,1.03m (8.7k),"8,710.2",0,0,0
BudoBoy07,Skyreach,20,27:55,2026-05-12 20:27,1,18,Devourer Demon Hunter: Ricocheting Chakram (1:32),Devourer Demon Hunter: Coalesced Wind (6:11),,,,,,,,,,,,,,,,,,,Nookeybrew,Monk,Brewmaster,283,Tank,138.17m (82.5k),"83,524.6",15.17%,116.71m (69.7k),"70,549.5",0,4,3,Powerpegging,Evoker,Augmentation,284,DPS,226.97m (135.5k),"137,204.1",24.91%,20.50m (12.2k),"12,391.9",0,4,4,Rammoskebab,Death Knight,Unholy,285,DPS,274.87m (164.1k),"166,162.4",30.17%,11.29m (6.7k),"6,825.8",0,7,2,Tomsx,Demon Hunter,Devourer,282,DPS,244.19m (145.8k),"147,615.2",26.80%,19.67m (11.7k),"11,890.8",2,5,3,Lilrickl,Shaman,Restoration,282,Healer,26.79m (16.0k),"16,195.7",2.94%,173.46m (103.6k),"104,856.0",0,3,3
BudoBoy07,Skyreach,20,1:41,2026-05-12 20:26,0,0,Restoration Shaman: Melee (0:12),Devourer Demon Hunter: Melee (0:14),,,,,,,,,,,,,,,,,,,Nookeybrew,Monk,Brewmaster,283,Tank,33.7k (333.7),333.5,20.52%,286.3k (2.8k),"2,830.5",0,2,0,Powerpegging,Evoker,Augmentation,284,DPS,103.2k (1.0k),"1,020.2",62.85%,3.4k (33.7),33.2,0,0,0,Rammoskebab,Death Knight,Unholy,285,DPS,,,,,,0,1,0,Tomsx,Demon Hunter,Devourer,282,DPS,27.3k (270.3),269.7,16.63%,,,1,2,0,Lilrickl,Shaman,Restoration,282,Healer,,,,307.2k (3.0k),"3,036.8",1,0,0
BudoBoy07,Skyreach,20,28:14,2026-05-12 19:58,0,0,Brewmaster Monk: Solar Barrier (20:22),Restoration Shaman: Melee (20:28),Unholy Death Knight: Melee (20:31),Devourer Demon Hunter: Solar Barrier (20:34),Augmentation Evoker: Solar Flare (20:42),Augmentation Evoker: Blade Rush (22:03),Brewmaster Monk: Blade Rush (22:04),Devourer Demon Hunter: Melee (22:05),Unholy Death Knight: Blade Rush (22:05),Restoration Shaman: Melee (22:06),,,,,,,,,,,Nookeybrew,Monk,Brewmaster,283,Tank,112.49m (66.4k),"66,375.2",14.77%,86.90m (51.3k),"51,272.9",2,5,2,Powerpegging,Evoker,Augmentation,284,DPS,188.90m (111.5k),"111,457.8",24.80%,16.18m (9.6k),"9,548.2",2,4,1,Rammoskebab,Death Knight,Unholy,285,DPS,233.44m (137.8k),"137,740.3",30.64%,8.88m (5.2k),"5,238.2",2,6,2,Tomsx,Demon Hunter,Devourer,282,DPS,205.61m (121.4k),"121,317.4",26.99%,15.85m (9.4k),"9,350.9",2,5,2,Lilrickl,Shaman,Restoration,282,Healer,21.38m (12.6k),"12,615.7",2.81%,133.24m (78.7k),"78,617.9",2,2,0
BudoBoy07,Skyreach,20,5:08,2026-05-12 19:52,0,0,Restoration Shaman:  (2:55),Brewmaster Monk:  (2:55),Unholy Death Knight: Melee (2:56),Devourer Demon Hunter: Melee (2:59),Augmentation Evoker: Ricocheting Chakram (3:02),,,,,,,,,,,,,,,,Nookeybrew,Monk,Brewmaster,283,Tank,25.70m (83.4k),"83,237.8",13.73%,23.21m (75.4k),"75,180.4",1,1,1,Powerpegging,Evoker,Augmentation,284,DPS,51.63m (167.6k),"167,230.5",27.58%,4.00m (13.0k),"12,942.1",1,1,1,Rammoskebab,Death Knight,Unholy,285,DPS,61.21m (198.7k),"198,278.4",32.69%,3.69m (12.0k),"11,938.9",1,1,1,Tomsx,Demon Hunter,Devourer,282,DPS,43.89m (142.5k),"142,164.5",23.44%,2.46m (8.0k),"7,976.2",1,1,1,Lilrickl,Shaman,Restoration,282,Healer,4.79m (15.6k),"15,501.6",2.56%,21.85m (70.9k),"70,783.6",1,0,1
BudoBoy07,The Seat of the Triumvirate,20,32:48,2026-05-12 19:14,1,8,Restoration Shaman: Rupture (0:31),Restoration Shaman: Mass Void Infusion (27:19),,,,,,,,,,,,,,,,,,,Ayaell,Druid,Guardian,283,Tank,199.97m (101.6k),"102,680.0",15.76%,135.71m (69.0k),"69,686.7",0,6,5,Powerpegging,Evoker,Augmentation,284,DPS,316.21m (160.7k),"162,366.9",24.93%,22.47m (11.4k),"11,539.9",0,5,6,Rataucigasa,Demon Hunter,Devourer,285,DPS,346.94m (176.3k),"178,144.4",27.35%,26.18m (13.3k),"13,441.6",0,6,5,Vanderlock,Warlock,Demonology,285,DPS,355.33m (180.6k),"182,455.8",28.01%,20.47m (10.4k),"10,509.2",0,6,13,Frabmon,Shaman,Restoration,287,Healer,50.18m (25.5k),"25,767.8",3.96%,186.65m (94.8k),"95,841.8",2,4,5
BudoBoy07,The Seat of the Triumvirate,20,17:48,2026-05-12 18:57,0,0,Demonology Warlock: Backstab (13:59),Demonology Warlock: Void Expulsion (14:23),Augmentation Evoker: Backstab (15:19),Devourer Demon Hunter: Umbral Nova (15:25),Demonology Warlock: Umbral Nova (15:26),Restoration Shaman: Backstab (15:26),Guardian Druid: Melee (15:34),,,,,,,,,,,,,,Ayaell,Druid,Guardian,283,Tank,139.64m (130.7k),"130,724.7",18.02%,89.01m (83.3k),"83,333.2",1,4,1,Powerpegging,Evoker,Augmentation,284,DPS,200.18m (187.4k),"187,408.5",25.83%,12.34m (11.6k),"11,550.7",1,3,4,Rataucigasa,Demon Hunter,Devourer,285,DPS,212.20m (198.7k),"198,661.9",27.38%,13.67m (12.8k),"12,796.4",1,3,3,Vanderlock,Warlock,Demonology,285,DPS,198.45m (185.8k),"185,790.2",25.61%,9.64m (9.0k),"9,022.7",3,3,7,Frabmon,Shaman,Restoration,287,Healer,24.44m (22.9k),"22,883.0",3.15%,81.68m (76.5k),"76,470.5",1,2,3
BudoBoy07,Skyreach,20,28:13,2026-05-12 18:15,0,0,Augmentation Evoker: Solar Flare (20:09),Augmentation Evoker: Blazing Ground (24:36),Augmentation Evoker: Scorching Ray (26:52),,,,,,,,,,,,,,,,,,Hoofkick,Monk,Brewmaster,282,Tank,154.45m (91.2k),"93,210.5",16.81%,117.69m (69.5k),"71,027.6",0,4,0,Powerpegging,Evoker,Augmentation,284,DPS,221.00m (130.5k),"133,377.2",24.06%,17.68m (10.4k),"10,670.5",3,3,8,Залупин,Death Knight,Unholy,283,DPS,253.57m (149.8k),"153,032.8",27.60%,11.81m (7.0k),"7,125.8",0,5,4,Mefaisto,Warlock,Demonology,285,DPS,251.27m (148.4k),"151,645.4",27.35%,15.21m (9.0k),"9,177.4",0,6,11,Eternoir,Priest,Discipline,284,Healer,38.33m (22.6k),"23,134.0",4.17%,180.57m (106.7k),"108,975.2",0,2,5
BudoBoy07,Skyreach,20,2:31,2026-05-12 18:03,0,0,Restoration Druid: Dire Screech (1:09),Augmentation Evoker: Dire Screech (1:51),Restoration Druid: Dire Screech (1:52),Demonology Warlock: Blade Rush (2:01),Brewmaster Monk: Melee (2:01),Devourer Demon Hunter: Dread Wind (2:05),,,,,,,,,,,,,,,Oshuu,Monk,Brewmaster,283,Tank,20.95m (138.7k),"138,337.3",14.36%,15.41m (102.1k),"101,790.2",1,1,2,Powerpegging,Evoker,Augmentation,284,DPS,33.42m (221.3k),"220,730.5",22.90%,2.36m (15.6k),"15,609.9",1,2,2,Pezemdh,Demon Hunter,Devourer,285,DPS,50.96m (337.5k),"336,555.3",34.93%,3.17m (21.0k),"20,960.6",1,1,1,Daddyss,Warlock,Demonology,286,DPS,39.00m (258.3k),"257,537.1",26.73%,1.81m (12.0k),"11,958.2",1,2,2,Theysaid,Druid,Restoration,285,Healer,1.58m (10.5k),"10,408.9",1.08%,10.83m (71.7k),"71,518.1",2,1,1
BudoBoy07,Nexus-Point Xenas,19,28:22,2026-05-12 15:43,1,0,,,,,,,,,,,,,,,,,,,,,Sgtdonowitz,Druid,Guardian,281,Tank,146.64m (86.2k),"85,671.8",14.44%,104.21m (61.2k),"60,883.4",0,4,2,Powerpegging,Evoker,Augmentation,284,DPS,279.16m (164.0k),"163,090.3",27.49%,15.98m (9.4k),"9,337.8",0,5,7,Mashbràk,Paladin,Retribution,284,DPS,256.00m (150.4k),"149,561.3",25.21%,10.99m (6.5k),"6,417.7",0,5,2,Orcbald,Warlock,Demonology,283,DPS,291.36m (171.2k),"170,218.4",28.69%,14.72m (8.6k),"8,597.9",0,5,12,Muflone,Priest,Discipline,281,Healer,42.21m (24.8k),"24,660.5",4.16%,157.06m (92.3k),"91,755.5",0,4,6
BudoBoy07,Nexus-Point Xenas,19,8:41,2026-05-12 15:35,0,0,Demonology Warlock: Umbra Bolt (4:55),Demonology Warlock: Corespark Overload (6:13),Guardian Druid: Corespark Overload (6:13),Augmentation Evoker: Corespark Overload (6:14),Retribution Paladin: Corespark Overload (6:14),Discipline Priest: Corespark Overload (6:14),,,,,,,,,,,,,,,Sgtdonowitz,Druid,Guardian,281,Tank,52.22m (100.2k),"100,092.8",16.43%,32.63m (62.6k),"62,546.9",1,2,0,Powerpegging,Evoker,Augmentation,284,DPS,85.12m (163.4k),"163,147.9",26.79%,3.30m (6.3k),"6,332.6",1,2,0,Mashbràk,Paladin,Retribution,284,DPS,84.52m (162.2k),"161,999.7",26.60%,1.93m (3.7k),"3,703.6",1,1,0,Orcbald,Warlock,Demonology,283,DPS,86.53m (166.1k),"165,842.9",27.23%,2.43m (4.7k),"4,654.0",2,2,2,Muflone,Priest,Discipline,281,Healer,9.38m (18.0k),"17,969.9",2.95%,35.14m (67.4k),"67,345.5",1,1,0
BudoBoy07,Nexus-Point Xenas,19,4:14,2026-05-12 15:30,0,0,Discipline Priest: Corespark Overload (2:19),Demonology Warlock: Corespark Overload (2:19),Guardian Druid: Corespark Overload (2:21),Augmentation Evoker: Corespark Overload (2:27),,,,,,,,,,,,,,,,,Sgtdonowitz,Druid,Guardian,281,Tank,24.16m (95.1k),"94,981.2",16.48%,14.89m (58.6k),"58,543.7",1,1,0,Powerpegging,Evoker,Augmentation,284,DPS,36.06m (142.0k),"141,755.3",24.60%,1.57m (6.2k),"6,173.8",1,1,0,Mashbràk,Paladin,Retribution,284,DPS,34.48m (135.7k),"135,554.0",23.52%,752.2k (3.0k),"2,957.6",0,1,1,Orcbald,Warlock,Demonology,283,DPS,47.91m (188.6k),"188,375.0",32.68%,1.17m (4.6k),"4,586.3",1,1,1,Muflone,Priest,Discipline,281,Healer,4.00m (15.7k),"15,727.6",2.73%,12.86m (50.6k),"50,566.3",1,1,0
BudoBoy07,Nexus-Point Xenas,20,2:42,2026-05-12 15:10,0,0,Unholy Death Knight: Umbra Bolt (2:33),Augmentation Evoker: Corespark Overload (2:35),Demonology Warlock: Corespark Overload (2:36),Discipline Priest: Corespark Overload (2:37),Guardian Druid: Melee (2:42),,,,,,,,,,,,,,,,Gade,Druid,Guardian,283,Tank,29.47m (181.9k),"181,217.7",16.75%,22.75m (140.4k),"139,891.5",1,2,1,Powerpegging,Evoker,Augmentation,284,DPS,43.89m (270.9k),"269,835.9",24.95%,2.61m (16.1k),"16,020.2",1,1,2,Xlepa,Death Knight,Unholy,283,DPS,49.61m (306.2k),"305,049.9",28.20%,856.1k (5.3k),"5,263.8",1,1,0,Malipi,Warlock,Demonology,285,DPS,48.82m (301.4k),"300,181.5",27.75%,1.69m (10.4k),"10,385.9",1,1,1,Muflone,Priest,Discipline,281,Healer,4.14m (25.6k),"25,457.2",2.35%,20.44m (126.2k),"125,692.0",1,1,1
BudoBoy07,Maisara Caverns,19,30:07,2026-05-12 14:17,1,0,Enhancement Shaman: Piercing Screech (16:41),Enhancement Shaman: Coalesced Death (21:10),,,,,,,,,,,,,,,,,,,Calisie,Druid,Guardian,281,Tank,179.30m (99.2k),"100,404.8",15.21%,125.75m (69.6k),"70,416.1",0,6,0,Powerpegging,Evoker,Augmentation,284,DPS,307.63m (170.2k),"172,264.8",26.10%,18.74m (10.4k),"10,492.0",0,4,5,Antérøs,Shaman,Enhancement,283,DPS,298.19m (165.0k),"166,977.4",25.30%,11.40m (6.3k),"6,385.3",2,5,7,Malipi,Warlock,Demonology,285,DPS,350.37m (193.9k),"196,196.7",29.72%,17.42m (9.6k),"9,752.4",0,4,10,Muflone,Priest,Discipline,281,Healer,43.28m (24.0k),"24,235.7",3.67%,171.28m (94.8k),"95,910.6",0,5,3
BudoBoy07,The Seat of the Triumvirate,20,0:43,2026-05-12 13:47,0,0,Brewmaster Monk: Melee (0:30),Unholy Death Knight: Melee (0:31),Demonology Warlock: Melee (0:37),Augmentation Evoker: Leeching Void (0:38),,,,,,,,,,,,,,,,,Xoyrk,Monk,Brewmaster,282,Tank,5.20m (120.9k),"120,013.3",7.29%,4.44m (103.3k),"102,356.0",1,2,0,Powerpegging,Evoker,Augmentation,284,DPS,24.24m (563.7k),"559,355.2",33.96%,839.5k (19.5k),"19,368.3",1,1,0,Maboote,Death Knight,Unholy,283,DPS,14.16m (329.3k),"326,638.6",19.84%,676.9k (15.7k),"15,616.7",1,1,0,Vanderlock,Warlock,Demonology,285,DPS,25.05m (582.6k),"577,957.9",35.10%,478.2k (11.1k),"11,032.6",1,1,0,Sparrki,Paladin,Holy,282,Healer,2.72m (63.3k),"62,856.8",3.81%,2.15m (50.0k),"49,535.5",0,0,0
BudoBoy07,Maisara Caverns,20,25:53,2026-05-08 13:36,0,0,Retribution Paladin: Magma Surge (2:34),Elemental Shaman: Magma Surge (2:34),Elemental Shaman: Rain of Toads (7:54),Retribution Paladin: Grim Ward (18:19),Retribution Paladin: Coalesced Death (24:32),,,,,,,,,,,,,,,,Yuliä,Druid,Guardian,284,Tank,192.56m (124.0k),"123,953.8",17.06%,105.09m (67.7k),"67,646.5",0,2,1,Powerpegging,Evoker,Augmentation,284,DPS,282.58m (182.0k),"181,893.5",25.04%,16.51m (10.6k),"10,628.5",0,5,4,Daddylosti,Druid,Feral,253,DPS,823.0k (529.9),529.7,0.07%,23.4k (15.1),15.1,0,0,0,Peyonee,Paladin,Retribution,283,DPS,280.27m (180.5k),"180,410.2",24.83%,9.86m (6.3k),"6,348.9",3,4,1,Inflames,Shaman,Elemental,284,DPS,290.45m (187.0k),"186,964.6",25.74%,7.12m (4.6k),"4,580.7",2,3,1
BudoBoy07,Nexus-Point Xenas,12,31:14,2026-05-07 15:51,0,0,Protection Warrior: Arcing Mana (2:33),Retribution Paladin: Melee (2:35),Devastation Evoker: Melee (2:47),Demonology Warlock: Melee (3:00),Discipline Priest: Melee (3:05),Demonology Warlock: Leyline Array (7:22),Discipline Priest: Sparkburn (7:25),Protection Warrior: Arcane Zap (7:29),Devastation Evoker: Sparkburn (7:34),Demonology Warlock: Burning Radiance (22:26),Devastation Evoker: Burning Radiance (22:31),Discipline Priest: Burning Radiance (22:49),Retribution Paladin: Burning Radiance (23:23),Devastation Evoker: Blistering Smite (23:31),Retribution Paladin: Searing Rend (24:11),Retribution Paladin:  (24:35),Discipline Priest:  (25:35),,,,Tankzxcv,Warrior,Protection,278,Tank,83.04m (44.3k),"51,030.1",15.52%,25.40m (13.6k),"15,607.9",2,0,5,Powerpegging,Evoker,Devastation,284,DPS,152.35m (81.3k),"93,621.9",28.48%,6.72m (3.6k),"4,129.6",4,3,5,Stonehill,Paladin,Retribution,277,DPS,153.33m (81.8k),"94,223.3",28.66%,11.72m (6.3k),"7,200.6",4,5,3,Incineration,Warlock,Demonology,264,DPS,116.14m (62.0k),"71,369.5",21.71%,6.98m (3.7k),"4,291.6",3,5,4,Schnow,Priest,Discipline,272,Healer,30.11m (16.1k),"18,505.6",5.63%,78.93m (42.1k),"48,505.5",4,0,4
BudoBoy07,Algeth'ar Academy,14,30:43,2026-05-07 15:06,1,0,Preservation Evoker: Surge (16:38),Brewmaster Monk: Melee (16:48),Retribution Paladin: Spellbound Weapon (16:49),Preservation Evoker: Surge (16:50),Demonology Warlock: Melee (16:51),Frost Mage: Surge (17:01),,,,,,,,,,,,,,,Tamatoa,Monk,Brewmaster,281,Tank,115.64m (62.7k),"65,633.2",16.54%,64.95m (35.2k),"36,865.1",1,0,3,Powerpegging,Evoker,Preservation,284,Healer,38.93m (21.1k),"22,094.7",5.57%,101.72m (55.2k),"57,731.4",2,0,2,Catdgar,Mage,Frost,284,DPS,215.88m (117.1k),"122,522.7",30.88%,6.55m (3.6k),"3,715.0",1,4,4,Stonehill,Paladin,Retribution,273,DPS,183.07m (99.3k),"103,900.2",26.19%,9.03m (4.9k),"5,124.2",1,4,1,Incineration,Warlock,Demonology,263,DPS,145.54m (79.0k),"82,602.1",20.82%,6.03m (3.3k),"3,421.9",1,5,2
BudoBoy07,Nexus-Point Xenas,12,24:59,2026-05-07 14:19,1,0,,,,,,,,,,,,,,,,,,,,,Tamatoa,Monk,Brewmaster,280,Tank,96.95m (64.7k),"64,271.3",18.71%,51.45m (34.3k),"34,106.2",0,0,0,Powerpegging,Evoker,Preservation,284,Healer,25.97m (17.3k),"17,215.6",5.01%,101.85m (67.9k),"67,519.8",0,0,2,Nawfelx,Priest,Shadow,272,DPS,132.17m (88.2k),"87,621.4",25.51%,9.24m (6.2k),"6,128.1",0,1,0,Alittalock,Warlock,Demonology,280,DPS,145.81m (97.3k),"96,664.3",28.14%,5.78m (3.9k),"3,829.1",0,0,4,Incineration,Warlock,Demonology,257,DPS,117.21m (78.2k),"77,704.9",22.62%,5.74m (3.8k),"3,802.1",0,4,3
BudoBoy07,The Seat of the Triumvirate,12,22:32,2026-05-07 13:50,1,0,,,,,,,,,,,,,,,,,,,,,Tamatoa,Monk,Brewmaster,280,Tank,87.20m (64.5k),"64,062.7",16.27%,46.64m (34.5k),"34,265.5",0,0,1,Powerpegging,Evoker,Preservation,284,Healer,25.19m (18.6k),"18,508.3",4.70%,100.95m (74.7k),"74,165.5",0,1,1,Sigilmoose,Demon Hunter,Devourer,279,DPS,136.12m (100.7k),"100,008.2",25.40%,10.89m (8.1k),"8,001.5",0,4,0,Incineration,Warlock,Demonology,256,DPS,101.82m (75.3k),"74,807.8",19.00%,7.39m (5.5k),"5,432.3",0,4,4,Lyonberserk,Warrior,Fury,281,DPS,185.48m (137.2k),"136,265.0",34.62%,7.66m (5.7k),"5,628.3",0,5,0
BudoBoy07,Skyreach,20,2:26,2026-05-06 13:54,0,0,Devourer Demon Hunter: Melee (1:07),Devourer Demon Hunter: Dire Screech (1:50),Devourer Demon Hunter: Wrathful Wind (1:58),,,,,,,,,,,,,,,,,,Chunkykeg,Monk,Brewmaster,282,Tank,18.55m (127.1k),"126,342.6",14.75%,17.72m (121.4k),"120,663.6",0,0,0,Powerpegging,Evoker,Augmentation,284,DPS,40.27m (275.8k),"274,278.5",32.02%,2.55m (17.5k),"17,353.1",0,2,1,Ajåxsis,Death Knight,Unholy,282,DPS,40.17m (275.1k),"273,616.0",31.94%,1.63m (11.2k),"11,071.2",0,1,1,Merakî,Demon Hunter,Devourer,282,DPS,24.42m (167.3k),"166,310.5",19.42%,1.20m (8.2k),"8,172.9",3,1,0,Balaurß,Druid,Restoration,282,Healer,2.35m (16.1k),"15,990.7",1.87%,16.66m (114.1k),"113,497.0",0,1,0
BudoBoy07,Nexus-Point Xenas,10,20:28,2026-05-06 12:52,1,0,,,,,,,,,,,,,,,,,,,,,Foxonk,Monk,Brewmaster,270,Tank,59.48m (48.4k),"48,064.2",13.79%,37.65m (30.7k),"30,422.5",0,0,3,Powerpegging,Evoker,Preservation,283,Healer,22.93m (18.7k),"18,530.2",5.31%,72.98m (59.4k),"58,972.9",0,0,1,Hypno,Shaman,Elemental,277,DPS,100.88m (82.1k),"81,518.8",23.38%,843.0k (686.5),681.2,0,0,0,Incineration,Warlock,Demonology,251,DPS,109.09m (88.8k),"88,147.6",25.28%,4.16m (3.4k),"3,364.5",0,2,1,Zxu,Warlock,Affliction,275,DPS,139.09m (113.3k),"112,389.4",32.24%,6.80m (5.5k),"5,492.8",0,0,1
BudoBoy07,Windrunner Spire,10,20:36,2026-05-06 12:22,1,0,,,,,,,,,,,,,,,,,,,,,Natursnubben,Druid,Guardian,280,Tank,86.60m (70.1k),"69,550.9",18.25%,39.37m (31.9k),"31,616.3",0,0,0,Powerpegging,Evoker,Preservation,283,Healer,25.42m (20.6k),"20,419.6",5.36%,71.61m (57.9k),"57,512.7",0,0,0,Clairelight,Paladin,Retribution,255,DPS,92.93m (75.2k),"74,637.0",19.58%,4.75m (3.8k),"3,818.6",0,0,0,Xyallas,Paladin,Retribution,282,DPS,146.86m (118.8k),"117,952.1",30.94%,6.23m (5.0k),"4,999.7",0,2,0,Incineration,Warlock,Demonology,250,DPS,122.78m (99.3k),"98,608.3",25.87%,5.57m (4.5k),"4,474.4",0,1,2
BudoBoy07,Nexus-Point Xenas,11,19:44,2026-05-06 11:54,1,0,Holy Paladin: Arcane Explosion (1:51),,,,,,,,,,,,,,,,,,,,Valdør,Death Knight,Blood,280,Tank,84.30m (71.2k),"70,924.0",18.29%,62.40m (52.7k),"52,501.0",0,0,0,Powerpegging,Evoker,Devastation,283,DPS,143.14m (120.9k),"120,431.5",31.05%,6.88m (5.8k),"5,789.9",0,4,2,Dumpydk,Death Knight,Frost,270,DPS,116.61m (98.5k),"98,105.7",25.30%,5.70m (4.8k),"4,796.8",0,4,0,Incineration,Warlock,Demonology,250,DPS,114.79m (97.0k),"96,577.8",24.90%,5.74m (4.8k),"4,825.4",0,1,3,Goldenx,Paladin,Holy,280,Healer,2.10m (1.8k),"1,768.0",0.46%,59.53m (50.3k),"50,081.9",1,0,0
BudoBoy07,Windrunner Spire,11,25:05,2026-05-06 11:13,1,0,Preservation Evoker: Melee (2:09),Demonology Warlock: Flaming Twisters (4:56),Protection Paladin: Poison Blades (9:49),Demonology Warlock: Melee (9:50),Preservation Evoker: Melee (9:53),Demonology Warlock: Melee (9:55),Demonology Warlock: Shadowrive (9:57),Preservation Evoker: Arrow Rain (16:22),Protection Paladin: Shred Flesh (17:22),Demonology Warlock: Throw Axe (17:28),,,,,,,,,,,Amily,Paladin,Protection,281,Tank,82.62m (54.9k),"56,431.6",15.46%,37.99m (25.2k),"25,947.8",2,0,0,Powerpegging,Evoker,Preservation,283,Healer,27.56m (18.3k),"18,821.3",5.16%,111.06m (73.8k),"75,856.6",3,0,3,Burstnastyy,Warlock,Demonology,238,DPS,120.72m (80.2k),"82,451.2",22.59%,7.07m (4.7k),"4,829.2",1,0,5,Incineration,Warlock,Demonology,250,DPS,111.10m (73.8k),"75,881.6",20.79%,6.72m (4.5k),"4,592.4",3,3,3,Lustnblast,Warlock,Demonology,279,DPS,192.29m (127.8k),"131,340.8",35.99%,8.35m (5.5k),"5,705.4",1,3,3
BudoBoy07,Skyreach,20,43:32,2026-05-05 23:24,0,0,Devourer Demon Hunter: Coalesced Wind (6:05),Restoration Druid: Solar Flame (7:55),Augmentation Evoker: Solar Flame (9:27),Augmentation Evoker:  (18:07),Brewmaster Monk: Fiery Talon (19:25),Devourer Demon Hunter: Melee (19:25),Unholy Death Knight: Melee (19:26),Brewmaster Monk:  (19:39),Restoration Druid: Solar Nova (21:39),Augmentation Evoker: Dire Screech (22:29),Unholy Death Knight: Solar Fire (22:39),Restoration Druid: Solar Bolt (22:57),Augmentation Evoker: Dread Wind (23:11),Restoration Druid: Dire Screech (23:21),Augmentation Evoker: Scorching Ray (25:05),Restoration Druid: Scorching Ray (25:14),Unholy Death Knight: Scorching Ray (25:14),Brewmaster Monk:  (25:15),Devourer Demon Hunter: Melee (25:19),Devourer Demon Hunter: Scorching Ray (29:21),Мекен,Monk,Brewmaster,282,Tank,172.52m (66.0k),"71,547.5",16.77%,140.06m (53.6k),"58,085.1",6,7,1,Powerpegging,Evoker,Augmentation,283,DPS,268.06m (102.6k),"111,173.5",26.05%,25.62m (9.8k),"10,623.8",7,7,3,Bbcxx,Death Knight,Unholy,283,DPS,294.18m (112.6k),"122,005.9",28.59%,16.47m (6.3k),"6,829.4",5,7,0,Fitnessdh,Demon Hunter,Devourer,283,DPS,270.96m (103.7k),"112,374.3",26.34%,20.36m (7.8k),"8,442.3",6,7,2,Аё,Druid,Restoration,282,Healer,23.13m (8.9k),"9,592.3",2.25%,191.34m (73.3k),"79,354.3",7,6,3
BudoBoy07,Skyreach,20,24:27,2026-05-05 22:47,0,0,Unholy Death Knight: Dread Wind (1:16),Devourer Demon Hunter: Fan of Blades (5:26),Augmentation Evoker: Solar Barrier (7:11),Augmentation Evoker: Solar Flame (9:37),Restoration Druid:  (19:05),Brewmaster Monk: Blade Rush (24:04),Devourer Demon Hunter: Melee (24:06),Unholy Death Knight: Melee (24:06),Restoration Druid: Dire Screech (24:11),,,,,,,,,,,,Fäustefatima,Monk,Brewmaster,283,Tank,140.35m (95.7k),"95,652.6",16.77%,111.10m (75.7k),"75,722.3",1,4,2,Powerpegging,Evoker,Augmentation,283,DPS,217.09m (148.0k),"147,958.6",25.94%,16.16m (11.0k),"11,014.1",2,5,3,Monom,Death Knight,Unholy,282,DPS,232.13m (158.2k),"158,204.7",27.74%,11.29m (7.7k),"7,692.7",2,5,2,Legacydh,Demon Hunter,Devourer,281,DPS,242.67m (165.4k),"165,388.0",29.00%,16.08m (11.0k),"10,962.3",2,5,1,Healmachine,Druid,Restoration,283,Healer,4.68m (3.2k),"3,190.8",0.56%,148.33m (101.1k),"101,095.4",2,2,2
BudoBoy07,Skyreach,20,1:26,2026-05-05 22:35,0,0,Devourer Demon Hunter: Melee (0:20),Devourer Demon Hunter: Ricocheting Chakram (1:06),Restoration Shaman: Dread Wind (1:15),Augmentation Evoker: Blade Rush (1:17),Brewmaster Monk: Melee (1:19),Retribution Paladin: Melee (1:19),Devourer Demon Hunter: Dire Screech (1:21),Devourer Demon Hunter: Melee (1:24),Augmentation Evoker: Melee (1:25),Restoration Shaman: Melee (1:26),,,,,,,,,,,Phazê,Monk,Brewmaster,283,Tank,17.67m (205.5k),"203,211.6",19.84%,14.05m (163.4k),"161,573.0",1,1,0,Powerpegging,Evoker,Augmentation,283,DPS,24.57m (285.7k),"282,576.7",27.59%,2.30m (26.7k),"26,409.3",2,1,0,Anydhng,Demon Hunter,Devourer,282,DPS,12.87m (149.7k),"147,988.7",14.45%,3.79m (44.1k),"43,631.0",4,1,1,Greekpistol,Paladin,Retribution,282,DPS,32.00m (372.1k),"368,033.7",35.93%,898.6k (10.4k),"10,334.5",1,1,1,Moutsopoulos,Shaman,Restoration,282,Healer,1.95m (22.7k),"22,460.9",2.19%,10.54m (122.6k),"121,229.2",2,0,1
BudoBoy07,Skyreach,20,25:41,2026-05-05 21:16,0,0,Mistweaver Monk: Fiery Smash (10:38),Demonology Warlock: Blazing Ground (24:15),Mistweaver Monk: Scorching Ray (24:16),Demonology Warlock: Scorching Ray (25:14),Augmentation Evoker: Blazing Ground (25:33),Unholy Death Knight:  (25:37),Brewmaster Monk:  (25:37),Mistweaver Monk:  (25:39),,,,,,,,,,,,,Monkiño,Monk,Brewmaster,283,Tank,136.28m (88.4k),"88,376.2",15.74%,97.99m (63.6k),"63,550.4",1,1,2,Powerpegging,Evoker,Augmentation,283,DPS,222.93m (144.7k),"144,571.0",25.74%,15.15m (9.8k),"9,827.0",1,4,4,Notfotm,Death Knight,Unholy,282,DPS,207.38m (134.6k),"134,491.7",23.94%,13.82m (9.0k),"8,959.8",1,5,8,Mdwl,Warlock,Demonology,282,DPS,247.45m (160.6k),"160,476.6",28.57%,11.63m (7.5k),"7,544.5",2,4,13,Broccoliyam,Druid,Restoration,282,Healer,,,,,,0,0,0
BudoBoy07,Pit of Saron,20,29:19,2026-05-05 20:20,1,7,Augmentation Evoker: Dark Rupture (8:36),Restoration Druid: Leaping Maul (22:14),,,,,,,,,,,,,,,,,,,Dwarfpwnstar,Monk,Brewmaster,282,Tank,160.04m (91.0k),"92,066.8",13.22%,146.84m (83.5k),"84,473.1",0,3,2,Powerpegging,Evoker,Augmentation,283,DPS,314.86m (179.0k),"181,129.0",26.01%,19.96m (11.3k),"11,480.5",1,6,3,Emodead,Death Knight,Unholy,284,DPS,370.13m (210.4k),"212,919.5",30.57%,9.54m (5.4k),"5,490.5",0,5,2,Étalonduq,Demon Hunter,Devourer,283,DPS,339.02m (192.7k),"195,023.8",28.00%,20.38m (11.6k),"11,724.6",0,5,3,Karìa,Druid,Restoration,282,Healer,26.69m (15.2k),"15,352.6",2.20%,162.37m (92.3k),"93,404.2",1,1,2
BudoBoy07,Windrunner Spire,12,23:14,2026-05-05 15:25,1,0,Frost Mage: Phial Toss (10:48),Demonology Warlock: Falling Rubble (17:41),Demonology Warlock: Gust Shot (22:29),,,,,,,,,,,,,,,,,,Sindragonsa,Death Knight,Blood,277,Tank,101.37m (72.7k),"74,663.9",18.25%,65.77m (47.2k),"48,445.3",0,0,0,Powerpegging,Evoker,Preservation,283,Healer,26.42m (19.0k),"19,458.6",4.76%,97.04m (69.6k),"71,478.9",0,0,2,Crimson,Death Knight,Unholy,281,DPS,208.79m (149.8k),"153,791.9",37.58%,5.20m (3.7k),"3,830.8",0,5,1,Nbmage,Mage,Frost,273,DPS,132.24m (94.9k),"97,406.4",23.80%,5.84m (4.2k),"4,299.8",1,0,3,Incineration,Warlock,Demonology,212,DPS,86.74m (62.2k),"63,888.0",15.61%,4.66m (3.3k),"3,430.7",2,0,3
BudoBoy07,Windrunner Spire,11,27:55,2026-05-05 14:46,1,0,Demonology Warlock: Phial Toss (4:18),Arms Warrior: Gunk Splatter (7:16),Demonology Warlock: Fire Breath (15:29),Arms Warrior: Billowing Wind (27:39),,,,,,,,,,,,,,,,,Thoralson,Warrior,Protection,273,Tank,92.75m (55.4k),"55,738.4",17.40%,31.73m (18.9k),"19,066.9",0,0,1,Powerpegging,Evoker,Devastation,283,DPS,225.93m (134.9k),"135,774.2",42.39%,10.72m (6.4k),"6,440.7",0,2,2,Incineration,Warlock,Demonology,208,DPS,117.32m (70.0k),"70,504.2",22.01%,7.42m (4.4k),"4,462.0",2,2,4,Wagwanx,Warrior,Arms,261,DPS,90.65m (54.1k),"54,474.9",17.01%,7.36m (4.4k),"4,422.7",2,0,0,Voodoodog,Shaman,Restoration,280,Healer,6.37m (3.8k),"3,830.8",1.20%,93.55m (55.9k),"56,219.4",0,0,0
BudoBoy07,Windrunner Spire,12,33:36,2026-05-05 13:59,0,0,Demonology Warlock: Spirit Bolt (1:14),Demonology Warlock: Fetid Bile (4:44),Restoration Druid: Flaming Twisters (17:34),Demonology Warlock: Flaming Twisters (17:38),Balance Druid: Flaming Twisters (17:41),Restoration Druid: Arrow Rain (19:47),Restoration Druid: Melee (21:05),Brewmaster Monk: Melee (21:26),Restoration Druid: Melee (25:28),Demonology Warlock: Billowing Wind (31:03),,,,,,,,,,,Chowanda,Monk,Brewmaster,252,Tank,88.33m (43.8k),"46,731.3",15.76%,54.97m (27.3k),"29,078.5",1,0,0,Powerpegging,Evoker,Devastation,283,DPS,211.93m (105.1k),"112,119.7",37.82%,13.20m (6.5k),"6,985.7",0,5,7,Borzeyn,Druid,Balance,278,DPS,156.08m (77.4k),"82,570.0",27.85%,4.67m (2.3k),"2,471.3",1,0,3,Incineration,Warlock,Demonology,204,DPS,98.26m (48.7k),"51,981.3",17.53%,7.02m (3.5k),"3,716.5",4,4,5,Päpahilit,Druid,Restoration,270,Healer,5.80m (2.9k),"3,067.8",1.03%,128.85m (63.9k),"68,164.7",4,0,0
BudoBoy07,Nexus-Point Xenas,20,29:33,2026-05-05 13:07,1,9,Unholy Death Knight: Dark Beckoning (10:54),Devourer Demon Hunter: Melee (17:13),,,,,,,,,,,,,,,,,,,Paoapo,Monk,Brewmaster,282,Tank,167.64m (94.6k),"95,667.3",15.14%,127.86m (72.1k),"72,967.1",0,5,3,Powerpegging,Evoker,Augmentation,283,DPS,291.24m (164.3k),"166,206.1",26.30%,15.12m (8.5k),"8,630.6",0,5,3,Shabakor,Death Knight,Unholy,283,DPS,286.78m (161.7k),"163,662.1",25.89%,11.93m (6.7k),"6,809.4",1,5,2,Melende,Demon Hunter,Devourer,283,DPS,280.86m (158.4k),"160,282.8",25.36%,11.94m (6.7k),"6,815.5",1,5,2,Monkwin,Monk,Mistweaver,282,Healer,81.00m (45.7k),"46,224.7",7.31%,184.69m (104.2k),"105,400.8",0,5,2
BudoBoy07,Nexus-Point Xenas,20,6:21,2026-05-05 13:01,0,0,Mistweaver Monk: Arcane Spill (3:12),Brewmaster Monk: Arcane Explosion (4:12),Unholy Death Knight: Melee (4:14),Augmentation Evoker: Arcane Explosion (4:16),Mistweaver Monk: Melee (4:17),Devourer Demon Hunter: Umbra Bolt (4:21),,,,,,,,,,,,,,,Paoapo,Monk,Brewmaster,282,Tank,32.98m (86.6k),"86,405.7",13.61%,23.77m (62.4k),"62,271.0",1,1,1,Powerpegging,Evoker,Augmentation,283,DPS,66.45m (174.4k),"174,086.4",27.42%,2.83m (7.4k),"7,403.8",1,2,0,Shabakor,Death Knight,Unholy,283,DPS,66.48m (174.5k),"174,149.4",27.43%,1.75m (4.6k),"4,575.6",1,1,0,Melende,Demon Hunter,Devourer,283,DPS,62.07m (162.9k),"162,599.2",25.61%,1.03m (2.7k),"2,689.4",1,1,0,Monkwin,Monk,Mistweaver,282,Healer,14.34m (37.6k),"37,554.0",5.92%,25.95m (68.1k),"67,980.7",2,1,0
BudoBoy07,Nexus-Point Xenas,20,4:04,2026-05-05 12:57,0,0,Unholy Death Knight: Erratic Zap (2:35),Brewmaster Monk: Arcing Mana (2:39),Mistweaver Monk: Null Sunder (2:41),Augmentation Evoker: Erratic Zap (2:44),Devourer Demon Hunter: Melee (2:45),,,,,,,,,,,,,,,,Paoapo,Monk,Brewmaster,282,Tank,22.58m (92.5k),"92,301.9",13.87%,17.82m (73.0k),"72,834.4",1,2,1,Powerpegging,Evoker,Augmentation,283,DPS,43.38m (177.8k),"177,315.3",26.65%,2.15m (8.8k),"8,774.9",1,1,0,Shabakor,Death Knight,Unholy,283,DPS,46.30m (189.8k),"189,269.6",28.45%,1.16m (4.8k),"4,757.0",1,1,0,Melende,Demon Hunter,Devourer,283,DPS,41.68m (170.8k),"170,371.9",25.61%,679.0k (2.8k),"2,775.6",1,1,0,Monkwin,Monk,Mistweaver,282,Healer,8.83m (36.2k),"36,100.8",5.42%,18.17m (74.5k),"74,265.9",1,1,0
BudoBoy07,Skyreach,20,5:21,2026-05-05 12:14,0,0,,,,,,,,,,,,,,,,,,,,,Mortalmonkey,Monk,Brewmaster,282,Tank,33.93m (105.7k),"105,630.4",14.88%,27.56m (85.9k),"85,780.4",0,1,0,Powerpegging,Evoker,Augmentation,283,DPS,63.19m (196.9k),"196,698.0",27.70%,4.26m (13.3k),"13,271.1",0,2,1,Weidan,Death Knight,Unholy,282,DPS,62.67m (195.2k),"195,090.3",27.47%,2.72m (8.5k),"8,462.4",0,2,1,Démonidokszi,Demon Hunter,Devourer,282,DPS,54.11m (168.6k),"168,430.8",23.72%,4.08m (12.7k),"12,711.3",0,2,0,Vityuschee,Monk,Mistweaver,280,Healer,14.20m (44.2k),"44,203.7",6.23%,40.34m (125.7k),"125,581.7",0,0,0
BudoBoy07,Windrunner Spire,20,31:54,2026-05-05 11:38,1,4,Unholy Death Knight: Arrow Rain (20:30),,,,,,,,,,,,,,,,,,,,Zazabonk,Monk,Brewmaster,284,Tank,197.21m (103.0k),"103,366.6",16.17%,153.51m (80.2k),"80,461.7",0,6,1,Powerpegging,Evoker,Augmentation,283,DPS,322.04m (168.3k),"168,801.2",26.41%,21.15m (11.1k),"11,084.3",0,5,3,Shanks,Death Knight,Unholy,283,DPS,334.08m (174.5k),"175,108.0",27.40%,12.44m (6.5k),"6,522.6",1,5,5,Melende,Demon Hunter,Devourer,283,DPS,316.89m (165.6k),"166,100.6",25.99%,21.88m (11.4k),"11,469.4",0,5,2,Ecore,Shaman,Restoration,283,Healer,49.15m (25.7k),"25,764.6",4.03%,155.81m (81.4k),"81,670.4",0,0,3
BudoBoy07,Magisters' Terrace,19,34:27,2026-05-04 18:17,0,0,,,,,,,,,,,,,,,,,,,,,Fatmonka,Monk,Brewmaster,281,Tank,164.31m (79.5k),"79,178.6",12.87%,112.34m (54.3k),"54,135.1",0,1,1,Powerpegging,Evoker,Augmentation,283,DPS,358.01m (173.2k),"172,520.4",28.05%,20.78m (10.1k),"10,011.7",0,5,2,Crimson,Death Knight,Unholy,281,DPS,397.62m (192.4k),"191,608.4",31.16%,13.00m (6.3k),"6,266.2",0,6,3,Dragetid,Evoker,Devastation,282,DPS,304.65m (147.4k),"146,805.1",23.87%,13.85m (6.7k),"6,672.5",0,6,1,Stonehill,Paladin,Holy,280,Healer,51.61m (25.0k),"24,868.2",4.04%,167.39m (81.0k),"80,665.3",0,4,3
BudoBoy07,Magisters' Terrace,19,9:21,2026-05-04 18:07,0,0,Holy Paladin: Crowd Dispersal (3:36),Augmentation Evoker: Arcane Residue (4:05),Augmentation Evoker: Ignition (5:01),Devastation Evoker: Pyroblast (5:50),,,,,,,,,,,,,,,,,Fatmonka,Monk,Brewmaster,281,Tank,29.72m (53.0k),"52,908.6",13.21%,17.88m (31.9k),"31,831.8",0,0,0,Powerpegging,Evoker,Augmentation,283,DPS,57.77m (103.0k),"102,861.7",25.68%,3.51m (6.3k),"6,250.3",2,1,0,Crimson,Death Knight,Unholy,281,DPS,65.07m (116.0k),"115,857.0",28.93%,2.74m (4.9k),"4,883.8",0,3,1,Dragetid,Evoker,Devastation,282,DPS,64.88m (115.7k),"115,516.2",28.84%,2.53m (4.5k),"4,504.3",1,1,0,Stonehill,Paladin,Holy,280,Healer,7.50m (13.4k),"13,345.2",3.33%,25.79m (46.0k),"45,912.9",1,1,0
BudoBoy07,Magisters' Terrace,20,4:38,2026-05-04 17:57,0,0,Holy Paladin: Crowd Dispersal (4:01),Unholy Death Knight: Crowd Dispersal (4:01),Devastation Evoker: Holy Fire (4:18),Augmentation Evoker: Arcane Beam (4:20),Brewmaster Monk: Arcane Bolt (4:36),,,,,,,,,,,,,,,,Nderbek,Monk,Brewmaster,283,Tank,27.88m (100.3k),"99,994.1",14.93%,19.41m (69.8k),"69,597.8",1,1,0,Powerpegging,Evoker,Augmentation,283,DPS,53.49m (192.4k),"191,831.4",28.65%,2.90m (10.4k),"10,413.2",1,2,0,Crimson,Death Knight,Unholy,281,DPS,53.61m (192.8k),"192,241.8",28.71%,1.58m (5.7k),"5,658.2",1,1,1,Dragetid,Evoker,Devastation,282,DPS,45.56m (163.9k),"163,403.1",24.40%,2.07m (7.4k),"7,415.4",1,1,0,Stonehill,Paladin,Holy,280,Healer,6.17m (22.2k),"22,111.9",3.30%,16.70m (60.1k),"59,885.3",1,1,1
BudoBoy07,Magisters' Terrace,21,34:01,2026-05-04 14:06,0,0,Retribution Paladin: Astral Grasp (26:06),Discipline Priest: Entropy Orb (33:05),Retribution Paladin: Entropy Orb (33:08),Brewmaster Monk: Entropy Orb (33:37),Unholy Death Knight: Void Destruction (33:39),Discipline Priest: Devouring Entropy (33:46),Augmentation Evoker: Devouring Entropy (33:47),Retribution Paladin: Devouring Entropy (33:49),Brewmaster Monk: Hulking Fragment (34:01),,,,,,,,,,,,Surtakm,Monk,Brewmaster,283,Tank,204.96m (100.4k),"100,398.0",13.99%,126.20m (61.8k),"61,816.4",2,7,2,Powerpegging,Evoker,Augmentation,283,DPS,388.72m (190.5k),"190,411.7",26.52%,22.85m (11.2k),"11,193.5",1,6,3,Prøsexteme,Death Knight,Unholy,284,DPS,438.87m (215.0k),"214,979.4",29.95%,8.00m (3.9k),"3,918.5",1,7,0,Lopalas,Paladin,Retribution,282,DPS,389.64m (190.9k),"190,864.8",26.59%,18.18m (8.9k),"8,907.3",3,6,3,Anony,Priest,Discipline,281,Healer,43.36m (21.2k),"21,241.3",2.96%,221.17m (108.4k),"108,340.7",2,5,4
BudoBoy07,Maisara Caverns,20,30:47,2026-05-04 13:14,1,4,Augmentation Evoker: Shrink (6:10),Discipline Priest: Deathgorged Vessel (27:07),Devourer Demon Hunter: Volatile Essence (29:15),,,,,,,,,,,,,,,,,,Surtakm,Monk,Brewmaster,283,Tank,167.25m (90.6k),"92,387.6",13.38%,118.67m (64.3k),"65,553.6",0,6,4,Powerpegging,Evoker,Augmentation,283,DPS,332.67m (180.1k),"183,770.8",26.62%,17.66m (9.6k),"9,755.6",1,5,3,Xlepa,Death Knight,Unholy,282,DPS,356.43m (193.0k),"196,893.1",28.52%,13.53m (7.3k),"7,472.0",0,6,4,Mksdh,Demon Hunter,Devourer,281,DPS,353.10m (191.2k),"195,056.0",28.25%,14.76m (8.0k),"8,152.2",1,7,0,Anony,Priest,Discipline,281,Healer,40.40m (21.9k),"22,317.8",3.23%,178.57m (96.7k),"98,645.3",1,3,3
BudoBoy07,Algeth'ar Academy,20,30:25,2026-05-04 12:27,1,5,Brewmaster Monk: Overpowering Gust (11:57),,,,,,,,,,,,,,,,,,,,Surtakm,Monk,Brewmaster,283,Tank,158.99m (87.1k),"87,414.2",13.14%,94.15m (51.6k),"51,762.5",1,5,2,Powerpegging,Evoker,Augmentation,283,DPS,316.06m (173.2k),"173,770.5",26.11%,16.99m (9.3k),"9,340.3",0,5,2,Xlepa,Death Knight,Unholy,282,DPS,332.64m (182.3k),"182,887.7",27.48%,9.20m (5.0k),"5,057.2",0,5,1,Mksdh,Demon Hunter,Devourer,281,DPS,362.23m (198.5k),"199,153.1",29.93%,9.53m (5.2k),"5,239.6",0,7,0,Anony,Priest,Discipline,281,Healer,40.48m (22.2k),"22,256.2",3.34%,166.07m (91.0k),"91,306.1",0,3,3
BudoBoy07,Windrunner Spire,20,8:06,2026-05-04 12:02,0,0,Devourer Demon Hunter: Ignited Embers (6:22),Devourer Demon Hunter: Flaming Twisters (7:34),Brewmaster Monk: Ignited Embers (7:55),Unholy Death Knight: Searing Beak (7:58),Restoration Druid: Ignited Embers (7:59),Augmentation Evoker: Melee (8:06),,,,,,,,,,,,,,,Lululasticôt,Monk,Brewmaster,282,Tank,51.61m (106.2k),"106,108.9",12.40%,34.60m (71.2k),"71,126.4",1,1,0,Powerpegging,Evoker,Augmentation,283,DPS,112.16m (230.8k),"230,584.3",26.94%,6.76m (13.9k),"13,897.3",1,3,1,Icebringerx,Death Knight,Unholy,283,DPS,143.55m (295.4k),"295,130.4",34.48%,5.37m (11.0k),"11,046.0",1,2,1,Testobooster,Demon Hunter,Devourer,282,DPS,105.76m (217.6k),"217,421.1",25.40%,5.11m (10.5k),"10,509.3",2,2,1,Ízanágí,Druid,Restoration,283,Healer,3.29m (6.8k),"6,762.4",0.79%,56.88m (117.0k),"116,936.8",1,2,0
BudoBoy07,The Seat of the Triumvirate,19,33:11,2026-05-03 23:53,1,0,Elemental Shaman: Dirge of Despair (29:31),Retribution Paladin: Dirge of Despair (29:33),,,,,,,,,,,,,,,,,,,Snez,Monk,Brewmaster,280,Tank,155.22m (78.0k),"78,808.3",13.86%,113.82m (57.2k),"57,786.5",0,5,1,Powerpegging,Evoker,Augmentation,283,DPS,314.01m (157.7k),"159,429.1",28.03%,22.58m (11.3k),"11,464.4",0,4,4,Djgham,Paladin,Retribution,281,DPS,302.50m (151.9k),"153,582.9",27.01%,14.01m (7.0k),"7,111.9",1,7,2,Ayéfinezerbe,Shaman,Elemental,281,DPS,305.06m (153.2k),"154,882.4",27.24%,10.51m (5.3k),"5,334.6",1,5,4,Фехо,Priest,Discipline,282,Healer,41.33m (20.8k),"20,985.1",3.69%,216.04m (108.5k),"109,686.2",0,2,4
BudoBoy07,The Seat of the Triumvirate,19,34:03,2026-05-03 23:14,0,0,Discipline Priest: Backstab (11:58),Discipline Priest: Void Expulsion (12:04),Elemental Shaman: Shadow Pounce (16:00),Elemental Shaman: Umbral Waves (23:25),Elemental Shaman: Melee (23:56),Discipline Priest: Discordant Beam (31:37),Discipline Priest: Dirge of Despair (32:55),Augmentation Evoker: Dirge of Despair (32:55),Elemental Shaman: Dirge of Despair (32:55),Retribution Paladin: Dirge of Despair (32:57),Brewmaster Monk: Dirge of Despair (33:01),Augmentation Evoker: Melee (33:26),Augmentation Evoker: Void Slam (33:40),Discipline Priest: Eruption (33:43),,,,,,,Snez,Monk,Brewmaster,280,Tank,156.73m (76.7k),"76,686.2",14.05%,119.57m (58.5k),"58,506.6",1,6,0,Powerpegging,Evoker,Augmentation,283,DPS,306.67m (150.1k),"150,052.4",27.48%,22.35m (10.9k),"10,937.2",3,4,2,Djgham,Paladin,Retribution,281,DPS,309.26m (151.4k),"151,319.8",27.71%,14.01m (6.9k),"6,856.8",1,6,2,Ayéfinezerbe,Shaman,Elemental,281,DPS,300.07m (146.9k),"146,826.1",26.89%,11.10m (5.4k),"5,429.1",4,5,3,Фехо,Priest,Discipline,282,Healer,40.05m (19.6k),"19,595.3",3.59%,204.40m (100.0k),"100,010.8",5,3,2
BudoBoy07,UNKNOWN AREA,19,6:28,2026-05-03 23:08,,0,Powerpegging: Unstable Entrance (0:23),Discipline Priest: Void Storm (0:52),Retribution Paladin: Void Storm (0:54),Elemental Shaman: Void Storm (0:55),Brewmaster Monk: Void Storm (0:56),,,,,,,,,,,,,,,,Snez,Monk,Brewmaster,280,Tank,2.34m (6.0k),"6,027.0",18.62%,1.71m (4.4k),"4,398.3",1,0,0,Djgham,Paladin,Retribution,281,DPS,3.26m (8.4k),"8,387.5",25.94%,715.7k (1.8k),"1,843.3",1,1,0,Ayéfinezerbe,Shaman,Elemental,281,DPS,5.95m (15.3k),"15,312.2",47.35%,410.2k (1.1k),"1,056.5",1,1,0,Фехо,Priest,Discipline,282,Healer,973.7k (2.5k),"2,507.7",7.75%,7.07m (18.2k),"18,209.7",1,0,0,,,,,,,,,,,,,
BudoBoy07,The Seat of the Triumvirate,19,25:47,2026-05-03 22:42,0,0,Retribution Paladin: Mass Void Infusion (24:12),Retribution Paladin: Umbral Waves (24:30),,,,,,,,,,,,,,,,,,,Snez,Monk,Brewmaster,280,Tank,129.85m (83.9k),"83,922.8",13.73%,101.16m (65.4k),"65,384.7",0,4,1,Powerpegging,Evoker,Augmentation,283,DPS,250.49m (161.9k),"161,898.0",26.48%,16.18m (10.5k),"10,458.8",0,4,2,Djgham,Paladin,Retribution,281,DPS,275.52m (178.1k),"178,073.4",29.12%,11.58m (7.5k),"7,485.4",2,5,2,Ayéfinezerbe,Shaman,Elemental,281,DPS,253.22m (163.7k),"163,661.3",26.77%,7.94m (5.1k),"5,129.1",0,4,1,Фехо,Priest,Discipline,282,Healer,34.20m (22.1k),"22,102.2",3.61%,169.98m (109.9k),"109,859.9",0,1,2
BudoBoy07,The Seat of the Triumvirate,20,10:11,2026-05-03 22:19,0,0,Enhancement Shaman: Chains of Subjugation (0:24),Retribution Paladin: Leeching Void (0:36),Retribution Paladin: Backstab (8:50),Augmentation Evoker: Backstab (9:33),,,,,,,,,,,,,,,,,Gibass,Monk,Brewmaster,283,Tank,64.48m (105.5k),"105,431.2",14.26%,66.08m (108.2k),"108,047.1",0,2,2,Powerpegging,Evoker,Augmentation,283,DPS,134.94m (220.9k),"220,647.2",29.85%,6.93m (11.3k),"11,339.3",1,3,1,Palissou,Paladin,Retribution,283,DPS,130.01m (212.8k),"212,596.5",28.76%,3.77m (6.2k),"6,171.1",2,2,1,Bigshock,Shaman,Enhancement,284,DPS,115.71m (189.4k),"189,199.6",25.60%,3.02m (4.9k),"4,939.4",1,2,1,Piñaclo,Druid,Restoration,281,Healer,6.93m (11.3k),"11,328.4",1.53%,75.50m (123.6k),"123,448.6",0,2,1
BudoBoy07,Magisters' Terrace,20,33:12,2026-05-03 20:26,1,14,Augmentation Evoker: Runic Glaive (11:47),Mistweaver Monk: Void Secretions (26:02),Augmentation Evoker: Devouring Entropy (29:46),,,,,,,,,,,,,,,,,,Sunparrot,Monk,Brewmaster,279,Tank,171.48m (86.1k),"87,667.6",12.38%,110.60m (55.5k),"56,542.4",0,6,5,Powerpegging,Evoker,Augmentation,283,DPS,348.27m (174.8k),"178,049.3",25.15%,22.53m (11.3k),"11,516.3",2,3,8,Inthebag,Death Knight,Unholy,283,DPS,376.53m (189.0k),"192,501.6",27.19%,13.12m (6.6k),"6,708.6",0,6,5,Jotarô,Warlock,Demonology,283,DPS,407.79m (204.7k),"208,478.9",29.45%,24.95m (12.5k),"12,754.7",0,6,14,Karmatcha,Monk,Mistweaver,283,Healer,80.58m (40.5k),"41,193.9",5.82%,208.13m (104.5k),"106,405.0",1,6,3
BudoBoy07,Pit of Saron,19,27:43,2026-05-03 19:43,1,0,Survival Hunter: Eye's Oblivion (13:55),,,,,,,,,,,,,,,,,,,,Sunparrot,Monk,Brewmaster,279,Tank,158.32m (95.2k),"95,556.7",14.18%,133.20m (80.1k),"80,395.3",0,4,0,Powerpegging,Evoker,Augmentation,283,DPS,308.48m (185.5k),"186,190.0",27.63%,20.07m (12.1k),"12,110.9",0,5,1,Rudolph,Death Knight,Unholy,282,DPS,326.84m (196.5k),"197,275.9",29.28%,13.11m (7.9k),"7,916.0",0,5,0,Mangomacka,Hunter,Survival,282,DPS,277.83m (167.1k),"167,694.7",24.89%,1.64m (986.2),987.1,1,5,1,Bronster,Shaman,Restoration,281,Healer,44.87m (27.0k),"27,080.3",4.02%,139.82m (84.1k),"84,390.9",0,5,1
BudoBoy07,Pit of Saron,20,26:02,2026-05-03 19:09,0,0,Unholy Death Knight: Ice Bolt (21:15),Devourer Demon Hunter: Ice Chunk (24:35),Augmentation Evoker: Permeating Cold (24:41),,,,,,,,,,,,,,,,,,Sunparrot,Monk,Brewmaster,279,Tank,150.44m (96.3k),"96,301.5",12.89%,127.08m (81.4k),"81,344.7",0,4,0,Powerpegging,Evoker,Augmentation,283,DPS,306.68m (196.3k),"196,316.6",26.28%,16.87m (10.8k),"10,796.6",1,5,2,Ashendrä,Death Knight,Unholy,283,DPS,303.25m (194.1k),"194,121.5",25.99%,9.08m (5.8k),"5,811.6",1,5,2,Yamaldh,Demon Hunter,Devourer,282,DPS,330.68m (211.7k),"211,677.3",28.34%,12.96m (8.3k),"8,295.3",1,6,2,Mengenyx,Monk,Mistweaver,279,Healer,75.80m (48.5k),"48,522.2",6.50%,163.63m (104.8k),"104,745.6",0,2,2
BudoBoy07,Skyreach,19,26:36,2026-05-03 18:34,1,0,Mistweaver Monk: Wind Chakram (5:26),Augmentation Evoker:  (25:54),,,,,,,,,,,,,,,,,,,Sunparrot,Monk,Brewmaster,279,Tank,113.01m (70.8k),"71,743.5",13.77%,89.77m (56.2k),"56,990.2",0,3,0,Powerpegging,Evoker,Augmentation,283,DPS,223.53m (140.1k),"141,910.4",27.24%,14.11m (8.8k),"8,957.1",1,5,1,Ashendrä,Death Knight,Unholy,283,DPS,221.04m (138.5k),"140,331.3",26.94%,9.32m (5.8k),"5,918.8",0,4,2,Nubidubi,Mage,Frost,283,DPS,208.68m (130.8k),"132,484.6",25.43%,11.20m (7.0k),"7,108.8",0,5,1,Mengenyx,Monk,Mistweaver,279,Healer,54.20m (34.0k),"34,409.5",6.61%,154.59m (96.9k),"98,144.9",1,2,2
BudoBoy07,Skyreach,19,19:47,2026-05-03 16:13,0,0,Retribution Paladin: Coalesced Wind (5:43),Augmentation Evoker:  (18:00),Survival Hunter:  (18:14),Protection Warrior: Fiery Talon (19:19),Retribution Paladin: Fiery Talon (19:21),Augmentation Evoker: Blade Rush (19:32),Survival Hunter: Melee (19:32),Mistweaver Monk: Melee (19:33),,,,,,,,,,,,,Bigvick,Warrior,Protection,283,Tank,78.68m (66.3k),"66,270.6",13.42%,35.65m (30.0k),"30,027.1",1,2,1,Powerpegging,Evoker,Augmentation,283,DPS,151.98m (128.0k),"128,000.4",25.92%,12.66m (10.7k),"10,664.4",2,4,3,Nomzingeli,Hunter,Survival,282,DPS,163.21m (137.5k),"137,459.1",27.84%,1.49m (1.3k),"1,255.8",2,0,2,Jigé,Paladin,Retribution,283,DPS,152.02m (128.1k),"128,037.7",25.93%,9.15m (7.7k),"7,703.4",2,4,2,Lovechiburst,Monk,Mistweaver,282,Healer,40.39m (34.0k),"34,022.0",6.89%,121.59m (102.4k),"102,410.4",1,0,0
BudoBoy07,Skyreach,19,16:18,2026-05-03 15:49,0,0,Outlaw Rogue: Blade Rush (0:56),Mistweaver Monk: Melee (6:36),Mistweaver Monk: Searing Quills (15:22),Outlaw Rogue: Sunbreak (15:39),Mistweaver Monk: Burning Pursuit (15:52),Outlaw Rogue: Burning Pursuit (16:07),Augmentation Evoker: Burning Pursuit (16:09),Protection Warrior: Burning Pursuit (16:13),Unholy Death Knight:  (16:17),,,,,,,,,,,,Bigvick,Warrior,Protection,283,Tank,69.68m (71.2k),"71,237.7",13.20%,27.18m (27.8k),"27,784.4",1,2,1,Powerpegging,Evoker,Augmentation,283,DPS,133.24m (136.2k),"136,222.9",25.25%,9.41m (9.6k),"9,621.4",1,3,0,Rampagerush,Death Knight,Unholy,282,DPS,163.62m (167.3k),"167,280.3",31.00%,6.47m (6.6k),"6,613.2",1,3,0,Famous,Rogue,Outlaw,279,DPS,130.90m (133.8k),"133,828.3",24.80%,3.69m (3.8k),"3,774.9",3,3,1,Lovechiburst,Monk,Mistweaver,282,Healer,30.34m (31.0k),"31,015.1",5.75%,100.21m (102.5k),"102,456.2",3,1,1
BudoBoy07,Nexus-Point Xenas,20,30:48,2026-05-03 15:01,0,0,Restoration Shaman: Leyline Array (6:08),Augmentation Evoker: Dreadbellow (11:52),,,,,,,,,,,,,,,,,,,Gazover,Monk,Brewmaster,283,Tank,152.71m (82.6k),"83,591.8",14.00%,136.27m (73.7k),"74,596.1",0,7,3,Powerpegging,Evoker,Augmentation,283,DPS,299.67m (162.2k),"164,042.7",27.47%,19.85m (10.7k),"10,866.4",1,4,5,Autismbreath,Death Knight,Unholy,283,DPS,309.58m (167.5k),"169,467.2",28.38%,8.85m (4.8k),"4,846.4",0,5,3,Ciniá,Paladin,Retribution,283,DPS,296.59m (160.5k),"162,356.0",27.19%,14.39m (7.8k),"7,876.0",0,5,2,Донгелыч,Shaman,Restoration,282,Healer,32.41m (17.5k),"17,741.1",2.97%,148.12m (80.2k),"81,082.7",1,6,1
BudoBoy07,Magisters' Terrace,19,32:41,2026-05-03 13:53,1,0,Holy Paladin: Arcane Expulsion (5:44),Holy Paladin: Runic Glaive (9:34),Devourer Demon Hunter: Runic Glaive (9:38),Holy Paladin: Dimensional Shred (19:09),Brewmaster Monk: Melee (19:22),Demonology Warlock: Melee (19:35),Holy Paladin: Devouring Strike (19:40),,,,,,,,,,,,,,Elíîmo,Monk,Brewmaster,282,Tank,185.83m (94.8k),"99,635.1",15.01%,129.32m (65.9k),"69,334.7",1,3,3,Powerpegging,Evoker,Augmentation,283,DPS,294.55m (150.2k),"157,927.9",23.79%,17.21m (8.8k),"9,229.5",0,5,3,Dragun,Demon Hunter,Devourer,282,DPS,306.51m (156.3k),"164,339.5",24.75%,18.62m (9.5k),"9,983.9",1,7,0,Durbesa,Warlock,Demonology,283,DPS,398.82m (203.4k),"213,833.8",32.21%,17.79m (9.1k),"9,535.9",1,6,13,Stonehill,Paladin,Holy,280,Healer,52.47m (26.8k),"28,131.4",4.24%,129.09m (65.8k),"69,215.0",4,5,3
BudoBoy07,Windrunner Spire,19,33:08,2026-05-02 13:48,1,0,Shadow Priest: Flaming Twisters (6:41),Guardian Druid: Melee (20:18),Mistweaver Monk: Melee (20:19),Guardian Druid: Billowing Wind (30:59),,,,,,,,,,,,,,,,,Stkk,Druid,Guardian,280,Tank,177.66m (89.4k),"91,762.0",16.29%,103.19m (51.9k),"53,295.8",2,7,5,Powerpegging,Evoker,Augmentation,283,DPS,284.32m (143.0k),"146,853.6",26.07%,19.51m (9.8k),"10,079.3",0,4,2,Урсосок,Death Knight,Frost,280,DPS,279.98m (140.8k),"144,609.7",25.67%,15.02m (7.6k),"7,755.5",0,7,2,Shadowmagor,Priest,Shadow,282,DPS,277.04m (139.4k),"143,092.0",25.40%,25.59m (12.9k),"13,215.2",1,6,4,Shilu,Monk,Mistweaver,282,Healer,71.55m (36.0k),"36,958.2",6.56%,196.40m (98.8k),"101,444.4",1,1,0
BudoBoy07,Windrunner Spire,20,4:16,2026-05-02 13:33,0,0,Survival Hunter: Fire Spit (2:04),Brewmaster Monk: Melee (4:06),Elemental Shaman: Melee (4:07),Restoration Druid: Poison Spray (4:10),Survival Hunter: Puncturing Bite (4:11),Augmentation Evoker: Ferocious Pounce (4:16),,,,,,,,,,,,,,,Jóy,Monk,Brewmaster,283,Tank,40.81m (159.4k),"158,811.3",16.08%,24.80m (96.9k),"96,498.4",1,1,0,Powerpegging,Evoker,Augmentation,283,DPS,69.56m (271.7k),"270,684.5",27.40%,4.56m (17.8k),"17,760.3",1,1,1,Huntyoursoul,Hunter,Survival,282,DPS,68.30m (266.8k),"265,786.2",26.91%,870.4k (3.4k),"3,387.0",2,1,0,Toxicage,Shaman,Elemental,283,DPS,73.00m (285.2k),"284,085.1",28.76%,1.54m (6.0k),"5,981.7",1,1,1,Flexdudu,Druid,Restoration,282,Healer,2.16m (8.4k),"8,416.0",0.85%,31.04m (121.2k),"120,800.2",1,1,0
BudoBoy07,Maisara Caverns,19,30:50,2026-05-02 12:57,1,0,Survival Hunter: Fetid Quillstorm (11:03),Restoration Druid: Frost Nova (18:31),Augmentation Evoker: Crush Souls (27:57),,,,,,,,,,,,,,,,,,Jóy,Monk,Brewmaster,283,Tank,183.35m (99.1k),"101,072.5",15.70%,135.34m (73.2k),"74,606.4",0,4,2,Powerpegging,Evoker,Augmentation,283,DPS,321.41m (173.7k),"177,175.8",27.52%,20.74m (11.2k),"11,431.6",1,6,2,Huntyoursoul,Hunter,Survival,282,DPS,310.45m (167.8k),"171,133.7",26.58%,7.82m (4.2k),"4,311.2",1,6,3,Toxicage,Shaman,Elemental,283,DPS,328.80m (177.7k),"181,253.2",28.16%,10.01m (5.4k),"5,520.4",0,6,1,Flexdudu,Druid,Restoration,282,Healer,23.77m (12.8k),"13,105.0",2.04%,187.83m (101.5k),"103,539.5",1,2,0
BudoBoy07,Maisara Caverns,19,9:00,2026-05-02 12:48,0,0,Restoration Druid: Throw Spear (7:23),,,,,,,,,,,,,,,,,,,,Jóy,Monk,Brewmaster,283,Tank,65.42m (121.1k),"120,989.6",16.63%,48.48m (89.8k),"89,661.1",0,2,1,Powerpegging,Evoker,Augmentation,283,DPS,108.27m (200.5k),"200,255.8",27.53%,3.88m (7.2k),"7,173.9",0,3,0,Huntyoursoul,Hunter,Survival,282,DPS,110.24m (204.1k),"203,892.1",28.03%,1.22m (2.3k),"2,250.9",0,2,0,Toxicage,Shaman,Elemental,283,DPS,103.78m (192.2k),"191,943.5",26.39%,1.98m (3.7k),"3,666.9",0,3,0,Flexdudu,Druid,Restoration,282,Healer,5.61m (10.4k),"10,381.8",1.43%,46.63m (86.4k),"86,241.1",1,0,1
BudoBoy07,Maisara Caverns,20,21:13,2026-05-02 12:13,0,0,Devourer Demon Hunter: Throw Spear (1:24),Unholy Death Knight: Fetid Quillstorm (10:29),Brewmaster Monk: Dread Slash (20:50),Unholy Death Knight: Melee (20:51),Devourer Demon Hunter: Melee (21:12),,,,,,,,,,,,,,,,Ryujin,Monk,Brewmaster,282,Tank,129.64m (101.8k),"101,821.1",12.54%,106.08m (83.3k),"83,317.5",1,2,0,Powerpegging,Evoker,Augmentation,283,DPS,258.70m (203.2k),"203,189.5",25.02%,10.40m (8.2k),"8,166.7",0,3,0,Tinzza,Death Knight,Unholy,283,DPS,304.01m (238.8k),"238,779.4",29.40%,7.86m (6.2k),"6,170.0",2,4,1,Akadh,Demon Hunter,Devourer,284,DPS,282.35m (221.8k),"221,763.2",27.31%,6.90m (5.4k),"5,417.7",2,4,1,Healmechiji,Monk,Mistweaver,282,Healer,59.16m (46.5k),"46,463.4",5.72%,124.21m (97.6k),"97,553.6",0,1,0
BudoBoy07,Magisters' Terrace,13,32:00,2026-05-01 22:30,1,0,Preservation Evoker: Arcane Bolt (8:35),Arms Warrior: Feedback (12:08),Marksmanship Hunter: Feedback (12:08),Protection Paladin: Hulking Fragment (25:37),Marksmanship Hunter: Entropy Blast (25:42),Arms Warrior: Entropy Blast (25:44),Preservation Evoker: Devouring Entropy (25:46),Havoc Demon Hunter: Void Destruction (25:50),Protection Paladin: Stygian Ichor (25:55),,,,,,,,,,,,Holystub,Paladin,Protection,278,Tank,140.38m (73.1k),"78,254.0",18.42%,62.35m (32.5k),"34,755.0",2,0,0,Powerpegging,Evoker,Preservation,283,Healer,43.16m (22.5k),"24,061.0",5.66%,122.75m (63.9k),"68,425.0",2,0,1,Johncenä,Demon Hunter,Havoc,268,DPS,175.83m (91.6k),"98,012.3",23.08%,14.17m (7.4k),"7,896.0",1,6,1,Slimslong,Hunter,Marksmanship,281,DPS,198.76m (103.5k),"110,795.3",26.09%,8.13m (4.2k),"4,533.4",2,3,1,Solîd,Warrior,Arms,283,DPS,203.79m (106.1k),"113,597.5",26.75%,11.63m (6.1k),"6,481.6",2,2,0
BudoBoy07,Skyreach,13,22:02,2026-05-01 21:55,1,0,Protection Paladin:  (14:04),,,,,,,,,,,,,,,,,,,,Holystub,Paladin,Protection,277,Tank,84.94m (64.3k),"64,535.2",18.23%,46.59m (35.2k),"35,398.3",1,0,0,Powerpegging,Evoker,Preservation,283,Healer,26.80m (20.3k),"20,366.1",5.75%,85.54m (64.7k),"64,992.6",0,0,0,Johncenä,Demon Hunter,Havoc,267,DPS,104.32m (78.9k),"79,259.7",22.39%,6.89m (5.2k),"5,232.5",0,5,2,Slimslong,Hunter,Marksmanship,280,DPS,125.15m (94.7k),"95,087.2",26.86%,3.66m (2.8k),"2,781.9",0,2,1,Psaíko,Shaman,Elemental,276,DPS,124.79m (94.4k),"94,815.8",26.78%,3.13m (2.4k),"2,379.6",0,4,2
BudoBoy07,Pit of Saron,14,32:47,2026-05-01 21:15,0,0,Protection Paladin: Frostbane Slash (7:48),Marksmanship Hunter: Melee (7:49),Havoc Demon Hunter: Frostbane Slash (8:02),Elemental Shaman: Frostbane Slash (8:17),Elemental Shaman: Ore Chunks (10:45),Havoc Demon Hunter: Ore Chunks (12:08),Preservation Evoker: Siphoning Chill (12:21),Elemental Shaman: Cryostomp (12:24),Protection Paladin: Siphoning Chill (12:33),Marksmanship Hunter: Siphoning Chill (12:45),,,,,,,,,,,Holystub,Paladin,Protection,277,Tank,131.20m (66.7k),"71,827.3",18.13%,61.31m (31.2k),"33,567.2",2,0,0,Powerpegging,Evoker,Preservation,283,Healer,41.46m (21.1k),"22,699.0",5.73%,123.91m (63.0k),"67,835.1",1,0,2,Johncenä,Demon Hunter,Havoc,267,DPS,144.99m (73.7k),"79,377.9",20.03%,12.07m (6.1k),"6,607.5",2,3,2,Slimslong,Hunter,Marksmanship,280,DPS,194.15m (98.7k),"106,287.1",26.83%,5.69m (2.9k),"3,117.7",2,1,1,Nikkie,Shaman,Elemental,282,DPS,211.93m (107.7k),"116,022.8",29.28%,8.33m (4.2k),"4,558.2",3,1,1
BudoBoy07,Magisters' Terrace,19,32:34,2026-05-01 18:14,1,0,,,,,,,,,,,,,,,,,,,,,Werzwar,Warrior,Protection,282,Tank,196.49m (100.6k),"100,103.3",15.75%,67.95m (34.8k),"34,616.6",0,0,0,Powerpegging,Evoker,Augmentation,283,DPS,337.91m (172.9k),"172,149.4",27.09%,19.33m (9.9k),"9,848.5",0,4,3,Ibrawrath,Druid,Balance,283,DPS,332.78m (170.3k),"169,538.2",26.68%,7.22m (3.7k),"3,676.4",0,6,1,Fexe,Paladin,Retribution,283,DPS,336.92m (172.4k),"171,645.1",27.01%,12.07m (6.2k),"6,147.5",0,4,0,Kaoruu,Priest,Discipline,280,Healer,43.13m (22.1k),"21,970.7",3.46%,190.86m (97.7k),"97,235.1",0,6,4
BudoBoy07,Magisters' Terrace,19,13:01,2026-05-01 17:53,0,0,Retribution Paladin: Holy Fire (4:17),Balance Druid: Melee (12:07),Balance Druid: Arcane Bolt (12:52),Retribution Paladin: Arcane Bolt (12:54),,,,,,,,,,,,,,,,,Рифуци,Monk,Brewmaster,284,Tank,79.58m (101.9k),"101,884.7",16.35%,45.88m (58.7k),"58,741.0",0,2,1,Powerpegging,Evoker,Augmentation,283,DPS,138.32m (177.1k),"177,078.2",28.42%,7.84m (10.0k),"10,036.6",0,2,1,Ibrawrath,Druid,Balance,283,DPS,131.11m (167.9k),"167,847.8",26.94%,2.05m (2.6k),"2,622.1",2,4,0,Fexe,Paladin,Retribution,283,DPS,121.57m (155.7k),"155,638.9",24.98%,3.95m (5.1k),"5,060.2",2,2,0,Kaoruu,Priest,Discipline,280,Healer,16.18m (20.7k),"20,713.6",3.32%,73.09m (93.6k),"93,571.6",0,3,1
BudoBoy07,Nexus-Point Xenas,19,28:26,2026-05-01 15:08,1,0,Survival Hunter: Burning Radiance (22:59),,,,,,,,,,,,,,,,,,,,Shïfu,Monk,Brewmaster,282,Tank,139.71m (81.9k),"82,193.2",14.09%,119.28m (69.9k),"70,178.3",0,7,3,Powerpegging,Evoker,Augmentation,283,DPS,271.30m (159.0k),"159,613.6",27.35%,15.19m (8.9k),"8,937.7",0,4,2,Rélìums,Hunter,Survival,283,DPS,278.34m (163.2k),"163,753.7",28.06%,8.57m (5.0k),"5,039.9",1,5,3,Kloudz,Paladin,Retribution,282,DPS,269.05m (157.7k),"158,293.6",27.12%,11.14m (6.5k),"6,554.9",0,5,2,Lillsha,Shaman,Restoration,283,Healer,33.50m (19.6k),"19,708.7",3.38%,138.88m (81.4k),"81,706.7",0,0,1
BudoBoy07,Nexus-Point Xenas,19,29:52,2026-05-01 14:26,0,0,Restoration Shaman: Erratic Zap (6:46),Assassination Rogue: Blistering Smite (23:31),Assassination Rogue: Burning Radiance (28:50),Augmentation Evoker: Burning Radiance (28:50),Restoration Shaman: Holy Bolt (29:01),Retribution Paladin:  (29:10),Brewmaster Monk: Brilliant Dispersion (29:11),,,,,,,,,,,,,,Shïfu,Monk,Brewmaster,282,Tank,136.73m (76.3k),"76,288.0",13.89%,108.04m (60.3k),"60,280.1",1,6,2,Powerpegging,Evoker,Augmentation,283,DPS,277.86m (155.1k),"155,028.1",28.23%,15.74m (8.8k),"8,779.4",1,4,3,Kloudz,Paladin,Retribution,282,DPS,276.03m (154.0k),"154,008.7",28.04%,10.54m (5.9k),"5,882.2",1,5,2,Növà,Rogue,Assassination,281,DPS,257.58m (143.7k),"143,715.1",26.17%,9.68m (5.4k),"5,402.6",2,4,4,Lillsha,Shaman,Restoration,283,Healer,36.05m (20.1k),"20,113.7",3.66%,124.80m (69.6k),"69,628.4",2,0,0
BudoBoy07,Nexus-Point Xenas,19,6:22,2026-05-01 14:20,0,0,Restoration Shaman: Arcing Mana (3:32),Assassination Rogue: Corespark Overload (3:33),Brewmaster Monk: Umbra Bolt (3:36),Retribution Paladin: Arcane Spill (3:38),Augmentation Evoker: Melee (3:40),,,,,,,,,,,,,,,,Shïfu,Monk,Brewmaster,282,Tank,24.28m (63.6k),"63,556.0",13.32%,20.67m (54.1k),"54,090.5",1,2,0,Powerpegging,Evoker,Augmentation,283,DPS,47.91m (125.4k),"125,394.6",26.28%,3.09m (8.1k),"8,097.1",1,1,1,Kloudz,Paladin,Retribution,282,DPS,50.67m (132.6k),"132,633.1",27.79%,2.01m (5.3k),"5,250.8",1,2,0,Növà,Rogue,Assassination,281,DPS,53.77m (140.8k),"140,745.6",29.49%,1.61m (4.2k),"4,216.3",1,1,1,Lillsha,Shaman,Restoration,283,Healer,5.71m (14.9k),"14,938.1",3.13%,18.10m (47.4k),"47,368.8",1,0,1
BudoBoy07,Nexus-Point Xenas,20,6:44,2026-05-01 13:58,0,0,Augmentation Evoker: Arcane Explosion (3:05),Augmentation Evoker: Arcing Mana (3:53),Devourer Demon Hunter: Reflux Charge (5:36),Unholy Death Knight: Leyline Array (6:31),Augmentation Evoker: Reflux Charge (6:38),Restoration Shaman: Leyline Array (6:42),Brewmaster Monk: Arcane Spill (6:44),,,,,,,,,,,,,,Xiaobaoo,Monk,Brewmaster,283,Tank,40.03m (99.1k),"98,883.2",15.21%,35.09m (86.9k),"86,672.1",1,2,1,Powerpegging,Evoker,Augmentation,283,DPS,60.23m (149.1k),"148,759.0",22.89%,5.73m (14.2k),"14,158.4",3,1,1,Arasildk,Death Knight,Unholy,281,DPS,80.16m (198.4k),"197,988.1",30.46%,5.31m (13.1k),"13,122.5",1,1,2,Faexd,Demon Hunter,Devourer,282,DPS,73.95m (183.0k),"182,652.4",28.10%,3.06m (7.6k),"7,550.6",1,2,1,Kurahi,Shaman,Restoration,281,Healer,8.80m (21.8k),"21,729.3",3.34%,36.20m (89.6k),"89,420.1",1,1,1
BudoBoy07,Skyreach,19,26:58,2026-05-01 12:45,1,0,Elemental Shaman: Defensive Protocol (9:31),,,,,,,,,,,,,,,,,,,,Blabrew,Monk,Brewmaster,282,Tank,118.91m (73.5k),"73,772.0",14.18%,98.64m (61.0k),"61,200.3",0,0,0,Powerpegging,Evoker,Augmentation,283,DPS,211.68m (130.8k),"131,334.4",25.25%,15.88m (9.8k),"9,853.4",0,3,3,Ungfoddufter,Paladin,Retribution,283,DPS,222.24m (137.4k),"137,884.7",26.51%,13.34m (8.2k),"8,277.6",0,7,3,Inflames,Shaman,Elemental,282,DPS,235.68m (145.7k),"146,218.7",28.11%,4.29m (2.7k),"2,660.5",1,5,0,Coxdestroyer,Evoker,Preservation,282,Healer,49.87m (30.8k),"30,943.1",5.95%,164.39m (101.6k),"101,994.0",0,5,1
BudoBoy07,Magisters' Terrace,19,34:17,2026-05-01 11:22,0,0,Unholy Death Knight: Hulking Fragment (30:15),Restoration Shaman: Entropy Orb (33:10),,,,,,,,,,,,,,,,,,,Mönchpanzer,Monk,Brewmaster,281,Tank,191.93m (93.3k),"94,308.7",14.63%,120.70m (58.7k),"59,305.5",0,7,4,Powerpegging,Evoker,Augmentation,283,DPS,336.20m (163.4k),"165,194.0",25.62%,25.50m (12.4k),"12,528.7",0,4,3,Moelijk,Death Knight,Unholy,281,DPS,369.45m (179.6k),"181,533.6",28.15%,14.78m (7.2k),"7,262.2",1,6,1,Kirrë,Paladin,Retribution,283,DPS,360.53m (175.3k),"177,149.9",27.47%,24.67m (12.0k),"12,122.4",0,6,2,Waldmöwe,Shaman,Restoration,280,Healer,54.21m (26.4k),"26,636.8",4.13%,186.17m (90.5k),"91,476.4",1,1,4
BudoBoy07,Algeth'ar Academy,18,30:25,2026-04-30 23:57,1,0,,,,,,,,,,,,,,,,,,,,,Ameeramin,Paladin,Protection,281,Tank,135.35m (74.2k),"73,810.3",13.49%,54.28m (29.7k),"29,602.8",0,5,1,Powerpegging,Evoker,Augmentation,283,DPS,263.15m (144.2k),"143,506.9",26.22%,13.52m (7.4k),"7,372.7",0,1,5,Zngolia,Druid,Feral,281,DPS,267.49m (146.6k),"145,871.0",26.65%,7.85m (4.3k),"4,282.0",0,1,4,Sydanke,Paladin,Retribution,282,DPS,265.66m (145.6k),"144,873.7",26.47%,10.02m (5.5k),"5,464.4",0,0,0,Predaks,Monk,Mistweaver,280,Healer,72.04m (39.5k),"39,285.2",7.18%,149.93m (82.2k),"81,762.3",0,0,0
BudoBoy07,The Seat of the Triumvirate,19,31:57,2026-04-30 22:33,1,22,Retribution Paladin: Umbral Waves (22:10),Devourer Demon Hunter: Dirge of Despair (27:32),,,,,,,,,,,,,,,,,,,Бычкуемся,Monk,Brewmaster,282,Tank,161.67m (84.3k),"85,264.5",14.07%,111.70m (58.3k),"58,912.9",0,6,2,Powerpegging,Evoker,Augmentation,283,DPS,305.81m (159.5k),"161,283.9",26.61%,19.79m (10.3k),"10,435.5",0,5,2,Cerinnh,Demon Hunter,Devourer,282,DPS,316.38m (165.0k),"166,859.5",27.53%,19.28m (10.1k),"10,166.2",1,6,1,Divinenugget,Paladin,Retribution,282,DPS,302.12m (157.6k),"159,340.4",26.29%,17.69m (9.2k),"9,327.5",1,6,5,Marioxd,Druid,Restoration,282,Healer,63.31m (33.0k),"33,387.9",5.51%,179.11m (93.4k),"94,461.9",0,6,0
BudoBoy07,The Seat of the Triumvirate,19,9:19,2026-04-30 22:23,0,0,Retribution Paladin: Melee (5:12),Devourer Demon Hunter: Void Slash (5:14),Restoration Druid: Dark Expulsion (5:16),Augmentation Evoker: Dark Expulsion (5:22),,,,,,,,,,,,,,,,,Pumn,Monk,Brewmaster,283,Tank,38.22m (68.4k),"68,300.5",12.03%,31.79m (56.9k),"56,818.7",0,2,1,Powerpegging,Evoker,Augmentation,283,DPS,88.43m (158.2k),"158,039.3",27.84%,4.61m (8.2k),"8,231.3",1,3,0,Cerinnh,Demon Hunter,Devourer,282,DPS,95.92m (171.6k),"171,438.4",30.20%,3.90m (7.0k),"6,971.6",1,3,0,Divinenugget,Paladin,Retribution,282,DPS,76.73m (137.3k),"137,129.0",24.16%,3.21m (5.7k),"5,737.0",1,1,1,Marioxd,Druid,Restoration,282,Healer,18.32m (32.8k),"32,741.9",5.77%,34.24m (61.3k),"61,203.1",1,1,0
BudoBoy07,The Seat of the Triumvirate,19,5:38,2026-04-30 20:41,0,0,Brewmaster Monk: Relentless Pursuit (1:11),Brewmaster Monk: Void Slash (5:30),Devourer Demon Hunter: Melee (5:32),Mistweaver Monk: Dark Expulsion (5:35),Augmentation Evoker: Dark Expulsion (5:35),Unholy Death Knight: Dark Expulsion (5:37),,,,,,,,,,,,,,,Drmoxd,Monk,Brewmaster,283,Tank,31.18m (92.2k),"92,164.4",11.83%,26.97m (79.8k),"79,698.4",2,1,0,Powerpegging,Evoker,Augmentation,283,DPS,74.86m (221.5k),"221,243.4",28.41%,3.79m (11.2k),"11,192.1",1,2,0,Shanksdk,Death Knight,Unholy,283,DPS,68.73m (203.3k),"203,145.5",26.09%,3.01m (8.9k),"8,893.3",1,2,1,Sadexcuse,Demon Hunter,Devourer,281,DPS,72.07m (213.2k),"212,999.6",27.35%,3.43m (10.1k),"10,131.7",1,1,0,Pipømønk,Monk,Mistweaver,281,Healer,16.63m (49.2k),"49,163.5",6.31%,39.20m (116.0k),"115,863.8",1,1,0
BudoBoy07,The Seat of the Triumvirate,19,6:34,2026-04-30 20:15,0,0,Brewmaster Monk: Void Slash (6:25),Retribution Paladin: Melee (6:27),Augmentation Evoker: Melee (6:30),Demonology Warlock: Melee (6:31),Restoration Shaman: Melee (6:33),,,,,,,,,,,,,,,,Zupahmonk,Monk,Brewmaster,281,Tank,39.61m (100.5k),"100,509.6",12.88%,34.83m (88.4k),"88,374.9",1,2,0,Powerpegging,Evoker,Augmentation,283,DPS,83.80m (212.7k),"212,611.3",27.26%,4.35m (11.0k),"11,035.4",1,1,2,Gnudius,Paladin,Retribution,282,DPS,87.39m (221.8k),"221,720.6",28.43%,3.41m (8.7k),"8,652.9",1,1,1,Tempestwl,Warlock,Demonology,282,DPS,88.22m (223.9k),"223,832.4",28.70%,4.25m (10.8k),"10,788.7",1,2,3,Jonnychainz,Shaman,Restoration,280,Healer,8.41m (21.3k),"21,337.3",2.74%,34.99m (88.8k),"88,788.2",1,1,0
BudoBoy07,The Seat of the Triumvirate,19,19:01,2026-04-30 19:45,0,0,Brewmaster Monk: Void Cleave (17:43),Devourer Demon Hunter: Abyssal Enhancement (18:54),Discipline Priest: Abyssal Enhancement (18:57),Augmentation Evoker: Eruption (18:58),Brewmaster Monk: Abyssal Enhancement (19:00),Unholy Death Knight: Melee (19:01),,,,,,,,,,,,,,,Lapsieam,Monk,Brewmaster,282,Tank,100.51m (88.1k),"88,032.1",13.32%,87.34m (76.5k),"76,490.7",2,3,1,Powerpegging,Evoker,Augmentation,283,DPS,213.91m (187.5k),"187,345.7",28.34%,11.27m (9.9k),"9,871.9",1,3,1,Makeouthill,Death Knight,Unholy,283,DPS,214.93m (188.4k),"188,236.3",28.47%,7.43m (6.5k),"6,508.6",1,4,1,Popelhorst,Demon Hunter,Devourer,280,DPS,196.68m (172.4k),"172,253.3",26.06%,10.38m (9.1k),"9,087.3",1,2,0,Galeonâa,Priest,Discipline,283,Healer,24.49m (21.5k),"21,444.5",3.24%,123.71m (108.4k),"108,346.1",1,3,1
BudoBoy07,The Seat of the Triumvirate,19,3:07,2026-04-30 19:37,0,0,Vengeance Demon Hunter: Relentless Pursuit (2:49),Unholy Death Knight: Melee (2:51),Mistweaver Monk: Melee (2:57),Demonology Warlock: Melee (2:59),Augmentation Evoker: Umbral Bolt (3:04),Mistweaver Monk: Melee (3:07),,,,,,,,,,,,,,,Buakawdh,Demon Hunter,Vengeance,280,Tank,20.80m (111.2k),"110,654.5",10.66%,15.79m (84.4k),"84,005.2",1,0,1,Powerpegging,Evoker,Augmentation,283,DPS,55.73m (298.0k),"296,458.3",28.56%,2.44m (13.0k),"12,959.0",1,2,0,Miyabifeetz,Death Knight,Unholy,282,DPS,59.67m (319.1k),"317,445.0",30.58%,1.13m (6.0k),"6,003.5",1,1,0,Carebone,Warlock,Demonology,281,DPS,49.52m (264.8k),"263,426.2",25.38%,1.19m (6.4k),"6,324.8",1,1,1,Pandamaru,Monk,Mistweaver,281,Healer,9.43m (50.4k),"50,157.5",4.83%,27.86m (149.0k),"148,237.0",2,1,0
BudoBoy07,The Seat of the Triumvirate,19,27:34,2026-04-30 19:06,0,0,Demonology Warlock: Umbral Bolt (1:46),Unholy Death Knight: Void Sludge (6:56),Demonology Warlock: Overload (19:35),Unholy Death Knight: Umbral Waves (23:49),Unholy Death Knight: Umbral Waves (24:03),Demonology Warlock: Mind Flay (26:01),Restoration Druid: Mind Flay (27:11),Demonology Warlock: Void Storm (27:25),Brewmaster Monk: Mind Flay (27:29),Unholy Death Knight: Void Storm (27:29),Augmentation Evoker: Void Storm (27:33),,,,,,,,,,Khanàsucre,Monk,Brewmaster,281,Tank,158.21m (95.7k),"95,627.3",16.27%,128.72m (77.8k),"77,801.0",1,4,5,Powerpegging,Evoker,Augmentation,283,DPS,270.87m (163.8k),"163,728.2",27.86%,18.92m (11.4k),"11,438.1",1,4,6,Miloy,Death Knight,Unholy,282,DPS,275.30m (166.4k),"166,402.8",28.32%,16.32m (9.9k),"9,861.6",4,5,3,Nakowl,Warlock,Demonology,282,DPS,254.26m (153.7k),"153,686.8",26.15%,11.94m (7.2k),"7,218.4",4,3,8,Datrow,Druid,Restoration,282,Healer,13.63m (8.2k),"8,236.7",1.40%,179.00m (108.2k),"108,195.6",1,4,3
BudoBoy07,The Seat of the Triumvirate,19,3:47,2026-04-30 18:37,0,0,Devourer Demon Hunter: Melee (3:26),Brewmaster Monk: Relentless Pursuit (3:30),Devourer Demon Hunter: Melee (3:45),,,,,,,,,,,,,,,,,,Reiner,Monk,Brewmaster,283,Tank,34.90m (153.7k),"153,331.6",15.36%,21.18m (93.3k),"93,036.1",1,2,0,Powerpegging,Evoker,Augmentation,283,DPS,68.18m (300.4k),"299,548.5",30.01%,2.74m (12.1k),"12,054.6",0,1,0,Skillzi,Demon Hunter,Devourer,283,DPS,63.34m (279.0k),"278,257.0",27.88%,1.39m (6.1k),"6,113.9",2,1,0,Iskolock,Warlock,Demonology,282,DPS,57.66m (254.0k),"253,304.1",25.38%,956.1k (4.2k),"4,200.2",0,1,0,Laidudu,Druid,Restoration,283,Healer,3.12m (13.7k),"13,706.5",1.37%,20.12m (88.6k),"88,385.3",0,1,1
BudoBoy07,The Seat of the Triumvirate,19,22:59,2026-04-30 17:50,0,0,Retribution Paladin: Umbral Nova (15:39),Retribution Paladin: Umbral Waves (21:44),Brewmaster Monk: Umbral Waves (22:39),Brewmaster Monk: Umbral Waves (22:42),Retribution Paladin: Melee (22:44),Augmentation Evoker: Void Infusion (22:56),Unholy Death Knight: Melee (22:57),Restoration Druid: Melee (22:59),,,,,,,,,,,,,Clashroyale,Monk,Brewmaster,283,Tank,141.10m (102.3k),"102,249.2",15.13%,112.40m (81.5k),"81,450.7",2,0,2,Powerpegging,Evoker,Augmentation,283,DPS,275.84m (200.0k),"199,885.4",29.58%,17.23m (12.5k),"12,482.3",1,4,2,Bingling,Death Knight,Unholy,284,DPS,272.58m (197.7k),"197,528.1",29.23%,10.60m (7.7k),"7,679.0",1,4,1,Iziwinyø,Paladin,Retribution,281,DPS,235.84m (171.0k),"170,902.8",25.29%,14.84m (10.8k),"10,754.4",3,4,0,Stárkc,Druid,Restoration,282,Healer,7.10m (5.1k),"5,141.7",0.76%,149.50m (108.4k),"108,336.0",1,0,1
BudoBoy07,The Seat of the Triumvirate,19,30:25,2026-04-30 16:56,0,0,Shadow Priest: Void Expulsion (15:38),Devourer Demon Hunter: Mind Flay (29:47),,,,,,,,,,,,,,,,,,,Rgtk,Monk,Brewmaster,282,Tank,159.06m (87.2k),"87,113.2",15.14%,116.40m (63.8k),"63,747.4",0,5,3,Powerpegging,Evoker,Augmentation,283,DPS,302.62m (165.8k),"165,735.8",28.81%,22.69m (12.4k),"12,428.2",0,3,3,Owisechan,Demon Hunter,Devourer,281,DPS,289.56m (158.7k),"158,582.1",27.56%,18.20m (10.0k),"9,966.5",1,5,1,Бубатурбина,Priest,Shadow,282,DPS,277.44m (152.0k),"151,944.2",26.41%,31.51m (17.3k),"17,258.9",1,5,2,Doodless,Druid,Restoration,283,Healer,21.13m (11.6k),"11,574.0",2.01%,191.10m (104.7k),"104,658.9",0,1,0
BudoBoy07,The Seat of the Triumvirate,19,4:00,2026-04-30 16:52,0,0,Brewmaster Monk: Melee (2:46),Shadow Priest: Melee (2:50),Devourer Demon Hunter: Leeching Void (2:52),Augmentation Evoker: Pulsing Void (2:56),Restoration Druid: Umbral Bolt (3:00),,,,,,,,,,,,,,,,Rgtk,Monk,Brewmaster,282,Tank,29.43m (122.6k),"122,218.7",14.69%,22.49m (93.7k),"93,394.2",1,1,0,Powerpegging,Evoker,Augmentation,283,DPS,58.44m (243.5k),"242,712.5",29.17%,2.53m (10.5k),"10,514.0",1,2,0,Owisechan,Demon Hunter,Devourer,281,DPS,58.92m (245.5k),"244,726.1",29.41%,1.74m (7.2k),"7,220.8",1,1,0,Бубатурбина,Priest,Shadow,282,DPS,50.70m (211.2k),"210,591.8",25.31%,4.55m (19.0k),"18,898.6",1,1,0,Doodless,Druid,Restoration,283,Healer,2.82m (11.8k),"11,716.8",1.41%,22.46m (93.6k),"93,282.9",1,2,0
BudoBoy07,The Seat of the Triumvirate,19,20:31,2026-04-30 16:24,0,0,Restoration Druid: Void Expulsion (13:35),Augmentation Evoker: Overload (15:33),Demonology Warlock: Shadow Pounce (16:55),Restoration Druid: Umbral Bolt (20:11),Augmentation Evoker: Pulsing Void (20:17),Demonology Warlock: Abyssal Enhancement (20:17),Restoration Druid: Abyssal Enhancement (20:19),Devourer Demon Hunter: Umbral Bolt (20:21),Brewmaster Monk: Abyssal Enhancement (20:30),,,,,,,,,,,,Clashroyale,Monk,Brewmaster,283,Tank,125.85m (102.2k),"102,157.7",14.02%,108.78m (88.4k),"88,302.1",1,0,1,Powerpegging,Evoker,Augmentation,283,DPS,223.25m (181.4k),"181,215.6",24.87%,15.11m (12.3k),"12,263.0",2,3,5,Asudh,Demon Hunter,Devourer,279,DPS,257.17m (208.9k),"208,748.7",28.65%,15.04m (12.2k),"12,212.3",1,3,1,Typeshíi,Warlock,Demonology,282,DPS,286.15m (232.5k),"232,277.3",31.88%,11.53m (9.4k),"9,358.2",2,4,6,Stárkc,Druid,Restoration,282,Healer,5.20m (4.2k),"4,221.1",0.58%,139.82m (113.6k),"113,497.5",3,0,1
BudoBoy07,Pit of Saron,18,25:28,2026-04-30 15:45,0,0,Retribution Paladin: Curse of Torment (0:54),Retribution Paladin: Shadow Bolt (5:29),Holy Paladin: Shadow Bolt (9:46),Holy Paladin: Dark Rupture (25:16),Brewmaster Monk: Melee (25:23),,,,,,,,,,,,,,,,Tchoobydoox,Monk,Brewmaster,282,Tank,171.47m (112.2k),"112,191.9",19.43%,143.60m (94.0k),"93,952.8",1,5,3,Powerpegging,Evoker,Devastation,283,DPS,239.94m (157.0k),"156,985.2",27.19%,9.01m (5.9k),"5,894.0",0,3,2,Dragetid,Evoker,Augmentation,282,DPS,214.04m (140.1k),"140,041.1",24.26%,11.21m (7.3k),"7,333.9",0,5,2,Hurripala,Paladin,Retribution,284,DPS,226.43m (148.2k),"148,149.7",25.66%,7.88m (5.2k),"5,152.7",2,5,0,Stonehill,Paladin,Holy,280,Healer,30.49m (20.0k),"19,949.2",3.46%,111.47m (73.0k),"72,934.8",2,2,3
BudoBoy07,Pit of Saron,18,1:13,2026-04-30 15:29,0,0,Demonology Warlock: Shadow Bolt (0:17),Holy Paladin: Torrent of Misery (0:58),Brewmaster Monk: Sunderstrike (1:06),Devastation Evoker: Melee (1:08),Augmentation Evoker: Melee (1:08),Demonology Warlock: Melee (1:12),Holy Paladin: Melee (1:13),,,,,,,,,,,,,,Zhisfu,Monk,Brewmaster,280,Tank,13.47m (184.5k),"182,508.4",14.57%,9.21m (126.2k),"124,803.8",1,1,2,Powerpegging,Evoker,Devastation,283,DPS,27.38m (375.1k),"371,091.6",29.62%,481.4k (6.6k),"6,523.5",1,1,0,Dragetid,Evoker,Augmentation,282,DPS,27.87m (381.8k),"377,659.1",30.15%,1.06m (14.5k),"14,359.3",1,1,0,Jàckà,Warlock,Demonology,282,DPS,19.71m (270.0k),"267,145.3",21.32%,821.2k (11.2k),"11,129.3",2,1,2,Stonehill,Paladin,Holy,280,Healer,4.01m (54.9k),"54,393.4",4.34%,5.83m (79.9k),"78,981.4",2,1,1
BudoBoy07,Algeth'ar Academy,18,18:36,2026-04-30 14:47,0,0,Brewmaster Monk: Vile Bite (1:51),Arms Warrior: Melee (1:53),Survival Hunter: Vile Bite (1:58),Holy Paladin: Melee (2:12),Arms Warrior: Gust (9:07),Arms Warrior: Surge (17:42),Arms Warrior: Surge (18:14),Brewmaster Monk:  (18:30),Survival Hunter: Spellbound Weapon (18:31),Holy Paladin: Spellbound Weapon (18:32),Augmentation Evoker: Spellbound Weapon (18:36),,,,,,,,,,Monkaken,Monk,Brewmaster,282,Tank,111.97m (100.3k),"100,249.3",16.58%,75.49m (67.6k),"67,587.1",2,2,3,Powerpegging,Evoker,Augmentation,283,DPS,181.23m (162.4k),"162,256.1",26.83%,8.88m (8.0k),"7,950.6",1,1,1,Nkshunt,Hunter,Survival,282,DPS,182.09m (163.2k),"163,029.5",26.96%,2.03m (1.8k),"1,816.2",2,3,1,Vones,Warrior,Arms,282,DPS,172.18m (154.3k),"154,157.0",25.49%,5.28m (4.7k),"4,724.8",4,2,1,Stonehill,Paladin,Holy,280,Healer,27.89m (25.0k),"24,971.2",4.13%,64.12m (57.5k),"57,403.9",2,1,1
BudoBoy07,Skyreach,19,3:37,2026-04-30 14:25,0,0,Holy Paladin: Dread Wind (1:53),Brewmaster Monk: Melee (3:11),Arms Warrior: Melee (3:12),Survival Hunter: Melee (3:13),Holy Paladin: Melee (3:23),,,,,,,,,,,,,,,,Akemyss,Monk,Brewmaster,281,Tank,22.43m (103.4k),"103,133.1",13.14%,21.46m (98.9k),"98,685.8",1,1,1,Powerpegging,Evoker,Augmentation,283,DPS,52.40m (241.5k),"240,943.5",30.70%,3.25m (15.0k),"14,940.9",0,1,0,Akuariparc,Hunter,Survival,281,DPS,40.70m (187.6k),"187,132.2",23.85%,,,1,1,0,Hanax,Warrior,Arms,282,DPS,50.93m (234.7k),"234,172.6",29.84%,1.51m (7.0k),"6,966.3",1,1,0,Stonehill,Paladin,Holy,280,Healer,4.22m (19.4k),"19,419.0",2.47%,14.66m (67.6k),"67,403.9",2,0,0
BudoBoy07,The Seat of the Triumvirate,17,30:35,2026-04-30 13:46,1,0,Shadow Priest: Umbral Waves (19:02),Frost Mage: Void Infusion (20:31),Holy Paladin: Pulsing Void (20:33),Shadow Priest: Void Infusion (20:52),,,,,,,,,,,,,,,,,Eisenfaust,Monk,Brewmaster,281,Tank,141.42m (77.1k),"79,282.3",15.23%,95.27m (51.9k),"53,412.2",0,5,3,Powerpegging,Evoker,Augmentation,283,DPS,258.32m (140.8k),"144,815.0",27.83%,17.16m (9.4k),"9,621.7",0,3,2,Evadmage,Mage,Frost,280,DPS,248.45m (135.4k),"139,282.1",26.76%,8.93m (4.9k),"5,007.8",1,5,3,Темнаябездна,Priest,Shadow,282,DPS,249.15m (135.8k),"139,675.8",26.84%,27.85m (15.2k),"15,613.2",2,5,2,Stonehill,Paladin,Holy,280,Healer,31.00m (16.9k),"17,379.1",3.34%,129.34m (70.5k),"72,511.9",1,4,2
BudoBoy07,Magisters' Terrace,18,33:08,2026-04-30 13:08,1,0,Holy Paladin: Holy Fire (4:44),Fury Warrior: Flamestrike (4:50),,,,,,,,,,,,,,,,,,,Stickymonkx,Monk,Brewmaster,281,Tank,179.08m (90.1k),"91,057.5",15.65%,112.49m (56.6k),"57,198.5",0,6,4,Powerpegging,Evoker,Augmentation,283,DPS,313.02m (157.5k),"159,167.7",27.36%,22.61m (11.4k),"11,498.0",0,3,4,Silvermanext,Death Knight,Unholy,282,DPS,331.39m (166.7k),"168,506.4",28.96%,9.41m (4.7k),"4,786.4",0,4,0,Remindmeof,Warrior,Fury,282,DPS,273.96m (137.8k),"139,304.2",23.94%,12.33m (6.2k),"6,271.6",1,6,3,Stonehill,Paladin,Holy,280,Healer,46.74m (23.5k),"23,768.8",4.08%,137.74m (69.3k),"70,040.6",1,4,2
BudoBoy07,Magisters' Terrace,18,38:21,2026-04-30 12:29,0,0,Fury Warrior: Melee (1:29),Holy Paladin: Shadow Bolt (20:43),Holy Paladin: Cosmic Radiation (23:12),Holy Paladin: Devouring Strike (27:25),Brewmaster Monk: Terror Wave (27:29),Fury Warrior: Devouring Strike (27:32),Unholy Death Knight: Melee (27:35),Augmentation Evoker: Melee (27:39),Holy Paladin: Melee (27:39),,,,,,,,,,,,Trotskiated,Monk,Brewmaster,280,Tank,144.27m (62.7k),"62,674.9",13.40%,87.20m (37.9k),"37,882.0",1,1,0,Powerpegging,Evoker,Augmentation,283,DPS,305.90m (132.9k),"132,898.0",28.42%,17.59m (7.6k),"7,640.7",1,2,1,Silvermanext,Death Knight,Unholy,282,DPS,329.62m (143.3k),"143,200.5",30.63%,8.23m (3.6k),"3,577.6",1,5,0,Remindmeof,Warrior,Fury,282,DPS,252.11m (109.6k),"109,526.8",23.42%,8.78m (3.8k),"3,812.9",2,7,1,Stonehill,Paladin,Holy,280,Healer,44.39m (19.3k),"19,284.0",4.12%,110.22m (47.9k),"47,882.3",4,2,2
BudoBoy07,Magisters' Terrace,19,17:53,2026-04-30 12:00,0,0,Holy Paladin: Crowd Dispersal (0:43),Holy Paladin: Shield Slam (9:50),Devourer Demon Hunter: Runic Glaive (11:19),Devourer Demon Hunter: Melee (12:16),Devourer Demon Hunter: Feedback (14:54),Holy Paladin: Null Reaction (17:10),Augmentation Evoker: Runic Mark (17:35),Brewmaster Monk: Runic Mark (17:52),Unholy Death Knight: Melee (17:53),,,,,,,,,,,,Noctismonk,Monk,Brewmaster,280,Tank,83.53m (77.8k),"77,792.5",14.92%,66.94m (62.4k),"62,337.8",1,3,3,Powerpegging,Evoker,Augmentation,283,DPS,151.53m (141.2k),"141,116.6",27.07%,11.92m (11.1k),"11,101.6",1,2,2,Paladindk,Death Knight,Unholy,283,DPS,171.57m (159.9k),"159,780.3",30.66%,4.56m (4.2k),"4,248.8",1,3,2,Noviac,Demon Hunter,Devourer,282,DPS,132.94m (123.9k),"123,802.3",23.75%,7.66m (7.1k),"7,133.1",3,3,1,Stonehill,Paladin,Holy,280,Healer,20.10m (18.7k),"18,718.8",3.59%,76.57m (71.4k),"71,306.4",3,2,2
BudoBoy07,Nexus-Point Xenas,18,28:48,2026-04-30 11:18,1,0,Retribution Paladin: Leyline Array (6:27),Retribution Paladin: Dark Beckoning (13:15),Retribution Paladin: Melee (19:55),Retribution Paladin: Blistering Smite (22:34),Restoration Druid: Blistering Smite (23:15),,,,,,,,,,,,,,,,Jakiezyz,Monk,Brewmaster,281,Tank,131.40m (76.0k),"79,026.8",14.84%,77.88m (45.1k),"46,840.4",0,5,0,Powerpegging,Evoker,Augmentation,283,DPS,259.55m (150.2k),"156,101.6",29.31%,13.64m (7.9k),"8,200.9",0,3,3,Reö,Death Knight,Unholy,283,DPS,240.38m (139.1k),"144,572.7",27.15%,8.78m (5.1k),"5,282.4",0,4,1,Swopal,Paladin,Retribution,284,DPS,235.35m (136.2k),"141,545.2",26.58%,9.88m (5.7k),"5,944.1",4,5,2,Lazidrud,Druid,Restoration,281,Healer,18.77m (10.9k),"11,285.7",2.12%,127.95m (74.0k),"76,950.8",1,2,1
BudoBoy07,Nexus-Point Xenas,19,28:58,2026-04-30 10:41,1,14,Augmentation Evoker: Suppression Field (6:03),Unholy Death Knight: Void Lash (15:01),Restoration Shaman: Melee (19:22),,,,,,,,,,,,,,,,,,Neysso,Druid,Guardian,283,Tank,139.67m (80.4k),"82,038.9",13.98%,109.01m (62.7k),"64,028.0",0,2,4,Powerpegging,Evoker,Augmentation,283,DPS,264.50m (152.2k),"155,359.2",26.47%,16.01m (9.2k),"9,404.7",1,3,2,Moelijk,Death Knight,Unholy,281,DPS,288.10m (165.8k),"169,221.5",28.83%,10.72m (6.2k),"6,299.2",1,5,2,Pinki,Demon Hunter,Devourer,281,DPS,264.99m (152.5k),"155,649.9",26.52%,13.10m (7.5k),"7,693.6",0,6,2,Irøncliff,Shaman,Restoration,282,Healer,41.94m (24.1k),"24,633.0",4.20%,139.75m (80.4k),"82,087.2",1,0,4
BudoBoy07,Nexus-Point Xenas,19,24:42,2026-04-30 01:19,0,0,Enhancement Shaman: Blistering Smite (14:09),Brewmaster Monk: Lightscar Flare (18:35),Restoration Druid: Lightscar Flare (18:45),Unholy Death Knight: Melee (22:10),Augmentation Evoker: Holy Bolt (23:47),Augmentation Evoker: Luciferin Flare (24:23),Brewmaster Monk: Radiant Scar (24:29),Unholy Death Knight: Searing Rend (24:31),,,,,,,,,,,,,Mambeeppe,Monk,Brewmaster,281,Tank,107.06m (72.2k),"72,199.0",12.28%,92.53m (62.4k),"62,400.2",2,2,2,Powerpegging,Evoker,Augmentation,283,DPS,253.60m (171.1k),"171,025.1",29.10%,16.11m (10.9k),"10,864.4",2,3,3,Anzzoq,Death Knight,Unholy,283,DPS,277.64m (187.3k),"187,234.5",31.86%,8.02m (5.4k),"5,406.5",2,5,3,Kramo,Shaman,Enhancement,282,DPS,220.79m (149.0k),"148,897.4",25.33%,9.55m (6.4k),"6,442.9",1,4,3,Ñëxx,Druid,Restoration,282,Healer,12.47m (8.4k),"8,409.9",1.43%,128.13m (86.5k),"86,405.6",1,3,0
BudoBoy07,Nexus-Point Xenas,19,29:21,2026-04-30 00:50,0,0,Restoration Druid: Arcane Spill (6:36),Brewmaster Monk: Melee (18:54),Restoration Druid: Eclipsing Step (19:48),Brewmaster Monk: Melee (19:57),Marksmanship Hunter: Lightscar Flare (19:58),Arms Warrior: Lightscar Flare (20:03),Augmentation Evoker: Nullify (20:05),,,,,,,,,,,,,,Jackeichan,Monk,Brewmaster,282,Tank,100.27m (56.9k),"56,929.9",13.52%,78.16m (44.4k),"44,380.3",2,4,3,Powerpegging,Evoker,Augmentation,283,DPS,207.38m (117.8k),"117,744.4",27.96%,12.68m (7.2k),"7,201.8",1,2,3,Macho,Hunter,Marksmanship,284,DPS,209.45m (118.9k),"118,923.1",28.24%,3.33m (1.9k),"1,889.2",1,3,1,Bladefuryy,Warrior,Arms,282,DPS,207.70m (117.9k),"117,928.6",28.01%,9.76m (5.5k),"5,544.4",1,4,1,Monnet,Druid,Restoration,283,Healer,16.84m (9.6k),"9,562.3",2.27%,111.18m (63.1k),"63,129.0",2,4,1
BudoBoy07,Nexus-Point Xenas,19,2:13,2026-04-29 20:45,0,0,Restoration Druid: Melee (2:04),Demonology Warlock: Erratic Zap (2:08),Devourer Demon Hunter: Erratic Zap (2:08),Brewmaster Monk: Arcing Mana (2:10),Augmentation Evoker: Arcane Zap (2:12),,,,,,,,,,,,,,,,Legsleep,Monk,Brewmaster,281,Tank,13.01m (97.8k),"97,526.7",9.97%,11.49m (86.4k),"86,128.6",1,1,1,Powerpegging,Evoker,Augmentation,283,DPS,35.28m (265.3k),"264,369.0",27.04%,858.6k (6.5k),"6,434.6",1,1,0,Кишмищь,Demon Hunter,Devourer,280,DPS,39.52m (297.1k),"296,189.9",30.29%,527.9k (4.0k),"3,956.4",1,1,1,Luscïous,Warlock,Demonology,280,DPS,41.95m (315.4k),"314,422.3",32.16%,816.5k (6.1k),"6,119.5",1,2,2,Sválió,Druid,Restoration,283,Healer,698.6k (5.3k),"5,235.7",0.54%,12.15m (91.4k),"91,083.6",1,1,0
BudoBoy07,The Seat of the Triumvirate,19,29:08,2026-04-29 20:14,0,0,Retribution Paladin: Backstab (14:49),Restoration Shaman: Mind Flay (24:55),Augmentation Evoker: Mind Flay (26:01),Restoration Shaman: Void Storm (26:19),Restoration Shaman: Mass Void Infusion (26:46),Augmentation Evoker: Mind Flay (27:08),Restoration Shaman: Umbral Waves (28:53),Retribution Paladin: Mass Void Infusion (28:56),Brewmaster Monk: Umbral Waves (29:03),Demonology Warlock: Umbral Waves (29:07),,,,,,,,,,,Fynee,Monk,Brewmaster,281,Tank,136.87m (78.3k),"78,273.9",13.14%,123.72m (70.8k),"70,755.5",1,6,3,Powerpegging,Evoker,Augmentation,283,DPS,293.27m (167.8k),"167,721.5",28.15%,19.92m (11.4k),"11,391.9",2,6,6,Illúvatar,Paladin,Retribution,282,DPS,277.28m (158.6k),"158,576.6",26.62%,13.21m (7.6k),"7,552.9",2,5,6,Impergator,Warlock,Demonology,283,DPS,299.45m (171.3k),"171,254.2",28.74%,17.15m (9.8k),"9,806.5",1,4,14,Twostruck,Shaman,Restoration,281,Healer,34.88m (20.0k),"19,949.4",3.35%,143.54m (82.1k),"82,089.6",4,3,0
BudoBoy07,Magisters' Terrace,18,31:17,2026-04-29 17:16,1,0,Discipline Priest: Null Reaction (13:24),,,,,,,,,,,,,,,,,,,,Contrajitsu,Monk,Brewmaster,280,Tank,147.94m (78.8k),"79,077.5",13.20%,94.54m (50.4k),"50,531.8",0,6,2,Powerpegging,Evoker,Augmentation,283,DPS,298.20m (158.9k),"159,395.8",26.60%,19.56m (10.4k),"10,456.5",0,4,4,Joefreckles,Monk,Windwalker,281,DPS,345.48m (184.1k),"184,668.3",30.82%,9.90m (5.3k),"5,293.0",0,6,1,Octopused,Warrior,Fury,282,DPS,291.93m (155.5k),"156,043.4",26.04%,10.94m (5.8k),"5,846.1",0,6,0,Skhsm,Priest,Discipline,280,Healer,37.44m (19.9k),"20,010.9",3.34%,174.29m (92.9k),"93,162.6",1,1,3
BudoBoy07,Magisters' Terrace,18,2:52,2026-04-29 17:03,0,0,Windwalker Monk: Arcane Volley (2:16),Augmentation Evoker: Ignition (2:40),Fury Warrior: Arcane Volley (2:46),Discipline Priest: Arcane Volley (2:50),Windwalker Monk: Arcane Volley (2:51),Brewmaster Monk: Melee (2:52),,,,,,,,,,,,,,,Ghosper,Monk,Brewmaster,282,Tank,21.99m (127.8k),"127,790.9",16.91%,14.47m (84.1k),"84,096.1",1,1,1,Powerpegging,Evoker,Augmentation,283,DPS,34.18m (198.7k),"198,615.3",26.29%,1.88m (10.9k),"10,919.1",1,1,1,Joefreckles,Monk,Windwalker,281,DPS,33.03m (192.0k),"191,927.5",25.40%,764.8k (4.4k),"4,444.1",2,1,0,Octopused,Warrior,Fury,282,DPS,37.44m (217.7k),"217,551.0",28.80%,1.08m (6.3k),"6,302.0",1,2,0,Skhsm,Priest,Discipline,280,Healer,3.38m (19.7k),"19,616.6",2.60%,14.06m (81.7k),"81,732.3",1,0,0
BudoBoy07,Magisters' Terrace,18,19:21,2026-04-29 16:34,0,0,Discipline Priest: Pyroblast (5:43),Fury Warrior: Runic Glaive (12:04),Protection Paladin: Void Gash (19:07),Fury Warrior: Melee (19:08),Windwalker Monk: Melee (19:09),Augmentation Evoker: Melee (19:09),Discipline Priest: Melee (19:09),,,,,,,,,,,,,,Gabil,Paladin,Protection,281,Tank,82.19m (70.8k),"70,750.7",14.09%,48.07m (41.4k),"41,384.9",1,3,0,Powerpegging,Evoker,Augmentation,283,DPS,157.75m (135.9k),"135,803.0",27.04%,12.37m (10.7k),"10,648.0",1,1,1,Joefreckles,Monk,Windwalker,281,DPS,176.94m (152.4k),"152,320.9",30.32%,6.46m (5.6k),"5,561.6",1,4,2,Octopused,Warrior,Fury,282,DPS,144.43m (124.4k),"124,333.1",24.75%,6.06m (5.2k),"5,217.5",2,4,1,Skhsm,Priest,Discipline,280,Healer,22.19m (19.1k),"19,098.8",3.80%,99.76m (85.9k),"85,882.6",2,1,1
BudoBoy07,Magisters' Terrace,18,6:40,2026-04-29 16:07,0,0,Restoration Druid: Holy Fire (1:31),Retribution Paladin: Blink (5:49),Restoration Druid: Blink (5:49),Augmentation Evoker: Blink (5:49),Devourer Demon Hunter: Pyroblast (6:00),Augmentation Evoker: Melee (6:33),Retribution Paladin: Melee (6:37),Devourer Demon Hunter: Ignition (6:38),Restoration Druid: Melee (6:39),,,,,,,,,,,,Lanthymonky,Monk,Brewmaster,281,Tank,35.68m (89.2k),"89,011.5",18.04%,18.84m (47.1k),"47,004.5",0,0,0,Powerpegging,Evoker,Augmentation,283,DPS,54.44m (136.1k),"135,794.7",27.53%,3.01m (7.5k),"7,506.8",2,1,0,Jonnydash,Demon Hunter,Devourer,281,DPS,53.01m (132.5k),"132,230.4",26.81%,2.99m (7.5k),"7,457.8",2,1,0,Reíía,Paladin,Retribution,281,DPS,53.34m (133.3k),"133,046.4",26.97%,2.86m (7.2k),"7,121.6",2,2,0,Proédros,Druid,Restoration,281,Healer,1.28m (3.2k),"3,205.0",0.65%,25.76m (64.4k),"64,250.4",3,0,1
BudoBoy07,Magisters' Terrace,19,7:58,2026-04-29 15:41,0,0,Augmentation Evoker: Ignition (5:29),Brewmaster Monk: Unstable Energy (7:32),Devourer Demon Hunter: Melee (7:39),Mistweaver Monk: Melee (7:45),Demonology Warlock: Melee (7:48),Augmentation Evoker: Melee (7:58),,,,,,,,,,,,,,,Hercûs,Monk,Brewmaster,282,Tank,40.37m (84.5k),"84,306.7",13.99%,27.44m (57.4k),"57,305.1",1,0,0,Powerpegging,Evoker,Augmentation,283,DPS,78.32m (163.8k),"163,539.3",27.14%,6.07m (12.7k),"12,672.4",2,1,2,Leøø,Demon Hunter,Devourer,280,DPS,69.40m (145.2k),"144,921.9",24.04%,3.27m (6.8k),"6,825.0",1,2,0,Fearawl,Warlock,Demonology,281,DPS,83.81m (175.3k),"175,019.8",29.04%,4.02m (8.4k),"8,386.7",1,2,4,Brorsantuck,Monk,Mistweaver,282,Healer,16.73m (35.0k),"34,941.8",5.80%,43.14m (90.3k),"90,079.2",1,0,0
BudoBoy07,Pit of Saron,19,29:10,2026-04-29 14:32,1,0,Devourer Demon Hunter: Plague Spew (3:42),Augmentation Evoker: Curse of Torment (3:50),Demonology Warlock: Shadow Bolt (6:50),Augmentation Evoker: Torrent of Misery (13:22),Devourer Demon Hunter: Leaping Maul (22:12),Demonology Warlock: Ice Chunk (23:10),,,,,,,,,,,,,,,Phhi,Monk,Brewmaster,280,Tank,150.53m (86.0k),"90,168.7",13.74%,127.52m (72.9k),"76,386.5",0,0,4,Powerpegging,Evoker,Augmentation,282,DPS,259.02m (148.0k),"155,155.6",23.64%,19.65m (11.2k),"11,772.9",2,3,6,Zoralen,Demon Hunter,Devourer,281,DPS,325.48m (186.0k),"194,959.7",29.71%,19.74m (11.3k),"11,824.0",2,5,5,Summonmyex,Warlock,Demonology,282,DPS,315.27m (180.2k),"188,848.3",28.78%,15.16m (8.7k),"9,078.7",2,4,14,Noodlecupz,Shaman,Restoration,281,Healer,45.17m (25.8k),"27,058.3",4.12%,165.93m (94.8k),"99,392.2",0,0,8
BudoBoy07,Algeth'ar Academy,18,30:05,2026-04-29 13:54,1,0,Guardian Druid: Vile Bite (2:10),Discipline Priest: Energy Eruption (29:29),,,,,,,,,,,,,,,,,,,Ursoc,Druid,Guardian,280,Tank,129.18m (71.6k),"72,423.5",13.21%,108.14m (59.9k),"60,630.8",1,3,2,Powerpegging,Evoker,Augmentation,282,DPS,260.57m (144.4k),"146,090.8",26.66%,12.35m (6.8k),"6,926.1",0,3,0,Jamesbardy,Hunter,Survival,281,DPS,270.54m (149.9k),"151,678.7",27.68%,3.38m (1.9k),"1,894.9",0,6,0,Svekjer,Paladin,Retribution,282,DPS,272.32m (150.9k),"152,675.0",27.86%,8.36m (4.6k),"4,685.4",0,4,0,Lînnt,Priest,Discipline,281,Healer,44.95m (24.9k),"25,200.9",4.60%,149.29m (82.7k),"83,697.3",1,4,0
BudoBoy07,Algeth'ar Academy,19,2:10,2026-04-29 13:20,0,0,Retribution Paladin: Melee (1:06),Brewmaster Monk: Vile Bite (2:01),Devourer Demon Hunter: Melee (2:02),Retribution Paladin: Melee (2:04),Augmentation Evoker: Melee (2:09),Discipline Priest: Melee (2:10),,,,,,,,,,,,,,,Ricottina,Monk,Brewmaster,281,Tank,18.71m (143.9k),"143,088.9",11.63%,12.84m (98.8k),"98,240.3",1,0,1,Powerpegging,Evoker,Augmentation,282,DPS,30.09m (231.5k),"230,160.4",18.70%,1.49m (11.5k),"11,408.1",1,1,0,Legacydh,Demon Hunter,Devourer,280,DPS,86.26m (663.5k),"659,885.4",53.60%,290.0k (2.2k),"2,218.2",1,1,0,Luàg,Paladin,Retribution,280,DPS,21.74m (167.2k),"166,318.1",13.51%,868.8k (6.7k),"6,646.1",2,1,0,Lînnt,Priest,Discipline,281,Healer,4.12m (31.7k),"31,535.2",2.56%,10.39m (79.9k),"79,498.3",1,0,0
BudoBoy07,Nexus-Point Xenas,12,18:22,2026-04-29 12:14,1,0,,,,,,,,,,,,,,,,,,,,,Мускуспус,Paladin,Protection,280,Tank,93.53m (84.9k),"84,196.8",18.79%,33.46m (30.4k),"30,120.8",0,4,0,Powerpegging,Evoker,Augmentation,281,DPS,128.95m (117.0k),"116,081.6",25.91%,8.62m (7.8k),"7,762.4",0,0,2,Zertky,Druid,Balance,280,DPS,107.54m (97.6k),"96,808.5",21.61%,2.30m (2.1k),"2,075.0",0,0,2,Nergatrix,Warlock,Demonology,282,DPS,151.61m (137.6k),"136,484.1",30.46%,4.43m (4.0k),"3,991.4",0,3,2,Ncode,Druid,Restoration,281,Healer,16.12m (14.6k),"14,507.0",3.24%,61.08m (55.4k),"54,981.8",0,0,0
BudoBoy07,Nexus-Point Xenas,10,15:41,2026-04-29 11:52,0,0,Devourer Demon Hunter: Suppression Field (2:47),,,,,,,,,,,,,,,,,,,,Drbear,Druid,Guardian,256,Tank,42.16m (44.8k),"44,613.4",9.72%,30.46m (32.4k),"32,236.8",0,0,2,Powerpegging,Evoker,Augmentation,279,DPS,114.44m (121.6k),"121,107.1",26.39%,6.56m (7.0k),"6,943.5",0,0,0,Lilpepp,Demon Hunter,Devourer,280,DPS,113.08m (120.2k),"119,668.8",26.08%,5.43m (5.8k),"5,742.6",1,1,0,Paunash,Paladin,Retribution,282,DPS,140.00m (148.8k),"148,158.0",32.28%,6.90m (7.3k),"7,304.4",0,3,0,Fidraulis,Shaman,Restoration,284,Healer,23.96m (25.5k),"25,357.9",5.53%,42.18m (44.8k),"44,638.5",0,0,0
BudoBoy07,Nexus-Point Xenas,19,1:39,2026-04-28 22:44,0,0,Brewmaster Monk: Arcing Mana (0:48),Devourer Demon Hunter: Melee (0:50),Augmentation Evoker: Suppression Field (1:00),Demonology Warlock: Arcing Mana (1:14),Brewmaster Monk: Suppression Field (1:19),Augmentation Evoker: Suppression Field (1:38),,,,,,,,,,,,,,,Ванапуп,Monk,Brewmaster,280,Tank,5.88m (59.4k),"59,096.6",12.12%,6.20m (62.6k),"62,292.1",2,0,1,Powerpegging,Evoker,Augmentation,279,DPS,14.13m (142.7k),"142,035.7",29.14%,1.34m (13.5k),"13,467.0",2,2,0,Slifreshuwu,Demon Hunter,Devourer,281,DPS,7.45m (75.3k),"74,838.7",15.36%,104.8k (1.1k),"1,053.4",1,1,0,Routerpetuh,Warlock,Demonology,282,DPS,20.41m (206.2k),"205,059.8",42.09%,642.1k (6.5k),"6,451.9",1,1,0,Kue,Druid,Restoration,282,Healer,625.3k (6.3k),"6,283.3",1.29%,7.60m (76.8k),"76,350.9",0,0,0
BudoBoy07,Algeth'ar Academy,19,29:34,2026-04-28 22:01,1,10,Restoration Druid: Mana Bomb (18:20),Restoration Druid: Arcane Smash (23:34),Devourer Demon Hunter: Arcane Smash (23:59),,,,,,,,,,,,,,,,,,Ratpanda,Monk,Brewmaster,280,Tank,148.24m (83.6k),"85,297.7",13.69%,108.24m (61.0k),"62,286.1",0,5,3,Powerpegging,Evoker,Augmentation,279,DPS,271.67m (153.1k),"156,324.1",25.09%,13.85m (7.8k),"7,969.2",0,2,1,Berlias,Death Knight,Unholy,282,DPS,326.00m (183.8k),"187,587.2",30.10%,8.56m (4.8k),"4,927.5",0,6,1,Swpdwxc,Demon Hunter,Devourer,280,DPS,310.53m (175.0k),"178,686.9",28.67%,14.29m (8.1k),"8,223.5",1,6,1,Feremosclone,Druid,Restoration,280,Healer,26.50m (14.9k),"15,247.4",2.45%,127.90m (72.1k),"73,599.0",2,4,2
BudoBoy07,Algeth'ar Academy,19,18:50,2026-04-28 21:42,0,0,Restoration Druid: Seed Detonation (0:57),Devourer Demon Hunter: Vicious Lunge (16:37),Restoration Druid: Riftbreath (16:39),Restoration Druid: Vicious Lunge (16:45),Augmentation Evoker: Vicious Lunge (16:54),Unholy Death Knight: Surge (16:59),,,,,,,,,,,,,,,Ratpanda,Monk,Brewmaster,280,Tank,108.83m (96.3k),"96,235.7",14.59%,70.78m (62.6k),"62,585.2",0,3,1,Powerpegging,Evoker,Augmentation,279,DPS,177.32m (156.9k),"156,796.2",23.77%,10.08m (8.9k),"8,915.0",1,2,1,Berlias,Death Knight,Unholy,282,DPS,222.92m (197.3k),"197,117.9",29.88%,4.76m (4.2k),"4,208.4",1,4,0,Swpdwxc,Demon Hunter,Devourer,280,DPS,221.85m (196.3k),"196,169.3",29.74%,8.71m (7.7k),"7,698.9",1,3,1,Feremosclone,Druid,Restoration,280,Healer,15.07m (13.3k),"13,323.4",2.02%,80.10m (70.9k),"70,828.5",3,2,0
BudoBoy07,The Seat of the Triumvirate,18,8:58,2026-04-28 21:09,0,0,Holy Paladin: Umbral Bolt (2:06),Retribution Paladin: Void Sludge (6:29),Holy Paladin: Backstab (8:46),Brewmaster Monk: Melee (8:47),Retribution Paladin: Melee (8:48),Shadow Priest: Void Expulsion (8:51),,,,,,,,,,,,,,,Pepezz,Monk,Brewmaster,282,Tank,51.80m (96.3k),"96,221.4",13.85%,51.96m (96.6k),"96,533.5",1,0,0,Powerpegging,Evoker,Augmentation,279,DPS,111.07m (206.4k),"206,329.8",29.71%,4.82m (9.0k),"8,952.2",0,0,0,Molníe,Paladin,Retribution,281,DPS,91.81m (170.7k),"170,554.0",24.55%,4.06m (7.5k),"7,538.0",2,0,0,Chessidot,Priest,Shadow,281,DPS,104.68m (194.6k),"194,464.6",28.00%,8.96m (16.7k),"16,651.4",1,0,0,Added,Paladin,Holy,281,Healer,14.54m (27.0k),"27,002.3",3.89%,43.46m (80.8k),"80,732.0",2,0,0
BudoBoy07,The Seat of the Triumvirate,19,26:29,2026-04-28 20:18,0,0,Brewmaster Monk: Relentless Pursuit (10:21),Holy Paladin: Shadow Pounce (15:09),Holy Paladin: Eruption (20:20),Retribution Paladin: Melee (23:41),Devourer Demon Hunter: Pulsing Void (23:45),Augmentation Evoker: Pulsing Void (23:45),Brewmaster Monk: Mass Void Infusion (23:48),Holy Paladin: Mass Void Infusion (23:48),Holy Paladin: Mind Flay (26:15),Augmentation Evoker: Umbral Waves (26:21),Brewmaster Monk: Umbral Waves (26:24),Retribution Paladin: Mind Flay (26:26),Devourer Demon Hunter: Pulsing Void (26:29),,,,,,,,Snoozermonk,Monk,Brewmaster,281,Tank,160.86m (101.2k),"101,209.8",16.67%,131.25m (82.6k),"82,580.2",3,0,0,Powerpegging,Evoker,Augmentation,279,DPS,253.61m (159.6k),"159,569.2",26.27%,16.90m (10.6k),"10,634.5",2,0,0,Akadh,Demon Hunter,Devourer,283,DPS,280.76m (176.7k),"176,653.6",29.09%,20.23m (12.7k),"12,727.0",2,0,0,Falusse,Paladin,Retribution,282,DPS,243.57m (153.3k),"153,254.8",25.23%,14.51m (9.1k),"9,127.7",2,0,0,Stonehill,Paladin,Holy,280,Healer,26.42m (16.6k),"16,620.7",2.74%,113.23m (71.3k),"71,244.7",4,0,0
BudoBoy07,Nexus-Point Xenas,18,29:41,2026-04-28 19:39,1,0,Holy Paladin: Melee (11:12),Unholy Death Knight: Dark Beckoning (15:36),,,,,,,,,,,,,,,,,,,Gottmonkbit,Monk,Brewmaster,282,Tank,137.82m (77.4k),"78,311.9",15.45%,120.68m (67.8k),"68,571.7",0,0,0,Powerpegging,Evoker,Augmentation,279,DPS,254.30m (142.8k),"144,500.9",28.50%,16.76m (9.4k),"9,522.5",0,0,0,Findingdeath,Death Knight,Unholy,282,DPS,236.18m (132.6k),"134,203.4",26.47%,8.49m (4.8k),"4,825.5",1,0,0,Mëòw,Druid,Feral,279,DPS,229.32m (128.8k),"130,304.0",25.70%,10.12m (5.7k),"5,749.9",0,0,0,Stonehill,Paladin,Holy,280,Healer,34.60m (19.4k),"19,659.8",3.88%,123.86m (69.5k),"70,382.4",1,0,0
BudoBoy07,Nexus-Point Xenas,18,5:35,2026-04-28 19:33,0,0,Brewmaster Monk: Arcing Mana (3:34),Feral Druid: Arcing Mana (3:35),Unholy Death Knight: Melee (3:36),Holy Paladin: Arcane Explosion (3:45),Augmentation Evoker: Arcing Mana (3:48),,,,,,,,,,,,,,,,Gottmonkbit,Monk,Brewmaster,282,Tank,25.85m (77.2k),"77,005.4",13.30%,23.96m (71.5k),"71,382.4",1,0,0,Powerpegging,Evoker,Augmentation,279,DPS,54.05m (161.3k),"161,051.5",27.80%,3.20m (9.6k),"9,533.8",1,0,0,Findingdeath,Death Knight,Unholy,282,DPS,56.13m (167.6k),"167,253.5",28.87%,1.69m (5.0k),"5,034.9",1,0,0,Mëòw,Druid,Feral,279,DPS,53.64m (160.1k),"159,809.1",27.59%,1.12m (3.3k),"3,351.3",1,0,0,Stonehill,Paladin,Holy,280,Healer,4.74m (14.1k),"14,124.7",2.44%,18.60m (55.5k),"55,421.9",1,0,0
BudoBoy07,Nexus-Point Xenas,18,4:06,2026-04-28 19:24,0,0,Retribution Paladin: Erratic Zap (3:11),Retribution Paladin: Umbra Bolt (3:33),Guardian Druid: Melee (3:44),Holy Paladin: Arcane Explosion (3:46),Augmentation Evoker: Arcane Explosion (3:46),Feral Druid: Arcane Explosion (3:46),,,,,,,,,,,,,,,Tangler,Druid,Guardian,279,Tank,24.94m (101.4k),"101,288.6",15.68%,15.57m (63.3k),"63,245.9",1,0,0,Powerpegging,Evoker,Augmentation,279,DPS,44.95m (182.7k),"182,562.5",28.25%,2.25m (9.1k),"9,131.3",1,0,0,Mëòw,Druid,Feral,279,DPS,44.94m (182.7k),"182,531.9",28.25%,1.07m (4.3k),"4,358.2",1,0,0,Khalgrimsø,Paladin,Retribution,280,DPS,38.93m (158.3k),"158,097.5",24.47%,1.06m (4.3k),"4,311.2",2,0,0,Stonehill,Paladin,Holy,280,Healer,5.33m (21.7k),"21,634.2",3.35%,20.12m (81.8k),"81,697.2",1,0,0
BudoBoy07,Nexus-Point Xenas,19,9:33,2026-04-28 19:05,0,0,Retribution Paladin: Dark Beckoning (8:47),Holy Paladin: Nullify (8:49),Brewmaster Monk: Dreadbellow (8:58),,,,,,,,,,,,,,,,,,Nyrggeilijä,Monk,Brewmaster,282,Tank,44.27m (77.3k),"77,224.9",12.93%,36.84m (64.3k),"64,270.2",1,0,0,Powerpegging,Evoker,Augmentation,279,DPS,92.46m (161.4k),"161,278.6",27.00%,4.52m (7.9k),"7,883.7",0,0,0,Jamesv,Demon Hunter,Devourer,281,DPS,110.48m (192.8k),"192,729.3",32.27%,3.96m (6.9k),"6,913.7",0,0,0,Hyllepa,Paladin,Retribution,281,DPS,86.44m (150.9k),"150,777.0",25.25%,2.31m (4.0k),"4,023.2",1,0,0,Stonehill,Paladin,Holy,280,Healer,8.74m (15.3k),"15,251.5",2.55%,41.28m (72.0k),"72,016.5",1,0,0
BudoBoy07,Windrunner Spire,19,32:50,2026-04-28 14:26,1,9,Restoration Druid: Spirit Bolt (3:31),Restoration Druid: Fetid Spew (13:20),Unholy Death Knight: Phial Toss (14:21),Augmentation Evoker: Pulsing Shriek (14:40),Devourer Demon Hunter: Bladestorm (24:40),Devourer Demon Hunter: Melee (25:48),,,,,,,,,,,,,,,Мефмонк,Monk,Brewmaster,282,Tank,145.12m (73.7k),"76,794.9",13.21%,132.77m (67.4k),"70,263.0",0,6,4,Powerpegging,Evoker,Augmentation,279,DPS,286.66m (145.5k),"151,697.3",26.10%,20.06m (10.2k),"10,615.6",1,3,3,Mplusbeast,Death Knight,Unholy,281,DPS,298.31m (151.4k),"157,864.9",27.16%,9.96m (5.1k),"5,272.9",1,6,3,Øtachi,Demon Hunter,Devourer,281,DPS,350.71m (178.0k),"185,595.6",31.93%,15.68m (8.0k),"8,296.2",2,5,0,Axynq,Druid,Restoration,280,Healer,17.63m (8.9k),"9,332.3",1.61%,170.87m (86.7k),"90,426.1",2,5,1
BudoBoy07,Windrunner Spire,19,23:56,2026-04-28 14:02,0,0,Unholy Death Knight: Acidic Demise (3:09),Devourer Demon Hunter: Sporecharged (5:48),Unholy Death Knight: Ignited Embers (9:00),Restoration Druid: Phial Toss (12:42),Unholy Death Knight: Phial Toss (13:27),Restoration Druid: Phial Toss (15:01),Unholy Death Knight: Gunk Splatter (17:11),Restoration Druid: Gunk Splatter (18:31),Devourer Demon Hunter: Gunk Splatter (18:32),Brewmaster Monk: Gunk Splatter (18:34),Augmentation Evoker: Melee (18:35),,,,,,,,,,Мефмонк,Monk,Brewmaster,282,Tank,98.32m (68.5k),"68,460.1",13.80%,79.95m (55.7k),"55,668.5",1,4,2,Powerpegging,Evoker,Augmentation,279,DPS,194.35m (135.3k),"135,329.0",27.28%,13.40m (9.3k),"9,334.1",1,2,2,Mplusbeast,Death Knight,Unholy,281,DPS,177.38m (123.5k),"123,515.7",24.90%,6.13m (4.3k),"4,266.3",4,2,1,Øtachi,Demon Hunter,Devourer,281,DPS,229.57m (159.9k),"159,858.6",32.23%,10.85m (7.6k),"7,553.8",2,3,0,Axynq,Druid,Restoration,280,Healer,12.68m (8.8k),"8,831.4",1.78%,98.46m (68.6k),"68,557.9",3,3,0
BudoBoy07,Windrunner Spire,19,20:59,2026-04-28 13:34,0,0,Restoration Druid: Flaming Updraft (9:06),Restoration Druid: Flaming Twisters (9:27),Unholy Death Knight: Precise Cut (17:51),Protection Warrior: Melee (18:46),Unholy Death Knight: Arrow Rain (18:46),Devourer Demon Hunter: Melee (19:09),Restoration Druid: Flame Nova (20:53),Protection Warrior: Shred Flesh (20:54),Devourer Demon Hunter: Intercepting Charge (20:55),Unholy Death Knight: Melee (20:56),Augmentation Evoker: Melee (20:59),,,,,,,,,,Végêtá,Warrior,Protection,279,Tank,98.21m (78.0k),"77,998.6",11.15%,59.24m (47.1k),"47,046.7",2,4,2,Powerpegging,Evoker,Augmentation,279,DPS,235.46m (187.0k),"187,003.8",26.73%,15.76m (12.5k),"12,519.1",1,1,4,Mplusbeast,Death Knight,Unholy,281,DPS,255.13m (202.6k),"202,622.0",28.96%,8.58m (6.8k),"6,818.2",3,4,1,Øtachi,Demon Hunter,Devourer,281,DPS,281.26m (223.4k),"223,378.8",31.93%,12.97m (10.3k),"10,300.4",2,4,1,Axynq,Druid,Restoration,280,Healer,10.91m (8.7k),"8,668.1",1.24%,126.36m (100.4k),"100,355.2",3,3,2
BudoBoy07,Windrunner Spire,19,5:24,2026-04-28 13:29,0,0,Protection Warrior: Melee (3:01),Unholy Death Knight: Soul Torment (3:06),Devourer Demon Hunter: Soul Torment (3:10),,,,,,,,,,,,,,,,,,Végêtá,Warrior,Protection,279,Tank,22.75m (70.2k),"70,093.2",12.09%,7.64m (23.6k),"23,550.7",1,1,0,Powerpegging,Evoker,Augmentation,279,DPS,47.18m (145.6k),"145,348.2",25.07%,2.29m (7.1k),"7,047.0",0,1,1,Mplusbeast,Death Knight,Unholy,281,DPS,60.77m (187.6k),"187,223.4",32.29%,2.06m (6.4k),"6,353.5",1,1,0,Øtachi,Demon Hunter,Devourer,281,DPS,55.38m (170.9k),"170,631.2",29.42%,2.22m (6.9k),"6,851.5",1,1,0,Axynq,Druid,Restoration,280,Healer,2.14m (6.6k),"6,578.9",1.14%,21.29m (65.7k),"65,580.2",0,1,1
BudoBoy07,Windrunner Spire,19,7:31,2026-04-28 13:09,0,0,Restoration Druid: Soul Torment (4:00),Devourer Demon Hunter: Ignited Embers (7:03),Unholy Death Knight: Ignited Embers (7:24),Augmentation Evoker: Fire Spit (7:29),Brewmaster Monk: Melee (7:29),Restoration Druid: Fire Breath (7:31),,,,,,,,,,,,,,,Ironcláw,Monk,Brewmaster,282,Tank,52.47m (116.3k),"116,096.0",13.89%,32.13m (71.2k),"71,093.1",1,3,0,Powerpegging,Evoker,Augmentation,279,DPS,97.05m (215.2k),"214,761.2",25.70%,5.17m (11.5k),"11,446.2",1,1,2,Cadanver,Death Knight,Unholy,283,DPS,126.24m (279.9k),"279,337.0",33.43%,4.05m (9.0k),"8,959.6",1,2,1,Xhì,Demon Hunter,Devourer,281,DPS,97.10m (215.3k),"214,870.7",25.71%,5.74m (12.7k),"12,708.3",1,2,0,Cátzzy,Druid,Restoration,281,Healer,4.81m (10.7k),"10,646.4",1.27%,39.42m (87.4k),"87,232.6",2,2,1
BudoBoy07,Windrunner Spire,19,14:53,2026-04-28 12:47,0,0,Brewmaster Monk: Spore Dispersal (5:10),Devourer Demon Hunter: Flaming Twisters (8:01),Augmentation Evoker: Pulsing Shriek (14:32),Devourer Demon Hunter: Pulsing Shriek (14:42),Brewmaster Monk: Melee (14:47),Unholy Death Knight: Shadowrive (14:49),Restoration Druid: Melee (14:53),,,,,,,,,,,,,,Ironcláw,Monk,Brewmaster,282,Tank,79.16m (88.6k),"88,637.9",12.44%,58.96m (66.0k),"66,021.1",2,3,3,Powerpegging,Evoker,Augmentation,279,DPS,171.24m (191.8k),"191,751.8",26.90%,11.78m (13.2k),"13,190.8",1,3,1,Cadanver,Death Knight,Unholy,283,DPS,201.05m (225.1k),"225,137.0",31.59%,5.68m (6.4k),"6,364.7",1,3,2,Xhì,Demon Hunter,Devourer,281,DPS,173.77m (194.6k),"194,582.0",27.30%,8.19m (9.2k),"9,169.3",2,3,1,Cátzzy,Druid,Restoration,281,Healer,11.29m (12.6k),"12,641.2",1.77%,85.92m (96.2k),"96,216.2",1,3,2
BudoBoy07,Windrunner Spire,19,19:42,2026-04-28 12:27,0,0,Restoration Druid: Flaming Twisters (9:57),Unholy Death Knight: Phial Toss (11:15),Restoration Druid: Phial Toss (14:01),Unholy Death Knight: Gunk Splatter (16:59),Restoration Druid: Shadow Bolt (17:30),Devourer Demon Hunter: Gunk Splatter (17:31),Augmentation Evoker: Splattered (17:38),Brewmaster Monk: Splattered (17:40),,,,,,,,,,,,,Ironcláw,Monk,Brewmaster,282,Tank,95.62m (80.9k),"80,872.3",13.16%,70.64m (59.8k),"59,745.0",1,4,2,Powerpegging,Evoker,Augmentation,279,DPS,194.94m (164.9k),"164,878.6",26.83%,12.85m (10.9k),"10,864.6",1,3,1,Cadanver,Death Knight,Unholy,283,DPS,200.83m (169.9k),"169,865.5",27.64%,6.89m (5.8k),"5,830.8",2,3,2,Xhì,Demon Hunter,Devourer,281,DPS,221.27m (187.2k),"187,152.3",30.45%,11.37m (9.6k),"9,617.0",1,2,0,Cátzzy,Druid,Restoration,281,Healer,13.89m (11.8k),"11,746.0",1.91%,103.19m (87.3k),"87,281.1",3,3,1
BudoBoy07,Magisters' Terrace,19,31:53,2026-04-28 11:11,1,2,Demonology Warlock: Holy Fire (10:54),Demonology Warlock: Runic Glaive (11:16),Demonology Warlock: Consuming Shadows (19:04),,,,,,,,,,,,,,,,,,Yuecchie,Monk,Brewmaster,280,Tank,168.59m (88.1k),"89,821.5",13.51%,107.52m (56.2k),"57,283.5",0,6,5,Powerpegging,Evoker,Augmentation,279,DPS,323.17m (168.9k),"172,180.8",25.90%,18.45m (9.6k),"9,828.0",0,3,4,Kepi,Death Knight,Unholy,281,DPS,366.29m (191.5k),"195,150.8",29.36%,12.45m (6.5k),"6,631.1",0,5,3,Vâlderon,Warlock,Demonology,282,DPS,349.48m (182.7k),"186,198.2",28.01%,12.08m (6.3k),"6,434.8",3,6,4,Niaxd,Druid,Restoration,282,Healer,40.04m (20.9k),"21,332.4",3.21%,178.43m (93.3k),"95,065.0",0,6,1
BudoBoy07,Windrunner Spire,19,3:08,2026-04-28 10:54,0,0,Mistweaver Monk: Spirit Bolt (1:12),Mistweaver Monk: Melee (2:25),Retribution Paladin: Soul Torment (2:54),,,,,,,,,,,,,,,,,,Mikafatty,Monk,Brewmaster,281,Tank,23.46m (124.8k),"124,323.1",14.52%,14.25m (75.8k),"75,534.5",0,0,0,Powerpegging,Evoker,Augmentation,279,DPS,40.56m (215.7k),"214,961.7",25.10%,2.73m (14.5k),"14,457.0",0,0,3,Srbadin,Paladin,Retribution,280,DPS,44.07m (234.4k),"233,523.8",27.28%,2.20m (11.7k),"11,668.2",1,1,1,Aitnah,Warlock,Demonology,282,DPS,46.03m (244.8k),"243,941.2",28.49%,2.64m (14.0k),"13,972.1",0,1,3,Xhszoàz,Monk,Mistweaver,280,Healer,7.45m (39.6k),"39,468.8",4.61%,20.07m (106.8k),"106,380.1",2,1,2
BudoBoy07,Nexus-Point Xenas,19,2:15,2026-04-28 10:37,0,0,Brewmaster Monk: Melee (1:03),Arms Warrior: Null Sunder (1:06),Augmentation Evoker: Suppression Field (1:11),Restoration Shaman: Suppression Field (1:35),,,,,,,,,,,,,,,,,Wokmaster,Monk,Brewmaster,282,Tank,8.97m (66.4k),"66,330.2",12.70%,6.08m (45.0k),"44,954.5",1,1,1,Powerpegging,Evoker,Augmentation,279,DPS,19.00m (140.7k),"140,558.4",26.90%,940.3k (7.0k),"6,954.4",1,1,0,Flokiys,Demon Hunter,Devourer,280,DPS,21.50m (159.3k),"159,051.7",30.44%,412.3k (3.1k),"3,049.6",0,2,0,Iniminibambi,Warrior,Arms,282,DPS,19.46m (144.1k),"143,925.0",27.55%,495.8k (3.7k),"3,666.8",1,1,0,Фоксифыр,Shaman,Restoration,281,Healer,1.70m (12.6k),"12,581.4",2.41%,4.97m (36.8k),"36,733.8",1,0,0
BudoBoy07,The Seat of the Triumvirate,19,7:08,2026-04-28 10:24,0,0,Unholy Death Knight: Void Sludge (5:15),Demonology Warlock: Void Sludge (6:30),Unholy Death Knight: Void Sludge (6:56),,,,,,,,,,,,,,,,,,Dopamemes,Monk,Brewmaster,278,Tank,39.04m (91.2k),"91,191.7",11.81%,39.63m (92.6k),"92,576.1",0,2,2,Powerpegging,Evoker,Augmentation,279,DPS,92.02m (215.0k),"214,945.1",27.83%,3.63m (8.5k),"8,472.4",0,1,0,Blacknight,Death Knight,Unholy,282,DPS,90.82m (212.2k),"212,136.5",27.46%,4.42m (10.3k),"10,333.4",2,2,1,Sleeplock,Warlock,Demonology,281,DPS,100.93m (235.8k),"235,765.1",30.52%,3.79m (8.9k),"8,847.6",1,2,1,Diaox,Priest,Discipline,272,Healer,7.88m (18.4k),"18,416.2",2.38%,45.71m (106.8k),"106,766.4",0,1,1
BudoBoy07,Maisara Caverns,19,31:10,2026-04-27 23:20,1,3,Mistweaver Monk: Dread Slash (12:06),Mistweaver Monk: Grim Ward (24:27),Augmentation Evoker: Ritual Drums (24:29),,,,,,,,,,,,,,,,,,Airxm,Monk,Brewmaster,281,Tank,154.17m (82.4k),"84,065.7",12.28%,121.28m (64.9k),"66,131.5",0,6,5,Powerpegging,Evoker,Augmentation,279,DPS,318.86m (170.5k),"173,865.8",25.39%,16.13m (8.6k),"8,792.7",1,5,4,Watersash,Demon Hunter,Devourer,281,DPS,331.19m (177.1k),"180,589.0",26.37%,14.54m (7.8k),"7,928.5",0,5,2,Gwynblæídd,Warlock,Demonology,282,DPS,374.75m (200.4k),"204,339.7",29.84%,14.87m (8.0k),"8,108.1",0,6,7,Ekser,Monk,Mistweaver,279,Healer,76.99m (41.2k),"41,981.1",6.13%,196.48m (105.1k),"107,136.1",2,4,2
BudoBoy07,Windrunner Spire,19,5:37,2026-04-27 23:04,0,0,Restoration Druid: Poison Spray (2:10),Unholy Death Knight: Fire Spit (4:52),Restoration Druid: Spore Dispersal (5:18),Augmentation Evoker: Fire Spit (5:28),Devourer Demon Hunter: Spore Dispersal (5:36),,,,,,,,,,,,,,,,Prògødzmonk,Monk,Brewmaster,280,Tank,41.88m (124.3k),"124,177.3",12.30%,32.16m (95.4k),"95,339.3",0,1,0,Powerpegging,Evoker,Augmentation,279,DPS,91.35m (271.1k),"270,851.5",26.84%,3.88m (11.5k),"11,498.5",1,2,0,Sentencesz,Death Knight,Unholy,281,DPS,98.34m (291.8k),"291,578.0",28.89%,2.84m (8.4k),"8,425.2",1,1,1,Jamesv,Demon Hunter,Devourer,281,DPS,103.56m (307.3k),"307,053.2",30.43%,4.96m (14.7k),"14,709.1",1,1,1,Balaurß,Druid,Restoration,281,Healer,5.22m (15.5k),"15,488.6",1.53%,33.71m (100.0k),"99,954.3",2,1,0
BudoBoy07,Algeth'ar Academy,18,29:58,2026-04-27 21:09,1,0,Restoration Shaman: Energy Eruption (26:48),,,,,,,,,,,,,,,,,,,,Bàrathrum,Druid,Guardian,279,Tank,140.31m (78.0k),"78,318.8",14.11%,78.66m (43.7k),"43,907.4",0,4,2,Powerpegging,Evoker,Augmentation,279,DPS,270.73m (150.6k),"151,111.8",27.23%,14.77m (8.2k),"8,244.3",0,4,2,Pyrololxdd,Mage,Frost,280,DPS,259.00m (144.0k),"144,566.3",26.05%,10.74m (6.0k),"5,993.3",0,4,2,Gadarr,Paladin,Retribution,281,DPS,278.20m (154.7k),"155,284.4",27.99%,9.57m (5.3k),"5,342.8",0,4,0,Shamom,Shaman,Restoration,282,Healer,45.86m (25.5k),"25,596.3",4.61%,122.97m (68.4k),"68,637.9",1,1,1
BudoBoy07,Algeth'ar Academy,18,25:33,2026-04-27 19:53,0,0,Augmentation Evoker: Mana Bomb (23:23),Unholy Death Knight: Arcane Bolt (25:25),Holy Paladin: Melee (25:28),Devastation Evoker: Melee (25:31),Guardian Druid: Arcane Bolt (25:33),Augmentation Evoker: Melee (25:33),,,,,,,,,,,,,,,Bàrathrum,Druid,Guardian,279,Tank,108.09m (70.5k),"70,493.7",11.75%,82.18m (53.6k),"53,593.7",1,3,4,Powerpegging,Evoker,Devastation,279,DPS,228.33m (148.9k),"148,913.2",24.82%,10.37m (6.8k),"6,764.8",1,2,1,Crimson,Death Knight,Unholy,280,DPS,305.57m (199.3k),"199,289.8",33.21%,9.04m (5.9k),"5,898.6",1,4,2,Dragetid,Evoker,Augmentation,280,DPS,238.49m (155.6k),"155,537.1",25.92%,9.13m (6.0k),"5,953.0",2,5,0,Stonehill,Paladin,Holy,278,Healer,39.60m (25.8k),"25,829.6",4.30%,94.46m (61.6k),"61,604.4",1,3,3
BudoBoy07,Algeth'ar Academy,18,2:22,2026-04-27 19:51,0,0,Guardian Druid: Vile Bite (1:14),Unholy Death Knight: Melee (1:15),Devastation Evoker: Melee (1:15),Augmentation Evoker: Melee (1:19),Holy Paladin: Melee (1:21),,,,,,,,,,,,,,,,Bàrathrum,Druid,Guardian,279,Tank,9.23m (65.0k),"64,797.4",8.12%,4.23m (29.8k),"29,713.8",1,1,0,Powerpegging,Evoker,Devastation,279,DPS,22.90m (161.3k),"160,774.8",20.15%,935.2k (6.6k),"6,564.8",1,1,0,Crimson,Death Knight,Unholy,280,DPS,52.53m (369.9k),"368,770.6",46.22%,692.2k (4.9k),"4,859.4",1,1,0,Dragetid,Evoker,Augmentation,280,DPS,25.50m (179.6k),"178,993.9",22.44%,949.2k (6.7k),"6,663.1",1,1,0,Stonehill,Paladin,Holy,278,Healer,3.48m (24.5k),"24,423.7",3.06%,2.69m (18.9k),"18,906.8",1,1,0
BudoBoy07,Algeth'ar Academy,18,6:38,2026-04-27 19:44,0,0,Holy Paladin: Burst Forth (5:14),Guardian Druid: Melee (5:22),Devastation Evoker: Lasher Toxin (5:22),Unholy Death Knight: Melee (5:23),,,,,,,,,,,,,,,,,Bàrathrum,Druid,Guardian,279,Tank,41.91m (105.3k),"105,173.8",12.87%,17.98m (45.2k),"45,110.5",1,1,0,Powerpegging,Evoker,Devastation,279,DPS,79.55m (199.9k),"199,624.9",24.43%,2.93m (7.4k),"7,352.9",1,1,1,Crimson,Death Knight,Unholy,280,DPS,113.68m (285.6k),"285,265.3",34.91%,2.08m (5.2k),"5,221.0",1,1,1,Dragetid,Evoker,Augmentation,280,DPS,77.43m (194.5k),"194,306.7",23.78%,1.42m (3.6k),"3,562.8",0,1,0,Stonehill,Paladin,Holy,278,Healer,13.08m (32.9k),"32,813.8",4.02%,16.19m (40.7k),"40,635.5",1,1,0
BudoBoy07,Algeth'ar Academy,18,1:25,2026-04-27 17:38,0,0,,,,,,,,,,,,,,,,,,,,,Deathputz,Death Knight,Blood,282,Tank,11.62m (136.7k),"135,547.2",19.61%,5.80m (68.2k),"67,721.1",0,1,0,Powerpegging,Evoker,Augmentation,279,DPS,11.07m (130.2k),"129,160.3",18.69%,59.0 (0.7),0.7,0,0,0,Crimson,Death Knight,Unholy,280,DPS,20.67m (243.2k),"241,135.3",34.89%,30.2k (355.3),352.0,0,1,0,Stonehill,Paladin,Retribution,271,DPS,15.16m (178.4k),"176,842.0",25.59%,107.2k (1.3k),"1,251.1",0,1,0,Endlessgrave,Priest,Discipline,281,Healer,721.7k (8.5k),"8,421.0",1.22%,2.87m (33.8k),"33,439.0",0,0,0
BudoBoy07,Magisters' Terrace,19,7:56,2026-04-27 17:09,0,0,Restoration Druid: Flamestrike (2:46),Devourer Demon Hunter: Holy Fire (3:08),Restoration Druid: Unstable Energy (7:08),Devourer Demon Hunter: Melee (7:33),Unholy Death Knight: Arcane Expulsion (7:37),Brewmaster Monk: Arcane Bolt (7:54),Augmentation Evoker: Blink (7:55),,,,,,,,,,,,,,Zombamonk,Monk,Brewmaster,281,Tank,39.94m (83.9k),"83,898.9",14.52%,22.33m (46.9k),"46,918.1",1,3,0,Powerpegging,Evoker,Augmentation,279,DPS,73.95m (155.4k),"155,346.5",26.89%,5.28m (11.1k),"11,098.8",1,0,0,Kepi,Death Knight,Unholy,281,DPS,82.16m (172.6k),"172,597.6",29.88%,3.38m (7.1k),"7,101.3",1,1,0,Chainzrøw,Demon Hunter,Devourer,280,DPS,73.10m (153.6k),"153,552.2",26.58%,3.97m (8.3k),"8,339.8",2,2,0,Serpillère,Druid,Restoration,280,Healer,5.86m (12.3k),"12,305.8",2.13%,30.86m (64.8k),"64,823.6",2,1,0
BudoBoy07,Skyreach,19,26:45,2026-04-27 16:37,1,10,Augmentation Evoker: Solar Flame (8:07),Augmentation Evoker: Solar Flame (8:20),Devourer Demon Hunter: Solar Barrier (18:42),,,,,,,,,,,,,,,,,,Rxdiant,Monk,Brewmaster,279,Tank,105.78m (65.9k),"67,430.7",13.10%,95.77m (59.7k),"61,052.6",0,2,2,Powerpegging,Evoker,Augmentation,279,DPS,213.30m (132.9k),"135,973.9",26.42%,14.78m (9.2k),"9,421.1",2,3,2,Мэрукраины,Death Knight,Unholy,281,DPS,264.37m (164.7k),"168,532.6",32.74%,12.23m (7.6k),"7,795.1",0,5,2,Benndh,Demon Hunter,Devourer,281,DPS,217.57m (135.6k),"138,697.6",26.94%,15.17m (9.5k),"9,669.8",1,4,1,Ellysian,Druid,Restoration,280,Healer,6.44m (4.0k),"4,105.5",0.80%,163.09m (101.6k),"103,970.2",0,4,1
BudoBoy07,Skyreach,19,2:02,2026-04-27 16:29,0,0,Devourer Demon Hunter: Ricocheting Chakram (1:50),Restoration Druid: Ricocheting Chakram (1:50),,,,,,,,,,,,,,,,,,,Rxdiant,Monk,Brewmaster,279,Tank,13.64m (111.8k),"111,604.3",11.18%,13.76m (112.8k),"112,552.9",0,1,0,Powerpegging,Evoker,Augmentation,279,DPS,36.30m (297.5k),"296,883.2",29.76%,1.98m (16.2k),"16,178.8",0,1,0,Мэрукраины,Death Knight,Unholy,281,DPS,43.35m (355.3k),"354,590.4",35.54%,1.10m (9.0k),"8,971.5",0,1,0,Benndh,Demon Hunter,Devourer,281,DPS,25.98m (213.0k),"212,484.3",21.30%,965.2k (7.9k),"7,894.6",1,1,0,Tntree,Druid,Restoration,280,Healer,2.72m (22.3k),"22,275.4",2.23%,9.60m (78.7k),"78,510.9",1,0,0
BudoBoy07,Skyreach,19,21:46,2026-04-27 16:00,0,0,Assassination Rogue: Supernova (11:13),Augmentation Evoker: Supernova (13:01),Unholy Death Knight: Solar Nova (21:24),Restoration Druid: Solar Flame (21:32),Unholy Death Knight: Solar Flame (21:43),Brewmaster Monk: Melee (21:44),Assassination Rogue: Melee (21:44),Augmentation Evoker: Melee (21:46),,,,,,,,,,,,,Rxdiant,Monk,Brewmaster,279,Tank,88.60m (67.8k),"67,809.5",12.93%,71.98m (55.1k),"55,092.7",1,1,1,Powerpegging,Evoker,Augmentation,279,DPS,183.73m (140.7k),"140,615.9",26.82%,12.97m (9.9k),"9,924.9",2,2,1,Мэрукраины,Death Knight,Unholy,281,DPS,224.39m (171.8k),"171,739.8",32.75%,10.05m (7.7k),"7,688.9",2,4,3,Twoofwives,Rogue,Assassination,281,DPS,184.07m (140.9k),"140,876.5",26.87%,7.74m (5.9k),"5,920.3",2,4,1,Färts,Druid,Restoration,282,Healer,4.35m (3.3k),"3,327.0",0.63%,144.29m (110.5k),"110,429.6",1,0,0
BudoBoy07,Skyreach,19,5:06,2026-04-27 15:51,0,0,Augmentation Evoker: Blade Rush (2:51),Havoc Demon Hunter: Wind Chakram (4:31),Restoration Druid: Fan of Blades (5:00),Brewmaster Monk: Fiery Talon (5:01),Unholy Death Knight: Melee (5:02),Augmentation Evoker: Melee (5:04),,,,,,,,,,,,,,,Rxdiant,Monk,Brewmaster,279,Tank,26.91m (87.9k),"87,774.9",12.89%,22.15m (72.4k),"72,239.3",1,2,0,Powerpegging,Evoker,Augmentation,279,DPS,61.21m (200.0k),"199,644.7",29.32%,3.46m (11.3k),"11,291.0",2,1,0,Мэрукраины,Death Knight,Unholy,281,DPS,66.99m (218.9k),"218,481.8",32.09%,2.37m (7.7k),"7,717.0",1,2,1,Andøriel,Demon Hunter,Havoc,282,DPS,52.78m (172.5k),"172,125.0",25.28%,2.13m (7.0k),"6,946.9",1,1,0,Färts,Druid,Restoration,282,Healer,869.7k (2.8k),"2,836.5",0.42%,35.88m (117.3k),"117,006.1",1,0,0
BudoBoy07,The Seat of the Triumvirate,19,25:35,2026-04-27 14:50,0,0,Survival Hunter: Shadow Pounce (15:09),Demonology Warlock: Shadow Pounce (15:48),Augmentation Evoker: Shadow Pounce (16:48),Mistweaver Monk: Umbral Waves (21:35),Demonology Warlock: Umbral Waves (22:06),Demonology Warlock: Mass Void Infusion (24:33),Mistweaver Monk: Mind Flay (25:13),Survival Hunter: Mind Flay (25:17),Brewmaster Monk: Mind Blast (25:29),Augmentation Evoker: Mind Flay (25:34),,,,,,,,,,,Tengen,Monk,Brewmaster,282,Tank,137.14m (89.3k),"89,331.1",14.44%,97.37m (63.4k),"63,423.9",1,4,4,Powerpegging,Evoker,Augmentation,279,DPS,248.77m (162.1k),"162,038.8",26.20%,15.30m (10.0k),"9,966.2",2,3,6,Darilm,Hunter,Survival,282,DPS,249.91m (162.8k),"162,781.4",26.32%,5.88m (3.8k),"3,831.5",2,5,7,Chaplol,Warlock,Demonology,282,DPS,253.07m (164.9k),"164,841.1",26.65%,9.74m (6.3k),"6,342.9",3,5,6,Dreamlow,Monk,Mistweaver,282,Healer,60.64m (39.5k),"39,496.9",6.39%,173.00m (112.7k),"112,686.3",2,1,2
BudoBoy07,Windrunner Spire,18,33:13,2026-04-27 14:01,1,6,Retribution Paladin: Spore Dispersal (6:47),Discipline Priest: Flaming Twisters (8:56),Discipline Priest: Shadowrive (14:15),Retribution Paladin: Billowing Wind (31:25),,,,,,,,,,,,,,,,,Penyo,Druid,Guardian,281,Tank,136.59m (68.5k),"70,354.8",13.52%,108.98m (54.7k),"56,137.0",0,6,2,Powerpegging,Evoker,Augmentation,279,DPS,273.52m (137.2k),"140,887.6",27.07%,16.77m (8.4k),"8,635.9",0,2,1,Jigé,Paladin,Retribution,282,DPS,283.77m (142.4k),"146,166.7",28.09%,10.92m (5.5k),"5,626.1",1,5,3,Tendub,Paladin,Retribution,282,DPS,278.08m (139.5k),"143,239.8",27.52%,11.65m (5.8k),"6,001.3",1,6,2,Zeedarya,Priest,Discipline,281,Healer,38.40m (19.3k),"19,779.9",3.80%,193.33m (97.0k),"99,584.6",2,2,3
BudoBoy07,Windrunner Spire,18,2:48,2026-04-27 13:58,0,0,Retribution Paladin: Arcane Salvo (1:03),,,,,,,,,,,,,,,,,,,,Penyo,Druid,Guardian,281,Tank,13.43m (79.9k),"79,694.1",16.70%,7.51m (44.7k),"44,550.9",0,1,0,Powerpegging,Evoker,Augmentation,279,DPS,20.15m (119.9k),"119,590.8",25.05%,1.38m (8.2k),"8,166.7",0,0,0,Jigé,Paladin,Retribution,282,DPS,18.69m (111.2k),"110,924.5",23.24%,757.8k (4.5k),"4,497.7",1,1,1,Tendub,Paladin,Retribution,282,DPS,26.22m (156.1k),"155,603.7",32.60%,893.0k (5.3k),"5,299.9",0,1,0,Zeedarya,Priest,Discipline,281,Healer,1.94m (11.5k),"11,514.8",2.41%,14.20m (84.5k),"84,289.4",0,0,1
BudoBoy07,Windrunner Spire,19,1:51,2026-04-27 13:41,0,0,Retribution Paladin: Melee (0:28),Augmentation Evoker: Arcane Salvo (0:59),Restoration Druid: Arcane Salvo (1:22),Demonology Warlock: Arcane Salvo (1:22),Augmentation Evoker: Arcane Salvo (1:41),Retribution Paladin: Arcane Salvo (1:42),,,,,,,,,,,,,,,Взбучкаю,Druid,Guardian,280,Tank,25.74m (231.9k),"230,985.5",32.63%,8.28m (74.6k),"74,302.6",0,2,0,Powerpegging,Evoker,Augmentation,279,DPS,16.48m (148.5k),"147,945.6",20.89%,2.00m (18.0k),"17,914.8",2,1,2,Gahijpal,Paladin,Retribution,282,DPS,10.51m (94.7k),"94,335.4",13.32%,796.7k (7.2k),"7,150.4",2,1,0,Calamityz,Warlock,Demonology,282,DPS,25.71m (231.6k),"230,778.6",32.59%,1.29m (11.6k),"11,558.1",1,1,2,Díverz,Druid,Restoration,282,Healer,437.9k (3.9k),"3,929.9",0.56%,11.52m (103.8k),"103,361.1",1,1,1
BudoBoy07,Nexus-Point Xenas,19,3:20,2026-04-27 00:00,0,0,Brewmaster Monk: Null Sunder (0:32),Augmentation Evoker: Suppression Field (0:35),Restoration Druid: Melee (0:38),Restoration Druid: Umbra Bolt (3:01),Augmentation Evoker: Arcing Mana (3:09),Brewmaster Monk: Melee (3:15),Devourer Demon Hunter: Corespark Surge (3:18),Demonology Warlock: Arcane Zap (3:19),,,,,,,,,,,,,Airxm,Monk,Brewmaster,281,Tank,17.56m (87.8k),"87,656.1",13.27%,15.83m (79.2k),"79,045.2",2,2,2,Powerpegging,Evoker,Augmentation,279,DPS,36.84m (184.2k),"183,930.3",27.85%,1.69m (8.4k),"8,462.6",2,1,3,Watersash,Demon Hunter,Devourer,281,DPS,38.39m (191.9k),"191,699.3",29.02%,1.32m (6.6k),"6,601.0",1,1,0,Gwynblæídd,Warlock,Demonology,282,DPS,38.87m (194.3k),"194,107.8",29.38%,1.51m (7.5k),"7,523.8",1,1,1,Shyvo,Druid,Restoration,281,Healer,619.3k (3.1k),"3,092.4",0.47%,13.54m (67.7k),"67,628.1",2,0,0
BudoBoy07,Maisara Caverns,18,0:36,2026-04-25 18:50,0,0,Brewmaster Monk: Melee (0:20),Augmentation Evoker: Melee (0:24),,,,,,,,,,,,,,,,,,,Snøoøw,Monk,Brewmaster,278,Tank,460.3k (12.8k),"12,631.4",17.27%,309.6k (8.6k),"8,497.8",1,1,0,Powerpegging,Evoker,Augmentation,279,DPS,1.39m (38.6k),"38,163.1",52.14%,254.7k (7.1k),"6,990.6",1,0,0,Nuoran,Paladin,Retribution,282,DPS,426.8k (11.9k),"11,713.1",16.01%,81.8k (2.3k),"2,245.2",0,0,0,Azuwrath,Warlock,Demonology,280,DPS,,,,14.4k (400.0),393.9,0,0,0,Sunri,Priest,Discipline,282,Healer,388.7k (10.8k),"10,668.1",14.58%,939.0k (26.1k),"25,771.3",0,1,0
BudoBoy07,Maisara Caverns,19,3:46,2026-04-25 18:12,0,0,Brewmaster Monk: Melee (3:25),Augmentation Evoker: Melee (3:27),Feral Druid: Melee (3:27),Discipline Priest: Melee (3:29),Retribution Paladin: Shrink (3:31),Brewmaster Monk: Melee (3:34),,,,,,,,,,,,,,,Paoapo,Monk,Brewmaster,281,Tank,30.33m (134.2k),"134,081.4",15.63%,21.68m (95.9k),"95,826.2",2,1,1,Powerpegging,Evoker,Augmentation,279,DPS,53.94m (238.7k),"238,429.0",27.80%,2.16m (9.6k),"9,527.3",1,1,1,Teknoboom,Druid,Feral,282,DPS,58.16m (257.3k),"257,070.2",29.97%,975.8k (4.3k),"4,313.4",1,1,0,Dräzôü,Paladin,Retribution,282,DPS,46.12m (204.1k),"203,854.6",23.77%,1.07m (4.7k),"4,732.4",1,1,0,Usêrs,Priest,Discipline,281,Healer,5.51m (24.4k),"24,369.7",2.84%,25.44m (112.6k),"112,471.9",1,0,0
BudoBoy07,Skyreach,19,17:39,2026-04-25 16:52,0,0,Beast Mastery Hunter: Chakram Vortex (5:00),Retribution Paladin: Solar Bolt (7:46),,,,,,,,,,,,,,,,,,,Rain,Druid,Guardian,280,Tank,85.94m (81.2k),"81,110.2",15.79%,52.19m (49.3k),"49,258.8",0,2,1,Powerpegging,Evoker,Augmentation,279,DPS,138.61m (130.9k),"130,822.6",25.46%,9.48m (9.0k),"8,943.3",0,1,1,Onetrickz,Hunter,Beast Mastery,282,DPS,142.83m (134.9k),"134,802.0",26.24%,3.02m (2.9k),"2,854.8",1,3,1,Illúvatar,Paladin,Retribution,282,DPS,143.13m (135.2k),"135,082.5",26.29%,7.65m (7.2k),"7,218.1",1,3,1,Kriislee,Monk,Mistweaver,280,Healer,33.83m (31.9k),"31,925.9",6.21%,116.02m (109.6k),"109,503.3",0,0,0
BudoBoy07,Algeth'ar Academy,18,1:01,2026-04-25 14:27,0,0,Unholy Death Knight: Melee (0:42),Discipline Priest: Melee (0:48),Augmentation Evoker: Seed Detonation (0:53),Guardian Druid: Melee (1:00),Retribution Paladin: Melee (1:01),,,,,,,,,,,,,,,,Nhileys,Druid,Guardian,280,Tank,7.24m (118.7k),"117,518.8",98.55%,2.37m (38.9k),"38,565.1",1,1,0,Powerpegging,Evoker,Augmentation,279,DPS,,,,810.2k (13.3k),"13,157.6",1,0,0,Peshounh,Death Knight,Unholy,280,DPS,6.9k (113.1),111.2,0.09%,87.6k (1.4k),"1,423.3",1,0,0,Phoffer,Paladin,Retribution,283,DPS,,,,69.5k (1.1k),"1,129.0",1,0,0,Babbath,Priest,Discipline,280,Healer,99.6k (1.6k),"1,618.1",1.36%,118.7k (1.9k),"1,928.2",1,0,0
BudoBoy07,Algeth'ar Academy,19,17:33,2026-04-25 13:59,0,0,Augmentation Evoker: Seed Detonation (1:10),Discipline Priest: Riftbreath (15:54),Augmentation Evoker: Vicious Ambush (15:57),Devourer Demon Hunter:  (16:36),Augmentation Evoker: Mana Void (17:24),Guardian Druid: Spellbound Weapon (17:29),,,,,,,,,,,,,,,Signfly,Druid,Guardian,281,Tank,104.85m (99.6k),"99,550.9",14.85%,71.12m (67.5k),"67,527.9",1,2,1,Powerpegging,Evoker,Augmentation,279,DPS,149.75m (142.2k),"142,189.8",21.21%,8.40m (8.0k),"7,978.7",3,2,1,Davidgetter,Demon Hunter,Devourer,283,DPS,215.21m (204.4k),"204,343.5",30.48%,7.15m (6.8k),"6,784.6",1,3,1,Nymphanf,Demon Hunter,Devourer,281,DPS,212.63m (201.9k),"201,892.7",30.12%,6.50m (6.2k),"6,170.1",0,4,1,Kaffeosucre,Priest,Discipline,280,Healer,23.62m (22.4k),"22,424.2",3.35%,88.38m (83.9k),"83,916.8",1,1,0
BudoBoy07,The Seat of the Triumvirate,18,2:15,2026-04-25 12:49,0,0,Vengeance Demon Hunter: Umbral Bolt (1:54),Balance Druid: Melee (2:04),,,,,,,,,,,,,,,,,,,Coconutbob,Demon Hunter,Vengeance,280,Tank,19.94m (147.7k),"147,005.9",14.40%,11.06m (81.9k),"81,550.9",1,2,1,Powerpegging,Evoker,Augmentation,279,DPS,42.25m (313.0k),"311,444.1",30.50%,1.11m (8.2k),"8,212.2",0,2,0,Hyterionxx,Druid,Balance,281,DPS,35.76m (264.9k),"263,656.4",25.82%,405.3k (3.0k),"2,987.8",1,1,0,Fatpala,Paladin,Retribution,282,DPS,37.28m (276.1k),"274,826.4",26.92%,753.8k (5.6k),"5,557.1",0,2,0,Sunri,Priest,Discipline,282,Healer,3.28m (24.3k),"24,191.4",2.37%,14.99m (111.0k),"110,544.1",0,1,1
BudoBoy07,The Seat of the Triumvirate,18,0:56,2026-04-25 11:16,0,0,Mistweaver Monk: Leeching Void (0:31),Brewmaster Monk: Relentless Pursuit (0:44),,,,,,,,,,,,,,,,,,,Addrow,Monk,Brewmaster,277,Tank,7.75m (138.4k),"136,990.6",8.93%,6.80m (121.4k),"120,263.2",1,1,1,Powerpegging,Evoker,Augmentation,279,DPS,24.10m (430.4k),"426,321.9",27.76%,848.6k (15.2k),"15,009.4",0,1,0,Sintray,Death Knight,Unholy,281,DPS,27.86m (497.5k),"492,806.7",32.09%,366.2k (6.5k),"6,477.8",0,1,0,Voltra,Shaman,Enhancement,281,DPS,24.06m (429.6k),"425,601.4",27.71%,490.0k (8.8k),"8,666.6",0,1,0,Shadowbrewx,Monk,Mistweaver,282,Healer,3.06m (54.6k),"54,118.4",3.52%,7.47m (133.4k),"132,174.0",1,0,0
BudoBoy07,The Seat of the Triumvirate,18,27:19,2026-04-25 10:38,0,0,Balance Druid: Void Expulsion (11:37),Balance Druid: Shadow Pounce (13:21),Augmentation Evoker: Overload (15:59),Augmentation Evoker: Void Slam (17:50),Balance Druid: Eruption (17:52),Balance Druid: Umbral Waves (24:26),Balance Druid: Umbral Waves (25:52),Augmentation Evoker: Mind Flay (27:08),Unholy Death Knight: Void Storm (27:15),Brewmaster Monk: Void Storm (27:17),Restoration Druid: Mind Flay (27:19),,,,,,,,,,Soohm,Monk,Brewmaster,279,Tank,134.39m (82.0k),"81,948.2",15.93%,95.09m (58.0k),"57,984.4",1,6,4,Powerpegging,Evoker,Augmentation,279,DPS,236.67m (144.4k),"144,318.0",28.06%,16.54m (10.1k),"10,083.6",3,1,2,Sintray,Death Knight,Unholy,281,DPS,237.70m (145.0k),"144,940.7",28.18%,10.56m (6.4k),"6,438.9",1,5,1,Galq,Druid,Balance,281,DPS,224.89m (137.2k),"137,129.1",26.66%,4.55m (2.8k),"2,774.8",5,5,2,Sinnérgødx,Druid,Restoration,282,Healer,9.84m (6.0k),"6,002.9",1.17%,154.06m (94.0k),"93,943.4",1,2,0
BudoBoy07,The Seat of the Triumvirate,18,13:28,2026-04-25 10:25,0,0,Brewmaster Monk: Melee (8:21),Unholy Death Knight: Devouring Frenzy (8:25),Brewmaster Monk: Relentless Pursuit (9:55),Unholy Death Knight: Melee (9:59),,,,,,,,,,,,,,,,,Smoophy,Monk,Brewmaster,279,Tank,51.45m (63.7k),"63,670.9",15.28%,40.84m (50.5k),"50,537.7",2,2,0,Powerpegging,Evoker,Augmentation,279,DPS,96.28m (119.2k),"119,146.1",28.59%,4.77m (5.9k),"5,904.5",0,2,0,Sintray,Death Knight,Unholy,281,DPS,89.74m (111.1k),"111,049.7",26.65%,4.42m (5.5k),"5,467.0",2,3,1,Galq,Druid,Balance,281,DPS,96.06m (118.9k),"118,873.9",28.52%,1.93m (2.4k),"2,391.9",0,2,1,Sinnérgødx,Druid,Restoration,282,Healer,3.24m (4.0k),"4,008.9",0.96%,69.82m (86.4k),"86,405.3",0,1,1
BudoBoy07,Skyreach,18,26:49,2026-04-24 23:14,1,0,Brewmaster Monk: Fiery Talon (17:05),Unholy Death Knight: Melee (17:06),Demonology Warlock: Melee (17:19),Holy Paladin: Solar Flame (20:50),Holy Paladin: Solar Fire (20:55),,,,,,,,,,,,,,,,Neky,Monk,Brewmaster,282,Tank,116.81m (72.6k),"75,673.8",14.86%,95.84m (59.6k),"62,090.5",1,5,2,Powerpegging,Evoker,Augmentation,279,DPS,208.16m (129.4k),"134,854.9",26.48%,14.49m (9.0k),"9,385.0",0,1,2,Crimson,Death Knight,Unholy,280,DPS,227.94m (141.7k),"147,669.9",28.99%,10.02m (6.2k),"6,491.4",1,5,4,Twolliiss,Warlock,Demonology,280,DPS,215.95m (134.2k),"139,900.4",27.47%,13.45m (8.4k),"8,716.8",1,5,10,Stonehill,Paladin,Holy,279,Healer,17.34m (10.8k),"11,230.7",2.21%,129.67m (80.6k),"84,008.0",2,4,6
BudoBoy07,Skyreach,18,3:03,2026-04-24 23:11,0,0,Brewmaster Monk:  (0:31),Augmentation Evoker:  (0:55),Augmentation Evoker:  (0:56),,,,,,,,,,,,,,,,,,Neky,Monk,Brewmaster,282,Tank,9.28m (50.7k),"50,478.9",10.02%,8.54m (46.7k),"46,486.2",1,1,2,Powerpegging,Evoker,Augmentation,279,DPS,22.50m (123.0k),"122,430.1",24.29%,1.75m (9.6k),"9,549.2",2,1,0,Crimson,Death Knight,Unholy,280,DPS,30.91m (168.9k),"168,215.3",33.37%,802.5k (4.4k),"4,367.0",0,1,0,Twolliiss,Warlock,Demonology,280,DPS,29.03m (158.6k),"157,970.3",31.34%,761.6k (4.2k),"4,144.1",0,1,0,Stonehill,Paladin,Holy,279,Healer,915.7k (5.0k),"4,982.9",0.99%,8.74m (47.8k),"47,549.9",0,1,0
BudoBoy07,Windrunner Spire,17,32:11,2026-04-24 22:27,1,0,Brewmaster Monk: Sporecharged (5:06),Arms Warrior: Melee (5:08),Augmentation Evoker: Flaming Twisters (7:55),Holy Paladin: Flaming Twisters (9:43),Brewmaster Monk: Fetid Bile (12:40),Arms Warrior: Melee (12:47),Holy Paladin: Falling Rubble (25:13),Unholy Death Knight: Falling Rubble (25:36),,,,,,,,,,,,,Jingko,Monk,Brewmaster,278,Tank,127.18m (65.9k),"69,898.9",14.10%,106.67m (55.2k),"58,623.1",2,5,2,Powerpegging,Evoker,Augmentation,279,DPS,240.78m (124.7k),"132,327.7",26.70%,13.73m (7.1k),"7,546.7",1,2,2,Crimson,Death Knight,Unholy,280,DPS,273.57m (141.7k),"150,353.3",30.34%,10.24m (5.3k),"5,628.0",1,6,3,Gryko,Warrior,Arms,280,DPS,223.54m (115.8k),"122,854.3",24.79%,13.54m (7.0k),"7,440.5",2,6,0,Stonehill,Paladin,Holy,279,Healer,36.72m (19.0k),"20,179.5",4.07%,127.16m (65.9k),"69,886.0",2,4,3
BudoBoy07,Algeth'ar Academy,16,26:29,2026-04-24 21:47,1,0,Augmentation Evoker: Power Vacuum (24:58),,,,,,,,,,,,,,,,,,,,Prinzsanji,Demon Hunter,Vengeance,279,Tank,106.65m (67.1k),"67,384.0",13.05%,66.08m (41.6k),"41,747.5",0,3,2,Powerpegging,Evoker,Augmentation,279,DPS,215.00m (135.3k),"135,842.6",26.31%,11.73m (7.4k),"7,409.9",1,4,1,Mcola,Paladin,Retribution,282,DPS,257.50m (162.1k),"162,693.5",31.51%,9.03m (5.7k),"5,703.9",0,2,1,Malmwist,Warrior,Arms,282,DPS,209.38m (131.8k),"132,292.1",25.62%,6.61m (4.2k),"4,175.8",0,5,1,Vibesham,Shaman,Restoration,279,Healer,28.61m (18.0k),"18,074.6",3.50%,104.68m (65.9k),"66,138.2",0,0,0
BudoBoy07,Algeth'ar Academy,18,29:04,2026-04-24 20:35,1,12,Devourer Demon Hunter: Astral Whirlwind (23:27),Restoration Druid: Arcane Smash (24:12),Restoration Druid: Arcane Missiles (25:57),,,,,,,,,,,,,,,,,,Mîyâ,Monk,Brewmaster,279,Tank,129.63m (74.3k),"75,878.4",13.23%,105.97m (60.8k),"62,028.1",0,0,1,Powerpegging,Evoker,Augmentation,279,DPS,236.99m (135.9k),"138,719.6",24.18%,14.09m (8.1k),"8,244.8",0,2,2,Thyidh,Demon Hunter,Devourer,281,DPS,276.63m (158.6k),"161,925.0",28.23%,11.13m (6.4k),"6,515.9",1,5,0,Biko,Warlock,Demonology,282,DPS,309.11m (177.2k),"180,932.7",31.54%,10.84m (6.2k),"6,344.8",0,5,7,Blacklungs,Druid,Restoration,281,Healer,27.72m (15.9k),"16,223.6",2.83%,125.29m (71.8k),"73,339.8",2,2,3
BudoBoy07,Algeth'ar Academy,18,17:07,2026-04-24 20:18,0,0,Restoration Druid: Vicious Ambush (13:44),Demonology Warlock: Mana Void (13:45),Devourer Demon Hunter: Vicious Ambush (14:00),Augmentation Evoker: Vicious Ambush (14:01),Brewmaster Monk: Mana Void (14:04),,,,,,,,,,,,,,,,Mîyâ,Monk,Brewmaster,279,Tank,69.52m (67.7k),"67,680.4",12.42%,56.67m (55.2k),"55,166.0",1,0,2,Powerpegging,Evoker,Augmentation,279,DPS,124.93m (121.6k),"121,628.5",22.33%,8.20m (8.0k),"7,978.3",1,1,2,Thyidh,Demon Hunter,Devourer,281,DPS,166.36m (162.0k),"161,955.1",29.73%,7.15m (7.0k),"6,959.5",1,3,1,Biko,Warlock,Demonology,282,DPS,180.52m (175.8k),"175,739.4",32.26%,5.65m (5.5k),"5,502.7",1,3,3,Blacklungs,Druid,Restoration,281,Healer,18.21m (17.7k),"17,725.8",3.25%,62.96m (61.3k),"61,297.5",1,1,2
BudoBoy07,Algeth'ar Academy,18,29:24,2026-04-24 19:41,0,0,Demonology Warlock: Mystic Brand (23:38),Restoration Druid: Arcane Bolt (23:42),Demonology Warlock: Astral Whirlwind (25:31),Restoration Druid: Arcane Missiles (27:52),Demonology Warlock: Power Vacuum (29:15),Devourer Demon Hunter: Power Vacuum (29:15),Brewmaster Monk: Overwhelming Power (29:20),Augmentation Evoker: Melee (29:23),,,,,,,,,,,,,Mîyâ,Monk,Brewmaster,279,Tank,127.82m (72.5k),"72,443.4",13.01%,105.88m (60.0k),"60,009.3",1,0,1,Powerpegging,Evoker,Augmentation,279,DPS,227.80m (129.1k),"129,102.0",23.18%,14.28m (8.1k),"8,094.3",1,2,3,Thyidh,Demon Hunter,Devourer,281,DPS,287.54m (163.0k),"162,963.1",29.26%,11.91m (6.8k),"6,750.2",1,6,1,Biko,Warlock,Demonology,282,DPS,310.06m (175.8k),"175,724.2",31.55%,13.11m (7.4k),"7,429.9",3,5,10,Blacklungs,Druid,Restoration,281,Healer,29.57m (16.8k),"16,761.3",3.01%,127.92m (72.5k),"72,496.2",2,1,3
BudoBoy07,The Seat of the Triumvirate,18,33:08,2026-04-24 19:05,1,2,Unholy Death Knight: Umbral Waves (23:10),Unholy Death Knight: Umbral Waves (26:16),,,,,,,,,,,,,,,,,,,Пандазаврик,Monk,Brewmaster,278,Tank,137.18m (69.0k),"69,709.4",13.61%,119.81m (60.3k),"60,882.8",0,7,4,Powerpegging,Evoker,Augmentation,279,DPS,295.79m (148.8k),"150,311.7",29.35%,19.53m (9.8k),"9,926.5",0,5,6,Savè,Death Knight,Unholy,280,DPS,243.46m (122.5k),"123,718.7",24.16%,12.24m (6.2k),"6,220.9",2,2,3,Xsï,Warlock,Demonology,281,DPS,317.26m (159.6k),"161,225.0",31.48%,14.22m (7.2k),"7,226.0",0,6,8,Claym,Druid,Restoration,280,Healer,14.04m (7.1k),"7,132.9",1.39%,205.65m (103.4k),"104,504.3",0,4,3
BudoBoy07,Algeth'ar Academy,18,14:01,2026-04-24 18:31,0,0,Augmentation Evoker: Deafening Screech (13:05),Frost Mage: Deafening Screech (13:50),Augmentation Evoker: Deafening Screech (13:51),,,,,,,,,,,,,,,,,,Пандазаврик,Monk,Brewmaster,278,Tank,68.50m (81.5k),"81,428.7",13.24%,55.50m (66.0k),"65,974.4",0,3,4,Powerpegging,Evoker,Augmentation,279,DPS,130.26m (154.9k),"154,858.3",25.17%,7.11m (8.5k),"8,451.5",2,2,2,Frostmage,Mage,Frost,281,DPS,121.81m (144.8k),"144,805.1",23.54%,3.57m (4.2k),"4,246.7",1,3,0,Akyria,Warlock,Demonology,282,DPS,184.33m (219.2k),"219,129.0",35.62%,5.44m (6.5k),"6,470.6",0,3,3,Cythra,Druid,Restoration,276,Healer,12.55m (14.9k),"14,924.0",2.43%,56.12m (66.7k),"66,712.1",0,1,2
BudoBoy07,Algeth'ar Academy,18,3:07,2026-04-24 18:28,0,0,Brewmaster Monk: Vile Bite (1:45),Augmentation Evoker: Melee (2:06),Brewmaster Monk: Melee (2:09),Restoration Druid: Seed Detonation (2:09),,,,,,,,,,,,,,,,,Пандазаврик,Monk,Brewmaster,278,Tank,18.22m (97.4k),"97,305.1",13.32%,14.62m (78.2k),"78,079.7",2,1,2,Powerpegging,Evoker,Augmentation,279,DPS,26.37m (141.0k),"140,823.9",19.27%,1.77m (9.5k),"9,457.0",1,1,0,Frostmage,Mage,Frost,281,DPS,30.26m (161.8k),"161,618.3",22.12%,331.1k (1.8k),"1,768.3",0,1,0,Akyria,Warlock,Demonology,282,DPS,60.55m (323.8k),"323,330.0",44.26%,1.40m (7.5k),"7,499.4",0,1,2,Cythra,Druid,Restoration,276,Healer,1.41m (7.5k),"7,539.5",1.03%,5.92m (31.7k),"31,629.2",1,0,0
BudoBoy07,Algeth'ar Academy,18,1:52,2026-04-24 18:13,0,0,Brewmaster Monk: Vile Bite (1:39),Fury Warrior: Melee (1:40),Demonology Warlock: Melee (1:44),Restoration Druid: Seed Detonation (1:45),Augmentation Evoker: Darting Sting (1:52),,,,,,,,,,,,,,,,Mugmuk,Monk,Brewmaster,278,Tank,15.42m (137.7k),"136,954.3",13.11%,11.82m (105.5k),"104,929.1",1,1,2,Powerpegging,Evoker,Augmentation,279,DPS,28.48m (254.3k),"252,894.1",24.21%,1.23m (11.0k),"10,916.4",1,1,0,Асулим,Warlock,Demonology,281,DPS,45.12m (402.9k),"400,690.8",38.36%,932.4k (8.3k),"8,280.0",1,1,0,Lzy,Warrior,Fury,280,DPS,28.20m (251.8k),"250,409.9",23.97%,454.6k (4.1k),"4,036.9",1,1,0,Cythra,Druid,Restoration,276,Healer,412.9k (3.7k),"3,667.1",0.35%,6.84m (61.1k),"60,764.7",1,0,0
BudoBoy07,Algeth'ar Academy,18,4:29,2026-04-24 18:09,0,0,Brewmaster Monk: Vile Bite (1:33),Fury Warrior: Melee (1:34),Demonology Warlock: Melee (1:37),Restoration Druid: Darting Sting (1:43),Brewmaster Monk: Vile Bite (1:50),Augmentation Evoker: Darting Sting (1:54),,,,,,,,,,,,,,,Mugmuk,Monk,Brewmaster,278,Tank,17.69m (65.8k),"65,734.4",15.21%,10.56m (39.3k),"39,244.9",2,1,2,Powerpegging,Evoker,Augmentation,279,DPS,30.13m (112.0k),"111,950.4",25.90%,1.62m (6.0k),"6,022.3",1,1,0,Асулим,Warlock,Demonology,281,DPS,36.41m (135.4k),"135,296.6",31.30%,579.0k (2.2k),"2,151.4",1,1,0,Lzy,Warrior,Fury,280,DPS,29.43m (109.4k),"109,350.0",25.30%,405.2k (1.5k),"1,505.5",1,1,0,Cythra,Druid,Restoration,276,Healer,2.67m (9.9k),"9,914.5",2.30%,4.34m (16.1k),"16,120.3",1,0,0
BudoBoy07,Algeth'ar Academy,18,1:37,2026-04-24 18:03,0,0,Brewmaster Monk: Melee (1:22),Fury Warrior: Melee (1:23),Demonology Warlock: Melee (1:26),Restoration Druid: Melee (1:30),Augmentation Evoker: Melee (1:34),Brewmaster Monk: Darting Sting (1:35),,,,,,,,,,,,,,,Mugmuk,Monk,Brewmaster,278,Tank,18.24m (188.0k),"187,839.4",16.83%,9.77m (100.7k),"100,650.7",2,1,0,Powerpegging,Evoker,Augmentation,279,DPS,21.78m (224.5k),"224,319.4",20.10%,1.10m (11.3k),"11,330.0",1,1,0,Асулим,Warlock,Demonology,281,DPS,44.53m (459.1k),"458,730.7",41.09%,415.5k (4.3k),"4,279.7",1,1,0,Lzy,Warrior,Fury,280,DPS,22.42m (231.1k),"230,985.2",20.69%,208.7k (2.2k),"2,150.1",1,1,0,Cythra,Druid,Restoration,276,Healer,1.41m (14.5k),"14,506.6",1.30%,3.70m (38.1k),"38,087.2",1,0,0
BudoBoy07,Algeth'ar Academy,18,2:00,2026-04-24 17:57,0,0,Brewmaster Monk: Vile Bite (1:35),Fury Warrior: Melee (1:35),Demonology Warlock: Melee (1:40),,,,,,,,,,,,,,,,,,Mugmuk,Monk,Brewmaster,278,Tank,20.12m (167.7k),"166,817.2",16.44%,11.65m (97.1k),"96,567.3",1,1,2,Powerpegging,Evoker,Augmentation,279,DPS,25.97m (216.4k),"215,320.8",21.22%,1.39m (11.6k),"11,555.4",0,1,0,Bellania,Warlock,Demonology,281,DPS,48.96m (408.0k),"405,895.2",40.01%,917.4k (7.6k),"7,606.5",1,1,0,Lzy,Warrior,Fury,280,DPS,26.20m (218.3k),"217,209.7",21.41%,376.9k (3.1k),"3,124.8",1,1,0,Cythra,Druid,Restoration,276,Healer,1.13m (9.4k),"9,332.9",0.92%,5.55m (46.2k),"45,980.2",0,0,0
BudoBoy07,Nexus-Point Xenas,17,1:23,2026-04-24 14:36,0,0,Devastation Evoker: Arcing Mana (1:14),Brewmaster Monk: Arcane Zap (1:20),Unholy Death Knight: Corespark Overload (1:21),Augmentation Evoker: Erratic Zap (1:23),Discipline Priest: Melee (1:23),,,,,,,,,,,,,,,,Kartone,Monk,Brewmaster,280,Tank,7.29m (87.8k),"87,128.7",9.65%,4.95m (59.6k),"59,160.9",1,0,0,Powerpegging,Evoker,Augmentation,279,DPS,19.66m (236.9k),"234,970.0",26.02%,1.05m (12.7k),"12,535.3",1,1,0,Crimson,Death Knight,Unholy,278,DPS,25.75m (310.2k),"307,767.0",34.08%,779.7k (9.4k),"9,318.7",1,1,1,Dragetid,Evoker,Devastation,279,DPS,20.13m (242.5k),"240,601.3",26.64%,520.3k (6.3k),"6,218.6",1,1,0,Sycilla,Priest,Discipline,282,Healer,2.73m (32.9k),"32,578.2",3.61%,10.32m (124.3k),"123,393.0",1,1,0
BudoBoy07,Skyreach,17,25:54,2026-04-24 13:43,1,0,Restoration Shaman: Coalesced Wind (5:06),Augmentation Evoker: Defensive Protocol (8:53),Augmentation Evoker:  (16:30),Unholy Death Knight:  (24:35),Devastation Evoker: Blazing Ground (24:36),,,,,,,,,,,,,,,,Dotimonkey,Monk,Brewmaster,280,Tank,110.54m (71.1k),"74,271.8",16.00%,85.82m (55.2k),"57,664.8",0,5,2,Powerpegging,Evoker,Augmentation,279,DPS,195.69m (125.9k),"131,488.3",28.32%,11.51m (7.4k),"7,731.0",2,0,1,Crimson,Death Knight,Unholy,278,DPS,182.54m (117.5k),"122,649.9",26.42%,7.73m (5.0k),"5,191.6",1,5,3,Dragetid,Evoker,Devastation,279,DPS,173.73m (111.8k),"116,735.4",25.14%,7.30m (4.7k),"4,901.7",1,4,1,Cryhard,Shaman,Restoration,279,Healer,28.51m (18.3k),"19,158.4",4.13%,126.56m (81.4k),"85,040.5",1,1,1
BudoBoy07,Skyreach,17,18:52,2026-04-24 13:12,0,0,Unholy Death Knight: Wind Chakram (5:34),Brewmaster Monk:  (17:20),Augmentation Evoker:  (17:26),Augmentation Evoker:  (17:43),Brewmaster Monk: Fiery Talon (18:37),Unholy Death Knight: Melee (18:39),Augmentation Evoker: Solar Flare (18:42),Augmentation Evoker: Shear (18:44),Restoration Druid: Melee (18:45),Brewmaster Monk: Melee (18:52),,,,,,,,,,,Maximonksan,Monk,Brewmaster,279,Tank,79.22m (70.0k),"69,972.3",16.13%,46.19m (40.8k),"40,796.1",3,4,1,Powerpegging,Evoker,Augmentation,279,DPS,130.80m (115.5k),"115,536.9",26.63%,10.24m (9.0k),"9,044.2",3,2,2,Crimson,Death Knight,Unholy,278,DPS,148.43m (131.1k),"131,108.6",30.22%,7.59m (6.7k),"6,703.1",2,4,0,Dragetid,Evoker,Augmentation,279,DPS,118.02m (104.3k),"104,248.3",24.03%,10.28m (9.1k),"9,082.3",1,4,3,Semidowns,Druid,Restoration,280,Healer,14.63m (12.9k),"12,926.4",2.98%,95.30m (84.2k),"84,179.9",1,0,0
BudoBoy07,Nexus-Point Xenas,18,28:24,2026-04-24 12:29,1,8,Restoration Druid: Arcing Mana (1:06),Demonology Warlock: Arcing Mana (3:36),Devourer Demon Hunter: Melee (10:01),Brewmaster Monk: Melee (16:44),Demonology Warlock: Blistering Smite (19:00),Devourer Demon Hunter: Searing Rend (21:28),,,,,,,,,,,,,,,Jackeichan,Monk,Brewmaster,281,Tank,112.41m (66.0k),"69,268.3",12.52%,90.30m (53.0k),"55,643.0",1,1,9,Powerpegging,Evoker,Augmentation,279,DPS,245.36m (144.0k),"151,193.5",27.33%,14.45m (8.5k),"8,903.3",0,2,5,Depressdh,Demon Hunter,Devourer,280,DPS,238.20m (139.8k),"146,785.9",26.53%,10.56m (6.2k),"6,508.6",2,4,8,Elyý,Warlock,Demonology,283,DPS,279.67m (164.1k),"172,335.2",31.15%,11.61m (6.8k),"7,151.7",2,4,8,Hadoukenx,Druid,Restoration,279,Healer,22.26m (13.1k),"13,715.1",2.48%,143.51m (84.2k),"88,434.9",1,4,2
BudoBoy07,Nexus-Point Xenas,18,2:29,2026-04-24 12:27,0,0,Restoration Druid: Arcing Mana (0:54),Augmentation Evoker: Arcane Spill (0:56),Brewmaster Monk: Null Sunder (0:56),Devourer Demon Hunter: Melee (1:01),Demonology Warlock: Melee (1:02),,,,,,,,,,,,,,,,Jackeichan,Monk,Brewmaster,281,Tank,6.10m (40.9k),"40,733.5",9.48%,3.94m (26.4k),"26,331.0",1,0,0,Powerpegging,Evoker,Augmentation,279,DPS,16.66m (111.8k),"111,234.6",25.88%,797.7k (5.4k),"5,326.2",1,1,0,Depressdh,Demon Hunter,Devourer,280,DPS,19.25m (129.2k),"128,537.6",29.91%,599.7k (4.0k),"4,004.3",1,1,0,Elyý,Warlock,Demonology,283,DPS,19.82m (133.0k),"132,312.5",30.79%,387.3k (2.6k),"2,585.8",1,1,0,Hadoukenx,Druid,Restoration,279,Healer,2.54m (17.0k),"16,982.0",3.95%,2.86m (19.2k),"19,084.6",1,1,0
BudoBoy07,Nexus-Point Xenas,18,4:02,2026-04-24 12:23,0,0,Demonology Warlock: Erratic Zap (2:17),Devourer Demon Hunter: Arcane Spill (2:43),Restoration Druid: Corespark Overload (2:47),Brewmaster Monk: Corespark Overload (2:48),Augmentation Evoker: Melee (2:51),,,,,,,,,,,,,,,,Jackeichan,Monk,Brewmaster,281,Tank,15.56m (64.3k),"64,048.5",10.79%,11.94m (49.3k),"49,145.1",1,0,2,Powerpegging,Evoker,Augmentation,279,DPS,39.11m (161.6k),"160,986.3",27.11%,1.60m (6.6k),"6,597.2",1,1,0,Depressdh,Demon Hunter,Devourer,280,DPS,39.93m (165.0k),"164,392.0",27.68%,843.6k (3.5k),"3,472.7",1,1,1,Elyý,Warlock,Demonology,283,DPS,43.42m (179.4k),"178,756.5",30.10%,1.08m (4.5k),"4,429.9",1,1,1,Hadoukenx,Druid,Restoration,279,Healer,6.25m (25.8k),"25,750.1",4.33%,16.62m (68.7k),"68,427.2",1,1,0
BudoBoy07,Nexus-Point Xenas,18,25:06,2026-04-24 11:58,0,0,Restoration Druid: Dark Beckoning (9:41),Devourer Demon Hunter: Blistering Smite (18:55),Devourer Demon Hunter: Holy Bolt (21:50),Restoration Druid: Holy Bolt (21:51),Augmentation Evoker: Burning Radiance (21:53),Brewmaster Monk: Burning Radiance (21:55),Demonology Warlock: Burning Radiance (21:57),Restoration Druid: Burning Radiance (22:48),Devourer Demon Hunter: Holy Bolt (22:51),Demonology Warlock: Melee (22:55),Augmentation Evoker: Burning Radiance (23:05),Brewmaster Monk: Burning Radiance (23:07),,,,,,,,,Jackeichan,Monk,Brewmaster,281,Tank,105.92m (70.3k),"70,302.3",12.72%,83.86m (55.7k),"55,662.8",2,0,4,Powerpegging,Evoker,Augmentation,279,DPS,229.01m (152.1k),"151,995.4",27.51%,12.36m (8.2k),"8,205.6",2,3,6,Depressdh,Demon Hunter,Devourer,280,DPS,223.19m (148.2k),"148,134.2",26.81%,9.11m (6.0k),"6,044.1",3,3,4,Elyý,Warlock,Demonology,283,DPS,249.22m (165.5k),"165,409.0",29.93%,9.95m (6.6k),"6,604.6",2,4,7,Hadoukenx,Druid,Restoration,279,Healer,25.22m (16.7k),"16,737.5",3.03%,123.19m (81.8k),"81,760.4",3,4,2
BudoBoy07,Nexus-Point Xenas,18,2:31,2026-04-24 11:55,0,0,Devourer Demon Hunter: Suppression Field (0:56),Brewmaster Monk: Null Sunder (0:56),Demonology Warlock: Melee (0:59),Restoration Druid: Arcane Spill (1:00),Augmentation Evoker: Null Sunder (1:02),,,,,,,,,,,,,,,,Jackeichan,Monk,Brewmaster,281,Tank,7.30m (48.3k),"48,227.7",10.89%,4.61m (30.5k),"30,440.6",1,0,0,Powerpegging,Evoker,Augmentation,279,DPS,18.72m (124.0k),"123,709.1",27.93%,816.3k (5.4k),"5,393.1",1,1,0,Depressdh,Demon Hunter,Devourer,280,DPS,20.71m (137.2k),"136,861.1",30.90%,598.0k (4.0k),"3,950.8",1,1,0,Elyý,Warlock,Demonology,283,DPS,18.47m (122.3k),"122,022.1",27.55%,654.0k (4.3k),"4,320.9",1,1,1,Hadoukenx,Druid,Restoration,279,Healer,1.83m (12.1k),"12,115.5",2.73%,5.58m (37.0k),"36,844.4",1,1,0
BudoBoy07,Nexus-Point Xenas,18,3:30,2026-04-24 11:52,0,0,Demonology Warlock: Umbra Bolt (1:32),Restoration Druid: Erratic Zap (1:40),Brewmaster Monk: Melee (1:47),Devourer Demon Hunter: Arcing Mana (1:47),Augmentation Evoker: Corespark Overload (1:48),,,,,,,,,,,,,,,,Jackeichan,Monk,Brewmaster,281,Tank,13.20m (62.9k),"62,713.1",12.85%,8.11m (38.6k),"38,530.9",1,0,1,Powerpegging,Evoker,Augmentation,279,DPS,24.04m (114.5k),"114,192.2",23.40%,2.04m (9.7k),"9,705.0",1,0,2,Depressdh,Demon Hunter,Devourer,280,DPS,32.61m (155.3k),"154,911.3",31.74%,830.3k (4.0k),"3,944.7",1,1,0,Elyý,Warlock,Demonology,283,DPS,29.63m (141.1k),"140,792.9",28.84%,1.09m (5.2k),"5,161.1",1,1,2,Hadoukenx,Druid,Restoration,279,Healer,3.25m (15.5k),"15,450.6",3.16%,8.73m (41.6k),"41,481.9",1,1,1
BudoBoy07,Algeth'ar Academy,18,25:23,2026-04-24 11:19,0,0,Devourer Demon Hunter: Burst Forth (5:19),Augmentation Evoker:  (7:07),Augmentation Evoker: Mana Bomb (20:49),Augmentation Evoker: Astral Whirlwind (24:56),Demonology Warlock: Arcane Bolt (25:07),Augmentation Evoker: Arcane Smash (25:14),Restoration Druid: Arcane Smash (25:18),,,,,,,,,,,,,,Chenmar,Monk,Brewmaster,280,Tank,140.39m (92.2k),"92,139.2",15.19%,100.22m (65.8k),"65,770.0",0,5,10,Powerpegging,Evoker,Augmentation,279,DPS,209.37m (137.5k),"137,405.8",22.66%,10.37m (6.8k),"6,806.0",4,2,0,Tehzâ,Demon Hunter,Devourer,280,DPS,246.35m (161.8k),"161,677.4",26.66%,10.86m (7.1k),"7,125.1",1,5,0,Angie,Warlock,Demonology,282,DPS,275.97m (181.2k),"181,116.5",29.87%,11.45m (7.5k),"7,513.2",1,4,7,Senjimaru,Druid,Restoration,280,Healer,51.88m (34.1k),"34,048.3",5.61%,112.91m (74.1k),"74,099.4",1,1,2
BudoBoy07,The Seat of the Triumvirate,18,6:03,2026-04-24 11:03,0,0,Brewmaster Monk: Void Sludge (5:51),Restoration Druid: Dark Expulsion (5:55),Unholy Death Knight: Dark Expulsion (5:55),Devourer Demon Hunter: Dark Expulsion (5:57),Augmentation Evoker: Crashing Void (5:59),Brewmaster Monk: Melee (6:01),,,,,,,,,,,,,,,Leendert,Monk,Brewmaster,278,Tank,37.01m (102.0k),"101,894.5",14.03%,26.35m (72.6k),"72,550.6",2,1,0,Powerpegging,Evoker,Augmentation,279,DPS,74.35m (204.8k),"204,724.9",28.19%,4.58m (12.6k),"12,603.6",1,0,1,Starkito,Death Knight,Unholy,279,DPS,75.09m (206.9k),"206,750.0",28.47%,2.13m (5.9k),"5,855.7",1,2,0,Sisora,Demon Hunter,Devourer,279,DPS,71.31m (196.4k),"196,338.2",27.04%,2.74m (7.5k),"7,542.2",1,2,1,Sohot,Druid,Restoration,281,Healer,5.97m (16.4k),"16,424.7",2.26%,35.56m (98.0k),"97,906.0",1,1,0
BudoBoy07,Pit of Saron,19,28:43,2026-04-24 00:53,1,1,Restoration Druid: Leaping Maul (2:06),Devourer Demon Hunter: Curse of Torment (3:01),Restoration Druid: Cryoburst (24:11),,,,,,,,,,,,,,,,,,Флеймсочник,Monk,Brewmaster,279,Tank,147.38m (85.5k),"87,327.6",13.44%,113.92m (66.1k),"67,500.5",0,0,2,Powerpegging,Evoker,Augmentation,279,DPS,291.85m (169.4k),"172,935.5",26.61%,16.54m (9.6k),"9,802.4",0,2,1,Vikac,Death Knight,Unholy,282,DPS,308.99m (179.3k),"183,090.7",28.17%,11.61m (6.7k),"6,881.4",0,6,3,Lilgup,Demon Hunter,Devourer,280,DPS,341.53m (198.2k),"202,374.0",31.14%,18.16m (10.5k),"10,762.2",1,6,0,Díverz,Druid,Restoration,281,Healer,7.15m (4.1k),"4,239.2",0.65%,155.73m (90.4k),"92,277.0",2,4,0
BudoBoy07,Nexus-Point Xenas,19,6:27,2026-04-24 00:38,0,0,Devourer Demon Hunter: Arcing Mana (4:10),Devourer Demon Hunter: Erratic Zap (5:17),Restoration Druid: Leyline Array (6:02),Unholy Death Knight: Leyline Array (6:09),Brewmaster Monk: Arcane Spill (6:25),Devourer Demon Hunter: Arcane Spill (6:26),Augmentation Evoker: Leyline Array (6:26),,,,,,,,,,,,,,Epokhe,Monk,Brewmaster,281,Tank,38.18m (98.7k),"98,648.7",14.94%,28.41m (73.4k),"73,421.1",1,2,1,Powerpegging,Evoker,Augmentation,279,DPS,73.98m (191.2k),"191,165.3",28.94%,4.30m (11.1k),"11,101.5",1,2,0,Pugenjoyer,Death Knight,Unholy,281,DPS,74.00m (191.2k),"191,219.5",28.95%,3.84m (9.9k),"9,920.0",1,2,1,Selunite,Demon Hunter,Devourer,280,DPS,66.94m (173.0k),"172,960.9",26.19%,1.56m (4.0k),"4,027.9",3,3,1,Díverz,Druid,Restoration,281,Healer,2.49m (6.4k),"6,446.6",0.97%,32.22m (83.3k),"83,260.7",1,2,0
BudoBoy07,Skyreach,18,11:30,2026-04-23 23:55,0,0,Retribution Paladin: Wind Chakram (3:30),Augmentation Evoker: Supernova (10:27),Retribution Paladin: Melee (10:29),Restoration Shaman: Supernova (11:21),Devourer Demon Hunter: Supernova (11:21),Brewmaster Monk: Fiery Smash (11:29),,,,,,,,,,,,,,,Miikfu,Monk,Brewmaster,281,Tank,70.09m (101.6k),"101,433.6",16.68%,45.71m (66.2k),"66,149.2",1,0,0,Powerpegging,Evoker,Augmentation,279,DPS,111.19m (161.1k),"160,927.0",26.46%,5.79m (8.4k),"8,374.9",1,0,0,Theghouldogx,Demon Hunter,Devourer,279,DPS,108.43m (157.1k),"156,934.1",25.81%,6.33m (9.2k),"9,163.6",1,0,0,Ciniá,Paladin,Retribution,282,DPS,118.64m (171.9k),"171,707.4",28.24%,5.01m (7.3k),"7,245.2",2,0,0,Shàmaani,Shaman,Restoration,278,Healer,11.81m (17.1k),"17,095.0",2.81%,55.35m (80.2k),"80,104.7",1,0,0
BudoBoy07,The Seat of the Triumvirate,17,30:54,2026-04-23 23:22,1,2,Demonology Warlock: Umbral Bolt (2:28),Brewmaster Monk: Relentless Pursuit (7:56),Frost Mage: Melee (7:57),,,,,,,,,,,,,,,,,,Zelyth,Monk,Brewmaster,282,Tank,126.65m (68.3k),"69,671.4",13.49%,105.77m (57.0k),"58,184.2",1,0,0,Powerpegging,Evoker,Augmentation,279,DPS,262.15m (141.4k),"144,205.8",27.93%,16.44m (8.9k),"9,046.2",0,0,0,Mágemaster,Mage,Frost,281,DPS,235.07m (126.8k),"129,311.8",25.04%,11.02m (5.9k),"6,063.8",1,0,0,Auranis,Warlock,Demonology,282,DPS,274.97m (148.3k),"151,259.7",29.30%,20.78m (11.2k),"11,429.0",1,0,0,Myticcs,Paladin,Holy,274,Healer,39.77m (21.5k),"21,877.5",4.24%,144.03m (77.7k),"79,231.2",0,0,0
BudoBoy07,Pit of Saron,18,27:35,2026-04-23 22:50,1,4,Elemental Shaman: Leaping Maul (5:14),Restoration Druid: Leaping Maul (5:21),Devourer Demon Hunter: Leaping Maul (5:28),Elemental Shaman: Shadowbind (14:59),,,,,,,,,,,,,,,,,Durolemn,Monk,Brewmaster,281,Tank,150.14m (90.7k),"93,650.4",15.03%,108.46m (65.5k),"67,655.8",0,0,0,Powerpegging,Evoker,Augmentation,279,DPS,258.26m (156.0k),"161,094.0",25.86%,16.90m (10.2k),"10,541.3",0,0,0,Ghratar,Demon Hunter,Devourer,279,DPS,293.28m (177.2k),"182,938.6",29.36%,14.42m (8.7k),"8,993.4",1,0,0,Ninjashuie,Shaman,Elemental,282,DPS,286.32m (173.0k),"178,599.7",28.67%,13.36m (8.1k),"8,333.8",2,0,0,Ordinar,Druid,Restoration,280,Healer,10.75m (6.5k),"6,708.0",1.08%,138.11m (83.5k),"86,145.9",1,0,0
BudoBoy07,Pit of Saron,18,11:50,2026-04-23 22:38,0,0,Restoration Druid: Siphoning Chill (9:39),Elemental Shaman: Siphoning Chill (10:12),Augmentation Evoker: Cryostomp (10:19),Restoration Druid: Cryostomp (10:19),Brewmaster Monk: Siphoning Chill (10:20),Devourer Demon Hunter: Siphoning Chill (10:23),,,,,,,,,,,,,,,Durolemn,Monk,Brewmaster,281,Tank,74.52m (105.0k),"104,924.2",14.94%,60.57m (85.3k),"85,277.9",1,0,0,Powerpegging,Evoker,Augmentation,279,DPS,128.70m (181.3k),"181,195.5",25.79%,7.68m (10.8k),"10,808.9",1,0,0,Ghratar,Demon Hunter,Devourer,279,DPS,149.30m (210.3k),"210,208.4",29.92%,6.58m (9.3k),"9,265.7",1,0,0,Ninjashuie,Shaman,Elemental,282,DPS,141.79m (199.7k),"199,628.4",28.42%,5.36m (7.5k),"7,546.9",1,0,0,Ordinar,Druid,Restoration,280,Healer,4.65m (6.5k),"6,550.8",0.93%,57.93m (81.6k),"81,557.3",2,0,0
BudoBoy07,Algeth'ar Academy,17,27:20,2026-04-23 22:05,1,0,Demonology Warlock:  (5:23),Augmentation Evoker:  (5:25),,,,,,,,,,,,,,,,,,,Rahugrabugba,Monk,Brewmaster,280,Tank,134.94m (82.3k),"83,355.2",15.09%,94.77m (57.8k),"58,539.3",0,0,0,Powerpegging,Evoker,Augmentation,279,DPS,219.29m (133.7k),"135,459.5",24.52%,11.47m (7.0k),"7,087.9",1,0,0,Cringeape,Demon Hunter,Devourer,280,DPS,237.07m (144.6k),"146,445.0",26.51%,10.39m (6.3k),"6,415.4",0,0,0,Sylaren,Warlock,Demonology,281,DPS,283.66m (173.0k),"175,224.4",31.72%,9.97m (6.1k),"6,156.3",1,0,0,Nathuility,Druid,Restoration,281,Healer,19.43m (11.8k),"12,000.9",2.17%,109.43m (66.7k),"67,599.6",0,0,0
BudoBoy07,Magisters' Terrace,18,31:54,2026-04-23 03:22,1,3,Demonology Warlock: Arcane Bolt (10:09),,,,,,,,,,,,,,,,,,,,Huiputalo,Monk,Brewmaster,282,Tank,154.89m (80.9k),"81,167.9",13.84%,82.69m (43.2k),"43,330.4",0,0,0,Powerpegging,Evoker,Augmentation,279,DPS,284.61m (148.7k),"149,147.6",25.43%,16.39m (8.6k),"8,587.0",0,0,0,Dazst,Demon Hunter,Devourer,280,DPS,314.35m (164.2k),"164,733.6",28.09%,18.87m (9.9k),"9,888.3",0,0,0,Bürküt,Warlock,Demonology,280,DPS,353.45m (184.7k),"185,220.5",31.59%,13.08m (6.8k),"6,854.6",1,0,0,Japierdolle,Druid,Restoration,276,Healer,11.71m (6.1k),"6,138.4",1.05%,157.16m (82.1k),"82,355.8",0,0,0
BudoBoy07,Magisters' Terrace,18,7:25,2026-04-23 02:49,0,0,Restoration Druid: Melee (2:22),Restoration Druid: Crowd Dispersal (3:49),Restoration Druid: Arcane Residue (4:05),Restoration Druid: Pyroblast (5:19),Augmentation Evoker: Holy Fire (5:29),Augmentation Evoker: Energy Release (6:37),Restoration Druid: Energy Release (6:37),Unholy Death Knight: Ignition (6:38),Devourer Demon Hunter: Holy Fire (7:00),Brewmaster Monk: Holy Fire (7:24),,,,,,,,,,,Rahugrabugba,Monk,Brewmaster,281,Tank,49.70m (111.7k),"111,635.6",19.26%,30.73m (69.1k),"69,020.0",1,0,0,Powerpegging,Evoker,Augmentation,279,DPS,65.63m (147.5k),"147,421.9",25.44%,4.13m (9.3k),"9,282.0",2,0,0,Monom,Death Knight,Unholy,279,DPS,63.71m (143.2k),"143,116.8",24.69%,3.75m (8.4k),"8,413.6",1,0,0,Groovygeorge,Demon Hunter,Devourer,277,DPS,73.29m (164.7k),"164,645.3",28.41%,5.67m (12.7k),"12,730.4",1,0,0,Nathuility,Druid,Restoration,281,Healer,5.67m (12.7k),"12,735.6",2.20%,24.96m (56.1k),"56,064.0",5,0,0
BudoBoy07,Maisara Caverns,18,31:35,2026-04-23 02:07,1,11,Devourer Demon Hunter: Melee (2:32),Devourer Demon Hunter: Deafening Roar (3:59),Mistweaver Monk: Carrion Swoop (10:06),Mistweaver Monk: Carrion Swoop (10:15),Augmentation Evoker: Infected Pinions (10:34),Augmentation Evoker: Withering Soul (27:42),,,,,,,,,,,,,,,Shaolinmunk,Monk,Brewmaster,280,Tank,125.09m (66.0k),"68,928.9",11.72%,109.60m (57.8k),"60,393.2",0,0,0,Powerpegging,Evoker,Augmentation,279,DPS,278.38m (146.9k),"153,399.9",26.09%,18.05m (9.5k),"9,945.1",2,0,0,Пигми,Demon Hunter,Devourer,281,DPS,250.45m (132.2k),"138,007.0",23.47%,12.93m (6.8k),"7,125.7",2,0,0,Moriaa,Warlock,Demonology,276,DPS,340.39m (179.6k),"187,570.7",31.90%,13.38m (7.1k),"7,373.8",0,0,0,Mamys,Monk,Mistweaver,279,Healer,72.59m (38.3k),"39,999.8",6.80%,184.53m (97.4k),"101,683.3",2,0,0
BudoBoy07,Maisara Caverns,18,9:00,2026-04-23 01:58,0,0,Brewmaster Monk: Rending Gore (3:45),Demonology Warlock: Melee (3:54),Mistweaver Monk: Melee (4:01),Demonology Warlock: Melee (5:28),,,,,,,,,,,,,,,,,Shaolinmunk,Monk,Brewmaster,280,Tank,33.23m (61.5k),"61,494.6",11.95%,28.31m (52.4k),"52,395.4",1,0,0,Powerpegging,Evoker,Augmentation,279,DPS,76.94m (142.5k),"142,383.2",27.67%,3.30m (6.1k),"6,105.1",0,0,0,Пигми,Demon Hunter,Devourer,281,DPS,80.94m (149.9k),"149,784.3",29.10%,2.27m (4.2k),"4,209.1",0,0,0,Moriaa,Warlock,Demonology,276,DPS,68.69m (127.2k),"127,118.9",24.70%,2.04m (3.8k),"3,775.5",2,0,0,Mamys,Monk,Mistweaver,279,Healer,18.31m (33.9k),"33,884.5",6.58%,41.41m (76.7k),"76,630.2",1,0,0
BudoBoy07,Maisara Caverns,18,17:02,2026-04-23 01:41,0,0,Unholy Death Knight: Vile Potatoad (4:40),Augmentation Evoker: Vile Potatoad (5:22),Demonology Warlock: Coordinated Assault (8:24),Restoration Druid: Icy Slick (8:46),Unholy Death Knight: Fetid Quillstorm (8:56),Augmentation Evoker: Barrage (8:59),Vengeance Demon Hunter: Infected Pinions (9:04),,,,,,,,,,,,,,Terstroick,Demon Hunter,Vengeance,280,Tank,62.63m (61.3k),"61,226.1",17.52%,37.47m (36.7k),"36,628.7",1,0,0,Powerpegging,Evoker,Augmentation,279,DPS,91.90m (89.9k),"89,834.2",25.71%,7.00m (6.8k),"6,843.8",2,0,0,Reö,Death Knight,Unholy,282,DPS,89.95m (88.0k),"87,923.6",25.16%,4.88m (4.8k),"4,771.3",2,0,0,Narcoleptus,Warlock,Demonology,283,DPS,93.04m (91.0k),"90,950.8",26.02%,3.69m (3.6k),"3,602.4",1,0,0,Spinsible,Druid,Restoration,281,Healer,19.99m (19.6k),"19,538.3",5.59%,41.74m (40.8k),"40,802.9",1,0,0
BudoBoy07,Algeth'ar Academy,18,2:03,2026-04-23 01:37,0,0,Unholy Death Knight: Melee (1:02),Brewmaster Monk: Vile Bite (1:41),Restoration Druid: Melee (1:46),Unholy Death Knight: Vile Bite (1:49),Augmentation Evoker: Melee (1:53),,,,,,,,,,,,,,,,Takezuabg,Monk,Brewmaster,281,Tank,21.21m (172.4k),"172,192.1",16.89%,10.98m (89.3k),"89,145.1",1,0,0,Powerpegging,Evoker,Augmentation,279,DPS,23.95m (194.7k),"194,488.6",19.07%,1.46m (11.9k),"11,888.8",1,0,0,Suplesa,Death Knight,Unholy,281,DPS,13.08m (106.3k),"106,206.5",10.42%,359.4k (2.9k),"2,918.2",2,0,0,Mcpusztunelf,Warlock,Demonology,280,DPS,64.16m (521.6k),"520,895.6",51.10%,1.12m (9.1k),"9,101.0",0,0,0,Shyvo,Druid,Restoration,280,Healer,3.17m (25.8k),"25,697.5",2.52%,8.54m (69.4k),"69,303.9",1,0,0
BudoBoy07,Magisters' Terrace,18,5:06,2026-04-23 01:25,0,0,Restoration Druid: Holy Fire (1:32),Beast Mastery Hunter: Arcane Volley (2:55),Restoration Druid: Crowd Dispersal (4:47),,,,,,,,,,,,,,,,,,Enigmamonk,Monk,Brewmaster,282,Tank,27.60m (90.2k),"89,928.5",15.78%,20.21m (66.0k),"65,858.2",0,0,0,Powerpegging,Evoker,Augmentation,279,DPS,54.87m (179.3k),"178,817.9",31.38%,3.30m (10.8k),"10,754.1",0,0,0,Sahneblyat,Death Knight,Unholy,279,DPS,45.03m (147.2k),"146,750.2",25.75%,1.65m (5.4k),"5,372.4",0,0,0,Nâylá,Hunter,Beast Mastery,281,DPS,46.05m (150.5k),"150,077.6",26.33%,907.6k (3.0k),"2,957.6",1,0,0,Senso,Druid,Restoration,281,Healer,1.33m (4.3k),"4,346.1",0.76%,21.56m (70.5k),"70,266.7",2,0,0
BudoBoy07,Skyreach,18,27:48,2026-04-23 00:40,1,4,Brewmaster Monk: Shear (17:21),Elemental Shaman: Melee (17:23),Devourer Demon Hunter: Blade Rush (17:34),Elemental Shaman: Solar Flare (17:58),Brewmaster Monk: Solar Flare (18:09),Mistweaver Monk: Melee (18:11),Devourer Demon Hunter: Solar Flare (18:17),Elemental Shaman: Solar Flare (18:17),Augmentation Evoker: Blade Rush (18:50),,,,,,,,,,,,Miikfu,Monk,Brewmaster,281,Tank,139.88m (83.9k),"90,705.4",18.48%,79.39m (47.6k),"51,477.9",2,0,0,Powerpegging,Evoker,Augmentation,279,DPS,177.89m (106.6k),"115,354.2",23.51%,12.93m (7.8k),"8,384.6",1,0,0,Theghouldogx,Demon Hunter,Devourer,279,DPS,185.79m (111.4k),"120,472.6",24.55%,10.56m (6.3k),"6,847.3",2,0,0,Canbolino,Shaman,Elemental,281,DPS,196.98m (118.1k),"127,733.4",26.03%,8.79m (5.3k),"5,698.5",3,0,0,Diether,Monk,Mistweaver,280,Healer,56.26m (33.7k),"36,484.3",7.43%,158.01m (94.7k),"102,461.6",1,0,0
BudoBoy07,Skyreach,18,16:01,2026-04-23 00:18,0,0,Unholy Death Knight: Chakram Vortex (5:24),Unholy Death Knight: Melee (9:52),Unholy Death Knight: Searing Quills (15:35),Devourer Demon Hunter: Screech (15:44),Restoration Shaman: Screech (15:44),Augmentation Evoker: Melee (15:58),Brewmaster Monk: Melee (16:01),,,,,,,,,,,,,,Miikfu,Monk,Brewmaster,281,Tank,92.22m (96.0k),"95,902.7",19.23%,54.35m (56.6k),"56,515.5",1,0,0,Powerpegging,Evoker,Augmentation,279,DPS,114.62m (119.3k),"119,193.8",23.90%,8.62m (9.0k),"8,959.0",1,0,0,Хэвимашина,Death Knight,Unholy,279,DPS,109.79m (114.2k),"114,174.6",22.90%,5.71m (5.9k),"5,941.4",3,0,0,Theghouldogx,Demon Hunter,Devourer,279,DPS,145.70m (151.6k),"151,512.8",30.39%,9.92m (10.3k),"10,319.2",1,0,0,Napolii,Druid,Restoration,281,Healer,,,,,,0,0,0
BudoBoy07,Skyreach,18,3:08,2026-04-23 00:15,0,0,Unholy Death Knight: Blade Rush (0:29),Unholy Death Knight: Blade Rush (0:56),Brewmaster Monk: Wind Blast (1:00),Devourer Demon Hunter: Melee (1:01),Augmentation Evoker: Melee (1:03),Restoration Shaman: Melee (1:03),,,,,,,,,,,,,,,Miikfu,Monk,Brewmaster,281,Tank,14.52m (77.2k),"77,008.2",21.44%,9.29m (49.4k),"49,264.7",1,0,0,Powerpegging,Evoker,Augmentation,279,DPS,17.44m (92.8k),"92,499.6",25.76%,1.32m (7.0k),"7,009.1",1,0,0,Хэвимашина,Death Knight,Unholy,279,DPS,3.99m (21.2k),"21,189.3",5.89%,637.8k (3.4k),"3,383.7",2,0,0,Theghouldogx,Demon Hunter,Devourer,279,DPS,29.99m (159.5k),"159,106.5",44.29%,1.16m (6.2k),"6,173.8",1,0,0,Shàmaani,Shaman,Restoration,278,Healer,1.77m (9.4k),"9,392.9",2.61%,7.87m (41.9k),"41,753.3",1,0,0
BudoBoy07,Skyreach,18,3:28,2026-04-23 00:11,0,0,Brewmaster Monk: Shear (2:04),Unholy Death Knight: Melee (2:09),Devourer Demon Hunter: Melee (2:11),Augmentation Evoker: Melee (2:14),Restoration Shaman: Melee (2:16),,,,,,,,,,,,,,,,Miikfu,Monk,Brewmaster,281,Tank,21.13m (101.6k),"101,559.6",17.33%,14.93m (71.8k),"71,791.5",1,0,0,Powerpegging,Evoker,Augmentation,279,DPS,33.84m (162.7k),"162,665.7",27.76%,1.97m (9.5k),"9,454.3",1,0,0,Хэвимашина,Death Knight,Unholy,279,DPS,35.86m (172.4k),"172,401.9",29.42%,1.23m (5.9k),"5,907.9",1,0,0,Theghouldogx,Demon Hunter,Devourer,279,DPS,28.17m (135.4k),"135,439.5",23.11%,2.22m (10.7k),"10,687.3",1,0,0,Shàmaani,Shaman,Restoration,278,Healer,2.91m (14.0k),"13,981.0",2.39%,13.71m (65.9k),"65,911.4",1,0,0
BudoBoy07,Algeth'ar Academy,17,30:28,2026-04-22 18:07,1,5,Holy Paladin: Arcane Smash (25:14),Unholy Death Knight: Astral Whirlwind (25:18),Subtlety Rogue: Power Vacuum (30:01),,,,,,,,,,,,,,,,,,Iminar,Monk,Brewmaster,278,Tank,138.93m (76.0k),"76,863.3",15.35%,91.32m (50.0k),"50,520.7",0,0,0,Powerpegging,Evoker,Augmentation,275,DPS,226.10m (123.7k),"125,088.9",24.98%,12.13m (6.6k),"6,710.2",0,0,0,Crimson,Death Knight,Unholy,277,DPS,265.08m (145.0k),"146,654.1",29.29%,7.90m (4.3k),"4,368.1",1,0,0,Mostvascular,Rogue,Subtlety,280,DPS,253.02m (138.4k),"139,980.3",27.96%,7.38m (4.0k),"4,081.8",1,0,0,Stonehill,Paladin,Holy,277,Healer,21.82m (11.9k),"12,073.5",2.41%,100.00m (54.7k),"55,321.9",1,0,0
BudoBoy07,Maisara Caverns,16,31:35,2026-04-21 22:42,1,0,Holy Paladin: Infected Pinions (8:04),Holy Paladin: Grim Ward (22:44),Augmentation Evoker: Ancestral Crush (22:59),Augmentation Evoker: Grim Ward (24:27),Augmentation Evoker: Deathgorged Vessel (27:22),,,,,,,,,,,,,,,,Bierbazi,Monk,Brewmaster,279,Tank,137.68m (72.7k),"75,321.9",15.85%,104.49m (55.1k),"57,161.8",0,0,0,Powerpegging,Evoker,Augmentation,275,DPS,231.47m (122.1k),"126,629.3",26.65%,16.43m (8.7k),"8,986.5",1,0,0,Plockzy,Death Knight,Unholy,281,DPS,242.85m (128.2k),"132,854.4",27.96%,12.75m (6.7k),"6,977.3",0,0,0,Dragetid,Evoker,Augmentation,277,DPS,225.90m (119.2k),"123,581.1",26.01%,13.70m (7.2k),"7,494.5",2,0,0,Ayir,Paladin,Holy,278,Healer,30.68m (16.2k),"16,786.8",3.53%,130.65m (68.9k),"71,473.3",2,0,0
BudoBoy07,Maisara Caverns,17,15:02,2026-04-21 22:16,0,0,Restoration Druid: Carrion Swoop (14:14),Demonology Warlock: Infected Pinions (14:27),Augmentation Evoker: Infected Pinions (14:29),Augmentation Evoker: Infected Pinions (14:33),Guardian Druid: Infected Pinions (14:43),Restoration Druid: Infected Pinions (14:44),,,,,,,,,,,,,,,Illiaron,Druid,Guardian,280,Tank,74.07m (82.1k),"82,103.3",15.01%,80.51m (89.3k),"89,241.6",1,0,0,Powerpegging,Evoker,Augmentation,275,DPS,133.37m (147.9k),"147,832.7",27.03%,8.88m (9.8k),"9,840.8",1,0,0,Dragetid,Evoker,Augmentation,277,DPS,134.65m (149.3k),"149,244.0",27.29%,7.39m (8.2k),"8,189.3",1,0,0,Midhroch,Warlock,Demonology,278,DPS,144.11m (159.8k),"159,738.1",29.21%,6.27m (7.0k),"6,945.6",1,0,0,Sephyroz,Druid,Restoration,277,Healer,6.80m (7.5k),"7,538.2",1.38%,74.98m (83.1k),"83,105.9",2,0,0
BudoBoy07,Algeth'ar Academy,16,27:36,2026-04-21 21:24,1,0,Mistweaver Monk: Arcane Fissure (19:51),,,,,,,,,,,,,,,,,,,,Rollóh,Warrior,Protection,277,Tank,124.93m (75.4k),"75,702.7",15.42%,65.65m (39.6k),"39,781.8",0,0,0,Powerpegging,Evoker,Augmentation,275,DPS,190.63m (115.1k),"115,511.1",23.53%,9.38m (5.7k),"5,685.5",0,0,0,Psychop,Shaman,Elemental,280,DPS,211.16m (127.5k),"127,947.6",26.06%,5.65m (3.4k),"3,424.4",0,0,0,Dokeshin,Warrior,Arms,277,DPS,230.21m (139.0k),"139,494.0",28.42%,7.79m (4.7k),"4,718.3",0,0,0,Milksqueezer,Monk,Mistweaver,280,Healer,53.22m (32.1k),"32,249.5",6.57%,110.18m (66.5k),"66,760.5",1,0,0
BudoBoy07,Algeth'ar Academy,17,25:44,2026-04-21 20:45,0,0,Restoration Druid: Vicious Ambush (15:07),Unholy Death Knight: Mana Bomb (21:49),Augmentation Evoker: Arcane Expulsion (22:03),Restoration Druid: Arcane Bolt (25:34),,,,,,,,,,,,,,,,,Jebica,Monk,Brewmaster,277,Tank,131.49m (85.2k),"85,155.7",15.69%,82.66m (53.5k),"53,535.2",0,0,0,Powerpegging,Evoker,Augmentation,275,DPS,208.06m (134.8k),"134,745.9",24.83%,12.62m (8.2k),"8,172.3",1,0,0,Dvärgdachri,Death Knight,Unholy,277,DPS,257.10m (166.5k),"166,507.2",30.68%,5.30m (3.4k),"3,435.5",1,0,0,Fushinlol,Paladin,Retribution,277,DPS,231.22m (149.8k),"149,748.7",27.59%,8.77m (5.7k),"5,680.7",0,0,0,Japierdolle,Druid,Restoration,276,Healer,10.20m (6.6k),"6,603.6",1.22%,104.31m (67.6k),"67,553.1",2,0,0
BudoBoy07,Algeth'ar Academy,17,15:56,2026-04-21 20:15,0,0,Holy Paladin: Roving Cyclone (12:04),Devourer Demon Hunter: Deafening Screech (12:25),Devourer Demon Hunter: Blistering Fire (12:50),Holy Paladin: Deafening Screech (12:51),Augmentation Evoker: Blistering Fire (12:58),Unholy Death Knight: Roving Cyclone (13:02),Holy Paladin: Riftbreath (15:48),Devourer Demon Hunter: Vicious Lunge (15:51),Unholy Death Knight: Surge (15:54),Augmentation Evoker: Vicious Lunge (15:55),Brewmaster Monk: Spellbound Weapon (15:56),,,,,,,,,,Forvirretgut,Monk,Brewmaster,278,Tank,76.74m (80.3k),"80,229.3",13.45%,61.45m (64.3k),"64,240.8",1,0,0,Powerpegging,Evoker,Augmentation,275,DPS,131.95m (138.0k),"137,945.6",23.12%,7.99m (8.4k),"8,351.3",2,0,0,Elethrion,Death Knight,Unholy,280,DPS,175.76m (183.8k),"183,745.6",30.80%,5.27m (5.5k),"5,511.8",2,0,0,Murlocloverx,Demon Hunter,Devourer,279,DPS,159.45m (166.8k),"166,692.2",27.94%,9.71m (10.2k),"10,155.5",3,0,0,Stonehill,Paladin,Holy,276,Healer,26.71m (27.9k),"27,925.1",4.68%,51.22m (53.6k),"53,545.0",3,0,0
BudoBoy07,Pit of Saron,18,13:48,2026-04-21 19:49,0,0,Holy Paladin: Dread Pulse (3:16),Unholy Death Knight: Siphoning Chill (10:42),Brewmaster Monk: Siphoning Chill (13:14),Devourer Demon Hunter: Siphoning Chill (13:40),Holy Paladin: Melee (13:42),Unholy Death Knight: Melee (13:45),Augmentation Evoker: Melee (13:48),,,,,,,,,,,,,,Forvirretgut,Monk,Brewmaster,278,Tank,78.00m (94.2k),"94,151.0",14.53%,76.80m (92.8k),"92,699.0",1,0,0,Powerpegging,Evoker,Augmentation,275,DPS,135.84m (164.1k),"163,961.9",25.31%,8.03m (9.7k),"9,688.9",1,0,0,Hawkblade,Death Knight,Unholy,280,DPS,148.90m (179.8k),"179,729.3",27.74%,6.10m (7.4k),"7,363.6",2,0,0,Expûlso,Demon Hunter,Devourer,278,DPS,154.27m (186.3k),"186,216.8",28.74%,9.81m (11.8k),"11,836.5",1,0,0,Stonehill,Paladin,Holy,276,Healer,19.72m (23.8k),"23,797.6",3.67%,66.31m (80.1k),"80,042.0",2,0,0
BudoBoy07,Nexus-Point Xenas,17,29:13,2026-04-21 18:59,1,0,Brewmaster Monk: Arcane Zap (0:54),Brewmaster Monk: Melee (20:45),,,,,,,,,,,,,,,,,,,Forvirretgut,Monk,Brewmaster,278,Tank,119.95m (68.4k),"69,242.5",14.61%,95.94m (54.7k),"55,379.7",2,0,0,Powerpegging,Evoker,Augmentation,275,DPS,205.40m (117.2k),"118,563.6",25.02%,11.52m (6.6k),"6,649.2",0,0,0,Fluxyy,Demon Hunter,Devourer,279,DPS,256.61m (146.4k),"148,123.5",31.26%,11.22m (6.4k),"6,475.7",0,0,0,Dragetid,Evoker,Augmentation,277,DPS,225.06m (128.4k),"129,912.3",27.41%,13.19m (7.5k),"7,614.1",0,0,0,Stonehill,Paladin,Holy,276,Healer,13.96m (8.0k),"8,061.0",1.70%,116.11m (66.2k),"67,023.9",0,0,0
BudoBoy07,Nexus-Point Xenas,17,27:54,2026-04-21 14:40,1,4,Holy Priest: Erratic Zap (3:35),Holy Priest: Leyline Array (9:00),Holy Priest: Dark Beckoning (16:13),,,,,,,,,,,,,,,,,,Charliechi,Monk,Brewmaster,277,Tank,105.32m (62.9k),"64,302.8",12.55%,93.73m (56.0k),"57,228.6",0,0,0,Powerpegging,Evoker,Augmentation,275,DPS,223.75m (133.7k),"136,609.2",26.66%,12.38m (7.4k),"7,559.7",0,0,0,Khàlëêsî,Paladin,Retribution,280,DPS,215.02m (128.4k),"131,278.1",25.62%,7.94m (4.7k),"4,845.7",0,0,0,Sïcarïus,Warlock,Demonology,279,DPS,255.65m (152.7k),"156,087.3",30.46%,12.14m (7.3k),"7,409.8",0,0,0,Jymn,Priest,Holy,279,Healer,39.59m (23.6k),"24,168.5",4.72%,112.22m (67.0k),"68,517.4",3,0,0
BudoBoy07,Algeth'ar Academy,17,2:18,2026-04-21 14:08,0,0,Devourer Demon Hunter: Seed Detonation (1:25),Brewmaster Monk: Vile Bite (1:47),Unholy Death Knight: Melee (2:03),Brewmaster Monk: Vile Bite (2:13),Augmentation Evoker: Melee (2:14),Restoration Druid: Melee (2:17),Devourer Demon Hunter: Darting Sting (2:18),,,,,,,,,,,,,,Warouu,Monk,Brewmaster,276,Tank,15.50m (112.3k),"111,588.5",12.75%,11.66m (84.5k),"83,933.1",2,0,0,Powerpegging,Evoker,Augmentation,275,DPS,33.84m (245.2k),"243,634.4",27.84%,1.67m (12.1k),"12,036.9",1,0,0,Jonnyfloor,Death Knight,Unholy,277,DPS,51.08m (370.1k),"367,730.7",42.02%,623.4k (4.5k),"4,487.7",1,0,0,Shiftdh,Demon Hunter,Devourer,278,DPS,18.36m (133.0k),"132,183.5",15.10%,244.1k (1.8k),"1,756.9",2,0,0,Gigaczu,Druid,Restoration,277,Healer,2.79m (20.2k),"20,086.2",2.29%,6.85m (49.6k),"49,292.3",1,0,0
BudoBoy07,Windrunner Spire,16,30:19,2026-04-20 23:26,1,0,Unholy Death Knight: Flaming Twisters (8:07),Mistweaver Monk: Pulsing Shriek (12:31),Augmentation Evoker: Splattered (15:16),Augmentation Evoker: Arrow Rain (17:57),Augmentation Evoker: Billowing Wind (27:52),,,,,,,,,,,,,,,,Аздру,Druid,Guardian,277,Tank,107.90m (59.3k),"61,578.9",13.11%,82.84m (45.5k),"47,276.6",0,0,0,Powerpegging,Evoker,Augmentation,275,DPS,196.58m (108.1k),"112,185.6",23.89%,10.81m (5.9k),"6,170.9",2,0,0,Bobcorndk,Death Knight,Unholy,281,DPS,245.74m (135.1k),"140,241.4",29.86%,9.87m (5.4k),"5,631.0",1,0,0,Dragetid,Evoker,Augmentation,277,DPS,209.84m (115.4k),"119,753.8",25.50%,10.69m (5.9k),"6,102.4",1,0,0,Пивочай,Monk,Mistweaver,279,Healer,62.85m (34.6k),"35,865.5",7.64%,161.22m (88.6k),"92,007.8",1,0,0
BudoBoy07,Windrunner Spire,16,8:59,2026-04-20 23:13,0,0,Beast Mastery Hunter: Flaming Twisters (6:26),Beast Mastery Hunter: Flaming Twisters (7:21),Augmentation Evoker: Flaming Twisters (8:09),Mistweaver Monk: Flaming Twisters (8:20),Augmentation Evoker: Flaming Updraft (8:33),Guardian Druid: Searing Beak (8:34),,,,,,,,,,,,,,,Аздру,Druid,Guardian,277,Tank,42.91m (79.6k),"79,491.8",14.93%,26.68m (49.5k),"49,430.5",1,0,0,Powerpegging,Evoker,Augmentation,275,DPS,67.65m (125.5k),"125,309.4",23.55%,3.91m (7.3k),"7,244.7",1,0,0,Dragetid,Evoker,Augmentation,277,DPS,68.47m (127.0k),"126,832.8",23.83%,3.62m (6.7k),"6,713.8",1,0,0,Soulwatcher,Hunter,Beast Mastery,280,DPS,87.71m (162.7k),"162,471.6",30.53%,1.15m (2.1k),"2,125.5",2,0,0,Пивочай,Monk,Mistweaver,279,Healer,20.58m (38.2k),"38,119.5",7.16%,47.39m (87.9k),"87,795.8",1,0,0
BudoBoy07,Maisara Caverns,16,2:14,2026-04-20 23:02,0,0,Discipline Priest: Magma Surge (1:55),Brewmaster Monk: Searing Presence (2:01),Augmentation Evoker: Searing Presence (2:09),Beast Mastery Hunter: Melee (2:09),Devastation Evoker: Melee (2:14),,,,,,,,,,,,,,,,Kalnoreï,Monk,Brewmaster,273,Tank,12.91m (96.3k),"95,743.8",11.44%,10.68m (79.7k),"79,166.8",1,0,0,Powerpegging,Evoker,Devastation,275,DPS,32.02m (239.0k),"237,473.2",28.38%,1.66m (12.4k),"12,310.2",1,0,0,Dragetid,Evoker,Augmentation,277,DPS,30.72m (229.3k),"227,821.8",27.22%,1.30m (9.7k),"9,641.3",1,0,0,Soulwatcher,Hunter,Beast Mastery,280,DPS,35.53m (265.1k),"263,466.9",31.49%,230.6k (1.7k),"1,709.9",1,0,0,Matfiy,Priest,Discipline,280,Healer,1.66m (12.4k),"12,276.2",1.47%,10.39m (77.5k),"77,022.3",1,0,0
BudoBoy07,Maisara Caverns,17,23:28,2026-04-20 22:31,0,0,Augmentation Evoker: Magma Surge (1:33),Devastation Evoker: Barrage (14:45),Beast Mastery Hunter: Infected Pinions (14:53),Augmentation Evoker: Grim Ward (18:57),Devastation Evoker: Melee (21:23),Vengeance Demon Hunter: Melee (22:52),Devastation Evoker: Melee (22:56),Restoration Shaman: Frost Nova (23:09),,,,,,,,,,,,,Komodhno,Demon Hunter,Vengeance,280,Tank,138.49m (98.4k),"98,353.0",17.70%,91.60m (65.1k),"65,053.4",1,0,0,Powerpegging,Evoker,Augmentation,275,DPS,200.93m (142.7k),"142,693.4",25.68%,9.64m (6.8k),"6,844.9",2,0,0,Dragetid,Evoker,Devastation,277,DPS,212.58m (151.0k),"150,971.1",27.17%,11.72m (8.3k),"8,324.0",3,0,0,Soulwatcher,Hunter,Beast Mastery,280,DPS,214.53m (152.4k),"152,353.6",27.42%,3.41m (2.4k),"2,423.8",1,0,0,Starrff,Shaman,Restoration,277,Healer,15.99m (11.4k),"11,352.1",2.04%,99.22m (70.5k),"70,464.9",1,0,0
BudoBoy07,Windrunner Spire,17,29:28,2026-04-20 18:37,1,2,Devourer Demon Hunter: Flaming Twisters (7:00),Devourer Demon Hunter: Flaming Twisters (7:49),,,,,,,,,,,,,,,,,,,Vladmonke,Monk,Brewmaster,279,Tank,149.83m (84.7k),"85,759.6",16.60%,99.05m (56.0k),"56,692.6",0,0,0,Powerpegging,Evoker,Augmentation,275,DPS,240.68m (136.1k),"137,761.4",26.66%,9.38m (5.3k),"5,371.4",0,0,0,Menschenfres,Demon Hunter,Devourer,279,DPS,264.52m (149.6k),"151,410.5",29.30%,16.99m (9.6k),"9,726.1",2,0,0,Thelïa,Mage,Frost,278,DPS,234.26m (132.5k),"134,086.8",25.95%,12.97m (7.3k),"7,423.4",0,0,0,Тенгуу,Druid,Restoration,278,Healer,13.51m (7.6k),"7,730.4",1.50%,136.31m (77.1k),"78,022.7",0,0,0
BudoBoy07,Windrunner Spire,17,1:15,2026-04-20 18:24,0,0,Retribution Paladin: Arcane Salvo (0:56),Restoration Druid: Arcane Salvo (0:56),Devourer Demon Hunter: Arcane Salvo (0:59),Brewmaster Monk: Arcane Salvo (1:09),Augmentation Evoker: Melee (1:10),Retribution Paladin: Spirit Bolt (1:10),Restoration Druid: Spirit Bolt (1:15),,,,,,,,,,,,,,Trixiean,Monk,Brewmaster,278,Tank,8.88m (118.4k),"118,039.0",15.42%,6.98m (93.1k),"92,712.9",1,0,0,Powerpegging,Evoker,Augmentation,275,DPS,16.74m (223.2k),"222,424.6",29.07%,1.51m (20.1k),"20,126.1",1,0,0,Ooôdemon,Demon Hunter,Devourer,275,DPS,10.96m (146.1k),"145,594.9",19.03%,1.26m (16.8k),"16,728.0",1,0,0,Dehypala,Paladin,Retribution,276,DPS,20.76m (276.8k),"275,857.9",36.05%,1.07m (14.3k),"14,224.8",2,0,0,Crâimapik,Druid,Restoration,278,Healer,247.3k (3.3k),"3,285.7",0.43%,5.96m (79.5k),"79,162.3",2,0,0
BudoBoy07,The Seat of the Triumvirate,17,1:48,2026-04-20 18:06,0,0,Brewmaster Monk: Relentless Pursuit (1:10),Windwalker Monk: Melee (1:12),Unholy Death Knight: Melee (1:14),Augmentation Evoker: Pulsing Void (1:41),Windwalker Monk: Pulsing Void (1:41),Brewmaster Monk: Melee (1:43),Restoration Druid: Melee (1:45),Unholy Death Knight: Melee (1:47),,,,,,,,,,,,,Ërhaz,Monk,Brewmaster,277,Tank,11.64m (107.8k),"107,712.3",11.78%,11.35m (105.1k),"105,066.4",2,0,0,Powerpegging,Evoker,Augmentation,275,DPS,29.17m (270.1k),"269,888.2",29.53%,1.52m (14.1k),"14,084.7",1,0,0,Ravss,Death Knight,Unholy,277,DPS,26.94m (249.4k),"249,246.9",27.27%,1.11m (10.3k),"10,276.9",2,0,0,Hattori,Monk,Windwalker,280,DPS,29.57m (273.8k),"273,601.8",29.93%,651.1k (6.0k),"6,024.7",2,0,0,Paypalla,Druid,Restoration,278,Healer,1.47m (13.6k),"13,640.1",1.49%,16.39m (151.8k),"151,664.3",1,0,0
BudoBoy07,Algeth'ar Academy,16,28:40,2026-04-20 17:29,1,14,,,,,,,,,,,,,,,,,,,,,Ërhaz,Monk,Brewmaster,277,Tank,108.28m (63.0k),"62,640.1",13.40%,69.86m (40.6k),"40,413.6",0,0,0,Powerpegging,Evoker,Augmentation,275,DPS,215.56m (125.3k),"124,701.5",26.68%,6.16m (3.6k),"3,563.3",0,0,0,Ravss,Death Knight,Unholy,277,DPS,239.58m (139.3k),"138,598.2",29.65%,7.17m (4.2k),"4,147.4",0,0,0,Hattori,Monk,Windwalker,280,DPS,233.18m (135.6k),"134,894.8",28.86%,3.45m (2.0k),"1,994.3",0,0,0,Knobweed,Druid,Restoration,278,Healer,11.37m (6.6k),"6,579.9",1.41%,127.91m (74.4k),"73,994.2",0,0,0
BudoBoy07,Algeth'ar Academy,16,2:42,2026-04-20 17:19,0,0,Retribution Paladin: Seed Detonation (1:21),Retribution Paladin: Seed Detonation (2:41),,,,,,,,,,,,,,,,,,,Ërhaz,Monk,Brewmaster,277,Tank,19.90m (122.8k),"122,464.9",15.09%,14.53m (89.7k),"89,435.2",0,0,0,Powerpegging,Evoker,Augmentation,275,DPS,34.94m (215.7k),"215,048.3",26.49%,415.3k (2.6k),"2,555.7",0,0,0,Aladinpal,Paladin,Retribution,278,DPS,40.11m (247.6k),"246,844.0",30.41%,472.2k (2.9k),"2,905.9",2,0,0,Stiléttø,Rogue,Subtlety,277,DPS,36.65m (226.2k),"225,558.0",27.79%,652.5k (4.0k),"4,015.4",0,0,0,Knobweed,Druid,Restoration,278,Healer,302.7k (1.9k),"1,863.1",0.23%,12.42m (76.7k),"76,423.3",0,0,0
BudoBoy07,Algeth'ar Academy,16,3:35,2026-04-20 17:15,0,0,Brewmaster Monk: Vile Bite (1:56),Retribution Paladin: Melee (1:57),Augmentation Evoker: Darting Sting (2:12),Restoration Druid: Melee (2:13),,,,,,,,,,,,,,,,,Ërhaz,Monk,Brewmaster,277,Tank,16.73m (77.8k),"77,477.6",13.45%,10.92m (50.8k),"50,596.8",1,0,0,Powerpegging,Evoker,Augmentation,275,DPS,30.57m (142.2k),"141,610.0",24.58%,930.7k (4.3k),"4,311.3",1,0,0,Aladinpal,Paladin,Retribution,278,DPS,41.72m (194.0k),"193,265.9",33.54%,613.3k (2.9k),"2,840.8",1,0,0,Stiléttø,Rogue,Subtlety,277,DPS,35.16m (163.5k),"162,870.0",28.27%,595.1k (2.8k),"2,756.6",0,0,0,Knobweed,Druid,Restoration,278,Healer,208.5k (969.8),966.0,0.17%,9.68m (45.0k),"44,857.1",1,0,0
BudoBoy07,Algeth'ar Academy,17,29:01,2026-04-20 15:42,0,0,Demonology Warlock: Germinate (3:36),Restoration Druid: Energy Eruption (27:26),Demonology Warlock: Energy Eruption (27:35),Restoration Druid: Energy Eruption (28:05),Augmentation Evoker: Overwhelming Power (28:36),Demonology Warlock: Overwhelming Power (28:50),Unholy Death Knight: Wild Energy (28:59),Vengeance Demon Hunter: Astral Blast (29:01),,,,,,,,,,,,,Eurylia,Demon Hunter,Vengeance,276,Tank,119.96m (68.9k),"68,885.1",13.67%,89.43m (51.4k),"51,350.0",1,0,0,Powerpegging,Evoker,Augmentation,275,DPS,224.48m (128.9k),"128,901.3",25.58%,8.01m (4.6k),"4,598.3",1,0,0,Vantru,Death Knight,Unholy,277,DPS,254.27m (146.0k),"146,007.2",28.97%,5.88m (3.4k),"3,374.3",1,0,0,Hadooginahh,Warlock,Demonology,277,DPS,258.33m (148.4k),"148,337.4",29.44%,9.44m (5.4k),"5,423.4",3,0,0,Axoul,Druid,Restoration,278,Healer,20.53m (11.8k),"11,790.2",2.34%,127.94m (73.5k),"73,463.6",2,0,0
BudoBoy07,Skyreach,17,26:28,2026-04-20 15:07,1,1,Unholy Death Knight: Solar Flame (21:16),,,,,,,,,,,,,,,,,,,,Eurylia,Demon Hunter,Vengeance,276,Tank,103.70m (65.3k),"65,546.5",15.26%,76.28m (48.0k),"48,215.6",0,0,0,Powerpegging,Evoker,Augmentation,275,DPS,190.25m (119.8k),"120,257.1",28.00%,7.41m (4.7k),"4,686.5",0,0,0,Vantru,Death Knight,Unholy,277,DPS,166.54m (104.9k),"105,268.2",24.51%,8.35m (5.3k),"5,278.6",1,0,0,Hadooginahh,Warlock,Demonology,277,DPS,193.37m (121.8k),"122,227.4",28.46%,11.45m (7.2k),"7,239.3",0,0,0,Calzônë,Monk,Mistweaver,278,Healer,25.66m (16.2k),"16,221.1",3.78%,150.77m (94.9k),"95,302.4",0,0,0
BudoBoy07,Maisara Caverns,17,3:46,2026-04-20 14:59,0,0,Brewmaster Monk: Melee (3:38),Unholy Death Knight: Melee (3:40),,,,,,,,,,,,,,,,,,,Belnoob,Monk,Brewmaster,276,Tank,20.92m (92.6k),"92,266.0",11.71%,20.56m (91.0k),"90,661.4",1,0,0,Powerpegging,Evoker,Augmentation,275,DPS,50.98m (225.6k),"224,804.3",28.55%,1.58m (7.0k),"6,959.0",0,0,0,Kïrâdk,Death Knight,Unholy,279,DPS,43.50m (192.5k),"191,835.9",24.36%,1.69m (7.5k),"7,440.4",1,0,0,Chuckmcgill,Warlock,Demonology,279,DPS,59.94m (265.2k),"264,306.5",33.56%,2.12m (9.4k),"9,343.0",0,0,0,Анон,Druid,Restoration,277,Healer,3.24m (14.3k),"14,268.0",1.81%,22.08m (97.7k),"97,383.1",0,0,0
BudoBoy07,Maisara Caverns,17,2:46,2026-04-20 14:56,0,0,Brewmaster Monk: Melee (0:24),Restoration Druid: Melee (0:26),Unholy Death Knight: Melee (0:28),Demonology Warlock: Rending Gore (0:35),,,,,,,,,,,,,,,,,Belnoob,Monk,Brewmaster,276,Tank,279.1k (1.7k),"1,674.9",4.24%,726.8k (4.4k),"4,361.6",1,0,0,Powerpegging,Evoker,Augmentation,275,DPS,3.10m (18.7k),"18,592.3",47.08%,38.2k (230.1),229.1,0,0,0,Kïrâdk,Death Knight,Unholy,279,DPS,536.3k (3.2k),"3,218.5",8.14%,246.5k (1.5k),"1,479.1",1,0,0,Chuckmcgill,Warlock,Demonology,279,DPS,2.64m (15.9k),"15,847.3",40.09%,176.4k (1.1k),"1,058.3",1,0,0,Анон,Druid,Restoration,277,Healer,29.5k (177.7),177.0,0.45%,433.9k (2.6k),"2,604.1",1,0,0
BudoBoy07,Windrunner Spire,16,31:31,2026-04-20 01:37,1,1,Unholy Death Knight: Flaming Twisters (6:59),Devourer Demon Hunter: Phial Toss (10:11),Devourer Demon Hunter: Melee (14:55),Devourer Demon Hunter: Reckless Leap (19:45),Mistweaver Monk: Arrow Rain (25:06),Unholy Death Knight: Squall Leap (25:24),Devourer Demon Hunter: Storming Soulfont (25:27),Augmentation Evoker: Gust Shot (25:30),Brewmaster Monk: Bolt Gale (25:36),,,,,,,,,,,,Kusneymonk,Monk,Brewmaster,279,Tank,136.39m (72.1k),"77,299.2",15.62%,83.51m (44.2k),"47,327.8",1,0,0,Powerpegging,Evoker,Augmentation,275,DPS,236.22m (124.9k),"133,876.3",27.05%,6.94m (3.7k),"3,931.1",1,0,0,Burglarbb,Death Knight,Unholy,278,DPS,221.12m (116.9k),"125,321.5",25.32%,6.61m (3.5k),"3,748.5",2,0,0,Ahad,Demon Hunter,Devourer,277,DPS,221.44m (117.1k),"125,503.2",25.36%,13.38m (7.1k),"7,581.9",4,0,0,Punchbo,Monk,Mistweaver,273,Healer,58.15m (30.8k),"32,954.9",6.66%,151.77m (80.3k),"86,016.8",1,0,0
BudoBoy07,Nexus-Point Xenas,16,30:19,2026-04-20 01:31,0,0,Retribution Paladin: Erratic Zap (2:16),Retribution Paladin: Leyline Array (7:58),Retribution Paladin: Reflux Charge (8:35),Augmentation Evoker: Leyline Array (8:51),Demonology Warlock: Void Lash (15:32),Retribution Paladin: Void Lash (15:33),Discipline Priest: Dark Beckoning (17:18),Retribution Paladin: Melee (20:25),,,,,,,,,,,,,Felikswar,Warrior,Protection,278,Tank,105.66m (58.1k),"61,890.9",14.11%,71.34m (39.2k),"41,783.6",0,0,0,Powerpegging,Evoker,Augmentation,275,DPS,202.54m (111.3k),"118,635.6",27.05%,16.28m (8.9k),"9,533.3",1,0,0,Sholmes,Paladin,Retribution,278,DPS,173.08m (95.2k),"101,377.4",23.12%,8.38m (4.6k),"4,911.2",5,0,0,Akkharlock,Warlock,Demonology,279,DPS,237.13m (130.4k),"138,893.5",31.67%,12.66m (7.0k),"7,416.5",1,0,0,Lìandrin,Priest,Discipline,278,Healer,30.34m (16.7k),"17,770.0",4.05%,126.44m (69.5k),"74,061.1",1,0,0
BudoBoy07,Skyreach,16,27:27,2026-04-20 00:35,1,4,Havoc Demon Hunter: Chakram Vortex (4:32),Havoc Demon Hunter: Chakram Vortex (6:31),Protection Paladin: Falling (17:44),Protection Paladin: Falling (18:08),,,,,,,,,,,,,,,,,Dobrymudzin,Paladin,Protection,276,Tank,90.26m (54.8k),"56,545.2",14.38%,50.83m (30.9k),"31,842.8",2,0,0,Powerpegging,Evoker,Augmentation,275,DPS,158.84m (96.4k),"99,502.9",25.30%,5.10m (3.1k),"3,194.6",0,0,0,Kuroexe,Demon Hunter,Havoc,275,DPS,171.00m (103.8k),"107,123.5",27.23%,11.06m (6.7k),"6,928.7",2,0,0,Ivusz,Druid,Balance,276,DPS,155.06m (94.1k),"97,137.0",24.70%,4.59m (2.8k),"2,872.6",0,0,0,Kenshiraa,Monk,Mistweaver,275,Healer,52.73m (32.0k),"33,033.0",8.40%,125.71m (76.3k),"78,750.1",0,0,0
BudoBoy07,Maisara Caverns,16,25:21,2026-04-20 00:13,0,0,Preservation Evoker: Deafening Roar (1:07),Preservation Evoker: Vile Potatoad (1:09),Demonology Warlock: Fetid Quillstorm (10:01),Demonology Warlock: Barrage (12:20),Demonology Warlock: Necrotic Convergence (24:21),Preservation Evoker: Coalesced Death (24:32),Augmentation Evoker: Withering Miasma (24:36),Augmentation Evoker: Withering Miasma (24:38),Brewmaster Monk: Coalesced Death (24:45),,,,,,,,,,,,Készpénz,Monk,Brewmaster,276,Tank,119.39m (78.5k),"78,484.1",16.15%,89.20m (58.6k),"58,634.4",1,0,0,Powerpegging,Evoker,Augmentation,275,DPS,193.38m (127.1k),"127,118.1",26.16%,8.63m (5.7k),"5,672.3",1,0,0,Dragetid,Evoker,Augmentation,277,DPS,201.62m (132.6k),"132,537.8",27.27%,7.82m (5.1k),"5,140.5",1,0,0,Isustain,Warlock,Demonology,277,DPS,197.90m (130.1k),"130,094.4",26.77%,9.27m (6.1k),"6,093.5",3,0,0,Balkonthyr,Evoker,Preservation,277,Healer,27.04m (17.8k),"17,773.5",3.66%,113.49m (74.6k),"74,602.9",3,0,0
BudoBoy07,Maisara Caverns,16,31:39,2026-04-19 15:37,1,0,Fury Warrior: Magma Surge (6:42),Unholy Death Knight: Ritual Drums (23:52),Restoration Druid: Grim Ward (24:18),Unholy Death Knight: Spectral Strikes (25:37),Fury Warrior: Soulstorms (26:53),,,,,,,,,,,,,,,,Imrlystoned,Monk,Brewmaster,279,Tank,144.48m (76.1k),"78,813.0",15.43%,95.50m (50.3k),"52,096.4",0,0,0,Powerpegging,Evoker,Augmentation,275,DPS,265.44m (139.8k),"144,792.1",28.34%,7.96m (4.2k),"4,343.7",0,0,0,Miquella,Death Knight,Unholy,275,DPS,254.37m (133.9k),"138,757.3",27.16%,13.98m (7.4k),"7,625.8",2,0,0,Slàm,Warrior,Fury,279,DPS,253.92m (133.7k),"138,508.5",27.11%,12.98m (6.8k),"7,078.4",2,0,0,It,Druid,Restoration,279,Healer,18.40m (9.7k),"10,036.3",1.96%,159.93m (84.2k),"87,237.3",1,0,0
BudoBoy07,Pit of Saron,17,29:23,2026-04-18 23:35,1,0,Holy Paladin: Dread Pulse (13:11),Augmentation Evoker: Torrent of Misery (13:15),Devastation Evoker: Ice Bolt (22:37),,,,,,,,,,,,,,,,,,Forvirretgut,Monk,Brewmaster,277,Tank,142.77m (81.0k),"82,690.7",15.42%,112.50m (63.8k),"65,154.8",0,0,0,Powerpegging,Evoker,Devastation,275,DPS,233.85m (132.6k),"135,443.1",25.25%,11.62m (6.6k),"6,730.6",1,0,0,Crimson,Death Knight,Unholy,273,DPS,281.38m (159.6k),"162,969.3",30.38%,10.28m (5.8k),"5,951.6",0,0,0,Dragetid,Evoker,Augmentation,277,DPS,246.27m (139.7k),"142,634.2",26.59%,7.42m (4.2k),"4,295.0",1,0,0,Stonehill,Paladin,Holy,276,Healer,21.78m (12.4k),"12,611.9",2.35%,134.91m (76.5k),"78,135.1",1,0,0
BudoBoy07,Skyreach,16,38:07,2026-04-18 21:31,0,0,Devastation Evoker: Dire Screech (1:19),Blood Death Knight: Melee (3:04),Devourer Demon Hunter: Chakram Vortex (4:53),Devastation Evoker: Chakram Vortex (6:22),Preservation Evoker: Solar Flame (9:18),Preservation Evoker: Solar Barrier (9:58),Devourer Demon Hunter: Solar Flame (10:02),Devourer Demon Hunter: Supernova (11:51),Devourer Demon Hunter: Melee (14:49),Blood Death Knight: Melee (20:10),Devastation Evoker: Melee (20:12),Devourer Demon Hunter: Melee (20:13),Unholy Death Knight: Melee (20:14),Preservation Evoker: Melee (20:36),Devourer Demon Hunter: Melee (20:38),Blood Death Knight: Melee (20:50),Devastation Evoker: Melee (20:51),Unholy Death Knight: Melee (20:55),Devourer Demon Hunter: Melee (20:56),Preservation Evoker: Solar Fire (21:54),Cornichonen,Death Knight,Blood,271,Tank,117.78m (51.5k),"59,885.8",17.44%,149.73m (65.5k),"76,128.2",4,0,0,Powerpegging,Evoker,Preservation,275,Healer,33.91m (14.8k),"17,242.6",5.02%,148.93m (65.1k),"75,722.2",7,0,0,Crimson,Death Knight,Unholy,272,DPS,188.70m (82.5k),"95,947.1",27.94%,13.39m (5.9k),"6,808.6",4,0,0,Lauree,Demon Hunter,Devourer,273,DPS,153.42m (67.1k),"78,009.1",22.71%,14.17m (6.2k),"7,203.9",9,0,0,Dragetid,Evoker,Devastation,277,DPS,181.62m (79.4k),"92,344.6",26.89%,11.80m (5.2k),"5,997.5",7,0,0
BudoBoy07,Skyreach,16,2:07,2026-04-18 21:29,0,0,Blood Death Knight: Time Dilation (0:27),Devastation Evoker: Melee (0:28),Unholy Death Knight: Wind Claws (0:29),Devourer Demon Hunter: Melee (0:30),,,,,,,,,,,,,,,,,Cornichonen,Death Knight,Blood,271,Tank,4.48m (35.3k),"35,251.3",22.86%,4.36m (34.3k),"34,328.4",1,0,0,Powerpegging,Evoker,Preservation,275,Healer,1.65m (13.0k),"12,940.4",8.42%,1.82m (14.3k),"14,322.3",0,0,0,Crimson,Death Knight,Unholy,272,DPS,6.18m (48.7k),"48,597.9",31.53%,199.6k (1.6k),"1,569.7",1,0,0,Lauree,Demon Hunter,Devourer,273,DPS,1.22m (9.6k),"9,592.2",6.22%,78.3k (616.5),616.1,1,0,0,Dragetid,Evoker,Devastation,277,DPS,6.07m (47.8k),"47,706.7",30.97%,85.8k (675.6),674.8,1,0,0
BudoBoy07,Skyreach,16,2:46,2026-04-18 21:26,0,0,,,,,,,,,,,,,,,,,,,,,Cornichonen,Death Knight,Blood,271,Tank,7.97m (48.0k),"47,755.3",13.55%,8.46m (51.0k),"50,724.9",0,0,0,Powerpegging,Evoker,Preservation,275,Healer,3.17m (19.1k),"18,992.2",5.39%,6.19m (37.3k),"37,096.7",0,0,0,Crimson,Death Knight,Unholy,272,DPS,12.90m (77.7k),"77,304.6",21.93%,133.8k (806.0),801.7,0,0,0,Lauree,Demon Hunter,Devourer,273,DPS,15.78m (95.1k),"94,565.0",26.82%,699.7k (4.2k),"4,193.1",0,0,0,Dragetid,Evoker,Devastation,277,DPS,19.01m (114.5k),"113,908.1",32.31%,934.5k (5.6k),"5,600.6",0,0,0
BudoBoy07,Algeth'ar Academy,16,46:08,2026-04-18 20:32,0,0,Brewmaster Monk: Deadly Winds (6:55),Brewmaster Monk: Melee (8:48),Devourer Demon Hunter: Melee (8:49),Augmentation Evoker: Raging Screech (9:14),Unholy Death Knight: Melee (9:15),Augmentation Evoker: Deafening Screech (14:25),Devourer Demon Hunter: Vicious Ambush (15:07),Brewmaster Monk: Spellbound Weapon (15:34),Unholy Death Knight: Melee (15:36),Preservation Evoker: Vicious Ambush (15:41),Devourer Demon Hunter: Vicious Ambush (15:41),Augmentation Evoker: Vicious Ambush (15:42),Preservation Evoker: Vicious Lunge (16:12),Brewmaster Monk: Melee (19:32),Preservation Evoker: Mana Bomb (22:40),Preservation Evoker: Mana Bomb (23:24),Augmentation Evoker: Arcane Fissure (23:45),Brewmaster Monk: Arcane Expulsion (24:13),Devourer Demon Hunter: Arcane Orb (24:18),Unholy Death Knight: Arcane Orb (24:18),Tamatoa,Monk,Brewmaster,264,Tank,124.32m (44.9k),"50,195.1",13.23%,88.06m (31.8k),"35,556.8",7,0,0,Powerpegging,Evoker,Preservation,275,Healer,48.81m (17.6k),"19,706.7",5.19%,152.10m (54.9k),"61,412.9",7,0,0,Cornichonen,Death Knight,Unholy,271,DPS,270.92m (97.9k),"109,388.1",28.82%,11.75m (4.2k),"4,745.1",6,0,0,Lauree,Demon Hunter,Devourer,273,DPS,236.52m (85.4k),"95,497.7",25.16%,14.47m (5.2k),"5,843.0",6,0,0,Dragetid,Evoker,Augmentation,277,DPS,259.37m (93.7k),"104,726.7",27.59%,9.61m (3.5k),"3,878.5",5,0,0
BudoBoy07,Algeth'ar Academy,16,4:02,2026-04-18 20:28,0,0,Brewmaster Monk: Melee (1:21),Devourer Demon Hunter: Melee (2:36),Devastation Evoker: Germinate (2:58),Unholy Death Knight: Germinate (2:58),Preservation Evoker: Germinate (2:58),Brewmaster Monk: Splinterbark (3:09),,,,,,,,,,,,,,,Tamatoa,Monk,Brewmaster,264,Tank,14.03m (58.0k),"57,806.6",10.29%,8.71m (36.0k),"35,892.7",2,0,0,Powerpegging,Evoker,Preservation,275,Healer,6.71m (27.7k),"27,627.7",4.92%,10.42m (43.1k),"42,903.9",1,0,0,Cornichonen,Death Knight,Unholy,271,DPS,38.86m (160.6k),"160,066.2",28.50%,251.4k (1.0k),"1,035.3",1,0,0,Lauree,Demon Hunter,Devourer,273,DPS,33.48m (138.3k),"137,892.8",24.55%,699.8k (2.9k),"2,882.5",1,0,0,Dragetid,Evoker,Devastation,277,DPS,43.29m (178.9k),"178,316.3",31.74%,530.8k (2.2k),"2,186.3",1,0,0
BudoBoy07,Algeth'ar Academy,16,3:01,2026-04-18 20:25,0,0,Brewmaster Monk: Vile Bite (1:29),Unholy Death Knight: Vile Bite (1:47),Devourer Demon Hunter: Melee (1:49),Brewmaster Monk: Vile Bite (2:10),Devastation Evoker: Melee (2:12),,,,,,,,,,,,,,,,Tamatoa,Monk,Brewmaster,264,Tank,13.01m (71.9k),"71,559.3",9.94%,9.68m (53.5k),"53,213.1",2,0,0,Powerpegging,Evoker,Preservation,275,Healer,5.09m (28.1k),"28,017.1",3.89%,8.94m (49.4k),"49,163.6",0,0,0,Cornichonen,Death Knight,Unholy,271,DPS,35.71m (197.3k),"196,384.5",27.29%,441.5k (2.4k),"2,428.2",1,0,0,Lauree,Demon Hunter,Devourer,273,DPS,32.21m (178.0k),"177,143.8",24.61%,535.9k (3.0k),"2,947.3",1,0,0,Dragetid,Evoker,Devastation,277,DPS,44.84m (247.7k),"246,576.3",34.27%,1.17m (6.5k),"6,459.5",1,0,0
BudoBoy07,Algeth'ar Academy,16,3:09,2026-04-18 20:22,0,0,Brewmaster Monk: Melee (1:45),Devastation Evoker: Melee (1:47),Devourer Demon Hunter: Seed Detonation (2:03),Unholy Death Knight: Melee (2:06),Brewmaster Monk: Melee (2:12),Preservation Evoker: Melee (2:14),,,,,,,,,,,,,,,Tamatoa,Monk,Brewmaster,264,Tank,8.89m (47.0k),"47,026.6",6.90%,5.93m (31.4k),"31,370.7",2,0,0,Powerpegging,Evoker,Preservation,275,Healer,6.69m (35.4k),"35,367.8",5.19%,9.31m (49.3k),"49,266.5",1,0,0,Cornichonen,Death Knight,Unholy,271,DPS,42.91m (227.0k),"227,014.1",33.29%,1.21m (6.4k),"6,411.6",1,0,0,Lauree,Demon Hunter,Devourer,273,DPS,29.00m (153.4k),"153,383.0",22.50%,572.1k (3.0k),"3,026.2",1,0,0,Dragetid,Evoker,Devastation,277,DPS,41.39m (219.0k),"218,956.8",32.12%,727.3k (3.8k),"3,847.2",1,0,0
BudoBoy07,Algeth'ar Academy,16,2:40,2026-04-18 20:19,0,0,Brewmaster Monk: Vile Bite (1:19),Devastation Evoker: Melee (1:20),Unholy Death Knight: Melee (1:20),Devourer Demon Hunter: Melee (1:36),,,,,,,,,,,,,,,,,Tamatoa,Monk,Brewmaster,264,Tank,10.00m (62.5k),"62,448.2",8.60%,4.97m (31.1k),"31,017.3",1,0,0,Powerpegging,Evoker,Preservation,275,Healer,5.85m (36.6k),"36,540.4",5.03%,4.84m (30.2k),"30,232.0",0,0,0,Cornichonen,Death Knight,Unholy,271,DPS,33.46m (209.1k),"208,925.8",28.78%,265.4k (1.7k),"1,657.0",1,0,0,Lauree,Demon Hunter,Devourer,273,DPS,27.47m (171.7k),"171,492.8",23.62%,422.0k (2.6k),"2,634.7",1,0,0,Dragetid,Evoker,Devastation,277,DPS,39.50m (246.9k),"246,634.4",33.97%,151.8k (948.8),947.6,1,0,0
BudoBoy07,Algeth'ar Academy,16,2:23,2026-04-18 20:12,0,0,Brewmaster Monk: Melee (1:18),Devourer Demon Hunter: Vile Bite (1:29),Brewmaster Monk: Vile Bite (1:53),Devastation Evoker: Melee (1:56),Devastation Evoker: Darting Sting (2:10),Devourer Demon Hunter: Vile Bite (2:13),,,,,,,,,,,,,,,Tamatoa,Monk,Brewmaster,264,Tank,8.41m (58.8k),"58,526.6",8.29%,5.67m (39.7k),"39,478.4",2,0,0,Powerpegging,Evoker,Devastation,275,DPS,26.64m (186.3k),"185,378.2",26.25%,983.9k (6.9k),"6,847.8",1,0,0,Lauree,Demon Hunter,Devourer,273,DPS,19.19m (134.2k),"133,580.8",18.91%,432.4k (3.0k),"3,009.2",2,0,0,Dragetid,Evoker,Devastation,277,DPS,44.86m (313.7k),"312,185.2",44.20%,681.4k (4.8k),"4,742.5",1,0,0,Thaedrel,Paladin,Holy,277,Healer,2.39m (16.7k),"16,660.1",2.35%,6.43m (45.0k),"44,777.3",0,0,0
BudoBoy07,Algeth'ar Academy,18,38:49,2026-04-18 16:48,0,0,Brewmaster Monk: Vile Bite (1:44),Augmentation Evoker: Deafening Screech (15:04),Mistweaver Monk: Deafening Screech (15:06),Augmentation Evoker: Vicious Ambush (17:53),Devastation Evoker: Arcane Fissure (23:16),Augmentation Evoker: Arcane Smash (28:44),Devastation Evoker: Astral Whirlwind (28:49),Devastation Evoker: Astral Whirlwind (29:36),Mistweaver Monk: Arcane Smash (29:45),Unholy Death Knight: Arcane Smash (29:48),Brewmaster Monk: Melee (29:50),Augmentation Evoker: Energy Eruption (33:12),Mistweaver Monk: Energy Bomb (37:03),,,,,,,,Forvirretgut,Monk,Brewmaster,277,Tank,160.05m (68.7k),"70,719.6",14.81%,123.55m (53.0k),"54,594.0",2,0,0,Powerpegging,Evoker,Devastation,275,DPS,276.17m (118.6k),"122,027.9",25.56%,10.17m (4.4k),"4,494.2",3,0,0,Cornichonen,Death Knight,Unholy,271,DPS,324.89m (139.5k),"143,556.0",30.07%,13.70m (5.9k),"6,054.9",1,0,0,Dragetid,Evoker,Augmentation,277,DPS,236.86m (101.7k),"104,661.1",21.92%,8.25m (3.5k),"3,645.2",4,0,0,Maxxmonk,Monk,Mistweaver,280,Healer,82.38m (35.4k),"36,399.5",7.63%,208.69m (89.6k),"92,211.4",3,0,0
BudoBoy07,Magisters' Terrace,15,31:11,2026-04-18 16:10,1,3,Devastation Evoker: Runic Glaive (8:12),Mistweaver Monk: Feedback (12:12),Mistweaver Monk: Cosmic Sting (20:15),Mistweaver Monk: Terror Wave (20:55),Mistweaver Monk: Terror Wave (21:18),Devastation Evoker: Terror Wave (21:41),Unholy Death Knight: Dimensional Shred (21:42),Devastation Evoker: Consuming Void (21:47),Mistweaver Monk: Terror Wave (22:00),Brewmaster Monk: Consuming Void (22:02),Devastation Evoker: Consuming Void (22:05),Unholy Death Knight: Dimensional Shred (22:08),Devastation Evoker: Melee (22:13),Devastation Evoker: Devouring Entropy (26:44),,,,,,,Forvirretgut,Monk,Brewmaster,277,Tank,117.11m (62.6k),"70,141.6",13.29%,70.63m (37.7k),"42,305.0",1,0,0,Powerpegging,Evoker,Devastation,275,DPS,223.83m (119.6k),"134,064.2",25.39%,8.37m (4.5k),"5,015.1",2,0,0,Cornichonen,Death Knight,Unholy,271,DPS,240.19m (128.4k),"143,864.8",27.25%,8.91m (4.8k),"5,338.5",2,0,0,Dragetid,Evoker,Devastation,275,DPS,241.32m (129.0k),"144,537.8",27.38%,8.89m (4.8k),"5,324.1",4,0,0,Qash,Monk,Mistweaver,275,Healer,59.04m (31.6k),"35,362.4",6.70%,140.52m (75.1k),"84,162.8",5,0,0
BudoBoy07,Magisters' Terrace,15,5:02,2026-04-18 16:01,0,0,Devastation Evoker: Holy Fire (2:03),Devastation Evoker: Crowd Dispersal (4:29),Devastation Evoker: Arcane Residue (4:46),Restoration Druid: Crowd Dispersal (4:57),Devastation Evoker: Crowd Dispersal (4:57),Brewmaster Monk: Melee (4:59),Unholy Death Knight: Melee (5:00),,,,,,,,,,,,,,Almü,Monk,Brewmaster,277,Tank,26.45m (87.6k),"87,466.6",17.74%,16.34m (54.1k),"54,037.3",1,0,0,Powerpegging,Evoker,Devastation,275,DPS,35.26m (116.8k),"116,618.8",23.65%,2.16m (7.2k),"7,160.4",2,0,0,Cornichonen,Death Knight,Unholy,271,DPS,45.07m (149.2k),"149,054.9",30.23%,2.35m (7.8k),"7,761.4",1,0,0,Dragetid,Evoker,Devastation,275,DPS,40.61m (134.5k),"134,312.7",27.24%,2.62m (8.7k),"8,669.5",2,0,0,Tottank,Druid,Restoration,276,Healer,1.69m (5.6k),"5,588.6",1.13%,19.36m (64.1k),"64,020.4",1,0,0
BudoBoy07,Nexus-Point Xenas,17,2:29,2026-04-18 15:51,0,0,Unholy Death Knight: Corespark Overload (1:55),Devastation Evoker: Corespark Overload (2:00),Restoration Druid: Corespark Overload (2:02),Brewmaster Monk: Umbra Bolt (2:06),Devastation Evoker: Arcane Zap (2:06),,,,,,,,,,,,,,,,Monkie,Monk,Brewmaster,276,Tank,10.36m (69.5k),"69,482.5",13.97%,6.63m (44.5k),"44,473.0",1,0,0,Powerpegging,Evoker,Devastation,275,DPS,19.86m (133.3k),"133,176.1",26.78%,1.38m (9.3k),"9,259.9",1,0,0,Cornichonen,Death Knight,Unholy,271,DPS,22.29m (149.6k),"149,473.0",30.05%,1.73m (11.6k),"11,577.7",1,0,0,Dragetid,Evoker,Devastation,275,DPS,20.73m (139.1k),"139,001.6",27.95%,2.34m (15.7k),"15,704.8",1,0,0,Ziruid,Druid,Restoration,279,Healer,924.2k (6.2k),"6,197.5",1.25%,12.11m (81.3k),"81,187.0",1,0,0
BudoBoy07,Nexus-Point Xenas,18,3:26,2026-04-18 15:38,0,0,Holy Paladin: Umbra Bolt (2:03),Unholy Death Knight: Erratic Zap (3:02),Holy Paladin: Erratic Zap (3:11),Brewmaster Monk: Arcane Zap (3:15),Devastation Evoker: Erratic Zap (3:19),,,,,,,,,,,,,,,,Cíì,Monk,Brewmaster,278,Tank,17.46m (84.8k),"84,740.4",14.55%,11.66m (56.6k),"56,596.1",1,0,0,Powerpegging,Evoker,Devastation,275,DPS,29.55m (143.4k),"143,373.0",24.62%,1.07m (5.2k),"5,201.0",0,0,0,Cornichonen,Death Knight,Unholy,271,DPS,33.42m (162.2k),"162,170.3",27.84%,2.02m (9.8k),"9,821.2",1,0,0,Dragetid,Evoker,Devastation,275,DPS,34.98m (169.8k),"169,738.8",29.14%,1.17m (5.7k),"5,667.9",1,0,0,Smygrosa,Paladin,Holy,279,Healer,4.62m (22.4k),"22,406.2",3.85%,16.26m (78.9k),"78,901.6",2,0,0
BudoBoy07,Magisters' Terrace,15,28:59,2026-04-18 14:58,0,0,Retribution Paladin: Flamestrike (4:23),Mistweaver Monk: Melee (26:34),Brewmaster Monk: Hulking Fragment (28:31),Devastation Evoker: Entropy Blast (28:33),Mistweaver Monk: Melee (28:38),Retribution Paladin: Entropy Orb (28:40),Brewmaster Monk: Umbral Splinters (28:59),Unholy Death Knight: Entropy Blast (28:59),,,,,,,,,,,,,Justdead,Monk,Brewmaster,279,Tank,147.04m (84.6k),"84,521.8",16.15%,70.61m (40.6k),"40,588.5",2,0,0,Powerpegging,Evoker,Devastation,275,DPS,223.51m (128.5k),"128,476.8",24.55%,7.48m (4.3k),"4,302.4",1,0,0,Omgbobi,Death Knight,Unholy,277,DPS,244.96m (140.9k),"140,810.7",26.91%,10.72m (6.2k),"6,160.9",1,0,0,Drakatis,Paladin,Retribution,274,DPS,224.70m (129.2k),"129,162.5",24.68%,10.83m (6.2k),"6,223.3",2,0,0,Wtfox,Monk,Mistweaver,279,Healer,70.11m (40.3k),"40,298.8",7.70%,147.30m (84.7k),"84,668.8",2,0,0
BudoBoy07,The Seat of the Triumvirate,16,31:46,2026-04-18 13:45,1,1,Restoration Druid: Void Slam (8:50),Demonology Warlock: Eruption (19:29),Demonology Warlock: Umbral Waves (20:28),,,,,,,,,,,,,,,,,,Chiifu,Monk,Brewmaster,279,Tank,94.87m (49.8k),"50,717.0",11.80%,89.28m (46.8k),"47,727.9",0,0,0,Powerpegging,Evoker,Devastation,275,DPS,210.47m (110.4k),"112,510.6",26.19%,9.29m (4.9k),"4,966.8",0,0,0,Togor,Mage,Frost,277,DPS,226.96m (119.1k),"121,329.9",28.24%,12.95m (6.8k),"6,923.3",0,0,0,Dotipoti,Warlock,Demonology,278,DPS,246.52m (129.3k),"131,785.2",30.67%,15.22m (8.0k),"8,135.6",2,0,0,Ðeathclaw,Druid,Restoration,278,Healer,24.88m (13.1k),"13,301.6",3.10%,179.63m (94.2k),"96,028.4",1,0,0
BudoBoy07,Algeth'ar Academy,16,20:00,2026-04-18 00:40,0,0,Vengeance Demon Hunter: Vile Bite (1:48),Devourer Demon Hunter: Expel Intruders (7:45),Holy Paladin: Gust (9:30),Holy Paladin: Deafening Screech (14:36),Augmentation Evoker: Deafening Screech (14:42),Devourer Demon Hunter: Blistering Fire (14:44),Devastation Evoker: Surge (19:42),Holy Paladin: Surge (19:54),Vengeance Demon Hunter: Melee (19:56),Devourer Demon Hunter: Melee (19:58),Augmentation Evoker: Melee (19:59),,,,,,,,,,Dhaato,Demon Hunter,Vengeance,276,Tank,108.11m (90.1k),"90,085.5",17.11%,57.34m (47.8k),"47,777.0",2,0,0,Powerpegging,Evoker,Devastation,275,DPS,176.72m (147.3k),"147,254.1",27.97%,7.54m (6.3k),"6,282.0",1,0,0,Lauree,Demon Hunter,Devourer,273,DPS,165.21m (137.7k),"137,666.2",26.15%,8.74m (7.3k),"7,286.6",3,0,0,Dragetid,Evoker,Augmentation,277,DPS,171.50m (142.9k),"142,909.7",27.15%,3.62m (3.0k),"3,019.2",2,0,0,Negrasagrada,Paladin,Holy,276,Healer,10.17m (8.5k),"8,473.0",1.61%,71.16m (59.3k),"59,295.6",3,0,0
BudoBoy07,Algeth'ar Academy,16,6:17,2026-04-18 00:34,0,0,Vengeance Demon Hunter: Melee (4:47),Devastation Evoker: Melee (4:49),Devourer Demon Hunter: Melee (4:59),Augmentation Evoker: Melee (5:01),Holy Paladin: Melee (5:05),,,,,,,,,,,,,,,,Dhaato,Demon Hunter,Vengeance,276,Tank,35.72m (94.7k),"94,582.2",15.48%,15.46m (41.0k),"40,937.2",1,0,0,Powerpegging,Evoker,Devastation,275,DPS,68.27m (181.1k),"180,784.0",29.59%,1.26m (3.3k),"3,334.1",1,0,0,Lauree,Demon Hunter,Devourer,273,DPS,62.99m (167.1k),"166,790.4",27.30%,1.50m (4.0k),"3,963.8",1,0,0,Dragetid,Evoker,Augmentation,277,DPS,61.58m (163.3k),"163,067.0",26.69%,948.9k (2.5k),"2,512.6",1,0,0,Negrasagrada,Paladin,Holy,276,Healer,2.17m (5.8k),"5,756.8",0.94%,17.27m (45.8k),"45,741.3",1,0,0
BudoBoy07,Algeth'ar Academy,16,3:10,2026-04-18 00:31,0,0,Vengeance Demon Hunter: Vile Bite (1:57),Devastation Evoker: Melee (1:59),Vengeance Demon Hunter: Seed Detonation (2:06),,,,,,,,,,,,,,,,,,Dhaato,Demon Hunter,Vengeance,276,Tank,18.48m (97.3k),"97,073.6",15.40%,8.92m (46.9k),"46,845.1",2,0,0,Powerpegging,Evoker,Devastation,275,DPS,35.44m (186.5k),"186,110.5",29.53%,602.9k (3.2k),"3,166.2",1,0,0,Lauree,Demon Hunter,Devourer,273,DPS,42.11m (221.6k),"221,139.9",35.09%,478.6k (2.5k),"2,513.6",0,0,0,Dragetid,Evoker,Augmentation,277,DPS,23.55m (123.9k),"123,696.9",19.62%,169.2k (890.5),888.5,0,0,0,Negrasagrada,Paladin,Holy,276,Healer,431.6k (2.3k),"2,266.7",0.36%,7.63m (40.2k),"40,058.7",0,0,0
BudoBoy07,Maisara Caverns,17,32:46,2026-04-17 20:40,1,1,Devastation Evoker: Shadow Burst (4:26),Holy Paladin: Searing Presence (8:17),Devastation Evoker: Searing Presence (8:44),Unholy Death Knight: Magma Surge (8:58),Devastation Evoker: Ancestral Crush (16:05),Holy Paladin: Grim Ward (19:47),Brewmaster Monk: Drain Soul (24:23),Brewmaster Monk: Withering Soul (30:55),,,,,,,,,,,,,Forvirretgut,Monk,Brewmaster,276,Tank,145.48m (74.0k),"77,780.7",14.56%,135.00m (68.7k),"72,181.8",2,0,0,Powerpegging,Evoker,Devastation,275,DPS,249.00m (126.7k),"133,129.3",24.92%,11.87m (6.0k),"6,346.1",3,0,0,Cornichonen,Death Knight,Unholy,271,DPS,283.44m (144.2k),"151,543.5",28.37%,16.29m (8.3k),"8,710.0",1,0,0,Crimson,Death Knight,Unholy,272,DPS,288.50m (146.7k),"154,250.4",28.87%,13.82m (7.0k),"7,389.5",0,0,0,Stonehill,Paladin,Holy,276,Healer,32.80m (16.7k),"17,538.0",3.28%,140.49m (71.5k),"75,115.7",2,0,0
BudoBoy07,Nexus-Point Xenas,16,28:23,2026-04-17 19:49,1,2,Unholy Death Knight: Dark Beckoning (12:14),Holy Paladin: Dark Beckoning (13:24),,,,,,,,,,,,,,,,,,,Forvirretgut,Monk,Brewmaster,276,Tank,106.58m (62.6k),"63,364.7",14.08%,80.43m (47.2k),"47,816.8",0,0,0,Powerpegging,Evoker,Devastation,275,DPS,188.85m (110.9k),"112,271.4",24.95%,7.67m (4.5k),"4,562.8",0,0,0,Cornichonen,Death Knight,Unholy,270,DPS,206.04m (121.0k),"122,495.1",27.22%,9.87m (5.8k),"5,867.3",1,0,0,Crimson,Death Knight,Unholy,271,DPS,233.52m (137.1k),"138,826.7",30.85%,9.66m (5.7k),"5,742.7",0,0,0,Stonehill,Paladin,Holy,276,Healer,22.02m (12.9k),"13,090.2",2.91%,113.71m (66.8k),"67,599.2",1,0,0
BudoBoy07,Nexus-Point Xenas,17,16:11,2026-04-17 19:33,0,0,Brewmaster Monk: Arcing Mana (4:26),Unholy Death Knight: Arcane Explosion (4:27),Devastation Evoker: Arcane Explosion (4:27),Unholy Death Knight: Arcane Explosion (4:27),Holy Paladin: Arcane Explosion (4:28),Devastation Evoker: Suppression Field (7:05),Devastation Evoker: Leyline Array (9:24),Unholy Death Knight: Leyline Array (10:10),Devastation Evoker: Leyline Array (10:19),Holy Paladin: Arcane Spill (10:30),Unholy Death Knight: Sparkburn (11:09),Brewmaster Monk: Sparkburn (11:11),,,,,,,,,Forvirretgut,Monk,Brewmaster,276,Tank,49.25m (50.7k),"50,716.0",14.90%,39.96m (41.2k),"41,145.1",2,0,0,Powerpegging,Evoker,Devastation,275,DPS,76.07m (78.3k),"78,330.7",23.01%,2.54m (2.6k),"2,618.0",4,0,0,Cornichonen,Death Knight,Unholy,270,DPS,104.69m (107.8k),"107,798.0",31.67%,4.59m (4.7k),"4,722.8",2,0,0,Crimson,Death Knight,Unholy,271,DPS,92.29m (95.0k),"95,034.7",27.92%,4.16m (4.3k),"4,286.1",2,0,0,Benaten,Druid,Feral,249,DPS,166.2k (171.2),171.2,0.05%,,,0,0,0
BudoBoy07,Pit of Saron,17,29:20,2026-04-17 18:46,1,1,Devastation Evoker: Plague Spew (3:32),Holy Paladin: Torrent of Misery (3:48),Holy Paladin: Torrent of Misery (13:29),,,,,,,,,,,,,,,,,,Forvirretgut,Monk,Brewmaster,276,Tank,133.54m (75.9k),"77,463.6",14.63%,112.41m (63.9k),"65,205.1",0,0,0,Powerpegging,Evoker,Devastation,275,DPS,230.38m (130.9k),"133,638.9",25.25%,10.30m (5.9k),"5,974.0",1,0,0,Cornichonen,Death Knight,Unholy,270,DPS,255.57m (145.2k),"148,251.9",28.01%,11.19m (6.4k),"6,490.8",0,0,0,Crimson,Death Knight,Unholy,271,DPS,262.32m (149.0k),"152,165.9",28.75%,10.67m (6.1k),"6,187.7",0,0,0,Stonehill,Paladin,Holy,276,Healer,30.70m (17.4k),"17,808.7",3.36%,137.58m (78.2k),"79,808.4",2,0,0
